Workbook
Name a: #REF!
Name ai: #REF!
Name aq: #REF!
Name AV: #REF!
Name baa: #REF!
Name Coord: #REF!
Name CS: #REF!
Name CZ: #REF!
Name DG: #REF!
Name earlier: #REF!
Name EG: #REF!
Name EI: #REF!
Name HLinst: #REF!
Name HP: #REF!
Name I: #REF!
Name JA: #REF!
Name Mean_A: #REF!
Name mean_X: #REF!
Name mean_X.: #REF!
Name mean_Y: #REF!
Name mean_Y.: #REF!
Name mu: #REF!
Name mu_A: #REF!
Name mu_B: #REF!
Name P1_A: #REF!
Name P2_A: #REF!
Name P3_A: #REF!
Name P4_A: #REF!
Name P5_A: #REF!
Name Rot: #REF!
Name SD_A: #REF!
Name SD_X: #REF!
Name SD_Y: #REF!
Name sigma: #REF!
Name sigma_AB: #REF!
Name sigma2_A: #REF!
Name sigma2_B: #REF!
Name Tab.43: #REF!
Name Tab.44: #REF!
Name Target_P: #REF!
Name Total_Mass: #REF!
Name Variance_A: #REF!
Name X: #REF!
Name x_A: #REF!
Name x_B: #REF!
Name Xo: #REF!
Name Yo.1: #REF!
Name Yo.2: #REF!
Name yt: #REF!

Sheet 11
B1: a2_sfr_pakdata | Z1: b2_sfr_conn | AS1: c2_sfr_div | AX1: e2_ghb_spd.csv | CH1: 1
AS2: d2_sfr_spd.csv | AX2: f2_wel_spd | DE2: 1
R3: =MAX(R6:R41) -> 4 | S3: =MAX(S6:S41) -> 9 | T3: =MAX(T6:T41) -> 15 | U3: =MAX(U6:U41) -> 19 | V3: =MAX(V6:V41) -> 23 | W3: =MAX(W6:W41) -> 27 | X3: =MAX(X6:X41) -> 31 | Y3: =MAX(Y6:Y41) -> 36 | AX3: g2_obs_list | AZ3: K11_stream | BD3: K11_basin | BI3: idomain | BT3: dif | CE3: ET | CI3: =365.25 * 86400 -> 31557600 | CJ3: 1 | CK3: 2 | CL3: 3 | CM3: 4 | CN3: 1 | CO3: 2 | CP3: 3 | CQ3: 4 | CR3: sfr-p01.sfr.obs.csv
B4: SRT | C4: z | D4: y | E4: x | J4: - | K4: K_str | M4: order | O4: / | R4: 1 | S4: =R4+1 -> 2 | T4: =S4+1 -> 3 | U4: =T4+1 -> 4 | V4: =U4+1 -> 5 | W4: =V4+1 -> 6 | X4: =W4+1 -> 7 | Y4: =X4+1 -> 8 | AT4: ... | AU4: ... | AV4: ... | AZ4: 1 | BA4: 1 | BB4: 0 | BC4: 0 | BD4: 0 | BE4: 0 | BF4: 0 | BG4: 0 | BH4: 0 | BI4: 0 | BK4: =AZ20-BK20 -> -5 | BL4: =BA20-BL20 -> -5 | BM4: =BB20-BM20 -> 0 | BN4: =BC20-BN20 -> 0 | BO4: =BD20-BO20 -> 0 | BP4: =BE20-BP20 -> 0 | BQ4: =BF20-BQ20 -> 0 | BR4: =BG20-BR20 -> 0 | ... BT4: =BI20-BT20 -> 0 | BV4: 2.5e-10 | BW4: 1e-09 | BX4: 0 | BY4: 0 | BZ4: 0 | CA4: 0 | CB4: 0 | CC4: 0 | CD4: 0 | CE4: 0 | CH4: =MAX(CH5:CH105) -> 100 | CI4: time | CJ4: R01_STAGE | CK4: R02_STAGE | CL4: R03_STAGE | CM4: R04_STAGE | CN4: R01_FLOW | CO4: R02_FLOW | CP4: R03_FLOW | CQ4: R04_FLOW | CR4: =MIN(CN5:CN105) -> -16.431847
D5: i | E5: j | F5: Q | G5: Width | I5: H | J5: - | L5: Roughness | M5: 0 | O5: 0 | P5: 1 | Q5: 1 | R5: ="" | AA5: 0 | AB5: 1 | AC5: 2 | AD5: 3 | AE5: 1 | AT5: 0 | AU5: 1 | AV5: 2 | AW5: 3 | AZ5: 2 | BA5: 1 | BB5: 1 | BC5: 0 | BD5: 0 | BE5: 2 | BF5: 2 | BG5: 2 | BH5: 0 | BI5: 0 | BK5: =AZ21-BK21 -> -5 | BL5: =BA21-BL21 -> -10 | BM5: =BB21-BM21 -> -5 | BN5: =BC21-BN21 -> 0 | BO5: =BD21-BO21 -> 0 | BP5: =BE21-BP21 -> 0 | BQ5: =BF21-BQ21 -> 0 | BR5: =BG21-BR21 -> 0 | ... BT5: =BI21-BT21 -> 0 | BV5: 1e-09 | BW5: 2.5e-10 | BX5: 1e-09 | BY5: 0 | BZ5: 0 | CA5: 4e-09 | CB5: 4e-09 | CC5: 4e-09 | CD5: 0 | CE5: 0 | CH5: =CI5/$CI$3 -> 0 | CI5: 0 | CJ5: 1078.4168 | CK5: 1061.581 | CL5: 1026.2829 | CM5: 993.31165 | CN5: -16.431847 | CO5: -3.5856045 | CP5: -3.7018762 | CQ5: -153.67702 | CR5: =CN5-$CR$4 -> 0
A6: 1 | B6: 0 | C6: 0 | D6: 0 | E6: 0 | F6: 4500 | G6: 12 | H6: 0.00086767896 | I6: 1093.048 | J6: 3 | K6: 3e-05 | L6: 0.03 | M6: 1 | N6: 1 | O6: 0 | P6: =IF(OR(M6-M5<0,N6=0),MAX(P$5:P5)+1,0) -> 0 | Q6: =IF(P7="",Q5,IF(P6=0,Q5,P6)) -> 1 | R6: =IF($Q6=R$4,$A6,$R$5) -> 1 | S6: =IF($Q6=S$4,$A6,$R$5) | T6: =IF($Q6=T$4,$A6,$R$5) | U6: =IF($Q6=U$4,$A6,$R$5) | V6: =IF($Q6=V$4,$A6,$R$5) | W6: =IF($Q6=W$4,$A6,$R$5) | X6: =IF($Q6=X$4,$A6,$R$5) | Y6: =IF($Q6=Y$4,$A6,$R$5) | Z6: 0 | AA6: 0 | AB6: -1 | AE6: =_xlfn.CONCAT(E6+1,",",D6+1) -> 1,1 | AG6: =AG56 -> 1 | AH6: =AH56 -> 2 | AI6: =AI56 -> 3 | AJ6: =AJ56 -> 4 | AK6: =AK56 -> 5 | AL6: =AL56 -> 6 | AM6: =AM56 -> 7 | AN6: =AN56 -> 8 | ... AP6: =AP56 -> 10 | AS6: 0 | AT6: 3 | AU6: 0 | AV6: 9 | AW6: UPTO | AZ6: 0 | BA6: 2 | BB6: 1 | BC6: 1 | BD6: 2 | BE6: 2 | BF6: 2 | BG6: 2 | BH6: 0 | BI6: 0 | BK6: =AZ22-BK22 -> 0 | BL6: =BA22-BL22 -> 0 | BM6: =BB22-BM22 -> -10 | BN6: =BC22-BN22 -> -8 | BO6: =BD22-BO22 -> -7 | BP6: =BE22-BP22 -> -9 | BQ6: =BF22-BQ22 -> -12 | BR6: =BG22-BR22 -> 0 | ... BT6: =BI22-BT22 -> 0 | BV6: 0 | BW6: 1e-09 | BX6: 2.5e-10 | BY6: 1e-09 | BZ6: 1e-09 | CA6: 2.5e-10 | CB6: 2.5e-10 | CC6: 2.5e-10 | CD6: 0 | CE6: 0 | CH6: =CI6/$CI$3 -> 0.042958702 | CI6: 1355673.5 | CJ6: 1078.4168 | CK6: 1061.581 | CL6: 1026.2568 | CM6: 993.30937 | CN6: -16.431833 | CO6: -3.5771224 | CP6: -3.3101859 | CQ6: -153.27215 | CR6: =CN6-$CR$4 -> 1.37e-05
A7: =A6+1 -> 2 | B7: 1 | C7: 0 | D7: 1 | E7: 1 | F7: 7000 | G7: 12 | H7: 0.00086767896 | I7: 1088.059 | J7: 3 | K7: 3e-05 | L7: 0.03 | M7: 2 | N7: 1 | O7: 0 | P7: =IF(OR(M7-M6<0,N7=0),MAX(P$5:P6)+1,0) -> 0 | Q7: =IF(P8="",Q6,IF(P7=0,Q6,P7)) -> 1 | R7: =IF(Q7=R$4,A7,$R$5) -> 2 | S7: =IF($Q7=S$4,$A7,$R$5) | T7: =IF($Q7=T$4,$A7,$R$5) | U7: =IF($Q7=U$4,$A7,$R$5) | V7: =IF($Q7=V$4,$A7,$R$5) | W7: =IF($Q7=W$4,$A7,$R$5) | X7: =IF($Q7=X$4,$A7,$R$5) | Y7: =IF($Q7=Y$4,$A7,$R$5) | Z7: 1 | AA7: 1 | AB7: 0 | AC7: -2 | AE7: =_xlfn.CONCAT(E7+1,",",D7+1) -> 2,2 | AF7: 1 | AG7: =IF(ISNUMBER(MATCH(AG58,$AX$29:$AX$38,0)),$AX$28,IF(ISNUMBER(MATCH(AG58,$AX$26:$AX$27,0)),$AX$25,IF(ISNUMBER(MATCH(AG58,$AE$6:$AE$41,0)),$AE$5,$O$5))) -> 1 | AH7: =IF(ISNUMBER(MATCH(AH58,$AX$29:$AX$38,0)),$AX$28,IF(ISNUMBER(MATCH(AH58,$AX$26:$AX$27,0)),$AX$25,IF(ISNUMBER(MATCH(AH58,$AE$6:$AE$41,0)),$AE$5,$O$5))) -> 0 | AI7: =IF(ISNUMBER(MATCH(AI58,$AX$29:$AX$38,0)),$AX$28,IF(ISNUMBER(MATCH(AI58,$AX$26:$AX$27,0)),$AX$25,IF(ISNUMBER(MATCH(AI58,$AE$6:$AE$41,0)),$AE$5,$O$5))) -> 0 | AJ7: =IF(ISNUMBER(MATCH(AJ58,$AX$29:$AX$38,0)),$AX$28,IF(ISNUMBER(MATCH(AJ58,$AX$26:$AX$27,0)),$AX$25,IF(ISNUMBER(MATCH(AJ58,$AE$6:$AE$41,0)),$AE$5,$O$5))) -> 0 | AK7: =IF(ISNUMBER(MATCH(AK58,$AX$29:$AX$38,0)),$AX$28,IF(ISNUMBER(MATCH(AK58,$AX$26:$AX$27,0)),$AX$25,IF(ISNUMBER(MATCH(AK58,$AE$6:$AE$41,0)),$AE$5,$O$5))) -> 0 | AL7: =IF(ISNUMBER(MATCH(AL58,$AX$29:$AX$38,0)),$AX$28,IF(ISNUMBER(MATCH(AL58,$AX$26:$AX$27,0)),$AX$25,IF(ISNUMBER(MATCH(AL58,$AE$6:$AE$41,0)),$AE$5,$O$5))) -> 0 | AM7: =IF(ISNUMBER(MATCH(AM58,$AX$29:$AX$38,0)),$AX$28,IF(ISNUMBER(MATCH(AM58,$AX$26:$AX$27,0)),$AX$25,IF(ISNUMBER(MATCH(AM58,$AE$6:$AE$41,0)),$AE$5,$O$5))) -> 0 | AN7: =IF(ISNUMBER(MATCH(AN58,$AX$29:$AX$38,0)),$AX$28,IF(ISNUMBER(MATCH(AN58,$AX$26:$AX$27,0)),$AX$25,IF(ISNUMBER(MATCH(AN58,$AE$6:$AE$41,0)),$AE$5,$O$5))) -> 0 | ... AP7: =IF(ISNUMBER(MATCH(AP58,$AX$29:$AX$38,0)),$AX$28,IF(ISNUMBER(MATCH(AP58,$AX$26:$AX$27,0)),$AX$25,IF(ISNUMBER(MATCH(AP58,$AE$6:$AE$41,0)),$AE$5,$O$5))) -> 0 | AV7: Q ... | AZ7: 2 | BA7: 2 | BB7: 2 | BC7: 1 | BD7: 1 | BE7: 1 | BF7: 2 | BG7: 2 | BH7: 2 | BI7: 0 | BK7: =AZ23-BK23 -> 5 | BL7: =BA23-BL23 -> 0 | BM7: =BB23-BM23 -> 0 | BN7: =BC23-BN23 -> 2 | BO7: =BD23-BO23 -> -2 | BP7: =BE23-BP23 -> 5 | BQ7: =BF23-BQ23 -> 0 | BR7: =BG23-BR23 -> -15 | ... BT7: =BI23-BT23 -> 0 | BV7: 4e-09 | BW7: 2.5e-10 | BX7: 2.5e-10 | BY7: 2.5e-10 | BZ7: 2.5e-10 | CA7: 2.5e-10 | CB7: 2.5e-10 | CC7: 2.5e-10 | CD7: 1e-09 | CE7: 0 | CH7: =CI7/$CI$3 -> 0.090213275 | CI7: 2846914.4 | CJ7: 1078.4168 | CK7: 1061.581 | CL7: 1026.2035 | CM7: 993.30472 | CN7: -16.43174 | CO7: -3.5465207 | CP7: -2.5688975 | CQ7: -152.44663 | CR7: =CN7-$CR$4 -> 0.00010681
A8: =A7+1 -> 3 | B8: 2 | C8: 0 | D8: 2 | E8: 2 | F8: 6000 | G8: 12 | H8: 0.00086767896 | I8: 1082.419 | J8: 3 | K8: 3e-05 | L8: 0.03 | M8: 2 | N8: 1 | O8: 0 | P8: =IF(OR(M8-M7<0,N8=0),MAX(P$5:P7)+1,0) -> 0 | Q8: =IF(P9="",Q7,IF(P8=0,Q7,P8)) -> 1 | R8: =IF(Q8=R$4,A8,$R$5) -> 3 | S8: =IF($Q8=S$4,$A8,$R$5) | T8: =IF($Q8=T$4,$A8,$R$5) | U8: =IF($Q8=U$4,$A8,$R$5) | V8: =IF($Q8=V$4,$A8,$R$5) | W8: =IF($Q8=W$4,$A8,$R$5) | X8: =IF($Q8=X$4,$A8,$R$5) | Y8: =IF($Q8=Y$4,$A8,$R$5) | Z8: 2 | AA8: 2 | AB8: 1 | AC8: -3 | AE8: =_xlfn.CONCAT(E8+1,",",D8+1) -> 3,3 | AF8: =AF7+1 -> 2 | AG8: =IF(ISNUMBER(MATCH(AG59,$AX$29:$AX$38,0)),$AX$28,IF(ISNUMBER(MATCH(AG59,$AX$26:$AX$27,0)),$AX$25,IF(ISNUMBER(MATCH(AG59,$AE$6:$AE$41,0)),$AE$5,$O$5))) -> 0 | AH8: =IF(ISNUMBER(MATCH(AH59,$AX$29:$AX$38,0)),$AX$28,IF(ISNUMBER(MATCH(AH59,$AX$26:$AX$27,0)),$AX$25,IF(ISNUMBER(MATCH(AH59,$AE$6:$AE$41,0)),$AE$5,$O$5))) -> 1 | AI8: =IF(ISNUMBER(MATCH(AI59,$AX$29:$AX$38,0)),$AX$28,IF(ISNUMBER(MATCH(AI59,$AX$26:$AX$27,0)),$AX$25,IF(ISNUMBER(MATCH(AI59,$AE$6:$AE$41,0)),$AE$5,$O$5))) -> 0 | AJ8: =IF(ISNUMBER(MATCH(AJ59,$AX$29:$AX$38,0)),$AX$28,IF(ISNUMBER(MATCH(AJ59,$AX$26:$AX$27,0)),$AX$25,IF(ISNUMBER(MATCH(AJ59,$AE$6:$AE$41,0)),$AE$5,$O$5))) -> 0 | AK8: =IF(ISNUMBER(MATCH(AK59,$AX$29:$AX$38,0)),$AX$28,IF(ISNUMBER(MATCH(AK59,$AX$26:$AX$27,0)),$AX$25,IF(ISNUMBER(MATCH(AK59,$AE$6:$AE$41,0)),$AE$5,$O$5))) -> 0 | AL8: =IF(ISNUMBER(MATCH(AL59,$AX$29:$AX$38,0)),$AX$28,IF(ISNUMBER(MATCH(AL59,$AX$26:$AX$27,0)),$AX$25,IF(ISNUMBER(MATCH(AL59,$AE$6:$AE$41,0)),$AE$5,$O$5))) -> 0 | AM8: =IF(ISNUMBER(MATCH(AM59,$AX$29:$AX$38,0)),$AX$28,IF(ISNUMBER(MATCH(AM59,$AX$26:$AX$27,0)),$AX$25,IF(ISNUMBER(MATCH(AM59,$AE$6:$AE$41,0)),$AE$5,$O$5))) -> 0 | AN8: =IF(ISNUMBER(MATCH(AN59,$AX$29:$AX$38,0)),$AX$28,IF(ISNUMBER(MATCH(AN59,$AX$26:$AX$27,0)),$AX$25,IF(ISNUMBER(MATCH(AN59,$AE$6:$AE$41,0)),$AE$5,$O$5))) -> 0 | ... AP8: =IF(ISNUMBER(MATCH(AP59,$AX$29:$AX$38,0)),$AX$28,IF(ISNUMBER(MATCH(AP59,$AX$26:$AX$27,0)),$AX$25,IF(ISNUMBER(MATCH(AP59,$AE$6:$AE$41,0)),$AE$5,$O$5))) -> 0 | AT8: 0 | AU8: 1 | AV8: 2 | AW8: 3 | AZ8: 2 | BA8: 2 | BB8: 2 | BC8: 1 | BD8: 1 | BE8: 1 | BF8: 1 | BG8: 1 | BH8: 1 | BI8: 1 | BK8: =AZ24-BK24 -> 5 | BL8: =BA24-BL24 -> 10 | BM8: =BB24-BM24 -> 5 | BN8: =BC24-BN24 -> 3 | BO8: =BD24-BO24 -> 4 | BP8: =BE24-BP24 -> 1 | BQ8: =BF24-BQ24 -> 3 | BR8: =BG24-BR24 -> -12 | ... BT8: =BI24-BT24 -> -5 | BV8: 4e-09 | BW8: 2.5e-10 | BX8: 2.5e-10 | BY8: 2.5e-10 | BZ8: 2.5e-10 | CA8: 2.5e-10 | CB8: 2.5e-10 | CC8: 2.5e-10 | CD8: 2.5e-10 | CE8: 2.5e-10 | CH8: =CI8/$CI$3 -> 0.1421933 | CI8: 4487279.4 | CJ8: 1078.4168 | CK8: 1061.581 | CL8: 1026.1312 | CM8: 993.29866 | CN8: -16.431384 | CO8: -3.4785563 | CP8: -1.7018017 | CQ8: -151.37401 | CR8: =CN8-$CR$4 -> 0.00046252
A9: =A8+1 -> 4 | B9: 3 | C9: 0 | D9: 2 | E9: 3 | F9: 5550 | G9: 12 | H9: 0.00086767896 | I9: 1077.408 | J9: 3 | K9: 3e-05 | L9: 0.03 | M9: 3 | N9: 1 | O9: 1 | P9: =IF(OR(M9-M8<0,N9=0),MAX(P$5:P8)+1,0) -> 0 | Q9: =IF(P10="",Q8,IF(P9=0,Q8,P9)) -> 1 | R9: =IF(Q9=R$4,A9,$R$5) -> 4 | S9: =IF($Q9=S$4,$A9,$R$5) | T9: =IF($Q9=T$4,$A9,$R$5) | U9: =IF($Q9=U$4,$A9,$R$5) | V9: =IF($Q9=V$4,$A9,$R$5) | W9: =IF($Q9=W$4,$A9,$R$5) | X9: =IF($Q9=X$4,$A9,$R$5) | Y9: =IF($Q9=Y$4,$A9,$R$5) | Z9: 3 | AA9: 3 | AB9: 2 | AC9: -4 | AD9: -9 | AE9: =_xlfn.CONCAT(E9+1,",",D9+1) -> 4,3 | AF9: =AF8+1 -> 3 | AG9: =IF(ISNUMBER(MATCH(AG60,$AX$29:$AX$38,0)),$AX$28,IF(ISNUMBER(MATCH(AG60,$AX$26:$AX$27,0)),$AX$25,IF(ISNUMBER(MATCH(AG60,$AE$6:$AE$41,0)),$AE$5,$O$5))) -> 0 | AH9: =IF(ISNUMBER(MATCH(AH60,$AX$29:$AX$38,0)),$AX$28,IF(ISNUMBER(MATCH(AH60,$AX$26:$AX$27,0)),$AX$25,IF(ISNUMBER(MATCH(AH60,$AE$6:$AE$41,0)),$AE$5,$O$5))) -> 0 | AI9: =IF(ISNUMBER(MATCH(AI60,$AX$29:$AX$38,0)),$AX$28,IF(ISNUMBER(MATCH(AI60,$AX$26:$AX$27,0)),$AX$25,IF(ISNUMBER(MATCH(AI60,$AE$6:$AE$41,0)),$AE$5,$O$5))) -> 1 | AJ9: =IF(ISNUMBER(MATCH(AJ60,$AX$29:$AX$38,0)),$AX$28,IF(ISNUMBER(MATCH(AJ60,$AX$26:$AX$27,0)),$AX$25,IF(ISNUMBER(MATCH(AJ60,$AE$6:$AE$41,0)),$AE$5,$O$5))) -> 1 | AK9: =IF(ISNUMBER(MATCH(AK60,$AX$29:$AX$38,0)),$AX$28,IF(ISNUMBER(MATCH(AK60,$AX$26:$AX$27,0)),$AX$25,IF(ISNUMBER(MATCH(AK60,$AE$6:$AE$41,0)),$AE$5,$O$5))) -> 1 | AL9: =IF(ISNUMBER(MATCH(AL60,$AX$29:$AX$38,0)),$AX$28,IF(ISNUMBER(MATCH(AL60,$AX$26:$AX$27,0)),$AX$25,IF(ISNUMBER(MATCH(AL60,$AE$6:$AE$41,0)),$AE$5,$O$5))) -> 1 | AM9: =IF(ISNUMBER(MATCH(AM60,$AX$29:$AX$38,0)),$AX$28,IF(ISNUMBER(MATCH(AM60,$AX$26:$AX$27,0)),$AX$25,IF(ISNUMBER(MATCH(AM60,$AE$6:$AE$41,0)),$AE$5,$O$5))) -> 1 | AN9: =IF(ISNUMBER(MATCH(AN60,$AX$29:$AX$38,0)),$AX$28,IF(ISNUMBER(MATCH(AN60,$AX$26:$AX$27,0)),$AX$25,IF(ISNUMBER(MATCH(AN60,$AE$6:$AE$41,0)),$AE$5,$O$5))) -> 0 | ... AP9: =IF(ISNUMBER(MATCH(AP60,$AX$29:$AX$38,0)),$AX$28,IF(ISNUMBER(MATCH(AP60,$AX$26:$AX$27,0)),$AX$25,IF(ISNUMBER(MATCH(AP60,$AE$6:$AE$41,0)),$AE$5,$O$5))) -> 0 | AS9: 0 | AT9: 0 | AU9: inflow | AV9: 25 | AZ9: 2 | BA9: 2 | BB9: 2 | BC9: 1 | BD9: 1 | BE9: 1 | BF9: 1 | BG9: 1 | BH9: 2 | BI9: 2 | BK9: =AZ25-BK25 -> 5 | BL9: =BA25-BL25 -> 15 | BM9: =BB25-BM25 -> 5 | BN9: =BC25-BN25 -> 5 | BO9: =BD25-BO25 -> 2 | BP9: =BE25-BP25 -> 0 | BQ9: =BF25-BQ25 -> 0 | BR9: =BG25-BR25 -> -12 | ... BT9: =BI25-BT25 -> -5 | BV9: 1e-09 | BW9: 2.5e-10 | BX9: 2.5e-10 | BY9: 2.5e-10 | BZ9: 2.5e-10 | CA9: 2.5e-10 | CB9: 2.5e-10 | CC9: 2.5e-10 | CD9: 2.5e-10 | CE9: 1e-09 | CH9: =CI9/$CI$3 -> 0.19937134 | CI9: 6291680.9 | CJ9: 1078.4168 | CK9: 1061.581 | CL9: 1026.0303 | CM9: 993.29151 | CN9: -16.430382 | CO9: -3.3592292 | CP9: -0.78456948 | CQ9: -150.10997 | CR9: =CN9-$CR$4 -> 0.0014648
A10: =A9+1 -> 5 | B10: 4 | C10: 0 | D10: 3 | E10: 4 | F10: 6500 | G10: 12 | H10: 0.00094339624 | I10: 1071.934 | J10: 3 | K10: 3e-05 | L10: 0.03 | M10: 2 | N10: 1 | O10: 0 | P10: =IF(OR(M10-M9<0,N10=0),MAX(P$5:P9)+1,0) -> 2 | Q10: =IF(P11="",Q9,IF(P10=0,Q9,P10)) -> 2 | R10: =IF(Q10=R$4,A10,$R$5) | S10: =IF($Q10=S$4,$A10,$R$5) -> 5 | T10: =IF($Q10=T$4,$A10,$R$5) | U10: =IF($Q10=U$4,$A10,$R$5) | V10: =IF($Q10=V$4,$A10,$R$5) | W10: =IF($Q10=W$4,$A10,$R$5) | X10: =IF($Q10=X$4,$A10,$R$5) | Y10: =IF($Q10=Y$4,$A10,$R$5) | Z10: 4 | AA10: 4 | AB10: 3 | AC10: -5 | AE10: =_xlfn.CONCAT(E10+1,",",D10+1) -> 5,4 | AF10: =AF9+1 -> 4 | AG10: =IF(ISNUMBER(MATCH(AG61,$AX$29:$AX$38,0)),$AX$28,IF(ISNUMBER(MATCH(AG61,$AX$26:$AX$27,0)),$AX$25,IF(ISNUMBER(MATCH(AG61,$AE$6:$AE$41,0)),$AE$5,$O$5))) -> 0 | AH10: =IF(ISNUMBER(MATCH(AH61,$AX$29:$AX$38,0)),$AX$28,IF(ISNUMBER(MATCH(AH61,$AX$26:$AX$27,0)),$AX$25,IF(ISNUMBER(MATCH(AH61,$AE$6:$AE$41,0)),$AE$5,$O$5))) -> 0 | AI10: =IF(ISNUMBER(MATCH(AI61,$AX$29:$AX$38,0)),$AX$28,IF(ISNUMBER(MATCH(AI61,$AX$26:$AX$27,0)),$AX$25,IF(ISNUMBER(MATCH(AI61,$AE$6:$AE$41,0)),$AE$5,$O$5))) -> 0 | AJ10: =IF(ISNUMBER(MATCH(AJ61,$AX$29:$AX$38,0)),$AX$28,IF(ISNUMBER(MATCH(AJ61,$AX$26:$AX$27,0)),$AX$25,IF(ISNUMBER(MATCH(AJ61,$AE$6:$AE$41,0)),$AE$5,$O$5))) -> 0 | AK10: =IF(ISNUMBER(MATCH(AK61,$AX$29:$AX$38,0)),$AX$28,IF(ISNUMBER(MATCH(AK61,$AX$26:$AX$27,0)),$AX$25,IF(ISNUMBER(MATCH(AK61,$AE$6:$AE$41,0)),$AE$5,$O$5))) -> 1 | AL10: =IF(ISNUMBER(MATCH(AL61,$AX$29:$AX$38,0)),$AX$28,IF(ISNUMBER(MATCH(AL61,$AX$26:$AX$27,0)),$AX$25,IF(ISNUMBER(MATCH(AL61,$AE$6:$AE$41,0)),$AE$5,$O$5))) -> 0 | AM10: =IF(ISNUMBER(MATCH(AM61,$AX$29:$AX$38,0)),$AX$28,IF(ISNUMBER(MATCH(AM61,$AX$26:$AX$27,0)),$AX$25,IF(ISNUMBER(MATCH(AM61,$AE$6:$AE$41,0)),$AE$5,$O$5))) -> 0 | AN10: =IF(ISNUMBER(MATCH(AN61,$AX$29:$AX$38,0)),$AX$28,IF(ISNUMBER(MATCH(AN61,$AX$26:$AX$27,0)),$AX$25,IF(ISNUMBER(MATCH(AN61,$AE$6:$AE$41,0)),$AE$5,$O$5))) -> 1 | ... AP10: =IF(ISNUMBER(MATCH(AP61,$AX$29:$AX$38,0)),$AX$28,IF(ISNUMBER(MATCH(AP61,$AX$26:$AX$27,0)),$AX$25,IF(ISNUMBER(MATCH(AP61,$AE$6:$AE$41,0)),$AE$5,$O$5))) -> 0 | AS10: 1 | AT10: 15 | AU10: inflow | AV10: 10 | AZ10: 2 | BA10: 2 | BB10: 2 | BC10: 1 | BD10: 1 | BE10: 1 | BF10: 1 | BG10: 1 | BH10: 2 | BI10: 0 | BK10: =AZ26-BK26 -> 5 | BL10: =BA26-BL26 -> 10 | BM10: =BB26-BM26 -> 5 | BN10: =BC26-BN26 -> 7 | BO10: =BD26-BO26 -> 5 | BP10: =BE26-BP26 -> 0 | BQ10: =BF26-BQ26 -> 0 | BR10: =BG26-BR26 -> -1 | ... BT10: =BI26-BT26 -> 0 | BV10: 1e-09 | BW10: 2.5e-10 | BX10: 2.5e-10 | BY10: 2.5e-10 | BZ10: 2.5e-10 | CA10: 2.5e-10 | CB10: 2.5e-10 | CC10: 2.5e-10 | CD10: 1e-09 | CE10: 0 | CH10: =CI10/$CI$3 -> 0.26226717 | CI10: 8276522.6 | CJ10: 1078.4167 | CK10: 1061.581 | CL10: 1025.987 | CM10: 993.28666 | CN10: -16.428066 | CO10: -3.1775397 | CP10: -0.50988165 | CQ10: -149.25293 | CR10: =CN10-$CR$4 -> 0.0037812
A11: =A10+1 -> 6 | B11: 5 | C11: 0 | D11: 4 | E11: 5 | F11: 5000 | G11: 12 | H11: 0.00094339624 | I11: 1066.509 | J11: 3 | K11: 3e-05 | L11: 0.03 | M11: 2 | N11: 1 | O11: 0 | P11: =IF(OR(M11-M10<0,N11=0),MAX(P$5:P10)+1,0) -> 0 | Q11: =IF(P12="",Q10,IF(P11=0,Q10,P11)) -> 2 | R11: =IF(Q11=R$4,A11,$R$5) | S11: =IF($Q11=S$4,$A11,$R$5) -> 6 | T11: =IF($Q11=T$4,$A11,$R$5) | U11: =IF($Q11=U$4,$A11,$R$5) | V11: =IF($Q11=V$4,$A11,$R$5) | W11: =IF($Q11=W$4,$A11,$R$5) | X11: =IF($Q11=X$4,$A11,$R$5) | Y11: =IF($Q11=Y$4,$A11,$R$5) | Z11: 5 | AA11: 5 | AB11: 4 | AC11: -6 | AE11: =_xlfn.CONCAT(E11+1,",",D11+1) -> 6,5 | AF11: =AF10+1 -> 5 | AG11: =IF(ISNUMBER(MATCH(AG62,$AX$29:$AX$38,0)),$AX$28,IF(ISNUMBER(MATCH(AG62,$AX$26:$AX$27,0)),$AX$25,IF(ISNUMBER(MATCH(AG62,$AE$6:$AE$41,0)),$AE$5,$O$5))) -> 0 | AH11: =IF(ISNUMBER(MATCH(AH62,$AX$29:$AX$38,0)),$AX$28,IF(ISNUMBER(MATCH(AH62,$AX$26:$AX$27,0)),$AX$25,IF(ISNUMBER(MATCH(AH62,$AE$6:$AE$41,0)),$AE$5,$O$5))) -> 0 | AI11: =IF(ISNUMBER(MATCH(AI62,$AX$29:$AX$38,0)),$AX$28,IF(ISNUMBER(MATCH(AI62,$AX$26:$AX$27,0)),$AX$25,IF(ISNUMBER(MATCH(AI62,$AE$6:$AE$41,0)),$AE$5,$O$5))) -> 0 | AJ11: =IF(ISNUMBER(MATCH(AJ62,$AX$29:$AX$38,0)),$AX$28,IF(ISNUMBER(MATCH(AJ62,$AX$26:$AX$27,0)),$AX$25,IF(ISNUMBER(MATCH(AJ62,$AE$6:$AE$41,0)),$AE$5,$O$5))) -> 0 | AK11: =IF(ISNUMBER(MATCH(AK62,$AX$29:$AX$38,0)),$AX$28,IF(ISNUMBER(MATCH(AK62,$AX$26:$AX$27,0)),$AX$25,IF(ISNUMBER(MATCH(AK62,$AE$6:$AE$41,0)),$AE$5,$O$5))) -> 0 | AL11: =IF(ISNUMBER(MATCH(AL62,$AX$29:$AX$38,0)),$AX$28,IF(ISNUMBER(MATCH(AL62,$AX$26:$AX$27,0)),$AX$25,IF(ISNUMBER(MATCH(AL62,$AE$6:$AE$41,0)),$AE$5,$O$5))) -> 1 | AM11: =IF(ISNUMBER(MATCH(AM62,$AX$29:$AX$38,0)),$AX$28,IF(ISNUMBER(MATCH(AM62,$AX$26:$AX$27,0)),$AX$25,IF(ISNUMBER(MATCH(AM62,$AE$6:$AE$41,0)),$AE$5,$O$5))) -> 0 | AN11: =IF(ISNUMBER(MATCH(AN62,$AX$29:$AX$38,0)),$AX$28,IF(ISNUMBER(MATCH(AN62,$AX$26:$AX$27,0)),$AX$25,IF(ISNUMBER(MATCH(AN62,$AE$6:$AE$41,0)),$AE$5,$O$5))) -> 1 | ... AP11: =IF(ISNUMBER(MATCH(AP62,$AX$29:$AX$38,0)),$AX$28,IF(ISNUMBER(MATCH(AP62,$AX$26:$AX$27,0)),$AX$25,IF(ISNUMBER(MATCH(AP62,$AE$6:$AE$41,0)),$AE$5,$O$5))) -> 1 | AS11: 2 | AT11: 27 | AU11: inflow | AV11: 150 | AZ11: 0 | BA11: 2 | BB11: 2 | BC11: 1 | BD11: 1 | BE11: 1 | BF11: 1 | BG11: 2 | BH11: 2 | BI11: 0 | BK11: =AZ27-BK27 -> 0 | BL11: =BA27-BL27 -> 5 | BM11: =BB27-BM27 -> 5 | BN11: =BC27-BN27 -> 9 | BO11: =BD27-BO27 -> 4 | BP11: =BE27-BP27 -> 2 | BQ11: =BF27-BQ27 -> 0 | BR11: =BG27-BR27 -> -3 | ... BT11: =BI27-BT27 -> 0 | BV11: 0 | BW11: 1e-09 | BX11: 2.5e-10 | BY11: 2.5e-10 | BZ11: 2.5e-10 | CA11: 2.5e-10 | CB11: 2.5e-10 | CC11: 2.5e-10 | CD11: 1e-09 | CE11: 0 | CH11: =CI11/$CI$3 -> 0.33145259 | CI11: 10459848 | CJ11: 1078.4166 | CK11: 1061.581 | CL11: 1025.9865 | CM11: 993.28252 | CN11: -16.423425 | CO11: -2.9261195 | CP11: -0.50447548 | CQ11: -148.52267 | CR11: =CN11-$CR$4 -> 0.0084216
A12: =A11+1 -> 7 | B12: 6 | C12: 0 | D12: 5 | E12: 5 | F12: 5000 | G12: 12 | H12: 0.00094339624 | I12: 1061.792 | J12: 3 | K12: 3e-05 | L12: 0.03 | M12: 2 | N12: 1 | O12: 0 | P12: =IF(OR(M12-M11<0,N12=0),MAX(P$5:P11)+1,0) -> 0 | Q12: =IF(P13="",Q11,IF(P12=0,Q11,P12)) -> 2 | R12: =IF(Q12=R$4,A12,$R$5) | S12: =IF($Q12=S$4,$A12,$R$5) -> 7 | T12: =IF($Q12=T$4,$A12,$R$5) | U12: =IF($Q12=U$4,$A12,$R$5) | V12: =IF($Q12=V$4,$A12,$R$5) | W12: =IF($Q12=W$4,$A12,$R$5) | X12: =IF($Q12=X$4,$A12,$R$5) | Y12: =IF($Q12=Y$4,$A12,$R$5) | Z12: 6 | AA12: 6 | AB12: 5 | AC12: -7 | AE12: =_xlfn.CONCAT(E12+1,",",D12+1) -> 6,6 | AF12: =AF11+1 -> 6 | AG12: =IF(ISNUMBER(MATCH(AG63,$AX$29:$AX$38,0)),$AX$28,IF(ISNUMBER(MATCH(AG63,$AX$26:$AX$27,0)),$AX$25,IF(ISNUMBER(MATCH(AG63,$AE$6:$AE$41,0)),$AE$5,$O$5))) -> 0 | AH12: =IF(ISNUMBER(MATCH(AH63,$AX$29:$AX$38,0)),$AX$28,IF(ISNUMBER(MATCH(AH63,$AX$26:$AX$27,0)),$AX$25,IF(ISNUMBER(MATCH(AH63,$AE$6:$AE$41,0)),$AE$5,$O$5))) -> 0 | AI12: =IF(ISNUMBER(MATCH(AI63,$AX$29:$AX$38,0)),$AX$28,IF(ISNUMBER(MATCH(AI63,$AX$26:$AX$27,0)),$AX$25,IF(ISNUMBER(MATCH(AI63,$AE$6:$AE$41,0)),$AE$5,$O$5))) -> 0 | AJ12: =IF(ISNUMBER(MATCH(AJ63,$AX$29:$AX$38,0)),$AX$28,IF(ISNUMBER(MATCH(AJ63,$AX$26:$AX$27,0)),$AX$25,IF(ISNUMBER(MATCH(AJ63,$AE$6:$AE$41,0)),$AE$5,$O$5))) -> W | AK12: =IF(ISNUMBER(MATCH(AK63,$AX$29:$AX$38,0)),$AX$28,IF(ISNUMBER(MATCH(AK63,$AX$26:$AX$27,0)),$AX$25,IF(ISNUMBER(MATCH(AK63,$AE$6:$AE$41,0)),$AE$5,$O$5))) -> W | AL12: =IF(ISNUMBER(MATCH(AL63,$AX$29:$AX$38,0)),$AX$28,IF(ISNUMBER(MATCH(AL63,$AX$26:$AX$27,0)),$AX$25,IF(ISNUMBER(MATCH(AL63,$AE$6:$AE$41,0)),$AE$5,$O$5))) -> 1 | AM12: =IF(ISNUMBER(MATCH(AM63,$AX$29:$AX$38,0)),$AX$28,IF(ISNUMBER(MATCH(AM63,$AX$26:$AX$27,0)),$AX$25,IF(ISNUMBER(MATCH(AM63,$AE$6:$AE$41,0)),$AE$5,$O$5))) -> 0 | AN12: =IF(ISNUMBER(MATCH(AN63,$AX$29:$AX$38,0)),$AX$28,IF(ISNUMBER(MATCH(AN63,$AX$26:$AX$27,0)),$AX$25,IF(ISNUMBER(MATCH(AN63,$AE$6:$AE$41,0)),$AE$5,$O$5))) -> 1 | ... AP12: =IF(ISNUMBER(MATCH(AP63,$AX$29:$AX$38,0)),$AX$28,IF(ISNUMBER(MATCH(AP63,$AX$26:$AX$27,0)),$AX$25,IF(ISNUMBER(MATCH(AP63,$AE$6:$AE$41,0)),$AE$5,$O$5))) -> 0 | AS12: 3 | AT12: 3 | AU12: diversion | AV12: 10 | AW12: - | AZ12: 0 | BA12: 2 | BB12: 2 | BC12: 1 | BD12: 1 | BE12: 1 | BF12: 1 | BG12: 2 | BH12: 2 | BI12: 0 | BK12: =AZ28-BK28 -> 0 | BL12: =BA28-BL28 -> 10 | BM12: =BB28-BM28 -> 10 | BN12: =BC28-BN28 -> 9 | BO12: =BD28-BO28 -> 5 | BP12: =BE28-BP28 -> 0 | BQ12: =BF28-BQ28 -> 0 | BR12: =BG28-BR28 -> 0 | ... BT12: =BI28-BT28 -> 0 | BV12: 0 | BW12: 1e-09 | BX12: 2.5e-10 | BY12: 2.5e-10 | BZ12: 2.5e-10 | CA12: 2.5e-10 | CB12: 2.5e-10 | CC12: 2.5e-10 | CD12: 1e-09 | CE12: 0 | CH12: =CI12/$CI$3 -> 0.40755655 | CI12: 12861507 | CJ12: 1078.4163 | CK12: 1061.581 | CL12: 1025.9859 | CM12: 993.2777 | CN12: -16.41509 | CO12: -2.6008478 | CP12: -0.49843629 | CQ12: -147.67574 | CR12: =CN12-$CR$4 -> 0.01675671
A13: =A12+1 -> 8 | B13: 7 | C13: 0 | D13: 6 | E13: 5 | F13: 5000 | G13: 12 | H13: 0.00094339624 | I13: 1057.075 | J13: 3 | K13: 3e-05 | L13: 0.03 | M13: 2 | N13: 1 | O13: 0 | P13: =IF(OR(M13-M12<0,N13=0),MAX(P$5:P12)+1,0) -> 0 | Q13: =IF(P14="",Q12,IF(P13=0,Q12,P13)) -> 2 | R13: =IF(Q13=R$4,A13,$R$5) | S13: =IF($Q13=S$4,$A13,$R$5) -> 8 | T13: =IF($Q13=T$4,$A13,$R$5) | U13: =IF($Q13=U$4,$A13,$R$5) | V13: =IF($Q13=V$4,$A13,$R$5) | W13: =IF($Q13=W$4,$A13,$R$5) | X13: =IF($Q13=X$4,$A13,$R$5) | Y13: =IF($Q13=Y$4,$A13,$R$5) | Z13: 7 | AA13: 7 | AB13: 6 | AC13: -8 | AE13: =_xlfn.CONCAT(E13+1,",",D13+1) -> 6,7 | AF13: =AF12+1 -> 7 | AG13: =IF(ISNUMBER(MATCH(AG64,$AX$29:$AX$38,0)),$AX$28,IF(ISNUMBER(MATCH(AG64,$AX$26:$AX$27,0)),$AX$25,IF(ISNUMBER(MATCH(AG64,$AE$6:$AE$41,0)),$AE$5,$O$5))) -> 0 | AH13: =IF(ISNUMBER(MATCH(AH64,$AX$29:$AX$38,0)),$AX$28,IF(ISNUMBER(MATCH(AH64,$AX$26:$AX$27,0)),$AX$25,IF(ISNUMBER(MATCH(AH64,$AE$6:$AE$41,0)),$AE$5,$O$5))) -> 0 | AI13: =IF(ISNUMBER(MATCH(AI64,$AX$29:$AX$38,0)),$AX$28,IF(ISNUMBER(MATCH(AI64,$AX$26:$AX$27,0)),$AX$25,IF(ISNUMBER(MATCH(AI64,$AE$6:$AE$41,0)),$AE$5,$O$5))) -> 0 | AJ13: =IF(ISNUMBER(MATCH(AJ64,$AX$29:$AX$38,0)),$AX$28,IF(ISNUMBER(MATCH(AJ64,$AX$26:$AX$27,0)),$AX$25,IF(ISNUMBER(MATCH(AJ64,$AE$6:$AE$41,0)),$AE$5,$O$5))) -> W | AK13: =IF(ISNUMBER(MATCH(AK64,$AX$29:$AX$38,0)),$AX$28,IF(ISNUMBER(MATCH(AK64,$AX$26:$AX$27,0)),$AX$25,IF(ISNUMBER(MATCH(AK64,$AE$6:$AE$41,0)),$AE$5,$O$5))) -> W | AL13: =IF(ISNUMBER(MATCH(AL64,$AX$29:$AX$38,0)),$AX$28,IF(ISNUMBER(MATCH(AL64,$AX$26:$AX$27,0)),$AX$25,IF(ISNUMBER(MATCH(AL64,$AE$6:$AE$41,0)),$AE$5,$O$5))) -> 1 | AM13: =IF(ISNUMBER(MATCH(AM64,$AX$29:$AX$38,0)),$AX$28,IF(ISNUMBER(MATCH(AM64,$AX$26:$AX$27,0)),$AX$25,IF(ISNUMBER(MATCH(AM64,$AE$6:$AE$41,0)),$AE$5,$O$5))) -> 1 | AN13: =IF(ISNUMBER(MATCH(AN64,$AX$29:$AX$38,0)),$AX$28,IF(ISNUMBER(MATCH(AN64,$AX$26:$AX$27,0)),$AX$25,IF(ISNUMBER(MATCH(AN64,$AE$6:$AE$41,0)),$AE$5,$O$5))) -> 0 | ... AP13: =IF(ISNUMBER(MATCH(AP64,$AX$29:$AX$38,0)),$AX$28,IF(ISNUMBER(MATCH(AP64,$AX$26:$AX$27,0)),$AX$25,IF(ISNUMBER(MATCH(AP64,$AE$6:$AE$41,0)),$AE$5,$O$5))) -> 0 | AS13: 4 | AT13: 9 | AU13: status | AV13: simple | AZ13: 0 | BA13: 2 | BB13: 2 | BC13: 1 | BD13: 1 | BE13: 1 | BF13: 1 | BG13: 2 | BH13: 2 | BI13: 2 | BK13: =AZ29-BK29 -> 0 | BL13: =BA29-BL29 -> 10 | BM13: =BB29-BM29 -> 14 | BN13: =BC29-BN29 -> 9 | BO13: =BD29-BO29 -> 0 | BP13: =BE29-BP29 -> 0 | BQ13: =BF29-BQ29 -> 0 | BR13: =BG29-BR29 -> 0 | ... BT13: =BI29-BT29 -> 0 | BV13: 0 | BW13: 1e-09 | BX13: 2.5e-10 | BY13: 2.5e-10 | BZ13: 2.5e-10 | CA13: 2.5e-10 | CB13: 2.5e-10 | CC13: 2.5e-10 | CD13: 2.5e-10 | CE13: 4e-09 | CH13: =CI13/$CI$3 -> 0.49127091 | CI13: 15503331 | CJ13: 1078.4158 | CK13: 1061.581 | CL13: 1025.9853 | CM13: 993.27224 | CN13: -16.401311 | CO13: -2.2128129 | CP13: -0.49182705 | CQ13: -146.71751 | CR13: =CN13-$CR$4 -> 0.0305358
A14: =A13+1 -> 9 | B14: 8 | C14: 0 | D14: 7 | E14: 5 | F14: 5000 | G14: 12 | H14: 0.00094339624 | I14: 1052.359 | J14: 3 | K14: 3e-05 | L14: 0.03 | M14: 2 | N14: 1 | O14: 0 | P14: =IF(OR(M14-M13<0,N14=0),MAX(P$5:P13)+1,0) -> 0 | Q14: =IF(P15="",Q13,IF(P14=0,Q13,P14)) -> 2 | R14: =IF(Q14=R$4,A14,$R$5) | S14: =IF($Q14=S$4,$A14,$R$5) -> 9 | T14: =IF($Q14=T$4,$A14,$R$5) | U14: =IF($Q14=U$4,$A14,$R$5) | V14: =IF($Q14=V$4,$A14,$R$5) | W14: =IF($Q14=W$4,$A14,$R$5) | X14: =IF($Q14=X$4,$A14,$R$5) | Y14: =IF($Q14=Y$4,$A14,$R$5) | Z14: 8 | AA14: 8 | AB14: 7 | AC14: -22 | AE14: =_xlfn.CONCAT(E14+1,",",D14+1) -> 6,8 | AF14: =AF13+1 -> 8 | AG14: =IF(ISNUMBER(MATCH(AG65,$AX$29:$AX$38,0)),$AX$28,IF(ISNUMBER(MATCH(AG65,$AX$26:$AX$27,0)),$AX$25,IF(ISNUMBER(MATCH(AG65,$AE$6:$AE$41,0)),$AE$5,$O$5))) -> 0 | AH14: =IF(ISNUMBER(MATCH(AH65,$AX$29:$AX$38,0)),$AX$28,IF(ISNUMBER(MATCH(AH65,$AX$26:$AX$27,0)),$AX$25,IF(ISNUMBER(MATCH(AH65,$AE$6:$AE$41,0)),$AE$5,$O$5))) -> 0 | AI14: =IF(ISNUMBER(MATCH(AI65,$AX$29:$AX$38,0)),$AX$28,IF(ISNUMBER(MATCH(AI65,$AX$26:$AX$27,0)),$AX$25,IF(ISNUMBER(MATCH(AI65,$AE$6:$AE$41,0)),$AE$5,$O$5))) -> 0 | AJ14: =IF(ISNUMBER(MATCH(AJ65,$AX$29:$AX$38,0)),$AX$28,IF(ISNUMBER(MATCH(AJ65,$AX$26:$AX$27,0)),$AX$25,IF(ISNUMBER(MATCH(AJ65,$AE$6:$AE$41,0)),$AE$5,$O$5))) -> W | AK14: =IF(ISNUMBER(MATCH(AK65,$AX$29:$AX$38,0)),$AX$28,IF(ISNUMBER(MATCH(AK65,$AX$26:$AX$27,0)),$AX$25,IF(ISNUMBER(MATCH(AK65,$AE$6:$AE$41,0)),$AE$5,$O$5))) -> W | AL14: =IF(ISNUMBER(MATCH(AL65,$AX$29:$AX$38,0)),$AX$28,IF(ISNUMBER(MATCH(AL65,$AX$26:$AX$27,0)),$AX$25,IF(ISNUMBER(MATCH(AL65,$AE$6:$AE$41,0)),$AE$5,$O$5))) -> 1 | AM14: =IF(ISNUMBER(MATCH(AM65,$AX$29:$AX$38,0)),$AX$28,IF(ISNUMBER(MATCH(AM65,$AX$26:$AX$27,0)),$AX$25,IF(ISNUMBER(MATCH(AM65,$AE$6:$AE$41,0)),$AE$5,$O$5))) -> 1 | AN14: =IF(ISNUMBER(MATCH(AN65,$AX$29:$AX$38,0)),$AX$28,IF(ISNUMBER(MATCH(AN65,$AX$26:$AX$27,0)),$AX$25,IF(ISNUMBER(MATCH(AN65,$AE$6:$AE$41,0)),$AE$5,$O$5))) -> 0 | ... AP14: =IF(ISNUMBER(MATCH(AP65,$AX$29:$AX$38,0)),$AX$28,IF(ISNUMBER(MATCH(AP65,$AX$26:$AX$27,0)),$AX$25,IF(ISNUMBER(MATCH(AP65,$AE$6:$AE$41,0)),$AE$5,$O$5))) -> 0 | AS14: 5 | AT14: 10 | AU14: status | AV14: simple | AZ14: 0 | BA14: 2 | BB14: 2 | BC14: 1 | BD14: 1 | BE14: 1 | BF14: 1 | BG14: 2 | BH14: 2 | BI14: 0 | BK14: =AZ30-BK30 -> 0 | BL14: =BA30-BL30 -> 10 | BM14: =BB30-BM30 -> 11 | BN14: =BC30-BN30 -> 5 | BO14: =BD30-BO30 -> 0 | BP14: =BE30-BP30 -> 0 | BQ14: =BF30-BQ30 -> 0 | BR14: =BG30-BR30 -> 0 | ... BT14: =BI30-BT30 -> 0 | BV14: 0 | BW14: 1e-09 | BX14: 2.5e-10 | BY14: 2.5e-10 | BZ14: 2.5e-10 | CA14: 2.5e-10 | CB14: 2.5e-10 | CC14: 2.5e-10 | CD14: 1e-09 | CE14: 0 | CH14: =CI14/$CI$3 -> 0.58335671 | CI14: 18409338 | CJ14: 1078.4151 | CK14: 1061.581 | CL14: 1025.9846 | CM14: 993.2661 | CN14: -16.380027 | CO14: -1.7979557 | CP14: -0.48459116 | CQ14: -145.6439 | CR14: =CN14-$CR$4 -> 0.05181991
A15: =A14+1 -> 10 | B15: 9 | C15: 0 | D15: 2 | E15: 4 | F15: 5000 | G15: 10 | H15: 0.00054545456 | I15: 1073.636 | J15: 2 | K15: 3e-05 | L15: 0.03 | M15: 2 | N15: 0 | O15: 0 | P15: =IF(OR(M15-M14<0,N15=0),MAX(P$5:P14)+1,0) -> 3 | Q15: =IF(P16="",Q14,IF(P15=0,Q14,P15)) -> 3 | R15: =IF(Q15=R$4,A15,$R$5) | S15: =IF($Q15=S$4,$A15,$R$5) | T15: =IF($Q15=T$4,$A15,$R$5) -> 10 | U15: =IF($Q15=U$4,$A15,$R$5) | V15: =IF($Q15=V$4,$A15,$R$5) | W15: =IF($Q15=W$4,$A15,$R$5) | X15: =IF($Q15=X$4,$A15,$R$5) | Y15: =IF($Q15=Y$4,$A15,$R$5) | Z15: 9 | AA15: 9 | AB15: 3 | AC15: -10 | AE15: =_xlfn.CONCAT(E15+1,",",D15+1) -> 5,3 | AF15: =AF14+1 -> 9 | AG15: =IF(ISNUMBER(MATCH(AG66,$AX$29:$AX$38,0)),$AX$28,IF(ISNUMBER(MATCH(AG66,$AX$26:$AX$27,0)),$AX$25,IF(ISNUMBER(MATCH(AG66,$AE$6:$AE$41,0)),$AE$5,$O$5))) -> 0 | AH15: =IF(ISNUMBER(MATCH(AH66,$AX$29:$AX$38,0)),$AX$28,IF(ISNUMBER(MATCH(AH66,$AX$26:$AX$27,0)),$AX$25,IF(ISNUMBER(MATCH(AH66,$AE$6:$AE$41,0)),$AE$5,$O$5))) -> 0 | AI15: =IF(ISNUMBER(MATCH(AI66,$AX$29:$AX$38,0)),$AX$28,IF(ISNUMBER(MATCH(AI66,$AX$26:$AX$27,0)),$AX$25,IF(ISNUMBER(MATCH(AI66,$AE$6:$AE$41,0)),$AE$5,$O$5))) -> 0 | AJ15: =IF(ISNUMBER(MATCH(AJ66,$AX$29:$AX$38,0)),$AX$28,IF(ISNUMBER(MATCH(AJ66,$AX$26:$AX$27,0)),$AX$25,IF(ISNUMBER(MATCH(AJ66,$AE$6:$AE$41,0)),$AE$5,$O$5))) -> W | AK15: =IF(ISNUMBER(MATCH(AK66,$AX$29:$AX$38,0)),$AX$28,IF(ISNUMBER(MATCH(AK66,$AX$26:$AX$27,0)),$AX$25,IF(ISNUMBER(MATCH(AK66,$AE$6:$AE$41,0)),$AE$5,$O$5))) -> W | AL15: =IF(ISNUMBER(MATCH(AL66,$AX$29:$AX$38,0)),$AX$28,IF(ISNUMBER(MATCH(AL66,$AX$26:$AX$27,0)),$AX$25,IF(ISNUMBER(MATCH(AL66,$AE$6:$AE$41,0)),$AE$5,$O$5))) -> 1 | AM15: =IF(ISNUMBER(MATCH(AM66,$AX$29:$AX$38,0)),$AX$28,IF(ISNUMBER(MATCH(AM66,$AX$26:$AX$27,0)),$AX$25,IF(ISNUMBER(MATCH(AM66,$AE$6:$AE$41,0)),$AE$5,$O$5))) -> 0 | AN15: =IF(ISNUMBER(MATCH(AN66,$AX$29:$AX$38,0)),$AX$28,IF(ISNUMBER(MATCH(AN66,$AX$26:$AX$27,0)),$AX$25,IF(ISNUMBER(MATCH(AN66,$AE$6:$AE$41,0)),$AE$5,$O$5))) -> 0 | ... AP15: =IF(ISNUMBER(MATCH(AP66,$AX$29:$AX$38,0)),$AX$28,IF(ISNUMBER(MATCH(AP66,$AX$26:$AX$27,0)),$AX$25,IF(ISNUMBER(MATCH(AP66,$AE$6:$AE$41,0)),$AE$5,$O$5))) -> 0 | AS15: 6 | AT15: 11 | AU15: status | AV15: simple | AZ15: 2 | BA15: 2 | BB15: 1 | BC15: 1 | BD15: 1 | BE15: 1 | BF15: 1 | BG15: 2 | BH15: 2 | BI15: 0 | BK15: =AZ31-BK31 -> 0 | BL15: =BA31-BL31 -> 0 | BM15: =BB31-BM31 -> 0 | BN15: =BC31-BN31 -> 0 | BO15: =BD31-BO31 -> 0 | BP15: =BE31-BP31 -> 0 | BQ15: =BF31-BQ31 -> 0 | BR15: =BG31-BR31 -> 0 | ... BT15: =BI31-BT31 -> 0 | BV15: 1e-09 | BW15: 2.5e-10 | BX15: 2.5e-10 | BY15: 2.5e-10 | BZ15: 2.5e-10 | CA15: 2.5e-10 | CB15: 2.5e-10 | CC15: 2.5e-10 | CD15: 1e-09 | CE15: 0 | CH15: =CI15/$CI$3 -> 0.68465108 | CI15: 21605945 | CJ15: 1078.414 | CK15: 1061.581 | CL15: 1025.9839 | CM15: 993.25933 | CN15: -16.348992 | CO15: -1.3056966 | CP15: -0.47672752 | CQ15: -144.46386 | CR15: =CN15-$CR$4 -> 0.08285492
A16: =A15+1 -> 11 | B16: 10 | C16: 0 | D16: 2 | E16: 5 | F16: 5000 | G16: 10 | H16: 0.00054545456 | I16: 1070.909 | J16: 2 | K16: 3e-05 | L16: 0.03 | M16: 2 | N16: 1 | O16: 0 | P16: =IF(OR(M16-M15<0,N16=0),MAX(P$5:P15)+1,0) -> 0 | Q16: =IF(P17="",Q15,IF(P16=0,Q15,P16)) -> 3 | R16: =IF(Q16=R$4,A16,$R$5) | S16: =IF($Q16=S$4,$A16,$R$5) | T16: =IF($Q16=T$4,$A16,$R$5) -> 11 | U16: =IF($Q16=U$4,$A16,$R$5) | V16: =IF($Q16=V$4,$A16,$R$5) | W16: =IF($Q16=W$4,$A16,$R$5) | X16: =IF($Q16=X$4,$A16,$R$5) | Y16: =IF($Q16=Y$4,$A16,$R$5) | Z16: 10 | AA16: 10 | AB16: 9 | AC16: -11 | AE16: =_xlfn.CONCAT(E16+1,",",D16+1) -> 6,3 | AF16: =AF15+1 -> 10 | AG16: =IF(ISNUMBER(MATCH(AG67,$AX$29:$AX$38,0)),$AX$28,IF(ISNUMBER(MATCH(AG67,$AX$26:$AX$27,0)),$AX$25,IF(ISNUMBER(MATCH(AG67,$AE$6:$AE$41,0)),$AE$5,$O$5))) -> 0 | AH16: =IF(ISNUMBER(MATCH(AH67,$AX$29:$AX$38,0)),$AX$28,IF(ISNUMBER(MATCH(AH67,$AX$26:$AX$27,0)),$AX$25,IF(ISNUMBER(MATCH(AH67,$AE$6:$AE$41,0)),$AE$5,$O$5))) -> 0 | AI16: =IF(ISNUMBER(MATCH(AI67,$AX$29:$AX$38,0)),$AX$28,IF(ISNUMBER(MATCH(AI67,$AX$26:$AX$27,0)),$AX$25,IF(ISNUMBER(MATCH(AI67,$AE$6:$AE$41,0)),$AE$5,$O$5))) -> 0 | AJ16: =IF(ISNUMBER(MATCH(AJ67,$AX$29:$AX$38,0)),$AX$28,IF(ISNUMBER(MATCH(AJ67,$AX$26:$AX$27,0)),$AX$25,IF(ISNUMBER(MATCH(AJ67,$AE$6:$AE$41,0)),$AE$5,$O$5))) -> W | AK16: =IF(ISNUMBER(MATCH(AK67,$AX$29:$AX$38,0)),$AX$28,IF(ISNUMBER(MATCH(AK67,$AX$26:$AX$27,0)),$AX$25,IF(ISNUMBER(MATCH(AK67,$AE$6:$AE$41,0)),$AE$5,$O$5))) -> W | AL16: =IF(ISNUMBER(MATCH(AL67,$AX$29:$AX$38,0)),$AX$28,IF(ISNUMBER(MATCH(AL67,$AX$26:$AX$27,0)),$AX$25,IF(ISNUMBER(MATCH(AL67,$AE$6:$AE$41,0)),$AE$5,$O$5))) -> 0 | AM16: =IF(ISNUMBER(MATCH(AM67,$AX$29:$AX$38,0)),$AX$28,IF(ISNUMBER(MATCH(AM67,$AX$26:$AX$27,0)),$AX$25,IF(ISNUMBER(MATCH(AM67,$AE$6:$AE$41,0)),$AE$5,$O$5))) -> 1 | AN16: =IF(ISNUMBER(MATCH(AN67,$AX$29:$AX$38,0)),$AX$28,IF(ISNUMBER(MATCH(AN67,$AX$26:$AX$27,0)),$AX$25,IF(ISNUMBER(MATCH(AN67,$AE$6:$AE$41,0)),$AE$5,$O$5))) -> 0 | ... AP16: =IF(ISNUMBER(MATCH(AP67,$AX$29:$AX$38,0)),$AX$28,IF(ISNUMBER(MATCH(AP67,$AX$26:$AX$27,0)),$AX$25,IF(ISNUMBER(MATCH(AP67,$AE$6:$AE$41,0)),$AE$5,$O$5))) -> 0 | AS16: 7 | AT16: 12 | AU16: status | AV16: simple | AZ16: 1 | BA16: 1 | BB16: 1 | BC16: 1 | BD16: 1 | BE16: 1 | BF16: 1 | BG16: 1 | BH16: 1 | BI16: 0 | BK16: =AZ32-BK32 -> 0 | BL16: =BA32-BL32 -> 0 | BM16: =BB32-BM32 -> 0 | BN16: =BC32-BN32 -> 0 | BO16: =BD32-BO32 -> 0 | BP16: =BE32-BP32 -> 0 | BQ16: =BF32-BQ32 -> 0 | BR16: =BG32-BR32 -> 0 | ... BT16: =BI32-BT32 -> 0 | BV16: 2.5e-10 | BW16: 2.5e-10 | BX16: 2.5e-10 | BY16: 2.5e-10 | BZ16: 2.5e-10 | CA16: 2.5e-10 | CB16: 2.5e-10 | CC16: 2.5e-10 | CD16: 1e-09 | CE16: 0 | CH16: =CI16/$CI$3 -> 0.79607489 | CI16: 25122213 | CJ16: 1078.4125 | CK16: 1061.581 | CL16: 1025.9831 | CM16: 993.25202 | CN16: -16.305869 | CO16: -0.87097068 | CP16: -0.46830936 | CQ16: -143.19233 | CR16: =CN16-$CR$4 -> 0.12597829
A17: =A16+1 -> 12 | B17: 11 | C17: 0 | D17: 2 | E17: 6 | F17: 4500 | G17: 10 | H17: 0.00054545456 | I17: 1068.318 | J17: 2 | K17: 3e-05 | L17: 0.03 | M17: 2 | N17: 1 | O17: 0 | P17: =IF(OR(M17-M16<0,N17=0),MAX(P$5:P16)+1,0) -> 0 | Q17: =IF(P18="",Q16,IF(P17=0,Q16,P17)) -> 3 | R17: =IF(Q17=R$4,A17,$R$5) | S17: =IF($Q17=S$4,$A17,$R$5) | T17: =IF($Q17=T$4,$A17,$R$5) -> 12 | U17: =IF($Q17=U$4,$A17,$R$5) | V17: =IF($Q17=V$4,$A17,$R$5) | W17: =IF($Q17=W$4,$A17,$R$5) | X17: =IF($Q17=X$4,$A17,$R$5) | Y17: =IF($Q17=Y$4,$A17,$R$5) | Z17: 11 | AA17: 11 | AB17: 10 | AC17: -12 | AE17: =_xlfn.CONCAT(E17+1,",",D17+1) -> 7,3 | AF17: =AF16+1 -> 11 | AG17: =IF(ISNUMBER(MATCH(AG68,$AX$29:$AX$38,0)),$AX$28,IF(ISNUMBER(MATCH(AG68,$AX$26:$AX$27,0)),$AX$25,IF(ISNUMBER(MATCH(AG68,$AE$6:$AE$41,0)),$AE$5,$O$5))) -> 0 | AH17: =IF(ISNUMBER(MATCH(AH68,$AX$29:$AX$38,0)),$AX$28,IF(ISNUMBER(MATCH(AH68,$AX$26:$AX$27,0)),$AX$25,IF(ISNUMBER(MATCH(AH68,$AE$6:$AE$41,0)),$AE$5,$O$5))) -> 0 | AI17: =IF(ISNUMBER(MATCH(AI68,$AX$29:$AX$38,0)),$AX$28,IF(ISNUMBER(MATCH(AI68,$AX$26:$AX$27,0)),$AX$25,IF(ISNUMBER(MATCH(AI68,$AE$6:$AE$41,0)),$AE$5,$O$5))) -> 0 | AJ17: =IF(ISNUMBER(MATCH(AJ68,$AX$29:$AX$38,0)),$AX$28,IF(ISNUMBER(MATCH(AJ68,$AX$26:$AX$27,0)),$AX$25,IF(ISNUMBER(MATCH(AJ68,$AE$6:$AE$41,0)),$AE$5,$O$5))) -> 0 | AK17: =IF(ISNUMBER(MATCH(AK68,$AX$29:$AX$38,0)),$AX$28,IF(ISNUMBER(MATCH(AK68,$AX$26:$AX$27,0)),$AX$25,IF(ISNUMBER(MATCH(AK68,$AE$6:$AE$41,0)),$AE$5,$O$5))) -> 0 | AL17: =IF(ISNUMBER(MATCH(AL68,$AX$29:$AX$38,0)),$AX$28,IF(ISNUMBER(MATCH(AL68,$AX$26:$AX$27,0)),$AX$25,IF(ISNUMBER(MATCH(AL68,$AE$6:$AE$41,0)),$AE$5,$O$5))) -> 0 | AM17: =IF(ISNUMBER(MATCH(AM68,$AX$29:$AX$38,0)),$AX$28,IF(ISNUMBER(MATCH(AM68,$AX$26:$AX$27,0)),$AX$25,IF(ISNUMBER(MATCH(AM68,$AE$6:$AE$41,0)),$AE$5,$O$5))) -> 1 | AN17: =IF(ISNUMBER(MATCH(AN68,$AX$29:$AX$38,0)),$AX$28,IF(ISNUMBER(MATCH(AN68,$AX$26:$AX$27,0)),$AX$25,IF(ISNUMBER(MATCH(AN68,$AE$6:$AE$41,0)),$AE$5,$O$5))) -> 0 | ... AP17: =IF(ISNUMBER(MATCH(AP68,$AX$29:$AX$38,0)),$AX$28,IF(ISNUMBER(MATCH(AP68,$AX$26:$AX$27,0)),$AX$25,IF(ISNUMBER(MATCH(AP68,$AE$6:$AE$41,0)),$AE$5,$O$5))) -> 0 | AS17: 8 | AT17: 13 | AU17: status | AV17: simple | AZ17: 0 | BA17: 2 | BB17: 2 | BC17: 2 | BD17: 2 | BE17: 2 | BF17: 2 | BG17: 2 | BH17: 1 | BI17: 0 | BK17: =AZ33-BK33 -> 0 | BL17: =BA33-BL33 -> 0 | BM17: =BB33-BM33 -> 0 | BN17: =BC33-BN33 -> 0 | BO17: =BD33-BO33 -> 0 | BP17: =BE33-BP33 -> 0 | BQ17: =BF33-BQ33 -> 0 | BR17: =BG33-BR33 -> 0 | ... BT17: =BI33-BT33 -> 0 | BV17: 0 | BW17: 2.5e-10 | BX17: 2.5e-10 | BY17: 2.5e-10 | BZ17: 2.5e-10 | CA17: 2.5e-10 | CB17: 1e-09 | CC17: 1e-09 | CD17: 2.5e-10 | CE17: 0 | CF17: =MAX(BV4:CE18) -> 4e-09 | CH17: =CI17/$CI$3 -> 0.91864108 | CI17: 28990108 | CJ17: 1078.4105 | CK17: 1061.581 | CL17: 1025.9822 | CM17: 993.24423 | CN17: -16.248319 | CO17: -0.3944121 | CP17: -0.4594154 | CQ17: -141.8435 | CR17: =CN17-$CR$4 -> 0.18352773
A18: =A17+1 -> 13 | B18: 12 | C18: 0 | D18: 3 | E18: 7 | F18: 6000 | G18: 10 | H18: 0.00054545456 | I18: 1065.455 | J18: 2 | K18: 3e-05 | L18: 0.03 | M18: 2 | N18: 1 | O18: 0 | P18: =IF(OR(M18-M17<0,N18=0),MAX(P$5:P17)+1,0) -> 0 | Q18: =IF(P19="",Q17,IF(P18=0,Q17,P18)) -> 3 | R18: =IF(Q18=R$4,A18,$R$5) | S18: =IF($Q18=S$4,$A18,$R$5) | T18: =IF($Q18=T$4,$A18,$R$5) -> 13 | U18: =IF($Q18=U$4,$A18,$R$5) | V18: =IF($Q18=V$4,$A18,$R$5) | W18: =IF($Q18=W$4,$A18,$R$5) | X18: =IF($Q18=X$4,$A18,$R$5) | Y18: =IF($Q18=Y$4,$A18,$R$5) | Z18: 12 | AA18: 12 | AB18: 11 | AC18: -13 | AE18: =_xlfn.CONCAT(E18+1,",",D18+1) -> 8,4 | AF18: =AF17+1 -> 12 | AG18: =IF(ISNUMBER(MATCH(AG69,$AX$29:$AX$38,0)),$AX$28,IF(ISNUMBER(MATCH(AG69,$AX$26:$AX$27,0)),$AX$25,IF(ISNUMBER(MATCH(AG69,$AE$6:$AE$41,0)),$AE$5,$O$5))) -> 0 | AH18: =IF(ISNUMBER(MATCH(AH69,$AX$29:$AX$38,0)),$AX$28,IF(ISNUMBER(MATCH(AH69,$AX$26:$AX$27,0)),$AX$25,IF(ISNUMBER(MATCH(AH69,$AE$6:$AE$41,0)),$AE$5,$O$5))) -> 0 | AI18: =IF(ISNUMBER(MATCH(AI69,$AX$29:$AX$38,0)),$AX$28,IF(ISNUMBER(MATCH(AI69,$AX$26:$AX$27,0)),$AX$25,IF(ISNUMBER(MATCH(AI69,$AE$6:$AE$41,0)),$AE$5,$O$5))) -> 0 | AJ18: =IF(ISNUMBER(MATCH(AJ69,$AX$29:$AX$38,0)),$AX$28,IF(ISNUMBER(MATCH(AJ69,$AX$26:$AX$27,0)),$AX$25,IF(ISNUMBER(MATCH(AJ69,$AE$6:$AE$41,0)),$AE$5,$O$5))) -> 0 | AK18: =IF(ISNUMBER(MATCH(AK69,$AX$29:$AX$38,0)),$AX$28,IF(ISNUMBER(MATCH(AK69,$AX$26:$AX$27,0)),$AX$25,IF(ISNUMBER(MATCH(AK69,$AE$6:$AE$41,0)),$AE$5,$O$5))) -> 0 | AL18: =IF(ISNUMBER(MATCH(AL69,$AX$29:$AX$38,0)),$AX$28,IF(ISNUMBER(MATCH(AL69,$AX$26:$AX$27,0)),$AX$25,IF(ISNUMBER(MATCH(AL69,$AE$6:$AE$41,0)),$AE$5,$O$5))) -> 0 | AM18: =IF(ISNUMBER(MATCH(AM69,$AX$29:$AX$38,0)),$AX$28,IF(ISNUMBER(MATCH(AM69,$AX$26:$AX$27,0)),$AX$25,IF(ISNUMBER(MATCH(AM69,$AE$6:$AE$41,0)),$AE$5,$O$5))) -> 1 | AN18: =IF(ISNUMBER(MATCH(AN69,$AX$29:$AX$38,0)),$AX$28,IF(ISNUMBER(MATCH(AN69,$AX$26:$AX$27,0)),$AX$25,IF(ISNUMBER(MATCH(AN69,$AE$6:$AE$41,0)),$AE$5,$O$5))) -> 0 | ... AP18: =IF(ISNUMBER(MATCH(AP69,$AX$29:$AX$38,0)),$AX$28,IF(ISNUMBER(MATCH(AP69,$AX$26:$AX$27,0)),$AX$25,IF(ISNUMBER(MATCH(AP69,$AE$6:$AE$41,0)),$AE$5,$O$5))) -> 0 | AS18: 9 | AT18: 14 | AU18: status | AV18: simple | AZ18: 0 | BA18: 0 | BB18: 2 | BC18: 2 | BD18: 2 | BE18: 2 | BF18: 0 | BG18: 0 | BH18: 0 | BI18: 0 | BK18: =AZ34-BK34 -> 0 | BL18: =BA34-BL34 -> 0 | BM18: =BB34-BM34 -> 0 | BN18: =BC34-BN34 -> 0 | BO18: =BD34-BO34 -> 0 | BP18: =BE34-BP34 -> 0 | BQ18: =BF34-BQ34 -> 0 | BR18: =BG34-BR34 -> 0 | ... BT18: =BI34-BT34 -> 0 | BV18: 0 | BW18: 0 | BX18: 1e-09 | BY18: 1e-09 | BZ18: 1e-09 | CA18: 1e-09 | CB18: 0 | CC18: 0 | CD18: 0 | CE18: 0 | CF18: =MIN(BV4:CE18) -> 0 | CH18: =CI18/$CI$3 -> 1.0534639 | CI18: 33244792 | CJ18: 1078.4079 | CK18: 1060.545 | CL18: 1025.9813 | CM18: 993.23604 | CN18: -16.174118 | CO18: 0 | CP18: -0.45008878 | CQ18: -140.42966 | CR18: =CN18-$CR$4 -> 0.25772865
A19: =A18+1 -> 14 | B19: 13 | C19: 0 | D19: 4 | E19: 7 | F19: 5000 | G19: 10 | H19: 0.00054545456 | I19: 1062.455 | J19: 2 | K19: 3e-05 | L19: 0.03 | M19: 2 | N19: 1 | O19: 0 | P19: =IF(OR(M19-M18<0,N19=0),MAX(P$5:P18)+1,0) -> 0 | Q19: =IF(P20="",Q18,IF(P19=0,Q18,P19)) -> 3 | R19: =IF(Q19=R$4,A19,$R$5) | S19: =IF($Q19=S$4,$A19,$R$5) | T19: =IF($Q19=T$4,$A19,$R$5) -> 14 | U19: =IF($Q19=U$4,$A19,$R$5) | V19: =IF($Q19=V$4,$A19,$R$5) | W19: =IF($Q19=W$4,$A19,$R$5) | X19: =IF($Q19=X$4,$A19,$R$5) | Y19: =IF($Q19=Y$4,$A19,$R$5) | Z19: 13 | AA19: 13 | AB19: 12 | AC19: -14 | AE19: =_xlfn.CONCAT(E19+1,",",D19+1) -> 8,5 | AF19: =AF18+1 -> 13 | AG19: =IF(ISNUMBER(MATCH(AG70,$AX$29:$AX$38,0)),$AX$28,IF(ISNUMBER(MATCH(AG70,$AX$26:$AX$27,0)),$AX$25,IF(ISNUMBER(MATCH(AG70,$AE$6:$AE$41,0)),$AE$5,$O$5))) -> -1 | AH19: =IF(ISNUMBER(MATCH(AH70,$AX$29:$AX$38,0)),$AX$28,IF(ISNUMBER(MATCH(AH70,$AX$26:$AX$27,0)),$AX$25,IF(ISNUMBER(MATCH(AH70,$AE$6:$AE$41,0)),$AE$5,$O$5))) -> 1 | AI19: =IF(ISNUMBER(MATCH(AI70,$AX$29:$AX$38,0)),$AX$28,IF(ISNUMBER(MATCH(AI70,$AX$26:$AX$27,0)),$AX$25,IF(ISNUMBER(MATCH(AI70,$AE$6:$AE$41,0)),$AE$5,$O$5))) -> 1 | AJ19: =IF(ISNUMBER(MATCH(AJ70,$AX$29:$AX$38,0)),$AX$28,IF(ISNUMBER(MATCH(AJ70,$AX$26:$AX$27,0)),$AX$25,IF(ISNUMBER(MATCH(AJ70,$AE$6:$AE$41,0)),$AE$5,$O$5))) -> 1 | AK19: =IF(ISNUMBER(MATCH(AK70,$AX$29:$AX$38,0)),$AX$28,IF(ISNUMBER(MATCH(AK70,$AX$26:$AX$27,0)),$AX$25,IF(ISNUMBER(MATCH(AK70,$AE$6:$AE$41,0)),$AE$5,$O$5))) -> 1 | AL19: =IF(ISNUMBER(MATCH(AL70,$AX$29:$AX$38,0)),$AX$28,IF(ISNUMBER(MATCH(AL70,$AX$26:$AX$27,0)),$AX$25,IF(ISNUMBER(MATCH(AL70,$AE$6:$AE$41,0)),$AE$5,$O$5))) -> 1 | AM19: =IF(ISNUMBER(MATCH(AM70,$AX$29:$AX$38,0)),$AX$28,IF(ISNUMBER(MATCH(AM70,$AX$26:$AX$27,0)),$AX$25,IF(ISNUMBER(MATCH(AM70,$AE$6:$AE$41,0)),$AE$5,$O$5))) -> 1 | AN19: =IF(ISNUMBER(MATCH(AN70,$AX$29:$AX$38,0)),$AX$28,IF(ISNUMBER(MATCH(AN70,$AX$26:$AX$27,0)),$AX$25,IF(ISNUMBER(MATCH(AN70,$AE$6:$AE$41,0)),$AE$5,$O$5))) -> 1 | ... AP19: =IF(ISNUMBER(MATCH(AP70,$AX$29:$AX$38,0)),$AX$28,IF(ISNUMBER(MATCH(AP70,$AX$26:$AX$27,0)),$AX$25,IF(ISNUMBER(MATCH(AP70,$AE$6:$AE$41,0)),$AE$5,$O$5))) -> 0 | AS19: 10 | AT19: 9 | AU19: stage | AV19: 1075.545 | AZ19: =_xlfn.MINIFS(AZ20:BI34,AZ20:BI34,"<>0") -> 997 | BI19: Top | BK19: =_xlfn.MINIFS(BK20:BT34,BK20:BT34,"<>0") -> 997 | BT19: Surf | BV19: =_xlfn.MINIFS(BV20:CE34,BV20:CE34,"<>0") -> 530 | CE19: Bot | CH19: =CI19/$CI$3 -> 1.201769 | CI19: 37924945 | CJ19: 1078.4047 | CK19: 1060.545 | CL19: 1025.9804 | CM19: 993.22752 | CN19: -16.081238 | CO19: 0 | CP19: -0.44038516 | CQ19: -138.96363 | CR19: =CN19-$CR$4 -> 0.35060946
A20: =A19+1 -> 15 | B20: 14 | C20: 0 | D20: 5 | E20: 7 | F20: 2000 | G20: 10 | H20: 0.00054545456 | I20: 1060.545 | J20: 2 | K20: 3e-05 | L20: 0.03 | M20: 2 | N20: 1 | O20: 0 | P20: =IF(OR(M20-M19<0,N20=0),MAX(P$5:P19)+1,0) -> 0 | Q20: =IF(P21="",Q19,IF(P20=0,Q19,P20)) -> 3 | R20: =IF(Q20=R$4,A20,$R$5) | S20: =IF($Q20=S$4,$A20,$R$5) | T20: =IF($Q20=T$4,$A20,$R$5) -> 15 | U20: =IF($Q20=U$4,$A20,$R$5) | V20: =IF($Q20=V$4,$A20,$R$5) | W20: =IF($Q20=W$4,$A20,$R$5) | X20: =IF($Q20=X$4,$A20,$R$5) | Y20: =IF($Q20=Y$4,$A20,$R$5) | Z20: 14 | AA20: 14 | AB20: 13 | AC20: -18 | AE20: =_xlfn.CONCAT(E20+1,",",D20+1) -> 8,6 | AF20: =AF19+1 -> 14 | AG20: =IF(ISNUMBER(MATCH(AG71,$AX$29:$AX$38,0)),$AX$28,IF(ISNUMBER(MATCH(AG71,$AX$26:$AX$27,0)),$AX$25,IF(ISNUMBER(MATCH(AG71,$AE$6:$AE$41,0)),$AE$5,$O$5))) -> 0 | AH20: =IF(ISNUMBER(MATCH(AH71,$AX$29:$AX$38,0)),$AX$28,IF(ISNUMBER(MATCH(AH71,$AX$26:$AX$27,0)),$AX$25,IF(ISNUMBER(MATCH(AH71,$AE$6:$AE$41,0)),$AE$5,$O$5))) -> 0 | AI20: =IF(ISNUMBER(MATCH(AI71,$AX$29:$AX$38,0)),$AX$28,IF(ISNUMBER(MATCH(AI71,$AX$26:$AX$27,0)),$AX$25,IF(ISNUMBER(MATCH(AI71,$AE$6:$AE$41,0)),$AE$5,$O$5))) -> 0 | AJ20: =IF(ISNUMBER(MATCH(AJ71,$AX$29:$AX$38,0)),$AX$28,IF(ISNUMBER(MATCH(AJ71,$AX$26:$AX$27,0)),$AX$25,IF(ISNUMBER(MATCH(AJ71,$AE$6:$AE$41,0)),$AE$5,$O$5))) -> 0 | AK20: =IF(ISNUMBER(MATCH(AK71,$AX$29:$AX$38,0)),$AX$28,IF(ISNUMBER(MATCH(AK71,$AX$26:$AX$27,0)),$AX$25,IF(ISNUMBER(MATCH(AK71,$AE$6:$AE$41,0)),$AE$5,$O$5))) -> 0 | AL20: =IF(ISNUMBER(MATCH(AL71,$AX$29:$AX$38,0)),$AX$28,IF(ISNUMBER(MATCH(AL71,$AX$26:$AX$27,0)),$AX$25,IF(ISNUMBER(MATCH(AL71,$AE$6:$AE$41,0)),$AE$5,$O$5))) -> 0 | AM20: =IF(ISNUMBER(MATCH(AM71,$AX$29:$AX$38,0)),$AX$28,IF(ISNUMBER(MATCH(AM71,$AX$26:$AX$27,0)),$AX$25,IF(ISNUMBER(MATCH(AM71,$AE$6:$AE$41,0)),$AE$5,$O$5))) -> 0 | AN20: =IF(ISNUMBER(MATCH(AN71,$AX$29:$AX$38,0)),$AX$28,IF(ISNUMBER(MATCH(AN71,$AX$26:$AX$27,0)),$AX$25,IF(ISNUMBER(MATCH(AN71,$AE$6:$AE$41,0)),$AE$5,$O$5))) -> 0 | ... AP20: =IF(ISNUMBER(MATCH(AP71,$AX$29:$AX$38,0)),$AX$28,IF(ISNUMBER(MATCH(AP71,$AX$26:$AX$27,0)),$AX$25,IF(ISNUMBER(MATCH(AP71,$AE$6:$AE$41,0)),$AE$5,$O$5))) -> 0 | AS20: 11 | AT20: 10 | AU20: stage | AV20: 1072.636 | AZ20: 1105 | BA20: 1105 | BB20: 0 | BC20: 0 | BD20: 0 | BE20: 0 | BF20: 0 | BG20: 0 | BH20: 0 | BI20: 0 | BK20: 1110 | BL20: 1110 | BM20: 0 | BN20: 0 | BO20: 0 | BP20: 0 | BQ20: 0 | BR20: 0 | BS20: 0 | BT20: 0 | BV20: 1000 | BW20: 1000 | BX20: 0 | BY20: 0 | BZ20: 0 | CA20: 0 | CB20: 0 | CC20: 0 | CD20: 0 | CE20: 0 | CH20: =CI20/$CI$3 -> 1.3649046 | CI20: 43073113 | CJ20: 1078.4008 | CK20: 1060.545 | CL20: 1025.9794 | CM20: 993.21866 | CN20: -15.967824 | CO20: 0 | CP20: -0.43019646 | CQ20: -137.44502 | CR20: =CN20-$CR$4 -> 0.46402255
A21: =A20+1 -> 16 | B21: 15 | C21: 0 | D21: 4 | E21: 9 | F21: 2500 | G21: 10 | H21: 0.0018181818 | I21: 1077.727 | J21: 3 | K21: 3e-05 | L21: 0.03 | M21: 1 | N21: 1 | O21: 0 | P21: =IF(OR(M21-M20<0,N21=0),MAX(P$5:P20)+1,0) -> 4 | Q21: =IF(P22="",Q20,IF(P21=0,Q20,P21)) -> 4 | R21: =IF(Q21=R$4,A21,$R$5) | S21: =IF($Q21=S$4,$A21,$R$5) | T21: =IF($Q21=T$4,$A21,$R$5) | U21: =IF($Q21=U$4,$A21,$R$5) -> 16 | V21: =IF($Q21=V$4,$A21,$R$5) | W21: =IF($Q21=W$4,$A21,$R$5) | X21: =IF($Q21=X$4,$A21,$R$5) | Y21: =IF($Q21=Y$4,$A21,$R$5) | Z21: 15 | AA21: 15 | AB21: -16 | AE21: =_xlfn.CONCAT(E21+1,",",D21+1) -> 10,5 | AF21: =AF20+1 -> 15 | AG21: =IF(ISNUMBER(MATCH(AG72,$AX$29:$AX$38,0)),$AX$28,IF(ISNUMBER(MATCH(AG72,$AX$26:$AX$27,0)),$AX$25,IF(ISNUMBER(MATCH(AG72,$AE$6:$AE$41,0)),$AE$5,$O$5))) -> 0 | AH21: =IF(ISNUMBER(MATCH(AH72,$AX$29:$AX$38,0)),$AX$28,IF(ISNUMBER(MATCH(AH72,$AX$26:$AX$27,0)),$AX$25,IF(ISNUMBER(MATCH(AH72,$AE$6:$AE$41,0)),$AE$5,$O$5))) -> 0 | AI21: =IF(ISNUMBER(MATCH(AI72,$AX$29:$AX$38,0)),$AX$28,IF(ISNUMBER(MATCH(AI72,$AX$26:$AX$27,0)),$AX$25,IF(ISNUMBER(MATCH(AI72,$AE$6:$AE$41,0)),$AE$5,$O$5))) -> 0 | AJ21: =IF(ISNUMBER(MATCH(AJ72,$AX$29:$AX$38,0)),$AX$28,IF(ISNUMBER(MATCH(AJ72,$AX$26:$AX$27,0)),$AX$25,IF(ISNUMBER(MATCH(AJ72,$AE$6:$AE$41,0)),$AE$5,$O$5))) -> 0 | AK21: =IF(ISNUMBER(MATCH(AK72,$AX$29:$AX$38,0)),$AX$28,IF(ISNUMBER(MATCH(AK72,$AX$26:$AX$27,0)),$AX$25,IF(ISNUMBER(MATCH(AK72,$AE$6:$AE$41,0)),$AE$5,$O$5))) -> 0 | AL21: =IF(ISNUMBER(MATCH(AL72,$AX$29:$AX$38,0)),$AX$28,IF(ISNUMBER(MATCH(AL72,$AX$26:$AX$27,0)),$AX$25,IF(ISNUMBER(MATCH(AL72,$AE$6:$AE$41,0)),$AE$5,$O$5))) -> 0 | AM21: =IF(ISNUMBER(MATCH(AM72,$AX$29:$AX$38,0)),$AX$28,IF(ISNUMBER(MATCH(AM72,$AX$26:$AX$27,0)),$AX$25,IF(ISNUMBER(MATCH(AM72,$AE$6:$AE$41,0)),$AE$5,$O$5))) -> 0 | AN21: =IF(ISNUMBER(MATCH(AN72,$AX$29:$AX$38,0)),$AX$28,IF(ISNUMBER(MATCH(AN72,$AX$26:$AX$27,0)),$AX$25,IF(ISNUMBER(MATCH(AN72,$AE$6:$AE$41,0)),$AE$5,$O$5))) -> 0 | ... AP21: =IF(ISNUMBER(MATCH(AP72,$AX$29:$AX$38,0)),$AX$28,IF(ISNUMBER(MATCH(AP72,$AX$26:$AX$27,0)),$AX$25,IF(ISNUMBER(MATCH(AP72,$AE$6:$AE$41,0)),$AE$5,$O$5))) -> 0 | AS21: 12 | AT21: 11 | AU21: stage | AV21: 1069.873 | AZ21: 1105 | BA21: 1095 | BB21: 1105 | BC21: 0 | BD21: 0 | BE21: 1100 | BF21: 1100 | BG21: 1110 | BH21: 0 | BI21: 0 | BK21: 1110 | BL21: 1105 | BM21: 1110 | BN21: 0 | BO21: 0 | BP21: 1100 | BQ21: 1100 | BR21: 1110 | BS21: 0 | BT21: 0 | BV21: 1000 | BW21: 900 | BX21: 900 | BY21: 0 | BZ21: 0 | CA21: 950 | CB21: 950 | CC21: 950 | CD21: 0 | CE21: 0 | CH21: =CI21/$CI$3 -> 1.5443537 | CI21: 48736098 | CJ21: 1078.396 | CK21: 1060.545 | CL21: 1025.9783 | CM21: 993.20938 | CN21: -15.832239 | CO21: 0 | CP21: -0.41948819 | CQ21: -135.86067 | CR21: =CN21-$CR$4 -> 0.59960773
A22: =A21+1 -> 17 | B22: 16 | C22: 0 | D22: 4 | E22: 8 | F22: 5000 | G22: 10 | H22: 0.0018181818 | I22: 1070.909 | J22: 3 | K22: 3e-05 | L22: 0.03 | M22: 2 | N22: 1 | O22: 0 | P22: =IF(OR(M22-M21<0,N22=0),MAX(P$5:P21)+1,0) -> 0 | Q22: =IF(P23="",Q21,IF(P22=0,Q21,P22)) -> 4 | R22: =IF(Q22=R$4,A22,$R$5) | S22: =IF($Q22=S$4,$A22,$R$5) | T22: =IF($Q22=T$4,$A22,$R$5) | U22: =IF($Q22=U$4,$A22,$R$5) -> 17 | V22: =IF($Q22=V$4,$A22,$R$5) | W22: =IF($Q22=W$4,$A22,$R$5) | X22: =IF($Q22=X$4,$A22,$R$5) | Y22: =IF($Q22=Y$4,$A22,$R$5) | Z22: 16 | AA22: 16 | AB22: 15 | AC22: -17 | AE22: =_xlfn.CONCAT(E22+1,",",D22+1) -> 9,5 | AS22: 13 | AT22: 12 | AU22: stage | AV22: 1066.819 | AZ22: 0 | BA22: 1100 | BB22: 1085 | BC22: 1080 | BD22: 1078 | BE22: 1076 | BF22: 1073 | BG22: 1090 | BH22: 0 | BI22: 0 | BK22: 0 | BL22: 1100 | BM22: 1095 | BN22: 1088 | BO22: 1085 | BP22: 1085 | BQ22: 1085 | BR22: 1090 | BS22: 0 | BT22: 0 | BV22: 0 | BW22: 850 | BX22: 670 | BY22: 680 | BZ22: 680 | CA22: 770 | CB22: 770 | CC22: 890 | CD22: 0 | CE22: 0 | CH22: =CI22/$CI$3 -> 1.7417478 | CI22: 54965381 | CJ22: 1078.3905 | CK22: 1060.545 | CL22: 1025.9772 | CM22: 993.19976 | CN22: -15.673089 | CO22: 0 | CP22: -0.4083856 | CQ22: -134.2258 | CR22: =CN22-$CR$4 -> 0.7587581
A23: =A22+1 -> 18 | B23: 17 | C23: 0 | D23: 5 | E23: 7 | F23: 3500 | G23: 10 | H23: 0.0018181818 | I23: 1063.182 | J23: 3 | K23: 3e-05 | L23: 0.03 | M23: 2 | N23: 1 | O23: 0 | P23: =IF(OR(M23-M22<0,N23=0),MAX(P$5:P22)+1,0) -> 0 | Q23: =IF(P24="",Q22,IF(P23=0,Q22,P23)) -> 4 | R23: =IF(Q23=R$4,A23,$R$5) | S23: =IF($Q23=S$4,$A23,$R$5) | T23: =IF($Q23=T$4,$A23,$R$5) | U23: =IF($Q23=U$4,$A23,$R$5) -> 18 | V23: =IF($Q23=V$4,$A23,$R$5) | W23: =IF($Q23=W$4,$A23,$R$5) | X23: =IF($Q23=X$4,$A23,$R$5) | Y23: =IF($Q23=Y$4,$A23,$R$5) | Z23: 17 | AA23: 17 | AB23: 16 | AC23: -18 | AE23: =_xlfn.CONCAT(E23+1,",",D23+1) -> 8,6 | AS23: 14 | AT23: 13 | AU23: stage | AV23: 1063.619 | AZ23: 1110 | BA23: 1100 | BB23: 1090 | BC23: 1085 | BD23: 1076 | BE23: 1080 | BF23: 1080 | BG23: 1070 | BH23: 1100 | BI23: 0 | BK23: 1105 | BL23: 1100 | BM23: 1090 | BN23: 1083 | BO23: 1078 | BP23: 1075 | BQ23: 1080 | BR23: 1085 | BS23: 1100 | BT23: 0 | BV23: 925 | BW23: 850 | BX23: 650 | BY23: 650 | BZ23: 650 | CA23: 680 | CB23: 740 | CC23: 850 | CD23: 950 | CE23: 0 | CH23: =CI23/$CI$3 -> 1.9588813 | CI23: 61817593 | CJ23: 1078.384 | CK23: 1060.545 | CL23: 1025.9761 | CM23: 993.18991 | CN23: -15.489201 | CO23: 0 | CP23: -0.39702994 | CQ23: -132.56021 | CR23: =CN23-$CR$4 -> 0.94264574
A24: =A23+1 -> 19 | B24: 18 | C24: 0 | D24: 5 | E24: 7 | F24: 4000 | G24: 15 | H24: 0.001 | I24: 1058 | J24: 3 | K24: 3e-05 | L24: 0.03 | M24: 3 | N24: 1 | O24: 0 | P24: =IF(OR(M24-M23<0,N24=0),MAX(P$5:P23)+1,0) -> 0 | Q24: =IF(P25="",Q23,IF(P24=0,Q23,P24)) -> 4 | R24: =IF(Q24=R$4,A24,$R$5) | S24: =IF($Q24=S$4,$A24,$R$5) | T24: =IF($Q24=T$4,$A24,$R$5) | U24: =IF($Q24=U$4,$A24,$R$5) -> 19 | V24: =IF($Q24=V$4,$A24,$R$5) | W24: =IF($Q24=W$4,$A24,$R$5) | X24: =IF($Q24=X$4,$A24,$R$5) | Y24: =IF($Q24=Y$4,$A24,$R$5) | Z24: 18 | AA24: 18 | AB24: 14 | AC24: 17 | AD24: -19 | AE24: =_xlfn.CONCAT(E24+1,",",D24+1) -> 8,6 | AP24: manu | AS24: 15 | AT24: 14 | AU24: stage | AV24: 1061.581 | AZ24: 1110 | BA24: 1100 | BB24: 1085 | BC24: 1080 | BD24: 1078 | BE24: 1074 | BF24: 1077 | BG24: 1066 | BH24: 1075 | BI24: 1080 | BK24: 1105 | BL24: 1090 | BM24: 1080 | BN24: 1077 | BO24: 1074 | BP24: 1073 | BQ24: 1074 | BR24: 1078 | BS24: 1080 | BT24: 1085 | BV24: 925 | BW24: 800 | BX24: 650 | BY24: 600 | BZ24: 600 | CA24: 600 | CB24: 650 | CC24: 720 | CD24: 850 | CE24: 950 | CH24: =CI24/$CI$3 -> 2.1977281 | CI24: 69355025 | CJ24: 1078.3766 | CK24: 1060.545 | CL24: 1025.9749 | CM24: 993.17991 | CN24: -15.279631 | CO24: 0 | CP24: -0.38552422 | CQ24: -130.87627 | CR24: =CN24-$CR$4 -> 1.1522161
A25: =A24+1 -> 20 | B25: 19 | C25: 0 | D25: 6 | E25: 6 | F25: 5000 | G25: 15 | H25: 0.001 | I25: 1053.5 | J25: 3 | K25: 3e-05 | L25: 0.03 | M25: 2 | N25: 1 | O25: 0 | P25: =IF(OR(M25-M24<0,N25=0),MAX(P$5:P24)+1,0) -> 5 | Q25: =IF(P26="",Q24,IF(P25=0,Q24,P25)) -> 5 | R25: =IF(Q25=R$4,A25,$R$5) | S25: =IF($Q25=S$4,$A25,$R$5) | T25: =IF($Q25=T$4,$A25,$R$5) | U25: =IF($Q25=U$4,$A25,$R$5) | V25: =IF($Q25=V$4,$A25,$R$5) -> 20 | W25: =IF($Q25=W$4,$A25,$R$5) | X25: =IF($Q25=X$4,$A25,$R$5) | Y25: =IF($Q25=Y$4,$A25,$R$5) | Z25: 19 | AA25: 19 | AB25: 18 | AC25: -20 | AE25: =_xlfn.CONCAT(E25+1,",",D25+1) -> 7,7 | AG25: 1 | AH25: =AG25+1 -> 2 | AI25: =AH25+1 -> 3 | AJ25: =AI25+1 -> 4 | AK25: =AJ25+1 -> 5 | AL25: =AK25+1 -> 6 | AM25: =AL25+1 -> 7 | AN25: =AM25+1 -> 8 | AO25: =AN25+1 -> 9 | AP25: =AO25+1 -> 10 | AS25: =AX1 -> e2_ghb_spd.csv | AU25: xy | AV25: H | AW25: Cont | AX25: -1 | AZ25: 1105 | BA25: 1095 | BB25: 1080 | BC25: 1077 | BD25: 1073 | BE25: 1069 | BF25: 1070 | BG25: 1063 | BH25: 1085 | BI25: 1095 | BK25: 1100 | BL25: 1080 | BM25: 1075 | BN25: 1072 | BO25: 1071 | BP25: 1069 | BQ25: 1070 | BR25: 1075 | BS25: 1080 | BT25: 1100 | BV25: 925 | BW25: 800 | BX25: 650 | BY25: 600 | BZ25: 550 | CA25: 600 | CB25: 650 | CC25: 720 | CD25: 850 | CE25: 970 | CH25: =CI25/$CI$3 -> 2.4604597 | CI25: 77646202 | CJ25: 1078.3685 | CK25: 1060.545 | CL25: 1025.9737 | CM25: 993.16977 | CN25: -15.051648 | CO25: 0 | CP25: -0.37393075 | CQ25: -129.1784 | CR25: =CN25-$CR$4 -> 1.3801987
A26: =A25+1 -> 21 | B26: 20 | C26: 0 | D26: 7 | E26: 6 | F26: 3500 | G26: 15 | H26: 0.001 | I26: 1049.25 | J26: 3 | K26: 3e-05 | L26: 0.03 | M26: 2 | N26: 1 | O26: 0 | P26: =IF(OR(M26-M25<0,N26=0),MAX(P$5:P25)+1,0) -> 0 | Q26: =IF(P27="",Q25,IF(P26=0,Q25,P26)) -> 5 | R26: =IF(Q26=R$4,A26,$R$5) | S26: =IF($Q26=S$4,$A26,$R$5) | T26: =IF($Q26=T$4,$A26,$R$5) | U26: =IF($Q26=U$4,$A26,$R$5) | V26: =IF($Q26=V$4,$A26,$R$5) -> 21 | W26: =IF($Q26=W$4,$A26,$R$5) | X26: =IF($Q26=X$4,$A26,$R$5) | Y26: =IF($Q26=Y$4,$A26,$R$5) | Z26: 20 | AA26: 20 | AB26: 19 | AC26: -21 | AE26: =_xlfn.CONCAT(E26+1,",",D26+1) -> 7,8 | AF26: 1 | AG26: =AG7 -> 1 | AH26: =AH7 -> 0 | AI26: =AI7 -> 0 | AJ26: =AJ7 -> 0 | AK26: =AK7 -> 0 | AL26: =AL7 -> 0 | AM26: =AM7 -> 0 | AN26: =AN7 -> 0 | ... AP26: =AP7 -> 0 | AS26: 0 | AT26: 12 | AU26: 0 | AV26: 988 | AW26: 0.038 | AX26: =_xlfn.CONCAT(AU26+1,",",AT26+1) -> 1,13 | AZ26: 1105 | BA26: 1090 | BB26: 1075 | BC26: 1072 | BD26: 1070 | BE26: 1065 | BF26: 1065 | BG26: 1069 | BH26: 1090 | BI26: 0 | BK26: 1100 | BL26: 1080 | BM26: 1070 | BN26: 1065 | BO26: 1065 | BP26: 1065 | BQ26: 1065 | BR26: 1070 | BS26: 1090 | BT26: 0 | BV26: 925 | BW26: 800 | BX26: 650 | BY26: 600 | BZ26: 550 | CA26: 600 | CB26: 650 | CC26: 720 | CD26: 950 | CE26: 0 | CH26: =CI26/$CI$3 -> 2.7494643 | CI26: 86766495 | CJ26: 1078.3674 | CK26: 1060.545 | CL26: 1025.9725 | CM26: 993.15938 | CN26: -15.021569 | CO26: 0 | CP26: -0.36209155 | CQ26: -127.44652 | CR26: =CN26-$CR$4 -> 1.410278
A27: =A26+1 -> 22 | B27: 21 | C27: 0 | D27: 7 | E27: 5 | F27: 2500 | G27: 15 | H27: 0.001 | I27: 1046.25 | J27: 3 | K27: 3e-05 | L27: 0.03 | M27: 2 | N27: 1 | O27: 0 | P27: =IF(OR(M27-M26<0,N27=0),MAX(P$5:P26)+1,0) -> 0 | Q27: =IF(P28="",Q26,IF(P27=0,Q26,P27)) -> 5 | R27: =IF(Q27=R$4,A27,$R$5) | S27: =IF($Q27=S$4,$A27,$R$5) | T27: =IF($Q27=T$4,$A27,$R$5) | U27: =IF($Q27=U$4,$A27,$R$5) | V27: =IF($Q27=V$4,$A27,$R$5) -> 22 | W27: =IF($Q27=W$4,$A27,$R$5) | X27: =IF($Q27=X$4,$A27,$R$5) | Y27: =IF($Q27=Y$4,$A27,$R$5) | Z27: 21 | AA27: 21 | AB27: 20 | AC27: -22 | AE27: =_xlfn.CONCAT(E27+1,",",D27+1) -> 6,8 | AF27: =AF26+1 -> 2 | AG27: =AG8 -> 0 | AH27: =AH8 -> 1 | AI27: =AI8 -> 0 | AJ27: =AJ8 -> 0 | AK27: =AK8 -> 0 | AL27: =AL8 -> 0 | AM27: =AM8 -> 0 | AN27: =AN8 -> 0 | ... AP27: =AP8 -> 0 | AS27: 0 | AT27: 13 | AU27: 8 | AV27: 1045 | AW27: 0.038 | AX27: =_xlfn.CONCAT(AU27+1,",",AT27+1) -> 9,14 | AZ27: 0 | BA27: 1080 | BB27: 1070 | BC27: 1068 | BD27: 1063 | BE27: 1060 | BF27: 1063 | BG27: 1067 | BH27: 1090 | BI27: 0 | BK27: 0 | BL27: 1075 | BM27: 1065 | BN27: 1059 | BO27: 1059 | BP27: 1058 | BQ27: 1063 | BR27: 1070 | BS27: 1090 | BT27: 0 | BV27: 0 | BW27: 850 | BX27: 700 | BY27: 650 | BZ27: 570 | CA27: 600 | CB27: 700 | CC27: 850 | CD27: 950 | CE27: 0 | CH27: =CI27/$CI$3 -> 3.0673695 | CI27: 96798818 | CJ27: 1078.3659 | CK27: 1060.545 | CL27: 1025.9712 | CM27: 993.14881 | CN27: -14.978788 | CO27: 0 | CP27: -0.35005202 | CQ27: -125.69301 | CR27: =CN27-$CR$4 -> 1.4530589
A28: =A27+1 -> 23 | B28: 22 | C28: 0 | D28: 8 | E28: 5 | F28: 5000 | G28: 12 | H28: 0.00090909092 | I28: 1042.727 | J28: 3 | K28: 3e-05 | L28: 0.03 | M28: 3 | N28: 1 | O28: 0 | P28: =IF(OR(M28-M27<0,N28=0),MAX(P$5:P27)+1,0) -> 0 | Q28: =IF(P29="",Q27,IF(P28=0,Q27,P28)) -> 5 | R28: =IF(Q28=R$4,A28,$R$5) | S28: =IF($Q28=S$4,$A28,$R$5) | T28: =IF($Q28=T$4,$A28,$R$5) | U28: =IF($Q28=U$4,$A28,$R$5) | V28: =IF($Q28=V$4,$A28,$R$5) -> 23 | W28: =IF($Q28=W$4,$A28,$R$5) | X28: =IF($Q28=X$4,$A28,$R$5) | Y28: =IF($Q28=Y$4,$A28,$R$5) | Z28: 22 | AA28: 22 | AB28: 8 | AC28: 21 | AD28: -23 | AE28: =_xlfn.CONCAT(E28+1,",",D28+1) -> 6,9 | AF28: =AF27+1 -> 3 | AG28: =AG9 -> 0 | AH28: =AH9 -> 0 | AI28: =AI9 -> 1 | AJ28: =AJ9 -> 1 | AK28: 3 | AL28: 3 | AM28: 3 | AN28: =AN9 -> 0 | AO28: =AO9 -> 0 | AP28: =AP9 -> 0 | AS28: =AX2 -> f2_wel_spd | AU28: xy | AX28: W | AZ28: 0 | BA28: 1075 | BB28: 1065 | BC28: 1062 | BD28: 1058 | BE28: 1052 | BF28: 1055 | BG28: 1065 | BH28: 1090 | BI28: 0 | BK28: 0 | BL28: 1065 | BM28: 1055 | BN28: 1053 | BO28: 1053 | BP28: 1052 | BQ28: 1055 | BR28: 1065 | BS28: 1090 | BT28: 0 | BV28: 0 | BW28: 850 | BX28: 700 | BY28: 650 | BZ28: 540 | CA28: 580 | CB28: 700 | CC28: 850 | CD28: 950 | CE28: 0 | CH28: =CI28/$CI$3 -> 3.4170651 | CI28: 1.0783437e+08 | CJ28: 1078.3638 | CK28: 1060.545 | CL28: 1025.9699 | CM28: 993.13809 | CN28: -14.920057 | CO28: 0 | CP28: -0.33789061 | CQ28: -123.92632 | CR28: =CN28-$CR$4 -> 1.5117897
A29: =A28+1 -> 24 | B29: 23 | C29: 0 | D29: 9 | E29: 6 | F29: 5000 | G29: 12 | H29: 0.00090909092 | I29: 1038.182 | J29: 3 | K29: 3e-05 | L29: 0.03 | M29: 2 | N29: 1 | O29: 0 | P29: =IF(OR(M29-M28<0,N29=0),MAX(P$5:P28)+1,0) -> 6 | Q29: =IF(P30="",Q28,IF(P29=0,Q28,P29)) -> 6 | R29: =IF(Q29=R$4,A29,$R$5) | S29: =IF($Q29=S$4,$A29,$R$5) | T29: =IF($Q29=T$4,$A29,$R$5) | U29: =IF($Q29=U$4,$A29,$R$5) | V29: =IF($Q29=V$4,$A29,$R$5) | W29: =IF($Q29=W$4,$A29,$R$5) -> 24 | X29: =IF($Q29=X$4,$A29,$R$5) | Y29: =IF($Q29=Y$4,$A29,$R$5) | Z29: 23 | AA29: 23 | AB29: 22 | AC29: -24 | AE29: =_xlfn.CONCAT(E29+1,",",D29+1) -> 7,10 | AF29: =AF28+1 -> 4 | AG29: =AG10 -> 0 | AH29: =AH10 -> 0 | AI29: =AI10 -> 0 | AJ29: =AJ10 -> 0 | AK29: 2 | AL29: =AL10 -> 0 | AM29: =AM10 -> 0 | AN29: 3 | AO29: =AO10 -> 0 | AP29: =AP10 -> 0 | AS29: 0 | AT29: 5 | AU29: 3 | AV29: -10 | AX29: =_xlfn.CONCAT(AU29+1,",",AT29+1) -> 4,6 | AZ29: 0 | BA29: 1070 | BB29: 1060 | BC29: 1055 | BD29: 1046 | BE29: 1046 | BF29: 1044 | BG29: 1060 | BH29: 1088 | BI29: 1100 | BK29: 0 | BL29: 1060 | BM29: 1046 | BN29: 1046 | BO29: 1046 | BP29: 1046 | BQ29: 1044 | BR29: 1060 | BS29: 1088 | BT29: 1100 | BV29: 0 | BW29: 850 | BX29: 700 | BY29: 630 | BZ29: 530 | CA29: 580 | CB29: 650 | CC29: 800 | CD29: 900 | CE29: 950 | CH29: =CI29/$CI$3 -> 3.8017303 | CI29: 1.1997348e+08 | CJ29: 1078.3611 | CK29: 1060.545 | CL29: 1025.9686 | CM29: 993.12727 | CN29: -14.843518 | CO29: 0 | CP29: -0.32564766 | CQ29: -122.15214 | CR29: =CN29-$CR$4 -> 1.5883292
A30: =A29+1 -> 25 | B30: 24 | C30: 0 | D30: 10 | E30: 6 | F30: 5000 | G30: 12 | H30: 0.00090909092 | I30: 1033.636 | J30: 3 | K30: 3e-05 | L30: 0.03 | M30: 2 | N30: 1 | O30: 0 | P30: =IF(OR(M30-M29<0,N30=0),MAX(P$5:P29)+1,0) -> 0 | Q30: =IF(P31="",Q29,IF(P30=0,Q29,P30)) -> 6 | R30: =IF(Q30=R$4,A30,$R$5) | S30: =IF($Q30=S$4,$A30,$R$5) | T30: =IF($Q30=T$4,$A30,$R$5) | U30: =IF($Q30=U$4,$A30,$R$5) | V30: =IF($Q30=V$4,$A30,$R$5) | W30: =IF($Q30=W$4,$A30,$R$5) -> 25 | X30: =IF($Q30=X$4,$A30,$R$5) | Y30: =IF($Q30=Y$4,$A30,$R$5) | Z30: 24 | AA30: 24 | AB30: 23 | AC30: -25 | AE30: =_xlfn.CONCAT(E30+1,",",D30+1) -> 7,11 | AF30: =AF29+1 -> 5 | AG30: =AG11 -> 0 | AH30: =AH11 -> 0 | AI30: =AI11 -> 0 | AJ30: =AJ11 -> 0 | AK30: =AK11 -> 0 | AL30: 2 | AM30: =AM11 -> 0 | AN30: 3 | AO30: 4 | AP30: 4 | AS30: 0 | AT30: 5 | AU30: 4 | AV30: -10 | AX30: =_xlfn.CONCAT(AU30+1,",",AT30+1) -> 5,6 | AZ30: 0 | BA30: 1055 | BB30: 1050 | BC30: 1045 | BD30: 1041 | BE30: 1042 | BF30: 1040 | BG30: 1050 | BH30: 1075 | BI30: 0 | BK30: 0 | BL30: 1045 | BM30: 1039 | BN30: 1040 | BO30: 1041 | BP30: 1042 | BQ30: 1040 | BR30: 1050 | BS30: 1075 | BT30: 0 | BV30: 0 | BW30: 850 | BX30: 700 | BY30: 620 | BZ30: 580 | CA30: 620 | CB30: 700 | CC30: 800 | CD30: 900 | CE30: 0 | CH30: =CI30/$CI$3 -> 4.224862 | CI30: 1.3332651e+08 | CJ30: 1078.3577 | CK30: 1060.545 | CL30: 1025.9672 | CM30: 993.11636 | CN30: -14.748468 | CO30: 0 | CP30: -0.31333644 | CQ30: -120.37262 | CR30: =CN30-$CR$4 -> 1.6833787
A31: =A30+1 -> 26 | B31: 25 | C31: 0 | D31: 11 | E31: 6 | F31: 5000 | G31: 12 | H31: 0.00090909092 | I31: 1029.091 | J31: 3 | K31: 3e-05 | L31: 0.03 | M31: 2 | N31: 1 | O31: 0 | P31: =IF(OR(M31-M30<0,N31=0),MAX(P$5:P30)+1,0) -> 0 | Q31: =IF(P32="",Q30,IF(P31=0,Q30,P31)) -> 6 | R31: =IF(Q31=R$4,A31,$R$5) | S31: =IF($Q31=S$4,$A31,$R$5) | T31: =IF($Q31=T$4,$A31,$R$5) | U31: =IF($Q31=U$4,$A31,$R$5) | V31: =IF($Q31=V$4,$A31,$R$5) | W31: =IF($Q31=W$4,$A31,$R$5) -> 26 | X31: =IF($Q31=X$4,$A31,$R$5) | Y31: =IF($Q31=Y$4,$A31,$R$5) | Z31: 25 | AA31: 25 | AB31: 24 | AC31: -26 | AE31: =_xlfn.CONCAT(E31+1,",",D31+1) -> 7,12 | AF31: =AF30+1 -> 6 | AG31: =AG12 -> 0 | AH31: =AH12 -> 0 | AI31: =AI12 -> 0 | AJ31: =AJ12 -> W | AK31: =AK12 -> W | AL31: 2 | AM31: =AM12 -> 0 | AN31: 5 | AO31: =AO12 -> 0 | AP31: =AP12 -> 0 | AS31: 0 | AT31: 6 | AU31: 3 | AV31: -10 | AX31: =_xlfn.CONCAT(AU31+1,",",AT31+1) -> 4,7 | AZ31: 1027 | BA31: 1028 | BB31: 1028 | BC31: 1032 | BD31: 1032 | BE31: 1033 | BF31: 1032 | BG31: 1040 | BH31: 1060 | BI31: 0 | BK31: 1027 | BL31: 1028 | BM31: 1028 | BN31: 1032 | BO31: 1032 | BP31: 1033 | BQ31: 1032 | BR31: 1040 | BS31: 1060 | BT31: 0 | BV31: 900 | BW31: 830 | BX31: 710 | BY31: 640 | BZ31: 600 | CA31: 650 | CB31: 700 | CC31: 800 | CD31: 900 | CE31: 0 | CH31: =CI31/$CI$3 -> 4.690307 | CI31: 1.4801483e+08 | CJ31: 1078.3536 | CK31: 1060.545 | CL31: 1025.9658 | CM31: 993.10534 | CN31: -14.635082 | CO31: 0 | CP31: -0.30095526 | CQ31: -118.58773 | CR31: =CN31-$CR$4 -> 1.7967646
A32: =A31+1 -> 27 | B32: 26 | C32: 0 | D32: 12 | E32: 6 | F32: 2000 | G32: 12 | H32: 0.00090909092 | I32: 1025.909 | J32: 3 | K32: 3e-05 | L32: 0.03 | M32: 2 | N32: 1 | O32: 0 | P32: =IF(OR(M32-M31<0,N32=0),MAX(P$5:P31)+1,0) -> 0 | Q32: =IF(P33="",Q31,IF(P32=0,Q31,P32)) -> 6 | R32: =IF(Q32=R$4,A32,$R$5) | S32: =IF($Q32=S$4,$A32,$R$5) | T32: =IF($Q32=T$4,$A32,$R$5) | U32: =IF($Q32=U$4,$A32,$R$5) | V32: =IF($Q32=V$4,$A32,$R$5) | W32: =IF($Q32=W$4,$A32,$R$5) -> 27 | X32: =IF($Q32=X$4,$A32,$R$5) | Y32: =IF($Q32=Y$4,$A32,$R$5) | Z32: 26 | AA32: 26 | AB32: 25 | AC32: -30 | AE32: =_xlfn.CONCAT(E32+1,",",D32+1) -> 7,13 | AF32: =AF31+1 -> 7 | AG32: =AG13 -> 0 | AH32: =AH13 -> 0 | AI32: =AI13 -> 0 | AJ32: =AJ13 -> W | AK32: =AK13 -> W | AL32: 2 | AM32: 5 | AN32: =AN13 -> 0 | AO32: =AO13 -> 0 | AP32: =AP13 -> 0 | AS32: 0 | AT32: 6 | AU32: 4 | AV32: -10 | AX32: =_xlfn.CONCAT(AU32+1,",",AT32+1) -> 5,7 | AZ32: 997 | BA32: 1004 | BB32: 1008 | BC32: 1014 | BD32: 1020 | BE32: 1027 | BF32: 1032 | BG32: 1038 | BH32: 1050 | BI32: 0 | BK32: 997 | BL32: 1004 | BM32: 1008 | BN32: 1014 | BO32: 1020 | BP32: 1027 | BQ32: 1032 | BR32: 1038 | BS32: 1050 | BT32: 0 | BV32: 900 | BW32: 810 | BX32: 750 | BY32: 700 | BZ32: 650 | CA32: 700 | CB32: 750 | CC32: 800 | CD32: 900 | CE32: 0 | CH32: =CI32/$CI$3 -> 5.2022964 | CI32: 1.6417199e+08 | CJ32: 1078.3489 | CK32: 1060.545 | CL32: 1025.9644 | CM32: 993.09409 | CN32: -14.504178 | CO32: 0 | CP32: -0.28832703 | CQ32: -116.77616 | CR32: =CN32-$CR$4 -> 1.9276685
A33: =A32+1 -> 28 | B33: 27 | C33: 0 | D33: 13 | E33: 8 | F33: 5000 | G33: 55 | H33: 0.00096774194 | I33: 1037.581 | J33: 3 | K33: 6e-05 | L33: 0.025 | M33: 1 | N33: 1 | O33: 0 | P33: =IF(OR(M33-M32<0,N33=0),MAX(P$5:P32)+1,0) -> 7 | Q33: =IF(P34="",Q32,IF(P33=0,Q32,P33)) -> 7 | R33: =IF(Q33=R$4,A33,$R$5) | S33: =IF($Q33=S$4,$A33,$R$5) | T33: =IF($Q33=T$4,$A33,$R$5) | U33: =IF($Q33=U$4,$A33,$R$5) | V33: =IF($Q33=V$4,$A33,$R$5) | W33: =IF($Q33=W$4,$A33,$R$5) | X33: =IF($Q33=X$4,$A33,$R$5) -> 28 | Y33: =IF($Q33=Y$4,$A33,$R$5) | Z33: 27 | AA33: 27 | AB33: -28 | AE33: =_xlfn.CONCAT(E33+1,",",D33+1) -> 9,14 | AF33: =AF32+1 -> 8 | AG33: =AG14 -> 0 | AH33: =AH14 -> 0 | AI33: =AI14 -> 0 | AJ33: =AJ14 -> W | AK33: =AK14 -> W | AL33: 2 | AM33: 5 | AN33: =AN14 -> 0 | AO33: =AO14 -> 0 | AP33: =AP14 -> 0 | AS33: 0 | AT33: 7 | AU33: 3 | AV33: -10 | AX33: =_xlfn.CONCAT(AU33+1,",",AT33+1) -> 4,8 | AZ33: 0 | BA33: 1030 | BB33: 1040 | BC33: 1045 | BD33: 1050 | BE33: 1050 | BF33: 1050 | BG33: 1050 | BH33: 1044 | BI33: 0 | BK33: 0 | BL33: 1030 | BM33: 1040 | BN33: 1045 | BO33: 1050 | BP33: 1050 | BQ33: 1050 | BR33: 1050 | BS33: 1044 | BT33: 0 | BV33: 0 | BW33: 950 | BX33: 850 | BY33: 850 | BZ33: 850 | CA33: 850 | CB33: 850 | CC33: 850 | CD33: 850 | CE33: 0 | CH33: =CI33/$CI$3 -> 5.7654847 | CI33: 1.8194486e+08 | CJ33: 1078.3435 | CK33: 1060.545 | CL33: 1025.9629 | CM33: 993.0826 | CN33: -14.357041 | CO33: 0 | CP33: -0.27545654 | CQ33: -114.93711 | CR33: =CN33-$CR$4 -> 2.0748058
A34: =A33+1 -> 29 | B34: 28 | C34: 0 | D34: 12 | E34: 7 | F34: 5500 | G34: 55 | H34: 0.00096774194 | I34: 1032.5 | J34: 3 | K34: 6e-05 | L34: 0.025 | M34: 2 | N34: 1 | O34: 0 | P34: =IF(OR(M34-M33<0,N34=0),MAX(P$5:P33)+1,0) -> 0 | Q34: =IF(P35="",Q33,IF(P34=0,Q33,P34)) -> 7 | R34: =IF(Q34=R$4,A34,$R$5) | S34: =IF($Q34=S$4,$A34,$R$5) | T34: =IF($Q34=T$4,$A34,$R$5) | U34: =IF($Q34=U$4,$A34,$R$5) | V34: =IF($Q34=V$4,$A34,$R$5) | W34: =IF($Q34=W$4,$A34,$R$5) | X34: =IF($Q34=X$4,$A34,$R$5) -> 29 | Y34: =IF($Q34=Y$4,$A34,$R$5) | Z34: 28 | AA34: 28 | AB34: 27 | AC34: -29 | AE34: =_xlfn.CONCAT(E34+1,",",D34+1) -> 8,13 | AF34: =AF33+1 -> 9 | AG34: =AG15 -> 0 | AH34: =AH15 -> 0 | AI34: =AI15 -> 0 | AJ34: =AJ15 -> W | AK34: =AK15 -> W | AL34: 6 | AM34: =AM15 -> 0 | AN34: =AN15 -> 0 | AO34: =AO15 -> 0 | AP34: =AP15 -> 0 | AS34: 0 | AT34: 7 | AU34: 4 | AV34: -10 | AX34: =_xlfn.CONCAT(AU34+1,",",AT34+1) -> 5,8 | AZ34: 0 | BA34: 0 | BB34: 1080 | BC34: 1080 | BD34: 1080 | BE34: 1080 | BF34: 0 | BG34: 0 | BH34: 0 | BI34: 0 | BK34: 0 | BL34: 0 | BM34: 1080 | BN34: 1080 | BO34: 1080 | BP34: 1080 | BQ34: 0 | BR34: 0 | BS34: 0 | BT34: 0 | BV34: 0 | BW34: 0 | BX34: 950 | BY34: 950 | BZ34: 950 | CA34: 950 | CB34: 0 | CC34: 0 | CD34: 0 | CE34: 0 | CH34: =CI34/$CI$3 -> 6.3849919 | CI34: 2.0149502e+08 | CJ34: 1078.3377 | CK34: 1060.545 | CL34: 1025.9613 | CM34: 993.07072 | CN34: -14.195294 | CO34: 0 | CP34: -0.2617414 | CQ34: -113.04882 | CR34: =CN34-$CR$4 -> 2.2365532
A35: =A34+1 -> 30 | B35: 29 | C35: 0 | D35: 12 | E35: 6 | F35: 5000 | G35: 55 | H35: 0.00096774194 | I35: 1027.419 | J35: 3 | K35: 6e-05 | L35: 0.025 | M35: 2 | N35: 1 | O35: 0 | P35: =IF(OR(M35-M34<0,N35=0),MAX(P$5:P34)+1,0) -> 0 | Q35: =IF(P36="",Q34,IF(P35=0,Q34,P35)) -> 7 | R35: =IF(Q35=R$4,A35,$R$5) | S35: =IF($Q35=S$4,$A35,$R$5) | T35: =IF($Q35=T$4,$A35,$R$5) | U35: =IF($Q35=U$4,$A35,$R$5) | V35: =IF($Q35=V$4,$A35,$R$5) | W35: =IF($Q35=W$4,$A35,$R$5) | X35: =IF($Q35=X$4,$A35,$R$5) -> 30 | Y35: =IF($Q35=Y$4,$A35,$R$5) | Z35: 29 | AA35: 29 | AB35: 28 | AC35: -30 | AE35: =_xlfn.CONCAT(E35+1,",",D35+1) -> 7,13 | AF35: =AF34+1 -> 10 | AG35: =AG16 -> 0 | AH35: =AH16 -> 0 | AI35: =AI16 -> 0 | AJ35: =AJ16 -> W | AK35: =AK16 -> W | AL35: =AL16 -> 0 | AM35: 6 | AN35: =AN16 -> 0 | AO35: =AO16 -> 0 | AP35: =AP16 -> 0 | AS35: 0 | AT35: 8 | AU35: 3 | AV35: -10 | AX35: =_xlfn.CONCAT(AU35+1,",",AT35+1) -> 4,9 | CH35: =CI35/$CI$3 -> 7.0664498 | CI35: 2.2300019e+08 | CJ35: 1078.3313 | CK35: 1060.545 | CL35: 1025.9595 | CM35: 993.05848 | CN35: -14.020808 | CO35: 0 | CP35: -0.24734689 | CQ35: -111.11624 | CR35: =CN35-$CR$4 -> 2.4110387
A36: =A35+1 -> 31 | B36: 30 | C36: 0 | D36: 12 | E36: 5 | F36: 5000 | G36: 40 | H36: 0.00125 | I36: 1021.875 | J36: 3 | K36: 6e-05 | L36: 0.025 | M36: 3 | N36: 1 | O36: 0 | P36: =IF(OR(M36-M35<0,N36=0),MAX(P$5:P35)+1,0) -> 0 | Q36: =IF(P37="",Q35,IF(P36=0,Q35,P36)) -> 7 | R36: =IF(Q36=R$4,A36,$R$5) | S36: =IF($Q36=S$4,$A36,$R$5) | T36: =IF($Q36=T$4,$A36,$R$5) | U36: =IF($Q36=U$4,$A36,$R$5) | V36: =IF($Q36=V$4,$A36,$R$5) | W36: =IF($Q36=W$4,$A36,$R$5) | X36: =IF($Q36=X$4,$A36,$R$5) -> 31 | Y36: =IF($Q36=Y$4,$A36,$R$5) | Z36: 30 | AA36: 30 | AB36: 26 | AC36: 29 | AD36: -31 | AE36: =_xlfn.CONCAT(E36+1,",",D36+1) -> 6,13 | AF36: =AF35+1 -> 11 | AG36: =AG17 -> 0 | AH36: =AH17 -> 0 | AI36: =AI17 -> 0 | AJ36: =AJ17 -> 0 | AK36: =AK17 -> 0 | AL36: =AL17 -> 0 | AM36: 6 | AN36: =AN17 -> 0 | AO36: =AO17 -> 0 | AP36: =AP17 -> 0 | AS36: 0 | AT36: 8 | AU36: 4 | AV36: -10 | AX36: =_xlfn.CONCAT(AU36+1,",",AT36+1) -> 5,9 | AZ36: =IF(AZ20=0,$AZ$19,AZ20) -> 1105 | BA36: =IF(BA20=0,$AZ$19,BA20) -> 1105 | BB36: =IF(BB20=0,$AZ$19,BB20) -> 997 | BC36: =IF(BC20=0,$AZ$19,BC20) -> 997 | BD36: =IF(BD20=0,$AZ$19,BD20) -> 997 | BE36: =IF(BE20=0,$AZ$19,BE20) -> 997 | BF36: =IF(BF20=0,$AZ$19,BF20) -> 997 | BG36: =IF(BG20=0,$AZ$19,BG20) -> 997 | ... BI36: =IF(BI20=0,$AZ$19,BI20) -> 997 | BK36: =IF(BK20=0,$BK$19,BK20) -> 1110 | BL36: =IF(BL20=0,$BK$19,BL20) -> 1110 | BM36: =IF(BM20=0,$BK$19,BM20) -> 997 | BN36: =IF(BN20=0,$BK$19,BN20) -> 997 | BO36: =IF(BO20=0,$BK$19,BO20) -> 997 | BP36: =IF(BP20=0,$BK$19,BP20) -> 997 | BQ36: =IF(BQ20=0,$BK$19,BQ20) -> 997 | BR36: =IF(BR20=0,$BK$19,BR20) -> 997 | ... BT36: =IF(BT20=0,$BK$19,BT20) -> 997 | BV36: =IF(BV20=0,$BV$19,BV20) -> 1000 | BW36: =IF(BW20=0,$BV$19,BW20) -> 1000 | BX36: =IF(BX20=0,$BV$19,BX20) -> 530 | BY36: =IF(BY20=0,$BV$19,BY20) -> 530 | BZ36: =IF(BZ20=0,$BV$19,BZ20) -> 530 | CA36: =IF(CA20=0,$BV$19,CA20) -> 530 | CB36: =IF(CB20=0,$BV$19,CB20) -> 530 | CC36: =IF(CC20=0,$BV$19,CC20) -> 530 | ... CE36: =IF(CE20=0,$BV$19,CE20) -> 530 | CH36: =CI36/$CI$3 -> 7.8160534 | CI36: 2.4665589e+08 | CJ36: 1078.3245 | CK36: 1060.545 | CL36: 1025.9577 | CM36: 993.04596 | CN36: -13.835634 | CO36: 0 | CP36: -0.23263283 | CQ36: -109.15369 | CR36: =CN36-$CR$4 -> 2.5962132
A37: =A36+1 -> 32 | B37: 31 | C37: 0 | D37: 12 | E37: 4 | F37: 5000 | G37: 40 | H37: 0.00125 | I37: 1015.625 | J37: 3 | K37: 6e-05 | L37: 0.025 | M37: 2 | N37: 1 | O37: 0 | P37: =IF(OR(M37-M36<0,N37=0),MAX(P$5:P36)+1,0) -> 8 | Q37: =IF(P38="",Q36,IF(P37=0,Q36,P37)) -> 8 | R37: =IF(Q37=R$4,A37,$R$5) | S37: =IF($Q37=S$4,$A37,$R$5) | T37: =IF($Q37=T$4,$A37,$R$5) | U37: =IF($Q37=U$4,$A37,$R$5) | V37: =IF($Q37=V$4,$A37,$R$5) | W37: =IF($Q37=W$4,$A37,$R$5) | X37: =IF($Q37=X$4,$A37,$R$5) | Y37: =IF($Q37=Y$4,$A37,$R$5) -> 32 | Z37: 31 | AA37: 31 | AB37: 30 | AC37: -32 | AE37: =_xlfn.CONCAT(E37+1,",",D37+1) -> 5,13 | AF37: =AF36+1 -> 12 | AG37: =AG18 -> 0 | AH37: =AH18 -> 0 | AI37: =AI18 -> 0 | AJ37: =AJ18 -> 0 | AK37: =AK18 -> 0 | AL37: =AL18 -> 0 | AM37: 6 | AN37: =AN18 -> 0 | AO37: =AO18 -> 0 | AP37: =AP18 -> 0 | AS37: 0 | AT37: 9 | AU37: 3 | AV37: -10 | AX37: =_xlfn.CONCAT(AU37+1,",",AT37+1) -> 4,10 | AZ37: =IF(AZ21=0,$AZ$19,AZ21) -> 1105 | BA37: =IF(BA21=0,$AZ$19,BA21) -> 1095 | BB37: =IF(BB21=0,$AZ$19,BB21) -> 1105 | BC37: =IF(BC21=0,$AZ$19,BC21) -> 997 | BD37: =IF(BD21=0,$AZ$19,BD21) -> 997 | BE37: =IF(BE21=0,$AZ$19,BE21) -> 1100 | BF37: =IF(BF21=0,$AZ$19,BF21) -> 1100 | BG37: =IF(BG21=0,$AZ$19,BG21) -> 1110 | ... BI37: =IF(BI21=0,$AZ$19,BI21) -> 997 | BK37: =IF(BK21=0,$BK$19,BK21) -> 1110 | BL37: =IF(BL21=0,$BK$19,BL21) -> 1105 | BM37: =IF(BM21=0,$BK$19,BM21) -> 1110 | BN37: =IF(BN21=0,$BK$19,BN21) -> 997 | BO37: =IF(BO21=0,$BK$19,BO21) -> 997 | BP37: =IF(BP21=0,$BK$19,BP21) -> 1100 | BQ37: =IF(BQ21=0,$BK$19,BQ21) -> 1100 | BR37: =IF(BR21=0,$BK$19,BR21) -> 1110 | ... BT37: =IF(BT21=0,$BK$19,BT21) -> 997 | BV37: =IF(BV21=0,$BV$19,BV21) -> 1000 | BW37: =IF(BW21=0,$BV$19,BW21) -> 900 | BX37: =IF(BX21=0,$BV$19,BX21) -> 900 | BY37: =IF(BY21=0,$BV$19,BY21) -> 530 | BZ37: =IF(BZ21=0,$BV$19,BZ21) -> 530 | CA37: =IF(CA21=0,$BV$19,CA21) -> 950 | CB37: =IF(CB21=0,$BV$19,CB21) -> 950 | CC37: =IF(CC21=0,$BV$19,CC21) -> 950 | ... CE37: =IF(CE21=0,$BV$19,CE21) -> 530 | CH37: =CI37/$CI$3 -> 8.6406175 | CI37: 2.7267715e+08 | CJ37: 1078.3224 | CK37: 1060.545 | CL37: 1025.9558 | CM37: 993.0332 | CN37: -13.777954 | CO37: 0 | CP37: -0.21771259 | CQ37: -107.16863 | CR37: =CN37-$CR$4 -> 2.6538934
A38: =A37+1 -> 33 | B38: 32 | C38: 0 | D38: 12 | E38: 3 | F38: 5000 | G38: 40 | H38: 0.00125 | I38: 1009.375 | J38: 3 | K38: 6e-05 | L38: 0.025 | M38: 2 | N38: 1 | O38: 0 | P38: =IF(OR(M38-M37<0,N38=0),MAX(P$5:P37)+1,0) -> 0 | Q38: =IF(P39="",Q37,IF(P38=0,Q37,P38)) -> 8 | R38: =IF(Q38=R$4,A38,$R$5) | S38: =IF($Q38=S$4,$A38,$R$5) | T38: =IF($Q38=T$4,$A38,$R$5) | U38: =IF($Q38=U$4,$A38,$R$5) | V38: =IF($Q38=V$4,$A38,$R$5) | W38: =IF($Q38=W$4,$A38,$R$5) | X38: =IF($Q38=X$4,$A38,$R$5) | Y38: =IF($Q38=Y$4,$A38,$R$5) -> 33 | Z38: 32 | AA38: 32 | AB38: 31 | AC38: -33 | AE38: =_xlfn.CONCAT(E38+1,",",D38+1) -> 4,13 | AF38: =AF37+1 -> 13 | AG38: 8 | AH38: 8 | AI38: 8 | AJ38: 8 | AK38: 8 | AL38: 8 | AM38: 7 | AN38: 7 | AO38: =AO19 -> 0 | AP38: =AP19 -> 0 | AS38: 0 | AT38: 9 | AU38: 4 | AV38: -10 | AX38: =_xlfn.CONCAT(AU38+1,",",AT38+1) -> 5,10 | AZ38: =IF(AZ22=0,$AZ$19,AZ22) -> 997 | BA38: =IF(BA22=0,$AZ$19,BA22) -> 1100 | BB38: =IF(BB22=0,$AZ$19,BB22) -> 1085 | BC38: =IF(BC22=0,$AZ$19,BC22) -> 1080 | BD38: =IF(BD22=0,$AZ$19,BD22) -> 1078 | BE38: =IF(BE22=0,$AZ$19,BE22) -> 1076 | BF38: =IF(BF22=0,$AZ$19,BF22) -> 1073 | BG38: =IF(BG22=0,$AZ$19,BG22) -> 1090 | ... BI38: =IF(BI22=0,$AZ$19,BI22) -> 997 | BK38: =IF(BK22=0,$BK$19,BK22) -> 997 | BL38: =IF(BL22=0,$BK$19,BL22) -> 1100 | BM38: =IF(BM22=0,$BK$19,BM22) -> 1095 | BN38: =IF(BN22=0,$BK$19,BN22) -> 1088 | BO38: =IF(BO22=0,$BK$19,BO22) -> 1085 | BP38: =IF(BP22=0,$BK$19,BP22) -> 1085 | BQ38: =IF(BQ22=0,$BK$19,BQ22) -> 1085 | BR38: =IF(BR22=0,$BK$19,BR22) -> 1090 | ... BT38: =IF(BT22=0,$BK$19,BT22) -> 997 | BV38: =IF(BV22=0,$BV$19,BV22) -> 530 | BW38: =IF(BW22=0,$BV$19,BW22) -> 850 | BX38: =IF(BX22=0,$BV$19,BX22) -> 670 | BY38: =IF(BY22=0,$BV$19,BY22) -> 680 | BZ38: =IF(BZ22=0,$BV$19,BZ22) -> 680 | CA38: =IF(CA22=0,$BV$19,CA22) -> 770 | CB38: =IF(CB22=0,$BV$19,CB22) -> 770 | CC38: =IF(CC22=0,$BV$19,CC22) -> 890 | ... CE38: =IF(CE22=0,$BV$19,CE22) -> 530 | CH38: =CI38/$CI$3 -> 9.5476379 | CI38: 3.0130054e+08 | CJ38: 1078.3224 | CK38: 1060.545 | CL38: 1025.9538 | CM38: 993.02025 | CN38: -13.777954 | CO38: 0 | CP38: -0.20265803 | CQ38: -105.16792 | CR38: =CN38-$CR$4 -> 2.6538934
A39: =A38+1 -> 34 | B39: 33 | C39: 0 | D39: 12 | E39: 2 | F39: 5000 | G39: 40 | H39: 0.00125 | I39: 1003.125 | J39: 3 | K39: 6e-05 | L39: 0.025 | M39: 2 | N39: 1 | O39: 0 | P39: =IF(OR(M39-M38<0,N39=0),MAX(P$5:P38)+1,0) -> 0 | Q39: =IF(P40="",Q38,IF(P39=0,Q38,P39)) -> 8 | R39: =IF(Q39=R$4,A39,$R$5) | S39: =IF($Q39=S$4,$A39,$R$5) | T39: =IF($Q39=T$4,$A39,$R$5) | U39: =IF($Q39=U$4,$A39,$R$5) | V39: =IF($Q39=V$4,$A39,$R$5) | W39: =IF($Q39=W$4,$A39,$R$5) | X39: =IF($Q39=X$4,$A39,$R$5) | Y39: =IF($Q39=Y$4,$A39,$R$5) -> 34 | Z39: 33 | AA39: 33 | AB39: 32 | AC39: -34 | AE39: =_xlfn.CONCAT(E39+1,",",D39+1) -> 3,13 | AF39: =AF38+1 -> 14 | AG39: =AG20 -> 0 | AH39: =AH20 -> 0 | AI39: =AI20 -> 0 | AJ39: =AJ20 -> 0 | AK39: =AK20 -> 0 | AL39: =AL20 -> 0 | AM39: =AM20 -> 0 | AN39: =AN20 -> 0 | AO39: 7 | AP39: =AP20 -> 0 | AS39: =AX3 -> g2_obs_list | AT39: 0 | AU39: 1 | AV39: 2 | AZ39: =IF(AZ23=0,$AZ$19,AZ23) -> 1110 | BA39: =IF(BA23=0,$AZ$19,BA23) -> 1100 | BB39: =IF(BB23=0,$AZ$19,BB23) -> 1090 | BC39: =IF(BC23=0,$AZ$19,BC23) -> 1085 | BD39: =IF(BD23=0,$AZ$19,BD23) -> 1076 | BE39: =IF(BE23=0,$AZ$19,BE23) -> 1080 | BF39: =IF(BF23=0,$AZ$19,BF23) -> 1080 | BG39: =IF(BG23=0,$AZ$19,BG23) -> 1070 | ... BI39: =IF(BI23=0,$AZ$19,BI23) -> 997 | BK39: =IF(BK23=0,$BK$19,BK23) -> 1105 | BL39: =IF(BL23=0,$BK$19,BL23) -> 1100 | BM39: =IF(BM23=0,$BK$19,BM23) -> 1090 | BN39: =IF(BN23=0,$BK$19,BN23) -> 1083 | BO39: =IF(BO23=0,$BK$19,BO23) -> 1078 | BP39: =IF(BP23=0,$BK$19,BP23) -> 1075 | BQ39: =IF(BQ23=0,$BK$19,BQ23) -> 1080 | BR39: =IF(BR23=0,$BK$19,BR23) -> 1085 | ... BT39: =IF(BT23=0,$BK$19,BT23) -> 997 | BV39: =IF(BV23=0,$BV$19,BV23) -> 925 | BW39: =IF(BW23=0,$BV$19,BW23) -> 850 | BX39: =IF(BX23=0,$BV$19,BX23) -> 650 | BY39: =IF(BY23=0,$BV$19,BY23) -> 650 | BZ39: =IF(BZ23=0,$BV$19,BZ23) -> 650 | CA39: =IF(CA23=0,$BV$19,CA23) -> 680 | CB39: =IF(CB23=0,$BV$19,CB23) -> 740 | CC39: =IF(CC23=0,$BV$19,CC23) -> 850 | ... CE39: =IF(CE23=0,$BV$19,CE23) -> 530 | CH39: =CI39/$CI$3 -> 10.54536 | CI39: 3.3278627e+08 | CJ39: 1078.3224 | CK39: 1060.545 | CL39: 1025.9518 | CM39: 993.00714 | CN39: -13.777954 | CO39: 0 | CP39: -0.18753915 | CQ39: -103.15943 | CR39: =CN39-$CR$4 -> 2.6538934
A40: =A39+1 -> 35 | B40: 34 | C40: 0 | D40: 12 | E40: 1 | F40: 5000 | G40: 40 | H40: 0.00125 | I40: 996.875 | J40: 3 | K40: 6e-05 | L40: 0.025 | M40: 2 | N40: 1 | O40: 0 | P40: =IF(OR(M40-M39<0,N40=0),MAX(P$5:P39)+1,0) -> 0 | Q40: =IF(P41="",Q39,IF(P40=0,Q39,P40)) -> 8 | R40: =IF(Q40=R$4,A40,$R$5) | S40: =IF($Q40=S$4,$A40,$R$5) | T40: =IF($Q40=T$4,$A40,$R$5) | U40: =IF($Q40=U$4,$A40,$R$5) | V40: =IF($Q40=V$4,$A40,$R$5) | W40: =IF($Q40=W$4,$A40,$R$5) | X40: =IF($Q40=X$4,$A40,$R$5) | Y40: =IF($Q40=Y$4,$A40,$R$5) -> 35 | Z40: 34 | AA40: 34 | AB40: 33 | AC40: -35 | AE40: =_xlfn.CONCAT(E40+1,",",D40+1) -> 2,13 | AF40: =AF39+1 -> 15 | AG40: =AG21 -> 0 | AH40: =AH21 -> 0 | AI40: =AI21 -> 0 | AJ40: =AJ21 -> 0 | AK40: =AK21 -> 0 | AL40: =AL21 -> 0 | AM40: =AM21 -> 0 | AN40: =AN21 -> 0 | ... AP40: =AP21 -> 0 | AS40: 0 | AT40: r01_stage | AU40: stage | AV40: 3 | AW40: =AT40 -> r01_stage | AX40: - | AZ40: =IF(AZ24=0,$AZ$19,AZ24) -> 1110 | BA40: =IF(BA24=0,$AZ$19,BA24) -> 1100 | BB40: =IF(BB24=0,$AZ$19,BB24) -> 1085 | BC40: =IF(BC24=0,$AZ$19,BC24) -> 1080 | BD40: =IF(BD24=0,$AZ$19,BD24) -> 1078 | BE40: =IF(BE24=0,$AZ$19,BE24) -> 1074 | BF40: =IF(BF24=0,$AZ$19,BF24) -> 1077 | BG40: =IF(BG24=0,$AZ$19,BG24) -> 1066 | ... BI40: =IF(BI24=0,$AZ$19,BI24) -> 1080 | BK40: =IF(BK24=0,$BK$19,BK24) -> 1105 | BL40: =IF(BL24=0,$BK$19,BL24) -> 1090 | BM40: =IF(BM24=0,$BK$19,BM24) -> 1080 | BN40: =IF(BN24=0,$BK$19,BN24) -> 1077 | BO40: =IF(BO24=0,$BK$19,BO24) -> 1074 | BP40: =IF(BP24=0,$BK$19,BP24) -> 1073 | BQ40: =IF(BQ24=0,$BK$19,BQ24) -> 1074 | BR40: =IF(BR24=0,$BK$19,BR24) -> 1078 | ... BT40: =IF(BT24=0,$BK$19,BT24) -> 1085 | BV40: =IF(BV24=0,$BV$19,BV24) -> 925 | BW40: =IF(BW24=0,$BV$19,BW24) -> 800 | BX40: =IF(BX24=0,$BV$19,BX24) -> 650 | BY40: =IF(BY24=0,$BV$19,BY24) -> 600 | BZ40: =IF(BZ24=0,$BV$19,BZ24) -> 600 | CA40: =IF(CA24=0,$BV$19,CA24) -> 600 | CB40: =IF(CB24=0,$BV$19,CB24) -> 650 | CC40: =IF(CC24=0,$BV$19,CC24) -> 720 | ... CE40: =IF(CE24=0,$BV$19,CE24) -> 950 | CH40: =CI40/$CI$3 -> 11.642855 | CI40: 3.6742057e+08 | CJ40: 1078.3224 | CK40: 1060.545 | CL40: 1025.9497 | CM40: 992.99392 | CN40: -13.777954 | CO40: 0 | CP40: -0.172422 | CQ40: -101.14859 | CR40: =CN40-$CR$4 -> 2.6538934
A41: =A40+1 -> 36 | B41: 35 | C41: 0 | D41: 12 | E41: 0 | F41: 3000 | G41: 40 | H41: 0.00125 | I41: 991.875 | J41: 3 | K41: 6e-05 | L41: 0.025 | M41: 1 | N41: 1 | O41: 0 | P41: =IF(OR(M41-M40<0,N41=0),MAX(P$5:P40)+1,0) -> 9 | Q41: =IF(P42="",Q40,IF(P41=0,Q40,P41)) -> 8 | R41: =IF(Q41=R$4,A41,$R$5) | S41: =IF($Q41=S$4,$A41,$R$5) | T41: =IF($Q41=T$4,$A41,$R$5) | U41: =IF($Q41=U$4,$A41,$R$5) | V41: =IF($Q41=V$4,$A41,$R$5) | W41: =IF($Q41=W$4,$A41,$R$5) | X41: =IF($Q41=X$4,$A41,$R$5) | Y41: =IF($Q41=Y$4,$A41,$R$5) -> 36 | Z41: 35 | AA41: 35 | AB41: 34 | AE41: =_xlfn.CONCAT(E41+1,",",D41+1) -> 1,13 | AS41: 1 | AT41: r02_stage | AU41: stage | AV41: 14 | AW41: =AT41 -> r02_stage | AX41: - | AZ41: =IF(AZ25=0,$AZ$19,AZ25) -> 1105 | BA41: =IF(BA25=0,$AZ$19,BA25) -> 1095 | BB41: =IF(BB25=0,$AZ$19,BB25) -> 1080 | BC41: =IF(BC25=0,$AZ$19,BC25) -> 1077 | BD41: =IF(BD25=0,$AZ$19,BD25) -> 1073 | BE41: =IF(BE25=0,$AZ$19,BE25) -> 1069 | BF41: =IF(BF25=0,$AZ$19,BF25) -> 1070 | BG41: =IF(BG25=0,$AZ$19,BG25) -> 1063 | ... BI41: =IF(BI25=0,$AZ$19,BI25) -> 1095 | BK41: =IF(BK25=0,$BK$19,BK25) -> 1100 | BL41: =IF(BL25=0,$BK$19,BL25) -> 1080 | BM41: =IF(BM25=0,$BK$19,BM25) -> 1075 | BN41: =IF(BN25=0,$BK$19,BN25) -> 1072 | BO41: =IF(BO25=0,$BK$19,BO25) -> 1071 | BP41: =IF(BP25=0,$BK$19,BP25) -> 1069 | BQ41: =IF(BQ25=0,$BK$19,BQ25) -> 1070 | BR41: =IF(BR25=0,$BK$19,BR25) -> 1075 | ... BT41: =IF(BT25=0,$BK$19,BT25) -> 1100 | BV41: =IF(BV25=0,$BV$19,BV25) -> 925 | BW41: =IF(BW25=0,$BV$19,BW25) -> 800 | BX41: =IF(BX25=0,$BV$19,BX25) -> 650 | BY41: =IF(BY25=0,$BV$19,BY25) -> 600 | BZ41: =IF(BZ25=0,$BV$19,BZ25) -> 550 | CA41: =IF(CA25=0,$BV$19,CA25) -> 600 | CB41: =IF(CB25=0,$BV$19,CB25) -> 650 | CC41: =IF(CC25=0,$BV$19,CC25) -> 720 | ... CE41: =IF(CE25=0,$BV$19,CE25) -> 970 | CH41: =CI41/$CI$3 -> 12.850099 | CI41: 4.055183e+08 | CJ41: 1078.3224 | CK41: 1060.545 | CL41: 1025.9475 | CM41: 992.98065 | CN41: -13.777954 | CO41: 0 | CP41: -0.15737445 | CQ41: -99.14656 | CR41: =CN41-$CR$4 -> 2.6538934
R42: =MIN(R6:R41) -> 1 | S42: =MIN(S6:S41) -> 5 | T42: =MIN(T6:T41) -> 10 | U42: =MIN(U6:U41) -> 16 | V42: =MIN(V6:V41) -> 20 | W42: =MIN(W6:W41) -> 24 | X42: =MIN(X6:X41) -> 28 | Y42: =MIN(Y6:Y41) -> 32 | AG42: =IF(ISNUMBER(R42),INDEX($I$6:$I$41,R42,1),"") -> 1093.048 | AH42: =IF(ISNUMBER(S42),INDEX($I$6:$I$41,S42,1),"") -> 1071.934 | AI42: =IF(ISNUMBER(T42),INDEX($I$6:$I$41,T42,1),"") -> 1073.636 | AJ42: =IF(ISNUMBER(U42),INDEX($I$6:$I$41,U42,1),"") -> 1077.727 | AK42: =IF(ISNUMBER(V42),INDEX($I$6:$I$41,V42,1),"") -> 1053.5 | AL42: =IF(ISNUMBER(W42),INDEX($I$6:$I$41,W42,1),"") -> 1038.182 | AM42: =IF(ISNUMBER(X42),INDEX($I$6:$I$41,X42,1),"") -> 1037.581 | AN42: =IF(ISNUMBER(Y42),INDEX($I$6:$I$41,Y42,1),"") -> 1015.625 | AS42: 2 | AT42: r03_stage | AU42: stage | AV42: 26 | AW42: =AT42 -> r03_stage | AX42: - | AZ42: =IF(AZ26=0,$AZ$19,AZ26) -> 1105 | BA42: =IF(BA26=0,$AZ$19,BA26) -> 1090 | BB42: =IF(BB26=0,$AZ$19,BB26) -> 1075 | BC42: =IF(BC26=0,$AZ$19,BC26) -> 1072 | BD42: =IF(BD26=0,$AZ$19,BD26) -> 1070 | BE42: =IF(BE26=0,$AZ$19,BE26) -> 1065 | BF42: =IF(BF26=0,$AZ$19,BF26) -> 1065 | BG42: =IF(BG26=0,$AZ$19,BG26) -> 1069 | ... BI42: =IF(BI26=0,$AZ$19,BI26) -> 997 | BK42: =IF(BK26=0,$BK$19,BK26) -> 1100 | BL42: =IF(BL26=0,$BK$19,BL26) -> 1080 | BM42: =IF(BM26=0,$BK$19,BM26) -> 1070 | BN42: =IF(BN26=0,$BK$19,BN26) -> 1065 | BO42: =IF(BO26=0,$BK$19,BO26) -> 1065 | BP42: =IF(BP26=0,$BK$19,BP26) -> 1065 | BQ42: =IF(BQ26=0,$BK$19,BQ26) -> 1065 | BR42: =IF(BR26=0,$BK$19,BR26) -> 1070 | ... BT42: =IF(BT26=0,$BK$19,BT26) -> 997 | BV42: =IF(BV26=0,$BV$19,BV26) -> 925 | BW42: =IF(BW26=0,$BV$19,BW26) -> 800 | BX42: =IF(BX26=0,$BV$19,BX26) -> 650 | BY42: =IF(BY26=0,$BV$19,BY26) -> 600 | BZ42: =IF(BZ26=0,$BV$19,BZ26) -> 550 | CA42: =IF(CA26=0,$BV$19,CA26) -> 600 | CB42: =IF(CB26=0,$BV$19,CB26) -> 650 | CC42: =IF(CC26=0,$BV$19,CC26) -> 720 | ... CE42: =IF(CE26=0,$BV$19,CE26) -> 530 | CH42: =CI42/$CI$3 -> 14.178068 | CI42: 4.474258e+08 | CJ42: 1078.3224 | CK42: 1060.545 | CL42: 1025.9453 | CM42: 992.96738 | CN42: -13.777954 | CO42: 0 | CP42: -0.1424657 | CQ42: -97.16192 | CR42: =CN42-$CR$4 -> 2.6538934
R43: =IF(R42="","",IF(R42+1<=R$3,R42+1,"")) -> 2 | S43: =IF(S42="","",IF(S42+1<=S$3,S42+1,"")) -> 6 | T43: =IF(T42="","",IF(T42+1<=T$3,T42+1,"")) -> 11 | U43: =IF(U42="","",IF(U42+1<=U$3,U42+1,"")) -> 17 | V43: =IF(V42="","",IF(V42+1<=V$3,V42+1,"")) -> 21 | W43: =IF(W42="","",IF(W42+1<=W$3,W42+1,"")) -> 25 | X43: =IF(X42="","",IF(X42+1<=X$3,X42+1,"")) -> 29 | Y43: =IF(Y42="","",IF(Y42+1<=Y$3,Y42+1,"")) -> 33 | AG43: =IF(ISNUMBER(R43),INDEX($I$6:$I$41,R43,1),"") -> 1088.059 | AH43: =IF(ISNUMBER(S43),INDEX($I$6:$I$41,S43,1),"") -> 1066.509 | AI43: =IF(ISNUMBER(T43),INDEX($I$6:$I$41,T43,1),"") -> 1070.909 | AJ43: =IF(ISNUMBER(U43),INDEX($I$6:$I$41,U43,1),"") -> 1070.909 | AK43: =IF(ISNUMBER(V43),INDEX($I$6:$I$41,V43,1),"") -> 1049.25 | AL43: =IF(ISNUMBER(W43),INDEX($I$6:$I$41,W43,1),"") -> 1033.636 | AM43: =IF(ISNUMBER(X43),INDEX($I$6:$I$41,X43,1),"") -> 1032.5 | AN43: =IF(ISNUMBER(Y43),INDEX($I$6:$I$41,Y43,1),"") -> 1009.375 | AS43: 3 | AT43: r04_stage | AU43: stage | AV43: 35 | AW43: =AT43 -> r04_stage | AX43: - | AZ43: =IF(AZ27=0,$AZ$19,AZ27) -> 997 | BA43: =IF(BA27=0,$AZ$19,BA27) -> 1080 | BB43: =IF(BB27=0,$AZ$19,BB27) -> 1070 | BC43: =IF(BC27=0,$AZ$19,BC27) -> 1068 | BD43: =IF(BD27=0,$AZ$19,BD27) -> 1063 | BE43: =IF(BE27=0,$AZ$19,BE27) -> 1060 | BF43: =IF(BF27=0,$AZ$19,BF27) -> 1063 | BG43: =IF(BG27=0,$AZ$19,BG27) -> 1067 | ... BI43: =IF(BI27=0,$AZ$19,BI27) -> 997 | BK43: =IF(BK27=0,$BK$19,BK27) -> 997 | BL43: =IF(BL27=0,$BK$19,BL27) -> 1075 | BM43: =IF(BM27=0,$BK$19,BM27) -> 1065 | BN43: =IF(BN27=0,$BK$19,BN27) -> 1059 | BO43: =IF(BO27=0,$BK$19,BO27) -> 1059 | BP43: =IF(BP27=0,$BK$19,BP27) -> 1058 | BQ43: =IF(BQ27=0,$BK$19,BQ27) -> 1063 | BR43: =IF(BR27=0,$BK$19,BR27) -> 1070 | ... BT43: =IF(BT27=0,$BK$19,BT27) -> 997 | BV43: =IF(BV27=0,$BV$19,BV27) -> 530 | BW43: =IF(BW27=0,$BV$19,BW27) -> 850 | BX43: =IF(BX27=0,$BV$19,BX27) -> 700 | BY43: =IF(BY27=0,$BV$19,BY27) -> 650 | BZ43: =IF(BZ27=0,$BV$19,BZ27) -> 570 | CA43: =IF(CA27=0,$BV$19,CA27) -> 600 | CB43: =IF(CB27=0,$BV$19,CB27) -> 700 | CC43: =IF(CC27=0,$BV$19,CC27) -> 850 | ... CE43: =IF(CE27=0,$BV$19,CE27) -> 530 | CH43: =CI43/$CI$3 -> 15.638834 | CI43: 4.9352405e+08 | CJ43: 1078.3224 | CK43: 1060.545 | CL43: 1025.943 | CM43: 992.95419 | CN43: -13.777954 | CO43: 0 | CP43: -0.12776264 | CQ43: -95.202944 | CR43: =CN43-$CR$4 -> 2.6538934
R44: =IF(R43="","",IF(R43+1<=R$3,R43+1,"")) -> 3 | S44: =IF(S43="","",IF(S43+1<=S$3,S43+1,"")) -> 7 | T44: =IF(T43="","",IF(T43+1<=T$3,T43+1,"")) -> 12 | U44: =IF(U43="","",IF(U43+1<=U$3,U43+1,"")) -> 18 | V44: =IF(V43="","",IF(V43+1<=V$3,V43+1,"")) -> 22 | W44: =IF(W43="","",IF(W43+1<=W$3,W43+1,"")) -> 26 | X44: =IF(X43="","",IF(X43+1<=X$3,X43+1,"")) -> 30 | Y44: =IF(Y43="","",IF(Y43+1<=Y$3,Y43+1,"")) -> 34 | AG44: =IF(ISNUMBER(R44),INDEX($I$6:$I$41,R44,1),"") -> 1082.419 | AH44: =IF(ISNUMBER(S44),INDEX($I$6:$I$41,S44,1),"") -> 1061.792 | AI44: =IF(ISNUMBER(T44),INDEX($I$6:$I$41,T44,1),"") -> 1068.318 | AJ44: =IF(ISNUMBER(U44),INDEX($I$6:$I$41,U44,1),"") -> 1063.182 | AK44: =IF(ISNUMBER(V44),INDEX($I$6:$I$41,V44,1),"") -> 1046.25 | AL44: =IF(ISNUMBER(W44),INDEX($I$6:$I$41,W44,1),"") -> 1029.091 | AM44: =IF(ISNUMBER(X44),INDEX($I$6:$I$41,X44,1),"") -> 1027.419 | AN44: =IF(ISNUMBER(Y44),INDEX($I$6:$I$41,Y44,1),"") -> 1003.125 | AS44: 4 | AT44: r01_flow | AU44: downstream-flow | AV44: 3 | AW44: =AT44 -> r01_flow | AX44: =AV44+1 -> 4 | AZ44: =IF(AZ28=0,$AZ$19,AZ28) -> 997 | BA44: =IF(BA28=0,$AZ$19,BA28) -> 1075 | BB44: =IF(BB28=0,$AZ$19,BB28) -> 1065 | BC44: =IF(BC28=0,$AZ$19,BC28) -> 1062 | BD44: =IF(BD28=0,$AZ$19,BD28) -> 1058 | BE44: =IF(BE28=0,$AZ$19,BE28) -> 1052 | BF44: =IF(BF28=0,$AZ$19,BF28) -> 1055 | BG44: =IF(BG28=0,$AZ$19,BG28) -> 1065 | ... BI44: =IF(BI28=0,$AZ$19,BI28) -> 997 | BK44: =IF(BK28=0,$BK$19,BK28) -> 997 | BL44: =IF(BL28=0,$BK$19,BL28) -> 1065 | BM44: =IF(BM28=0,$BK$19,BM28) -> 1055 | BN44: =IF(BN28=0,$BK$19,BN28) -> 1053 | BO44: =IF(BO28=0,$BK$19,BO28) -> 1053 | BP44: =IF(BP28=0,$BK$19,BP28) -> 1052 | BQ44: =IF(BQ28=0,$BK$19,BQ28) -> 1055 | BR44: =IF(BR28=0,$BK$19,BR28) -> 1065 | ... BT44: =IF(BT28=0,$BK$19,BT28) -> 997 | BV44: =IF(BV28=0,$BV$19,BV28) -> 530 | BW44: =IF(BW28=0,$BV$19,BW28) -> 850 | BX44: =IF(BX28=0,$BV$19,BX28) -> 700 | BY44: =IF(BY28=0,$BV$19,BY28) -> 650 | BZ44: =IF(BZ28=0,$BV$19,BZ28) -> 540 | CA44: =IF(CA28=0,$BV$19,CA28) -> 580 | CB44: =IF(CB28=0,$BV$19,CB28) -> 700 | CC44: =IF(CC28=0,$BV$19,CC28) -> 850 | ... CE44: =IF(CE28=0,$BV$19,CE28) -> 530 | CH44: =CI44/$CI$3 -> 17.245676 | CI44: 5.4423213e+08 | CJ44: 1078.3224 | CK44: 1060.545 | CL44: 1025.9406 | CM44: 992.94112 | CN44: -13.777954 | CO44: 0 | CP44: -0.11334329 | CQ44: -93.279209 | CR44: =CN44-$CR$4 -> 2.6538934
R45: =IF(R44="","",IF(R44+1<=R$3,R44+1,"")) -> 4 | S45: =IF(S44="","",IF(S44+1<=S$3,S44+1,"")) -> 8 | T45: =IF(T44="","",IF(T44+1<=T$3,T44+1,"")) -> 13 | U45: =IF(U44="","",IF(U44+1<=U$3,U44+1,"")) -> 19 | V45: =IF(V44="","",IF(V44+1<=V$3,V44+1,"")) -> 23 | W45: =IF(W44="","",IF(W44+1<=W$3,W44+1,"")) -> 27 | X45: =IF(X44="","",IF(X44+1<=X$3,X44+1,"")) -> 31 | Y45: =IF(Y44="","",IF(Y44+1<=Y$3,Y44+1,"")) -> 35 | AG45: =IF(ISNUMBER(R45),INDEX($I$6:$I$41,R45,1),"") -> 1077.408 | AH45: =IF(ISNUMBER(S45),INDEX($I$6:$I$41,S45,1),"") -> 1057.075 | AI45: =IF(ISNUMBER(T45),INDEX($I$6:$I$41,T45,1),"") -> 1065.455 | AJ45: =IF(ISNUMBER(U45),INDEX($I$6:$I$41,U45,1),"") -> 1058 | AK45: =IF(ISNUMBER(V45),INDEX($I$6:$I$41,V45,1),"") -> 1042.727 | AL45: =IF(ISNUMBER(W45),INDEX($I$6:$I$41,W45,1),"") -> 1025.909 | AM45: =IF(ISNUMBER(X45),INDEX($I$6:$I$41,X45,1),"") -> 1021.875 | AN45: =IF(ISNUMBER(Y45),INDEX($I$6:$I$41,Y45,1),"") -> 996.875 | AS45: 5 | AT45: r02_flow | AU45: downstream-flow | AV45: 14 | AW45: =AT45 -> r02_flow | AX45: =AV45+1 -> 15 | AZ45: =IF(AZ29=0,$AZ$19,AZ29) -> 997 | BA45: =IF(BA29=0,$AZ$19,BA29) -> 1070 | BB45: =IF(BB29=0,$AZ$19,BB29) -> 1060 | BC45: =IF(BC29=0,$AZ$19,BC29) -> 1055 | BD45: =IF(BD29=0,$AZ$19,BD29) -> 1046 | BE45: =IF(BE29=0,$AZ$19,BE29) -> 1046 | BF45: =IF(BF29=0,$AZ$19,BF29) -> 1044 | BG45: =IF(BG29=0,$AZ$19,BG29) -> 1060 | ... BI45: =IF(BI29=0,$AZ$19,BI29) -> 1100 | BK45: =IF(BK29=0,$BK$19,BK29) -> 997 | BL45: =IF(BL29=0,$BK$19,BL29) -> 1060 | BM45: =IF(BM29=0,$BK$19,BM29) -> 1046 | BN45: =IF(BN29=0,$BK$19,BN29) -> 1046 | BO45: =IF(BO29=0,$BK$19,BO29) -> 1046 | BP45: =IF(BP29=0,$BK$19,BP29) -> 1046 | BQ45: =IF(BQ29=0,$BK$19,BQ29) -> 1044 | BR45: =IF(BR29=0,$BK$19,BR29) -> 1060 | ... BT45: =IF(BT29=0,$BK$19,BT29) -> 1100 | BV45: =IF(BV29=0,$BV$19,BV29) -> 530 | BW45: =IF(BW29=0,$BV$19,BW29) -> 850 | BX45: =IF(BX29=0,$BV$19,BX29) -> 700 | BY45: =IF(BY29=0,$BV$19,BY29) -> 630 | BZ45: =IF(BZ29=0,$BV$19,BZ29) -> 530 | CA45: =IF(CA29=0,$BV$19,CA29) -> 580 | CB45: =IF(CB29=0,$BV$19,CB29) -> 650 | CC45: =IF(CC29=0,$BV$19,CC29) -> 800 | ... CE45: =IF(CE29=0,$BV$19,CE29) -> 950 | CH45: =CI45/$CI$3 -> 19.013202 | CI45: 6.0001102e+08 | CJ45: 1078.3224 | CK45: 1060.545 | CL45: 1025.9382 | CM45: 992.92826 | CN45: -13.777954 | CO45: 0 | CP45: -0.099291431 | CQ45: -91.401238 | CR45: =CN45-$CR$4 -> 2.6538934
R46: =IF(R45="","",IF(R45+1<=R$3,R45+1,"")) | S46: =IF(S45="","",IF(S45+1<=S$3,S45+1,"")) -> 9 | T46: =IF(T45="","",IF(T45+1<=T$3,T45+1,"")) -> 14 | U46: =IF(U45="","",IF(U45+1<=U$3,U45+1,"")) | V46: =IF(V45="","",IF(V45+1<=V$3,V45+1,"")) | W46: =IF(W45="","",IF(W45+1<=W$3,W45+1,"")) | X46: =IF(X45="","",IF(X45+1<=X$3,X45+1,"")) | Y46: =IF(Y45="","",IF(Y45+1<=Y$3,Y45+1,"")) -> 36 | AG46: =IF(ISNUMBER(R46),INDEX($I$6:$I$41,R46,1),"") | AH46: =IF(ISNUMBER(S46),INDEX($I$6:$I$41,S46,1),"") -> 1052.359 | AI46: =IF(ISNUMBER(T46),INDEX($I$6:$I$41,T46,1),"") -> 1062.455 | AJ46: =IF(ISNUMBER(U46),INDEX($I$6:$I$41,U46,1),"") | AK46: =IF(ISNUMBER(V46),INDEX($I$6:$I$41,V46,1),"") | AL46: =IF(ISNUMBER(W46),INDEX($I$6:$I$41,W46,1),"") | AM46: =IF(ISNUMBER(X46),INDEX($I$6:$I$41,X46,1),"") | AN46: =IF(ISNUMBER(Y46),INDEX($I$6:$I$41,Y46,1),"") -> 991.875 | AS46: 6 | AT46: r03_flow | AU46: downstream-flow | AV46: 26 | AW46: =AT46 -> r03_flow | AX46: =AV46+1 -> 27 | AZ46: =IF(AZ30=0,$AZ$19,AZ30) -> 997 | BA46: =IF(BA30=0,$AZ$19,BA30) -> 1055 | BB46: =IF(BB30=0,$AZ$19,BB30) -> 1050 | BC46: =IF(BC30=0,$AZ$19,BC30) -> 1045 | BD46: =IF(BD30=0,$AZ$19,BD30) -> 1041 | BE46: =IF(BE30=0,$AZ$19,BE30) -> 1042 | BF46: =IF(BF30=0,$AZ$19,BF30) -> 1040 | BG46: =IF(BG30=0,$AZ$19,BG30) -> 1050 | ... BI46: =IF(BI30=0,$AZ$19,BI30) -> 997 | BK46: =IF(BK30=0,$BK$19,BK30) -> 997 | BL46: =IF(BL30=0,$BK$19,BL30) -> 1045 | BM46: =IF(BM30=0,$BK$19,BM30) -> 1039 | BN46: =IF(BN30=0,$BK$19,BN30) -> 1040 | BO46: =IF(BO30=0,$BK$19,BO30) -> 1041 | BP46: =IF(BP30=0,$BK$19,BP30) -> 1042 | BQ46: =IF(BQ30=0,$BK$19,BQ30) -> 1040 | BR46: =IF(BR30=0,$BK$19,BR30) -> 1050 | ... BT46: =IF(BT30=0,$BK$19,BT30) -> 997 | BV46: =IF(BV30=0,$BV$19,BV30) -> 530 | BW46: =IF(BW30=0,$BV$19,BW30) -> 850 | BX46: =IF(BX30=0,$BV$19,BX30) -> 700 | BY46: =IF(BY30=0,$BV$19,BY30) -> 620 | BZ46: =IF(BZ30=0,$BV$19,BZ30) -> 580 | CA46: =IF(CA30=0,$BV$19,CA30) -> 620 | CB46: =IF(CB30=0,$BV$19,CB30) -> 700 | CC46: =IF(CC30=0,$BV$19,CC30) -> 800 | ... CE46: =IF(CE30=0,$BV$19,CE30) -> 530 | CH46: =CI46/$CI$3 -> 20.957481 | CI46: 6.6136779e+08 | CJ46: 1078.3224 | CK46: 1060.545 | CL46: 1025.9357 | CM46: 992.91569 | CN46: -13.777954 | CO46: 0 | CP46: -0.085695113 | CQ46: -89.580254 | CR46: =CN46-$CR$4 -> 2.6538934
R47: =IF(R46="","",IF(R46+1<=R$3,R46+1,"")) | S47: =IF(S46="","",IF(S46+1<=S$3,S46+1,"")) | T47: =IF(T46="","",IF(T46+1<=T$3,T46+1,"")) -> 15 | U47: =IF(U46="","",IF(U46+1<=U$3,U46+1,"")) | V47: =IF(V46="","",IF(V46+1<=V$3,V46+1,"")) | W47: =IF(W46="","",IF(W46+1<=W$3,W46+1,"")) | X47: =IF(X46="","",IF(X46+1<=X$3,X46+1,"")) | Y47: =IF(Y46="","",IF(Y46+1<=Y$3,Y46+1,"")) | AG47: =IF(ISNUMBER(R47),INDEX($I$6:$I$41,R47,1),"") | AH47: =IF(ISNUMBER(S47),INDEX($I$6:$I$41,S47,1),"") | AI47: =IF(ISNUMBER(T47),INDEX($I$6:$I$41,T47,1),"") -> 1060.545 | AJ47: =IF(ISNUMBER(U47),INDEX($I$6:$I$41,U47,1),"") | AK47: =IF(ISNUMBER(V47),INDEX($I$6:$I$41,V47,1),"") | AL47: =IF(ISNUMBER(W47),INDEX($I$6:$I$41,W47,1),"") | AM47: =IF(ISNUMBER(X47),INDEX($I$6:$I$41,X47,1),"") | AN47: =IF(ISNUMBER(Y47),INDEX($I$6:$I$41,Y47,1),"") | AS47: 7 | AT47: r04_flow | AU47: downstream-flow | AV47: 35 | AW47: =AT47 -> r04_flow | AX47: =AV47+1 -> 36 | AZ47: =IF(AZ31=0,$AZ$19,AZ31) -> 1027 | BA47: =IF(BA31=0,$AZ$19,BA31) -> 1028 | BB47: =IF(BB31=0,$AZ$19,BB31) -> 1028 | BC47: =IF(BC31=0,$AZ$19,BC31) -> 1032 | BD47: =IF(BD31=0,$AZ$19,BD31) -> 1032 | BE47: =IF(BE31=0,$AZ$19,BE31) -> 1033 | BF47: =IF(BF31=0,$AZ$19,BF31) -> 1032 | BG47: =IF(BG31=0,$AZ$19,BG31) -> 1040 | ... BI47: =IF(BI31=0,$AZ$19,BI31) -> 997 | BK47: =IF(BK31=0,$BK$19,BK31) -> 1027 | BL47: =IF(BL31=0,$BK$19,BL31) -> 1028 | BM47: =IF(BM31=0,$BK$19,BM31) -> 1028 | BN47: =IF(BN31=0,$BK$19,BN31) -> 1032 | BO47: =IF(BO31=0,$BK$19,BO31) -> 1032 | BP47: =IF(BP31=0,$BK$19,BP31) -> 1033 | BQ47: =IF(BQ31=0,$BK$19,BQ31) -> 1032 | BR47: =IF(BR31=0,$BK$19,BR31) -> 1040 | ... BT47: =IF(BT31=0,$BK$19,BT31) -> 997 | BV47: =IF(BV31=0,$BV$19,BV31) -> 900 | BW47: =IF(BW31=0,$BV$19,BW31) -> 830 | BX47: =IF(BX31=0,$BV$19,BX31) -> 710 | BY47: =IF(BY31=0,$BV$19,BY31) -> 640 | BZ47: =IF(BZ31=0,$BV$19,BZ31) -> 600 | CA47: =IF(CA31=0,$BV$19,CA31) -> 650 | CB47: =IF(CB31=0,$BV$19,CB31) -> 700 | CC47: =IF(CC31=0,$BV$19,CC31) -> 800 | ... CE47: =IF(CE31=0,$BV$19,CE31) -> 530 | CH47: =CI47/$CI$3 -> 23.096188 | CI47: 7.2886025e+08 | CJ47: 1078.3224 | CK47: 1060.545 | CL47: 1025.9332 | CM47: 992.90349 | CN47: -13.777954 | CO47: 0 | CP47: -0.072645549 | CQ47: -87.827954 | CR47: =CN47-$CR$4 -> 2.6538934
R48: =R4 -> 1 | S48: =S4 -> 2 | T48: =T4 -> 3 | U48: =U4 -> 4 | V48: =V4 -> 5 | W48: =W4 -> 6 | X48: =X4 -> 7 | Y48: =Y4 -> 8 | AG48: 1 | AH48: 2 | AI48: 3 | AJ48: 4 | AK48: 5 | AL48: 6 | AM48: 7 | AN48: 8 | AZ48: =IF(AZ32=0,$AZ$19,AZ32) -> 997 | BA48: =IF(BA32=0,$AZ$19,BA32) -> 1004 | BB48: =IF(BB32=0,$AZ$19,BB32) -> 1008 | BC48: =IF(BC32=0,$AZ$19,BC32) -> 1014 | BD48: =IF(BD32=0,$AZ$19,BD32) -> 1020 | BE48: =IF(BE32=0,$AZ$19,BE32) -> 1027 | BF48: =IF(BF32=0,$AZ$19,BF32) -> 1032 | BG48: =IF(BG32=0,$AZ$19,BG32) -> 1038 | ... BI48: =IF(BI32=0,$AZ$19,BI32) -> 997 | BK48: =IF(BK32=0,$BK$19,BK32) -> 997 | BL48: =IF(BL32=0,$BK$19,BL32) -> 1004 | BM48: =IF(BM32=0,$BK$19,BM32) -> 1008 | BN48: =IF(BN32=0,$BK$19,BN32) -> 1014 | BO48: =IF(BO32=0,$BK$19,BO32) -> 1020 | BP48: =IF(BP32=0,$BK$19,BP32) -> 1027 | BQ48: =IF(BQ32=0,$BK$19,BQ32) -> 1032 | BR48: =IF(BR32=0,$BK$19,BR32) -> 1038 | ... BT48: =IF(BT32=0,$BK$19,BT32) -> 997 | BV48: =IF(BV32=0,$BV$19,BV32) -> 900 | BW48: =IF(BW32=0,$BV$19,BW32) -> 810 | BX48: =IF(BX32=0,$BV$19,BX32) -> 750 | BY48: =IF(BY32=0,$BV$19,BY32) -> 700 | BZ48: =IF(BZ32=0,$BV$19,BZ32) -> 650 | CA48: =IF(CA32=0,$BV$19,CA32) -> 700 | CB48: =IF(CB32=0,$BV$19,CB32) -> 750 | CC48: =IF(CC32=0,$BV$19,CC32) -> 800 | ... CE48: =IF(CE32=0,$BV$19,CE32) -> 530 | CH48: =CI48/$CI$3 -> 25.448765 | CI48: 8.0310195e+08 | CJ48: 1078.3224 | CK48: 1060.545 | CL48: 1025.9306 | CM48: 992.89177 | CN48: -13.777954 | CO48: 0 | CP48: -0.06023495 | CQ48: -86.156187 | CR48: =CN48-$CR$4 -> 2.6538934
AZ49: =IF(AZ33=0,$AZ$19,AZ33) -> 997 | BA49: =IF(BA33=0,$AZ$19,BA33) -> 1030 | BB49: =IF(BB33=0,$AZ$19,BB33) -> 1040 | BC49: =IF(BC33=0,$AZ$19,BC33) -> 1045 | BD49: =IF(BD33=0,$AZ$19,BD33) -> 1050 | BE49: =IF(BE33=0,$AZ$19,BE33) -> 1050 | BF49: =IF(BF33=0,$AZ$19,BF33) -> 1050 | BG49: =IF(BG33=0,$AZ$19,BG33) -> 1050 | ... BI49: =IF(BI33=0,$AZ$19,BI33) -> 997 | BK49: =IF(BK33=0,$BK$19,BK33) -> 997 | BL49: =IF(BL33=0,$BK$19,BL33) -> 1030 | BM49: =IF(BM33=0,$BK$19,BM33) -> 1040 | BN49: =IF(BN33=0,$BK$19,BN33) -> 1045 | BO49: =IF(BO33=0,$BK$19,BO33) -> 1050 | BP49: =IF(BP33=0,$BK$19,BP33) -> 1050 | BQ49: =IF(BQ33=0,$BK$19,BQ33) -> 1050 | BR49: =IF(BR33=0,$BK$19,BR33) -> 1050 | ... BT49: =IF(BT33=0,$BK$19,BT33) -> 997 | BV49: =IF(BV33=0,$BV$19,BV33) -> 530 | BW49: =IF(BW33=0,$BV$19,BW33) -> 950 | BX49: =IF(BX33=0,$BV$19,BX33) -> 850 | BY49: =IF(BY33=0,$BV$19,BY33) -> 850 | BZ49: =IF(BZ33=0,$BV$19,BZ33) -> 850 | CA49: =IF(CA33=0,$BV$19,CA33) -> 850 | CB49: =IF(CB33=0,$BV$19,CB33) -> 850 | CC49: =IF(CC33=0,$BV$19,CC33) -> 850 | ... CE49: =IF(CE33=0,$BV$19,CE33) -> 530 | CH49: =CI49/$CI$3 -> 28.0366 | CI49: 8.8476781e+08 | CJ49: 1078.3224 | CK49: 1060.545 | CL49: 1025.928 | CM49: 992.88061 | CN49: -13.777954 | CO49: 0 | CP49: -0.048554311 | CQ49: -84.576586 | CR49: =CN49-$CR$4 -> 2.6538934
AZ50: =IF(AZ34=0,$AZ$19,AZ34) -> 997 | BA50: =IF(BA34=0,$AZ$19,BA34) -> 997 | BB50: =IF(BB34=0,$AZ$19,BB34) -> 1080 | BC50: =IF(BC34=0,$AZ$19,BC34) -> 1080 | BD50: =IF(BD34=0,$AZ$19,BD34) -> 1080 | BE50: =IF(BE34=0,$AZ$19,BE34) -> 1080 | BF50: =IF(BF34=0,$AZ$19,BF34) -> 997 | BG50: =IF(BG34=0,$AZ$19,BG34) -> 997 | ... BI50: =IF(BI34=0,$AZ$19,BI34) -> 997 | BK50: =IF(BK34=0,$BK$19,BK34) -> 997 | BL50: =IF(BL34=0,$BK$19,BL34) -> 997 | BM50: =IF(BM34=0,$BK$19,BM34) -> 1080 | BN50: =IF(BN34=0,$BK$19,BN34) -> 1080 | BO50: =IF(BO34=0,$BK$19,BO34) -> 1080 | BP50: =IF(BP34=0,$BK$19,BP34) -> 1080 | BQ50: =IF(BQ34=0,$BK$19,BQ34) -> 997 | BR50: =IF(BR34=0,$BK$19,BR34) -> 997 | ... BT50: =IF(BT34=0,$BK$19,BT34) -> 997 | BV50: =IF(BV34=0,$BV$19,BV34) -> 530 | BW50: =IF(BW34=0,$BV$19,BW34) -> 530 | BX50: =IF(BX34=0,$BV$19,BX34) -> 950 | BY50: =IF(BY34=0,$BV$19,BY34) -> 950 | BZ50: =IF(BZ34=0,$BV$19,BZ34) -> 950 | CA50: =IF(CA34=0,$BV$19,CA34) -> 950 | CB50: =IF(CB34=0,$BV$19,CB34) -> 530 | CC50: =IF(CC34=0,$BV$19,CC34) -> 530 | ... CE50: =IF(CE34=0,$BV$19,CE34) -> 530 | CH50: =CI50/$CI$3 -> 30.883219 | CI50: 9.7460027e+08 | CJ50: 1078.3224 | CK50: 1060.545 | CL50: 1025.9253 | CM50: 992.8701 | CN50: -13.777954 | CO50: 0 | CP50: -0.037690643 | CQ50: -83.100121 | CR50: =CN50-$CR$4 -> 2.6538934
CH51: =CI51/$CI$3 -> 34.014499 | CI51: 1.073416e+09 | CJ51: 1078.3224 | CK51: 1060.545 | CL51: 1025.9226 | CM51: 992.86032 | CN51: -13.777954 | CO51: 0 | CP51: -0.027719454 | CQ51: -81.736144 | CR51: =CN51-$CR$4 -> 2.6538934
CH52: =CI52/$CI$3 -> 37.458908 | CI52: 1.1821132e+09 | CJ52: 1078.3224 | CK52: 1060.545 | CL52: 1025.9197 | CM52: 992.85135 | CN52: -13.777954 | CO52: 0 | CP52: -0.018709296 | CQ52: -80.492475 | CR52: =CN52-$CR$4 -> 2.6538934
CH53: =CI53/$CI$3 -> 41.247758 | CI53: 1.3016802e+09 | CJ53: 1078.3224 | CK53: 1060.545 | CL53: 1025.9167 | CM53: 992.84325 | CN53: -13.777954 | CO53: 0 | CP53: -0.010727122 | CQ53: -79.375094 | CR53: =CN53-$CR$4 -> 2.6538934
CH54: =CI54/$CI$3 -> 45.415492 | CI54: 1.4332039e+09 | CJ54: 1078.3224 | CK54: 1060.545 | CL54: 1025.9132 | CM54: 992.83604 | CN54: -13.777954 | CO54: 0 | CP54: -0.0038625035 | CQ54: -78.387206 | CR54: =CN54-$CR$4 -> 2.6538934
CH55: =CI55/$CI$3 -> 50 | CI55: 1577880000 | CJ55: 1078.3224 | CK55: 1060.545 | CL55: 1025.909 | CM55: 992.82975 | CN55: -13.777954 | CO55: 0 | CP55: 0 | CQ55: -77.528588 | CR55: =CN55-$CR$4 -> 2.6538934
AF56: =COUNT(AG6:AP6) -> 10 | AG56: 1 | AH56: =IF(ISNUMBER(AH57),AG56+1,"") -> 2 | AI56: =IF(ISNUMBER(AI57),AH56+1,"") -> 3 | AJ56: =IF(ISNUMBER(AJ57),AI56+1,"") -> 4 | AK56: =IF(ISNUMBER(AK57),AJ56+1,"") -> 5 | AL56: =IF(ISNUMBER(AL57),AK56+1,"") -> 6 | AM56: =IF(ISNUMBER(AM57),AL56+1,"") -> 7 | AN56: =IF(ISNUMBER(AN57),AM56+1,"") -> 8 | AO56: =IF(ISNUMBER(AO57),AN56+1,"") -> 9 | AP56: =IF(ISNUMBER(AP57),AO56+1,"") -> 10 | AQ56: =COUNT(AG56:AP56) -> 10 | CH56: =CI56/$CI$3 -> 50.042959 | CI56: 1.5792357e+09 | CJ56: 1078.3224 | CK56: 1060.545 | CL56: 1025.909 | CM56: 992.82993 | CN56: -13.777954 | CO56: 0 | CP56: 0 | CQ56: -77.552393 | CR56: =CN56-$CR$4 -> 2.6538934
AF57: =COUNT(AF7:AF21) -> 15 | AG57: =ROW() -> 57 | AH57: =ROW() -> 57 | AI57: =ROW() -> 57 | AJ57: =ROW() -> 57 | AK57: =ROW() -> 57 | AL57: =ROW() -> 57 | AM57: =ROW() -> 57 | AN57: =ROW() -> 57 | ... AP57: =ROW() -> 57 | AQ57: =COUNT(AF58:AF72) -> 15 | CH57: =CI57/$CI$3 -> 50.090213 | CI57: 1.5807269e+09 | CJ57: 1078.3224 | CK57: 1060.545 | CL57: 1025.909 | CM57: 992.83064 | CN57: -13.777954 | CO57: 0 | CP57: 0 | CQ57: -77.64814 | CR57: =CN57-$CR$4 -> 2.6538934
AF58: =COLUMN() -> 32 | AG58: =_xlfn.CONCAT(COLUMN()-$AF58,",",ROW()-AG$57) -> 1,1 | AH58: =_xlfn.CONCAT(COLUMN()-$AF58,",",ROW()-AH$57) -> 2,1 | AI58: =_xlfn.CONCAT(COLUMN()-$AF58,",",ROW()-AI$57) -> 3,1 | AJ58: =_xlfn.CONCAT(COLUMN()-$AF58,",",ROW()-AJ$57) -> 4,1 | AK58: =_xlfn.CONCAT(COLUMN()-$AF58,",",ROW()-AK$57) -> 5,1 | AL58: =_xlfn.CONCAT(COLUMN()-$AF58,",",ROW()-AL$57) -> 6,1 | AM58: =_xlfn.CONCAT(COLUMN()-$AF58,",",ROW()-AM$57) -> 7,1 | AN58: =_xlfn.CONCAT(COLUMN()-$AF58,",",ROW()-AN$57) -> 8,1 | ... AP58: =_xlfn.CONCAT(COLUMN()-$AF58,",",ROW()-AP$57) -> 10,1 | AQ58: 10 | CH58: =CI58/$CI$3 -> 50.142193 | CI58: 1.5823673e+09 | CJ58: 1078.3224 | CK58: 1060.545 | CL58: 1025.909 | CM58: 992.83215 | CN58: -13.777954 | CO58: 0 | CP58: 0 | CQ58: -77.852873 | CR58: =CN58-$CR$4 -> 2.6538934
AF59: =COLUMN() -> 32 | AG59: =_xlfn.CONCAT(COLUMN()-$AF59,",",ROW()-AG$57) -> 1,2 | AH59: =_xlfn.CONCAT(COLUMN()-$AF59,",",ROW()-AH$57) -> 2,2 | AI59: =_xlfn.CONCAT(COLUMN()-$AF59,",",ROW()-AI$57) -> 3,2 | AJ59: =_xlfn.CONCAT(COLUMN()-$AF59,",",ROW()-AJ$57) -> 4,2 | AK59: =_xlfn.CONCAT(COLUMN()-$AF59,",",ROW()-AK$57) -> 5,2 | AL59: =_xlfn.CONCAT(COLUMN()-$AF59,",",ROW()-AL$57) -> 6,2 | AM59: =_xlfn.CONCAT(COLUMN()-$AF59,",",ROW()-AM$57) -> 7,2 | AN59: =_xlfn.CONCAT(COLUMN()-$AF59,",",ROW()-AN$57) -> 8,2 | ... AP59: =_xlfn.CONCAT(COLUMN()-$AF59,",",ROW()-AP$57) -> 10,2 | AQ59: 15 | CH59: =CI59/$CI$3 -> 50.199371 | CI59: 1.5841717e+09 | CJ59: 1078.3224 | CK59: 1060.545 | CL59: 1025.909 | CM59: 992.83466 | CN59: -13.777954 | CO59: 0 | CP59: 0 | CQ59: -78.194133 | CR59: =CN59-$CR$4 -> 2.6538934
AF60: =COLUMN() -> 32 | AG60: =_xlfn.CONCAT(COLUMN()-$AF60,",",ROW()-AG$57) -> 1,3 | AH60: =_xlfn.CONCAT(COLUMN()-$AF60,",",ROW()-AH$57) -> 2,3 | AI60: =_xlfn.CONCAT(COLUMN()-$AF60,",",ROW()-AI$57) -> 3,3 | AJ60: =_xlfn.CONCAT(COLUMN()-$AF60,",",ROW()-AJ$57) -> 4,3 | AK60: =_xlfn.CONCAT(COLUMN()-$AF60,",",ROW()-AK$57) -> 5,3 | AL60: =_xlfn.CONCAT(COLUMN()-$AF60,",",ROW()-AL$57) -> 6,3 | AM60: =_xlfn.CONCAT(COLUMN()-$AF60,",",ROW()-AM$57) -> 7,3 | AN60: =_xlfn.CONCAT(COLUMN()-$AF60,",",ROW()-AN$57) -> 8,3 | ... AP60: =_xlfn.CONCAT(COLUMN()-$AF60,",",ROW()-AP$57) -> 10,3 | AQ60: 1 | CH60: =CI60/$CI$3 -> 50.262267 | CI60: 1.5861565e+09 | CJ60: 1078.3224 | CK60: 1060.545 | CL60: 1025.9112 | CM60: 992.8383 | CN60: -13.777954 | CO60: 0 | CP60: -0.0013440109 | CQ60: -78.689262 | CR60: =CN60-$CR$4 -> 2.6538934
AF61: =COLUMN() -> 32 | AG61: =_xlfn.CONCAT(COLUMN()-$AF61,",",ROW()-AG$57) -> 1,4 | AH61: =_xlfn.CONCAT(COLUMN()-$AF61,",",ROW()-AH$57) -> 2,4 | AI61: =_xlfn.CONCAT(COLUMN()-$AF61,",",ROW()-AI$57) -> 3,4 | AJ61: =_xlfn.CONCAT(COLUMN()-$AF61,",",ROW()-AJ$57) -> 4,4 | AK61: =_xlfn.CONCAT(COLUMN()-$AF61,",",ROW()-AK$57) -> 5,4 | AL61: =_xlfn.CONCAT(COLUMN()-$AF61,",",ROW()-AL$57) -> 6,4 | AM61: =_xlfn.CONCAT(COLUMN()-$AF61,",",ROW()-AM$57) -> 7,4 | AN61: =_xlfn.CONCAT(COLUMN()-$AF61,",",ROW()-AN$57) -> 8,4 | ... AP61: =_xlfn.CONCAT(COLUMN()-$AF61,",",ROW()-AP$57) -> 10,4 | CH61: =CI61/$CI$3 -> 50.331453 | CI61: 1.5883398e+09 | CJ61: 1078.3224 | CK61: 1060.545 | CL61: 1025.9132 | CM61: 992.8431 | CN61: -13.777954 | CO61: 0 | CP61: -0.0038481051 | CQ61: -79.345434 | CR61: =CN61-$CR$4 -> 2.6538934
AF62: =COLUMN() -> 32 | AG62: =_xlfn.CONCAT(COLUMN()-$AF62,",",ROW()-AG$57) -> 1,5 | AH62: =_xlfn.CONCAT(COLUMN()-$AF62,",",ROW()-AH$57) -> 2,5 | AI62: =_xlfn.CONCAT(COLUMN()-$AF62,",",ROW()-AI$57) -> 3,5 | AJ62: =_xlfn.CONCAT(COLUMN()-$AF62,",",ROW()-AJ$57) -> 4,5 | AK62: =_xlfn.CONCAT(COLUMN()-$AF62,",",ROW()-AK$57) -> 5,5 | AL62: =_xlfn.CONCAT(COLUMN()-$AF62,",",ROW()-AL$57) -> 6,5 | AM62: =_xlfn.CONCAT(COLUMN()-$AF62,",",ROW()-AM$57) -> 7,5 | AN62: =_xlfn.CONCAT(COLUMN()-$AF62,",",ROW()-AN$57) -> 8,5 | ... AP62: =_xlfn.CONCAT(COLUMN()-$AF62,",",ROW()-AP$57) -> 10,5 | CH62: =CI62/$CI$3 -> 50.407557 | CI62: 1.5907415e+09 | CJ62: 1078.3224 | CK62: 1060.545 | CL62: 1025.9152 | CM62: 992.84906 | CN62: -13.777954 | CO62: 0 | CP62: -0.0074937307 | CQ62: -80.162934 | CR62: =CN62-$CR$4 -> 2.6538934
AF63: =COLUMN() -> 32 | AG63: =_xlfn.CONCAT(COLUMN()-$AF63,",",ROW()-AG$57) -> 1,6 | AH63: =_xlfn.CONCAT(COLUMN()-$AF63,",",ROW()-AH$57) -> 2,6 | AI63: =_xlfn.CONCAT(COLUMN()-$AF63,",",ROW()-AI$57) -> 3,6 | AJ63: =_xlfn.CONCAT(COLUMN()-$AF63,",",ROW()-AJ$57) -> 4,6 | AK63: =_xlfn.CONCAT(COLUMN()-$AF63,",",ROW()-AK$57) -> 5,6 | AL63: =_xlfn.CONCAT(COLUMN()-$AF63,",",ROW()-AL$57) -> 6,6 | AM63: =_xlfn.CONCAT(COLUMN()-$AF63,",",ROW()-AM$57) -> 7,6 | AN63: =_xlfn.CONCAT(COLUMN()-$AF63,",",ROW()-AN$57) -> 8,6 | ... AP63: =_xlfn.CONCAT(COLUMN()-$AF63,",",ROW()-AP$57) -> 10,6 | CH63: =CI63/$CI$3 -> 50.491271 | CI63: 1.5933833e+09 | CJ63: 1078.3224 | CK63: 1060.545 | CL63: 1025.9174 | CM63: 992.85613 | CN63: -13.777954 | CO63: 0 | CP63: -0.012366685 | CQ63: -81.13717 | CR63: =CN63-$CR$4 -> 2.6538934
AF64: =COLUMN() -> 32 | AG64: =_xlfn.CONCAT(COLUMN()-$AF64,",",ROW()-AG$57) -> 1,7 | AH64: =_xlfn.CONCAT(COLUMN()-$AF64,",",ROW()-AH$57) -> 2,7 | AI64: =_xlfn.CONCAT(COLUMN()-$AF64,",",ROW()-AI$57) -> 3,7 | AJ64: =_xlfn.CONCAT(COLUMN()-$AF64,",",ROW()-AJ$57) -> 4,7 | AK64: =_xlfn.CONCAT(COLUMN()-$AF64,",",ROW()-AK$57) -> 5,7 | AL64: =_xlfn.CONCAT(COLUMN()-$AF64,",",ROW()-AL$57) -> 6,7 | AM64: =_xlfn.CONCAT(COLUMN()-$AF64,",",ROW()-AM$57) -> 7,7 | AN64: =_xlfn.CONCAT(COLUMN()-$AF64,",",ROW()-AN$57) -> 8,7 | ... AP64: =_xlfn.CONCAT(COLUMN()-$AF64,",",ROW()-AP$57) -> 10,7 | CH64: =CI64/$CI$3 -> 50.583357 | CI64: 1.5962893e+09 | CJ64: 1078.3224 | CK64: 1060.545 | CL64: 1025.9197 | CM64: 992.86423 | CN64: -13.777954 | CO64: 0 | CP64: -0.018507204 | CQ64: -82.260248 | CR64: =CN64-$CR$4 -> 2.6538934
AF65: =COLUMN() -> 32 | AG65: =_xlfn.CONCAT(COLUMN()-$AF65,",",ROW()-AG$57) -> 1,8 | AH65: =_xlfn.CONCAT(COLUMN()-$AF65,",",ROW()-AH$57) -> 2,8 | AI65: =_xlfn.CONCAT(COLUMN()-$AF65,",",ROW()-AI$57) -> 3,8 | AJ65: =_xlfn.CONCAT(COLUMN()-$AF65,",",ROW()-AJ$57) -> 4,8 | AK65: =_xlfn.CONCAT(COLUMN()-$AF65,",",ROW()-AK$57) -> 5,8 | AL65: =_xlfn.CONCAT(COLUMN()-$AF65,",",ROW()-AL$57) -> 6,8 | AM65: =_xlfn.CONCAT(COLUMN()-$AF65,",",ROW()-AM$57) -> 7,8 | AN65: =_xlfn.CONCAT(COLUMN()-$AF65,",",ROW()-AN$57) -> 8,8 | ... AP65: =_xlfn.CONCAT(COLUMN()-$AF65,",",ROW()-AP$57) -> 10,8 | CH65: =CI65/$CI$3 -> 50.684651 | CI65: 1.5994859e+09 | CJ65: 1078.3224 | CK65: 1060.545 | CL65: 1025.922 | CM65: 992.87327 | CN65: -13.777954 | CO65: 0 | CP65: -0.025908804 | CQ65: -83.522195 | CR65: =CN65-$CR$4 -> 2.6538934
AF66: =COLUMN() -> 32 | AG66: =_xlfn.CONCAT(COLUMN()-$AF66,",",ROW()-AG$57) -> 1,9 | AH66: =_xlfn.CONCAT(COLUMN()-$AF66,",",ROW()-AH$57) -> 2,9 | AI66: =_xlfn.CONCAT(COLUMN()-$AF66,",",ROW()-AI$57) -> 3,9 | AJ66: =_xlfn.CONCAT(COLUMN()-$AF66,",",ROW()-AJ$57) -> 4,9 | AK66: =_xlfn.CONCAT(COLUMN()-$AF66,",",ROW()-AK$57) -> 5,9 | AL66: =_xlfn.CONCAT(COLUMN()-$AF66,",",ROW()-AL$57) -> 6,9 | AM66: =_xlfn.CONCAT(COLUMN()-$AF66,",",ROW()-AM$57) -> 7,9 | AN66: =_xlfn.CONCAT(COLUMN()-$AF66,",",ROW()-AN$57) -> 8,9 | ... AP66: =_xlfn.CONCAT(COLUMN()-$AF66,",",ROW()-AP$57) -> 10,9 | CH66: =CI66/$CI$3 -> 50.796075 | CI66: 1.6030022e+09 | CJ66: 1078.3224 | CK66: 1060.545 | CL66: 1025.9245 | CM66: 992.88317 | CN66: -13.777954 | CO66: 0 | CP66: -0.034524643 | CQ66: -84.911729 | CR66: =CN66-$CR$4 -> 2.6538934
AF67: =COLUMN() -> 32 | AG67: =_xlfn.CONCAT(COLUMN()-$AF67,",",ROW()-AG$57) -> 1,10 | AH67: =_xlfn.CONCAT(COLUMN()-$AF67,",",ROW()-AH$57) -> 2,10 | AI67: =_xlfn.CONCAT(COLUMN()-$AF67,",",ROW()-AI$57) -> 3,10 | AJ67: =_xlfn.CONCAT(COLUMN()-$AF67,",",ROW()-AJ$57) -> 4,10 | AK67: =_xlfn.CONCAT(COLUMN()-$AF67,",",ROW()-AK$57) -> 5,10 | AL67: =_xlfn.CONCAT(COLUMN()-$AF67,",",ROW()-AL$57) -> 6,10 | AM67: =_xlfn.CONCAT(COLUMN()-$AF67,",",ROW()-AM$57) -> 7,10 | AN67: =_xlfn.CONCAT(COLUMN()-$AF67,",",ROW()-AN$57) -> 8,10 | ... AP67: =_xlfn.CONCAT(COLUMN()-$AF67,",",ROW()-AP$57) -> 10,10 | CH67: =CI67/$CI$3 -> 50.918641 | CI67: 1.6068701e+09 | CJ67: 1078.3224 | CK67: 1060.545 | CL67: 1025.927 | CM67: 992.89381 | CN67: -13.777954 | CO67: 0 | CP67: -0.044274814 | CQ67: -86.416452 | CR67: =CN67-$CR$4 -> 2.6538934
AF68: =COLUMN() -> 32 | AG68: =_xlfn.CONCAT(COLUMN()-$AF68,",",ROW()-AG$57) -> 1,11 | AH68: =_xlfn.CONCAT(COLUMN()-$AF68,",",ROW()-AH$57) -> 2,11 | AI68: =_xlfn.CONCAT(COLUMN()-$AF68,",",ROW()-AI$57) -> 3,11 | AJ68: =_xlfn.CONCAT(COLUMN()-$AF68,",",ROW()-AJ$57) -> 4,11 | AK68: =_xlfn.CONCAT(COLUMN()-$AF68,",",ROW()-AK$57) -> 5,11 | AL68: =_xlfn.CONCAT(COLUMN()-$AF68,",",ROW()-AL$57) -> 6,11 | AM68: =_xlfn.CONCAT(COLUMN()-$AF68,",",ROW()-AM$57) -> 7,11 | AN68: =_xlfn.CONCAT(COLUMN()-$AF68,",",ROW()-AN$57) -> 8,11 | ... AP68: =_xlfn.CONCAT(COLUMN()-$AF68,",",ROW()-AP$57) -> 10,11 | CH68: =CI68/$CI$3 -> 51.053464 | CI68: 1.6111248e+09 | CJ68: 1078.3224 | CK68: 1060.545 | CL68: 1025.9295 | CM68: 992.90509 | CN68: -13.777954 | CO68: 0 | CP68: -0.055058401 | CQ68: -88.024296 | CR68: =CN68-$CR$4 -> 2.6538934
AF69: =COLUMN() -> 32 | AG69: =_xlfn.CONCAT(COLUMN()-$AF69,",",ROW()-AG$57) -> 1,12 | AH69: =_xlfn.CONCAT(COLUMN()-$AF69,",",ROW()-AH$57) -> 2,12 | AI69: =_xlfn.CONCAT(COLUMN()-$AF69,",",ROW()-AI$57) -> 3,12 | AJ69: =_xlfn.CONCAT(COLUMN()-$AF69,",",ROW()-AJ$57) -> 4,12 | AK69: =_xlfn.CONCAT(COLUMN()-$AF69,",",ROW()-AK$57) -> 5,12 | AL69: =_xlfn.CONCAT(COLUMN()-$AF69,",",ROW()-AL$57) -> 6,12 | AM69: =_xlfn.CONCAT(COLUMN()-$AF69,",",ROW()-AM$57) -> 7,12 | AN69: =_xlfn.CONCAT(COLUMN()-$AF69,",",ROW()-AN$57) -> 8,12 | ... AP69: =_xlfn.CONCAT(COLUMN()-$AF69,",",ROW()-AP$57) -> 10,12 | CH69: =CI69/$CI$3 -> 51.201769 | CI69: 1.6158049e+09 | CJ69: 1078.3224 | CK69: 1060.545 | CL69: 1025.932 | CM69: 992.91692 | CN69: -13.777954 | CO69: 0 | CP69: -0.066759161 | CQ69: -89.722991 | CR69: =CN69-$CR$4 -> 2.6538934
AF70: =COLUMN() -> 32 | AG70: =_xlfn.CONCAT(COLUMN()-$AF70,",",ROW()-AG$57) -> 1,13 | AH70: =_xlfn.CONCAT(COLUMN()-$AF70,",",ROW()-AH$57) -> 2,13 | AI70: =_xlfn.CONCAT(COLUMN()-$AF70,",",ROW()-AI$57) -> 3,13 | AJ70: =_xlfn.CONCAT(COLUMN()-$AF70,",",ROW()-AJ$57) -> 4,13 | AK70: =_xlfn.CONCAT(COLUMN()-$AF70,",",ROW()-AK$57) -> 5,13 | AL70: =_xlfn.CONCAT(COLUMN()-$AF70,",",ROW()-AL$57) -> 6,13 | AM70: =_xlfn.CONCAT(COLUMN()-$AF70,",",ROW()-AM$57) -> 7,13 | AN70: =_xlfn.CONCAT(COLUMN()-$AF70,",",ROW()-AN$57) -> 8,13 | ... AP70: =_xlfn.CONCAT(COLUMN()-$AF70,",",ROW()-AP$57) -> 10,13 | CH70: =CI70/$CI$3 -> 51.364905 | CI70: 1.6209531e+09 | CJ70: 1078.3224 | CK70: 1060.545 | CL70: 1025.9345 | CM70: 992.9292 | CN70: -13.777954 | CO70: 0 | CP70: -0.079255423 | CQ70: -91.500594 | CR70: =CN70-$CR$4 -> 2.6538934
AF71: =COLUMN() -> 32 | AG71: =_xlfn.CONCAT(COLUMN()-$AF71,",",ROW()-AG$57) -> 1,14 | AH71: =_xlfn.CONCAT(COLUMN()-$AF71,",",ROW()-AH$57) -> 2,14 | AI71: =_xlfn.CONCAT(COLUMN()-$AF71,",",ROW()-AI$57) -> 3,14 | AJ71: =_xlfn.CONCAT(COLUMN()-$AF71,",",ROW()-AJ$57) -> 4,14 | AK71: =_xlfn.CONCAT(COLUMN()-$AF71,",",ROW()-AK$57) -> 5,14 | AL71: =_xlfn.CONCAT(COLUMN()-$AF71,",",ROW()-AL$57) -> 6,14 | AM71: =_xlfn.CONCAT(COLUMN()-$AF71,",",ROW()-AM$57) -> 7,14 | AN71: =_xlfn.CONCAT(COLUMN()-$AF71,",",ROW()-AN$57) -> 8,14 | ... AP71: =_xlfn.CONCAT(COLUMN()-$AF71,",",ROW()-AP$57) -> 10,14 | CH71: =CI71/$CI$3 -> 51.544354 | CI71: 1.6266161e+09 | CJ71: 1078.3224 | CK71: 1060.545 | CL71: 1025.937 | CM71: 992.94184 | CN71: -13.777954 | CO71: 0 | CP71: -0.092429109 | CQ71: -93.346027 | CR71: =CN71-$CR$4 -> 2.6538934
AF72: =COLUMN() -> 32 | AG72: =_xlfn.CONCAT(COLUMN()-$AF72,",",ROW()-AG$57) -> 1,15 | AH72: =_xlfn.CONCAT(COLUMN()-$AF72,",",ROW()-AH$57) -> 2,15 | AI72: =_xlfn.CONCAT(COLUMN()-$AF72,",",ROW()-AI$57) -> 3,15 | AJ72: =_xlfn.CONCAT(COLUMN()-$AF72,",",ROW()-AJ$57) -> 4,15 | AK72: =_xlfn.CONCAT(COLUMN()-$AF72,",",ROW()-AK$57) -> 5,15 | AL72: =_xlfn.CONCAT(COLUMN()-$AF72,",",ROW()-AL$57) -> 6,15 | AM72: =_xlfn.CONCAT(COLUMN()-$AF72,",",ROW()-AM$57) -> 7,15 | AN72: =_xlfn.CONCAT(COLUMN()-$AF72,",",ROW()-AN$57) -> 8,15 | ... AP72: =_xlfn.CONCAT(COLUMN()-$AF72,",",ROW()-AP$57) -> 10,15 | CH72: =CI72/$CI$3 -> 51.741748 | CI72: 1.6328454e+09 | CJ72: 1078.3224 | CK72: 1060.545 | CL72: 1025.9394 | CM72: 992.95478 | CN72: -13.777954 | CO72: 0 | CP72: -0.10617205 | CQ72: -95.249477 | CR72: =CN72-$CR$4 -> 2.6538934
CH73: =CI73/$CI$3 -> 51.958881 | CI73: 1.6396976e+09 | CJ73: 1078.3224 | CK73: 1060.545 | CL73: 1025.9418 | CM73: 992.96794 | CN73: -13.777954 | CO73: 0 | CP73: -0.12038976 | CQ73: -97.202606 | CR73: =CN73-$CR$4 -> 2.6538934
CH74: =CI74/$CI$3 -> 52.197728 | CI74: 1.647235e+09 | CJ74: 1078.3224 | CK74: 1060.545 | CL74: 1025.9441 | CM74: 992.98128 | CN74: -13.777954 | CO74: 0 | CP74: -0.13500175 | CQ74: -99.198493 | CR74: =CN74-$CR$4 -> 2.6538934
CH75: =CI75/$CI$3 -> 52.46046 | CI75: 1.6555262e+09 | CJ75: 1078.3224 | CK75: 1060.545 | CL75: 1025.9464 | CM75: 992.99475 | CN75: -13.777954 | CO75: 0 | CP75: -0.14994251 | CQ75: -101.23154 | CR75: =CN75-$CR$4 -> 2.6538934
CH76: =CI76/$CI$3 -> 52.749464 | CI76: 1.6646465e+09 | CJ76: 1078.3224 | CK76: 1060.545 | CL76: 1025.9486 | CM76: 993.00833 | CN76: -13.777954 | CO76: 0 | CP76: -0.16516244 | CQ76: -103.29741 | CR76: =CN76-$CR$4 -> 2.6538934
CH77: =CI77/$CI$3 -> 53.067369 | CI77: 1.6746788e+09 | CJ77: 1078.3224 | CK77: 1060.545 | CL77: 1025.9508 | CM77: 993.02198 | CN77: -13.777954 | CO77: 0 | CP77: -0.18062435 | CQ77: -105.39267 | CR77: =CN77-$CR$4 -> 2.6538934
CH78: =CI78/$CI$3 -> 53.417065 | CI78: 1.6857144e+09 | CJ78: 1078.3224 | CK78: 1060.545 | CL78: 1025.953 | CM78: 993.0357 | CN78: -13.777954 | CO78: 0 | CP78: -0.19630276 | CQ78: -107.51481 | CR78: =CN78-$CR$4 -> 2.6538934
CH79: =CI79/$CI$3 -> 53.80173 | CI79: 1.6978535e+09 | CJ79: 1078.3224 | CK79: 1060.545 | CL79: 1025.9551 | CM79: 993.04946 | CN79: -13.777954 | CO79: 0 | CP79: -0.21218561 | CQ79: -109.65932 | CR79: =CN79-$CR$4 -> 2.6538934
CH80: =CI80/$CI$3 -> 54.224862 | CI80: 1.7112065e+09 | CJ80: 1078.3224 | CK80: 1060.545 | CL80: 1025.9571 | CM80: 993.06326 | CN80: -13.777954 | CO80: 0 | CP80: -0.22827674 | CQ80: -111.82829 | CR80: =CN80-$CR$4 -> 2.6538934
CH81: =CI81/$CI$3 -> 54.690307 | CI81: 1.7258948e+09 | CJ81: 1078.3224 | CK81: 1060.545 | CL81: 1025.9592 | CM81: 993.07712 | CN81: -13.777954 | CO81: 0 | CP81: -0.24459277 | CQ81: -114.02277 | CR81: =CN81-$CR$4 -> 2.6538934
CH82: =CI82/$CI$3 -> 55.202296 | CI82: 1.742052e+09 | CJ82: 1078.3224 | CK82: 1060.545 | CL82: 1025.9612 | CM82: 993.09101 | CN82: -13.777954 | CO82: 0 | CP82: -0.26115974 | CQ82: -116.24124 | CR82: =CN82-$CR$4 -> 2.6538934
CH83: =CI83/$CI$3 -> 55.765485 | CI83: 1.7598249e+09 | CJ83: 1078.3224 | CK83: 1060.545 | CL83: 1025.9631 | CM83: 993.10488 | CN83: -13.777954 | CO83: 0 | CP83: -0.27749523 | CQ83: -118.47152 | CR83: =CN83-$CR$4 -> 2.6538934
CH84: =CI84/$CI$3 -> 56.384992 | CI84: 1.779375e+09 | CJ84: 1078.3224 | CK84: 1060.545 | CL84: 1025.9649 | CM84: 993.11863 | CN84: -13.777954 | CO84: 0 | CP84: -0.29333575 | CQ84: -120.69964 | CR84: =CN84-$CR$4 -> 2.6538934
... CH105: =CI105/$CI$3 -> 100 | CI105: 3155760000 | CJ105: 1078.4168 | CK105: 1061.581 | CL105: 1026.2827 | CM105: 993.31163 | CN105: -16.431243 | CO105: -3.5845523 | CP105: -3.6992993 | CQ105: -153.67355 | CR105: =CN105-$CR$4 -> 0.00060431

Sheet 12
V1: =COUNT(X5:AL5) -> 15
D2: H | V2: =COUNT(V5:V69) -> 65 | X2: a1_top.csv | AE2: 7 | BD2: =MAX(BD5:BD292) -> 24
C3: delr | T3: stage_a | U3: stage_b | AN3: ifno | AO3: 0 | AP3: =AN3 -> ifno | AQ3: jcol_sfr | AR3: delc | AS3: delr 7 | AT3: slope | AU3: top | AV3: 1 | AW3: leakence | AX3: roughtness | AY3: nconnn | AZ3: upstem_frac | BA3: 0 | BV3: 5
B4: =MAX(B5:B69) -> 65 | C4: 1 | D4: 2 | T4: 3 | U4: 4 | X4: 1 | Y4: =X4+1 -> 2 | Z4: =Y4+1 -> 3 | AA4: =Z4+1 -> 4 | AB4: =AA4+1 -> 5 | AC4: =AB4+1 -> 6 | AD4: =AC4+1 -> 7 | AE4: =AD4+1 -> 8 | AF4: =AE4+1 -> 9 | ... AL4: =AK4+1 -> 15 | AN4: 1 | AO4: =AN4+1 -> 2 | AP4: =AO4+1 -> 3 | AQ4: =AP4+1 -> 4 | AR4: =AQ4+1 -> 5 | AS4: =AR4+1 -> 6 | AT4: =AS4+1 -> 7 | AU4: =AT4+1 -> 8 | AV4: =AU4+1 -> 9 | ... BB4: =BA4+1 -> 15 | BD4: 3600 | BE4: time | BF4: INFLOW-EXT | BG4: INFLOW | BH4: OUTFLOW | BI4: STAGE | BJ4: DEPTH | BK4: Σ | BL4: Σ | BM4: time | BN4: INFLOW-EXT | BO4: INFLOW | BP4: OUTFLOW | BQ4: STAGE | BR4: DEPTH | BS4: Σ | BT4: Σ | BV4: Analitical_no_1L | BW4: A_2_Likage | BY4: Σ
B5: 1 | C5: 28.30312 | D5: 66.762283 | E5: 66.762283 | F5: 66.762283 | G5: 66.762283 | H5: 66.762283 | I5: 66.762283 | J5: 66.762283 | K5: 66.762283 | L5: 66.762283 | M5: 66.762283 | N5: 66.762283 | O5: 66.762283 | P5: 66.762283 | Q5: 66.762283 | R5: 66.762283 | T5: 66.739457 | U5: 66.740892 | V5: =U5-T5 -> 0.0014353551 | X5: 86.75181 | Y5: 86.75181 | Z5: 86.75181 | AA5: 86.75181 | AB5: 86.75181 | AC5: 86.75181 | AD5: 86.75181 | AE5: 60.65575 | AF5: 86.75181 | AG5: 86.75181 | AH5: 86.75181 | AI5: 86.75181 | AJ5: 86.75181 | AK5: 86.75181 | AL5: 86.75181 | AN5: 0 | AO5: 0 | AP5: 0 | AQ5: 7 | AR5: 609.61 | AS5: 30.48028 | AT5: 0.001 | AU5: 60.65575 | AV5: 1 | AW5: 0.000142 | AX5: 0.03858 | AY5: 1 | AZ5: 0 | BA5: 0 | BD5: =BE5/$BD$4 -> 0.083333333 | BE5: 300 | BF5: 524.49914 | BG5: 405.15046 | BH5: -402.9191 | BI5: 51.337203 | BJ5: 5.330536 | BK5: =BJ5-AVERAGE($BJ$5:$BJ$292) -> -0.79009018 | BL5: =BF5-AVERAGE($BF$5:$BF$292) -> 11.792117 | BM5: 300 | BN5: 524.49914 | BO5: 441.74101 | BP5: -441.26973 | BQ5: 51.627534 | BR5: 5.6065927 | BS5: =BR5-AVERAGE($BR$5:$BR$292) -> -0.52538974 | BT5: =BN5-AVERAGE($BN$5:$BN$292) -> 11.792117 | BU5: time | BV5: -108.16053 | BW5: -70.714522 | BX5: =BV5-AVERAGE($BV$5:$BV$292) -> -112.87866 | BY5: =BW5-AVERAGE($BW$5:$BW$292) -> -73.937716
B6: =B5+1 -> 2 | C6: 28.30312 | D6: 66.152678 | E6: 66.152678 | F6: 66.152678 | G6: 66.152678 | H6: 66.152678 | I6: 66.152678 | J6: 66.152678 | K6: 66.152678 | L6: 66.152678 | M6: 66.152678 | N6: 66.152678 | O6: 66.152678 | P6: 66.152678 | Q6: 66.152678 | R6: 66.152678 | T6: 66.084481 | U6: 66.08981 | V6: =U6-T6 -> 0.0053292561 | X6: 86.142204 | Y6: 86.142204 | Z6: 86.142204 | AA6: 86.142204 | AB6: 86.142204 | AC6: 86.142204 | AD6: 86.142204 | AE6: 60.046145 | AF6: 86.142204 | AG6: 86.142204 | AH6: 86.142204 | AI6: 86.142204 | AJ6: 86.142204 | AK6: 86.142204 | AL6: 86.142204 | AN6: 1 | AO6: 0 | AP6: 1 | AQ6: 7 | AR6: 609.61 | AS6: 30.48028 | AT6: 0.001 | AU6: 60.046145 | AV6: 1 | AW6: 0.000142 | AX6: 0.03858 | AY6: 2 | AZ6: 1 | BA6: 0 | BD6: =BE6/$BD$4 -> 0.16666667 | BE6: 600 | BF6: 539.13614 | BG6: 410.80791 | BH6: -408.05448 | BI6: 51.379657 | BJ6: 5.3769747 | BK6: =BJ6-AVERAGE($BJ$5:$BJ$292) -> -0.74365151 | BL6: =BF6-AVERAGE($BF$5:$BF$292) -> 26.429114 | BM6: 600 | BN6: 539.13614 | BO6: 445.25162 | BP6: -444.40055 | BQ6: 51.652778 | BR6: 5.6347431 | BS6: =BR6-AVERAGE($BR$5:$BR$292) -> -0.49723933 | BT6: =BN6-AVERAGE($BN$5:$BN$292) -> 26.429114 | BU6: INFLOW-EXT | BV6: -101.50628 | BW6: -65.778585 | BX6: =BV6-AVERAGE($BV$5:$BV$292) -> -106.2244 | BY6: =BW6-AVERAGE($BW$5:$BW$292) -> -69.00178
B7: =B6+1 -> 3 | C7: 28.30312 | D7: 65.543073 | E7: 65.543073 | F7: 65.543073 | G7: 65.543073 | H7: 65.543073 | I7: 65.543073 | J7: 65.543073 | K7: 65.543073 | L7: 65.543073 | M7: 65.543073 | N7: 65.543073 | O7: 65.543073 | P7: 65.543073 | Q7: 65.543073 | R7: 65.543073 | T7: 65.429958 | U7: 65.440496 | V7: =U7-T7 -> 0.010537986 | X7: 85.532599 | Y7: 85.532599 | Z7: 85.532599 | AA7: 85.532599 | AB7: 85.532599 | AC7: 85.532599 | AD7: 85.532599 | AE7: 59.436539 | AF7: 85.532599 | AG7: 85.532599 | AH7: 85.532599 | AI7: 85.532599 | AJ7: 85.532599 | AK7: 85.532599 | AL7: 85.532599 | AN7: 2 | AO7: 0 | AP7: 2 | AQ7: 7 | AR7: 609.61 | AS7: 30.48028 | AT7: 0.001 | AU7: 59.436539 | AV7: 1 | AW7: 0.000142 | AX7: 0.03858 | AY7: 2 | AZ7: 1 | BA7: 0 | BD7: =BE7/$BD$4 -> 0.25 | BE7: 900 | BF7: 553.45063 | BG7: 417.59161 | BH7: -414.30996 | BI7: 51.43065 | BJ7: 5.4319226 | BK7: =BJ7-AVERAGE($BJ$5:$BJ$292) -> -0.68870363 | BL7: =BF7-AVERAGE($BF$5:$BF$292) -> 40.743603 | BM7: 900 | BN7: 553.45063 | BO7: 449.43679 | BP7: -448.1917 | BQ7: 51.682996 | BR7: 5.6679507 | BS7: =BR7-AVERAGE($BR$5:$BR$292) -> -0.4640317 | BT7: =BN7-AVERAGE($BN$5:$BN$292) -> 40.743603 | BU7: INFLOW | BV7: -93.740312 | BW7: -60.122237 | BX7: =BV7-AVERAGE($BV$5:$BV$292) -> -98.458437 | BY7: =BW7-AVERAGE($BW$5:$BW$292) -> -63.345431
B8: =B7+1 -> 4 | C8: 28.30312 | D8: 64.933467 | E8: 64.933467 | F8: 64.933467 | G8: 64.933467 | H8: 64.933467 | I8: 64.933467 | J8: 64.933467 | K8: 64.933467 | L8: 64.933467 | M8: 64.933467 | N8: 64.933467 | O8: 64.933467 | P8: 64.933467 | Q8: 64.933467 | R8: 64.933467 | T8: 64.775978 | U8: 64.792977 | V8: =U8-T8 -> 0.016998284 | X8: 84.922993 | Y8: 84.922993 | Z8: 84.922993 | AA8: 84.922993 | AB8: 84.922993 | AC8: 84.922993 | AD8: 84.922993 | AE8: 58.826934 | AF8: 84.922993 | AG8: 84.922993 | AH8: 84.922993 | AI8: 84.922993 | AJ8: 84.922993 | AK8: 84.922993 | AL8: 84.922993 | AN8: 3 | AO8: 0 | AP8: 3 | AQ8: 7 | AR8: 609.61 | AS8: 30.48028 | AT8: 0.001 | AU8: 58.826934 | AV8: 1 | AW8: 0.000142 | AX8: 0.03858 | AY8: 2 | AZ8: 1 | BA8: 0 | BD8: =BE8/$BD$4 -> 0.33333333 | BE8: 1200 | BF8: 567.28577 | BG8: 425.53114 | BH8: -421.71731 | BI8: 51.490259 | BJ8: 5.4954285 | BK8: =BJ8-AVERAGE($BJ$5:$BJ$292) -> -0.62519769 | BL8: =BF8-AVERAGE($BF$5:$BF$292) -> 54.578751 | BM8: 1200 | BN8: 567.28577 | BO8: 454.33136 | BP8: -452.67714 | BQ8: 51.718395 | BR8: 5.7064227 | BS8: =BR8-AVERAGE($BR$5:$BR$292) -> -0.4255597 | BT8: =BN8-AVERAGE($BN$5:$BN$292) -> 54.578751 | BU8: OUTFLOW | BV8: -84.947698 | BW8: -53.807425 | BX8: =BV8-AVERAGE($BV$5:$BV$292) -> -89.665822 | BY8: =BW8-AVERAGE($BW$5:$BW$292) -> -57.030619
B9: =B8+1 -> 5 | C9: 28.30312 | D9: 64.323862 | E9: 64.323862 | F9: 64.323862 | G9: 64.323862 | H9: 64.323862 | I9: 64.323862 | J9: 64.323862 | K9: 64.323862 | L9: 64.323862 | M9: 64.323862 | N9: 64.323862 | O9: 64.323862 | P9: 64.323862 | Q9: 64.323862 | R9: 64.323862 | T9: 64.122632 | U9: 64.147275 | V9: =U9-T9 -> 0.024642579 | X9: 84.313388 | Y9: 84.313388 | Z9: 84.313388 | AA9: 84.313388 | AB9: 84.313388 | AC9: 84.313388 | AD9: 84.313388 | AE9: 58.217328 | AF9: 84.313388 | AG9: 84.313388 | AH9: 84.313388 | AI9: 84.313388 | AJ9: 84.313388 | AK9: 84.313388 | AL9: 84.313388 | AN9: 4 | AO9: 0 | AP9: 4 | AQ9: 7 | AR9: 609.61 | AS9: 30.48028 | AT9: 0.001 | AU9: 58.217328 | AV9: 1 | AW9: 0.000142 | AX9: 0.03858 | AY9: 2 | AZ9: 1 | BA9: 0 | BD9: =BE9/$BD$4 -> 0.41666667 | BE9: 1500 | BF9: 580.49 | BG9: 434.65413 | BH9: -430.30679 | BI9: 51.558523 | BJ9: 5.5674995 | BK9: =BJ9-AVERAGE($BJ$5:$BJ$292) -> -0.55312669 | BL9: =BF9-AVERAGE($BF$5:$BF$292) -> 67.782977 | BM9: 1500 | BN9: 580.49 | BO9: 459.97258 | BP9: -457.89239 | BQ9: 51.759183 | BR9: 5.7503763 | BS9: =BR9-AVERAGE($BR$5:$BR$292) -> -0.38160613 | BT9: =BN9-AVERAGE($BN$5:$BN$292) -> 67.782977 | BU9: STAGE | BV9: -75.224729 | BW9: -46.90331 | BX9: =BV9-AVERAGE($BV$5:$BV$292) -> -79.942854 | BY9: =BW9-AVERAGE($BW$5:$BW$292) -> -50.126504
B10: =B9+1 -> 6 | C10: 28.30312 | D10: 63.714256 | E10: 63.714256 | F10: 63.714256 | G10: 63.714256 | H10: 63.714256 | I10: 63.714256 | J10: 63.714256 | K10: 63.714256 | L10: 63.714256 | M10: 63.714256 | N10: 63.714256 | O10: 63.714256 | P10: 63.714256 | Q10: 63.714256 | R10: 63.714256 | T10: 63.470008 | U10: 63.503408 | V10: =U10-T10 -> 0.033399236 | X10: 83.703782 | Y10: 83.703782 | Z10: 83.703782 | AA10: 83.703782 | AB10: 83.703782 | AC10: 83.703782 | AD10: 83.703782 | AE10: 57.607723 | AF10: 83.703782 | AG10: 83.703782 | AH10: 83.703782 | AI10: 83.703782 | AJ10: 83.703782 | AK10: 83.703782 | AL10: 83.703782 | AN10: 5 | AO10: 0 | AP10: 5 | AQ10: 7 | AR10: 609.61 | AS10: 30.48028 | AT10: 0.001 | AU10: 57.607723 | AV10: 1 | AW10: 0.000142 | AX10: 0.03858 | AY10: 2 | AZ10: 1 | BA10: 0 | BD10: =BE10/$BD$4 -> 0.5 | BE10: 1800 | BF10: 592.91864 | BG10: 444.98655 | BH10: -440.10672 | BI10: 51.635438 | BJ10: 5.6481072 | BK10: =BJ10-AVERAGE($BJ$5:$BJ$292) -> -0.47251897 | BL10: =BF10-AVERAGE($BF$5:$BF$292) -> 80.211613 | BM10: 1800 | BN10: 592.91864 | BO10: 466.40496 | BP10: -463.87834 | BQ10: 51.805603 | BR10: 5.800077 | BS10: =BR10-AVERAGE($BR$5:$BR$292) -> -0.33190537 | BT10: =BN10-AVERAGE($BN$5:$BN$292) -> 80.211613 | BU10: DEPTH | BV10: -64.677893 | BW10: -39.485506 | BX10: =BV10-AVERAGE($BV$5:$BV$292) -> -69.396018 | BY10: =BW10-AVERAGE($BW$5:$BW$292) -> -42.7087
B11: =B10+1 -> 7 | C11: 28.30312 | D11: 63.104651 | E11: 63.104651 | F11: 63.104651 | G11: 63.104651 | H11: 63.104651 | I11: 63.104651 | J11: 63.104651 | K11: 63.104651 | L11: 63.104651 | M11: 63.104651 | N11: 63.104651 | O11: 63.104651 | P11: 63.104651 | Q11: 63.104651 | R11: 63.104651 | T11: 62.818194 | U11: 62.861387 | V11: =U11-T11 -> 0.043192831 | X11: 83.094176 | Y11: 83.094176 | Z11: 83.094176 | AA11: 83.094176 | AB11: 83.094176 | AC11: 83.094176 | AD11: 83.094176 | AE11: 56.998117 | AF11: 83.094176 | AG11: 83.094176 | AH11: 83.094176 | AI11: 83.094176 | AJ11: 83.094176 | AK11: 83.094176 | AL11: 83.094176 | AN11: 6 | AO11: 0 | AP11: 6 | AQ11: 7 | AR11: 609.61 | AS11: 30.48028 | AT11: 0.001 | AU11: 56.998117 | AV11: 1 | AW11: 0.000142 | AX11: 0.03858 | AY11: 2 | AZ11: 1 | BA11: 0 | BD11: =BE11/$BD$4 -> 0.58333333 | BE11: 2100 | BF11: 604.43551 | BG11: 456.55092 | BH11: -451.1427 | BI11: 51.720953 | BJ11: 5.7371687 | BK11: =BJ11-AVERAGE($BJ$5:$BJ$292) -> -0.38345755 | BL11: =BF11-AVERAGE($BF$5:$BF$292) -> 91.728489 | BM11: 2100 | BN11: 604.43551 | BO11: 473.68452 | BP11: -470.68576 | BQ11: 51.857962 | BR11: 5.855863 | BS11: =BR11-AVERAGE($BR$5:$BR$292) -> -0.27611946 | BT11: =BN11-AVERAGE($BN$5:$BN$292) -> 91.728489 | BV11: -53.4227 | BW11: -31.635253 | BX11: =BV11-AVERAGE($BV$5:$BV$292) -> -58.140824 | BY11: =BW11-AVERAGE($BW$5:$BW$292) -> -34.858448
B12: =B11+1 -> 8 | C12: 30.48028 | D12: 62.495045 | E12: 62.495045 | F12: 62.495045 | G12: 62.495045 | H12: 62.495045 | I12: 62.495045 | J12: 62.495045 | K12: 62.495045 | L12: 62.495045 | M12: 62.495045 | N12: 62.495045 | O12: 62.495045 | P12: 62.495045 | Q12: 62.495045 | R12: 62.495045 | T12: 62.167276 | U12: 62.22122 | V12: =U12-T12 -> 0.053944445 | X12: 82.484571 | Y12: 82.484571 | Z12: 82.484571 | AA12: 82.484571 | AB12: 82.484571 | AC12: 82.484571 | AD12: 82.484571 | AE12: 56.388512 | AF12: 82.484571 | AG12: 82.484571 | AH12: 82.484571 | AI12: 82.484571 | AJ12: 82.484571 | AK12: 82.484571 | AL12: 82.484571 | AN12: 7 | AO12: 0 | AP12: 7 | AQ12: 7 | AR12: 609.61 | AS12: 30.48028 | AT12: 0.001 | AU12: 56.388512 | AV12: 1 | AW12: 0.000142 | AX12: 0.03858 | AY12: 2 | AZ12: 1 | BA12: 0 | BD12: =BE12/$BD$4 -> 0.66666667 | BE12: 2400 | BF12: 614.91444 | BG12: 469.352 | BH12: -463.42893 | BI12: 51.814887 | BJ12: 5.8344124 | BK12: =BJ12-AVERAGE($BJ$5:$BJ$292) -> -0.28621381 | BL12: =BF12-AVERAGE($BF$5:$BF$292) -> 102.20742 | BM12: 2400 | BN12: 614.91444 | BO12: 481.87362 | BP12: -478.37443 | BQ12: 51.916603 | BR12: 5.9180768 | BS12: =BR12-AVERAGE($BR$5:$BR$292) -> -0.21390564 | BT12: =BN12-AVERAGE($BN$5:$BN$292) -> 102.20742 | BU12: ncol | BV12: -41.582417 | BW12: -23.438529 | BX12: =BV12-AVERAGE($BV$5:$BV$292) -> -46.300541 | BY12: =BW12-AVERAGE($BW$5:$BW$292) -> -26.661724
B13: =B12+1 -> 9 | C13: 28.30312 | D13: 61.88544 | E13: 61.88544 | F13: 61.88544 | G13: 61.88544 | H13: 61.88544 | I13: 61.88544 | J13: 61.88544 | K13: 61.88544 | L13: 61.88544 | M13: 61.88544 | N13: 61.88544 | O13: 61.88544 | P13: 61.88544 | Q13: 61.88544 | R13: 61.88544 | T13: 61.517337 | U13: 61.582909 | V13: =U13-T13 -> 0.065571988 | X13: 81.874965 | Y13: 81.874965 | Z13: 81.874965 | AA13: 81.874965 | AB13: 81.874965 | AC13: 81.874965 | AD13: 81.874965 | AE13: 55.778906 | AF13: 81.874965 | AG13: 81.874965 | AH13: 81.874965 | AI13: 81.874965 | AJ13: 81.874965 | AK13: 81.874965 | AL13: 81.874965 | AN13: 8 | AO13: 0 | AP13: 8 | AQ13: 7 | AR13: 609.61 | AS13: 30.48028 | AT13: 0.001 | AU13: 55.778906 | AV13: 1 | AW13: 0.000142 | AX13: 0.03858 | AY13: 2 | AZ13: 1 | BA13: 0 | BD13: =BE13/$BD$4 -> 0.75 | BE13: 2700 | BF13: 624.24063 | BG13: 483.33844 | BH13: -476.9403 | BI13: 51.916694 | BJ13: 5.9390686 | BK13: =BJ13-AVERAGE($BJ$5:$BJ$292) -> -0.18155762 | BL13: =BF13-AVERAGE($BF$5:$BF$292) -> 111.5336 | BM13: 2700 | BN13: 624.24063 | BO13: 491.01464 | BP13: -486.99657 | BQ13: 51.981749 | BR13: 5.9868285 | BS13: =BR13-AVERAGE($BR$5:$BR$292) -> -0.1451539 | BT13: =BN13-AVERAGE($BN$5:$BN$292) -> 111.5336 | BU13: nrow | BV13: -29.28672 | BW13: -14.985104 | BX13: =BV13-AVERAGE($BV$5:$BV$292) -> -34.004844 | BY13: =BW13-AVERAGE($BW$5:$BW$292) -> -18.208299
B14: =B13+1 -> 10 | C14: 28.30312 | D14: 61.275834 | E14: 61.275834 | F14: 61.275834 | G14: 61.275834 | H14: 61.275834 | I14: 61.275834 | J14: 61.275834 | K14: 61.275834 | L14: 61.275834 | M14: 61.275834 | N14: 61.275834 | O14: 61.275834 | P14: 61.275834 | Q14: 61.275834 | R14: 61.275834 | T14: 60.86846 | U14: 60.946451 | V14: =U14-T14 -> 0.077990541 | X14: 81.265359 | Y14: 81.265359 | Z14: 81.265359 | AA14: 81.265359 | AB14: 81.265359 | AC14: 81.265359 | AD14: 81.265359 | AE14: 55.169301 | AF14: 81.265359 | AG14: 81.265359 | AH14: 81.265359 | AI14: 81.265359 | AJ14: 81.265359 | AK14: 81.265359 | AL14: 81.265359 | AN14: 9 | AO14: 0 | AP14: 9 | AQ14: 7 | AR14: 609.61 | AS14: 30.48028 | AT14: 0.001 | AU14: 55.169301 | AV14: 1 | AW14: 0.000142 | AX14: 0.03858 | AY14: 2 | AZ14: 1 | BA14: 0 | BD14: =BE14/$BD$4 -> 0.83333333 | BE14: 3000 | BF14: 632.31188 | BG14: 498.34762 | BH14: -491.56345 | BI14: 52.025108 | BJ14: 6.0494996 | BK14: =BJ14-AVERAGE($BJ$5:$BJ$292) -> -0.07112659 | BL14: =BF14-AVERAGE($BF$5:$BF$292) -> 119.60485 | BM14: 3000 | BN14: 632.31188 | BO14: 501.08208 | BP14: -496.55855 | BQ14: 52.053193 | BR14: 6.0616314 | BS14: =BR14-AVERAGE($BR$5:$BR$292) -> -0.070351001 | BT14: =BN14-AVERAGE($BN$5:$BN$292) -> 119.60485 | BU14: nlay | BV14: -16.670272 | BW14: -6.3675616 | BX14: =BV14-AVERAGE($BV$5:$BV$292) -> -21.388397 | BY14: =BW14-AVERAGE($BW$5:$BW$292) -> -9.5907559
B15: =B14+1 -> 11 | C15: 28.30312 | D15: 60.666229 | E15: 60.666229 | F15: 60.666229 | G15: 60.666229 | H15: 60.666229 | I15: 60.666229 | J15: 60.666229 | K15: 60.666229 | L15: 60.666229 | M15: 60.666229 | N15: 60.666229 | O15: 60.666229 | P15: 60.666229 | Q15: 60.666229 | R15: 60.666229 | T15: 60.220726 | U15: 60.311838 | V15: =U15-T15 -> 0.091112722 | X15: 80.655754 | Y15: 80.655754 | Z15: 80.655754 | AA15: 80.655754 | AB15: 80.655754 | AC15: 80.655754 | AD15: 80.655754 | AE15: 54.559695 | AF15: 80.655754 | AG15: 80.655754 | AH15: 80.655754 | AI15: 80.655754 | AJ15: 80.655754 | AK15: 80.655754 | AL15: 80.655754 | AN15: 10 | AO15: 0 | AP15: 10 | AQ15: 7 | AR15: 609.61 | AS15: 30.48028 | AT15: 0.001 | AU15: 54.559695 | AV15: 1 | AW15: 0.000142 | AX15: 0.03858 | AY15: 2 | AZ15: 1 | BA15: 0 | BD15: =BE15/$BD$4 -> 0.91666667 | BE15: 3300 | BF15: 639.03977 | BG15: 514.07083 | BH15: -507.05101 | BI15: 52.137904 | BJ15: 6.163084 | BK15: =BJ15-AVERAGE($BJ$5:$BJ$292) -> 0.042457779 | BL15: =BF15-AVERAGE($BF$5:$BF$292) -> 126.33274 | BM15: 3300 | BN15: 639.03977 | BO15: 511.9372 | BP15: -506.97367 | BQ15: 52.129977 | BR15: 6.1411365 | BS15: =BR15-AVERAGE($BR$5:$BR$292) -> 0.0091540702 | BT15: =BN15-AVERAGE($BN$5:$BN$292) -> 126.33274 | BU15: 15 | BV15: -3.8712507 | BW15: 2.3197193 | BX15: =BV15-AVERAGE($BV$5:$BV$292) -> -8.5893752 | BY15: =BW15-AVERAGE($BW$5:$BW$292) -> -0.90347497
B16: =B15+1 -> 12 | C16: 28.30312 | D16: 60.056623 | E16: 60.056623 | F16: 60.056623 | G16: 60.056623 | H16: 60.056623 | I16: 60.056623 | J16: 60.056623 | K16: 60.056623 | L16: 60.056623 | M16: 60.056623 | N16: 60.056623 | O16: 60.056623 | P16: 60.056623 | Q16: 60.056623 | R16: 60.056623 | T16: 59.574211 | U16: 59.67906 | V16: =U16-T16 -> 0.10484907 | X16: 80.046148 | Y16: 80.046148 | Z16: 80.046148 | AA16: 80.046148 | AB16: 80.046148 | AC16: 80.046148 | AD16: 80.046148 | AE16: 53.95009 | AF16: 80.046148 | AG16: 80.046148 | AH16: 80.046148 | AI16: 80.046148 | AJ16: 80.046148 | AK16: 80.046148 | AL16: 80.046148 | AN16: 11 | AO16: 0 | AP16: 11 | AQ16: 7 | AR16: 609.61 | AS16: 30.48028 | AT16: 0.001 | AU16: 53.95009 | AV16: 1 | AW16: 0.000142 | AX16: 0.03858 | AY16: 2 | AZ16: 1 | BA16: 0 | BD16: =BE16/$BD$4 -> 1 | BE16: 3600 | BF16: 644.35058 | BG16: 530.08015 | BH16: -523.02029 | BI16: 52.252056 | BJ16: 6.2765874 | BK16: =BJ16-AVERAGE($BJ$5:$BJ$292) -> 0.1559612 | BL16: =BF16-AVERAGE($BF$5:$BF$292) -> 131.64356 | BM16: 3600 | BN16: 644.35058 | BO16: 523.32156 | BP16: -518.0374 | BQ16: 52.210321 | BR16: 6.2232187 | BS16: =BR16-AVERAGE($BR$5:$BR$292) -> 0.091236282 | BT16: =BN16-AVERAGE($BN$5:$BN$292) -> 131.64356 | BU16: 65 | BV16: 8.9701691 | BW16: 10.981594 | BX16: =BV16-AVERAGE($BV$5:$BV$292) -> 4.2520446 | BY16: =BW16-AVERAGE($BW$5:$BW$292) -> 7.7584002
B17: =B16+1 -> 13 | C17: 28.30312 | D17: 59.447018 | E17: 59.447018 | F17: 59.447018 | G17: 59.447018 | H17: 59.447018 | I17: 59.447018 | J17: 59.447018 | K17: 59.447018 | L17: 59.447018 | M17: 59.447018 | N17: 59.447018 | O17: 59.447018 | P17: 59.447018 | Q17: 59.447018 | R17: 59.447018 | T17: 58.928992 | U17: 59.0481 | V17: =U17-T17 -> 0.11910846 | X17: 79.436543 | Y17: 79.436543 | Z17: 79.436543 | AA17: 79.436543 | AB17: 79.436543 | AC17: 79.436543 | AD17: 79.436543 | AE17: 53.340484 | AF17: 79.436543 | AG17: 79.436543 | AH17: 79.436543 | AI17: 79.436543 | AJ17: 79.436543 | AK17: 79.436543 | AL17: 79.436543 | AN17: 12 | AO17: 0 | AP17: 12 | AQ17: 7 | AR17: 609.61 | AS17: 30.48028 | AT17: 0.001 | AU17: 53.340484 | AV17: 1 | AW17: 0.000142 | AX17: 0.03858 | AY17: 2 | AZ17: 1 | BA17: 0 | BD17: =BE17/$BD$4 -> 1.0833333 | BE17: 3900 | BF17: 648.18614 | BG17: 545.91578 | BH17: -539.01595 | BI17: 52.364314 | BJ17: 6.3868695 | BK17: =BJ17-AVERAGE($BJ$5:$BJ$292) -> 0.26624324 | BL17: =BF17-AVERAGE($BF$5:$BF$292) -> 135.47911 | BM17: 3900 | BN17: 648.18614 | BO17: 534.90446 | BP17: -529.45048 | BQ17: 52.291913 | BR17: 6.3054287 | BS17: =BR17-AVERAGE($BR$5:$BR$292) -> 0.17344628 | BT17: =BN17-AVERAGE($BN$5:$BN$292) -> 135.47911 | BU17: 1 | BV17: 21.713347 | BW17: 19.523198 | BX17: =BV17-AVERAGE($BV$5:$BV$292) -> 16.995222 | BY17: =BW17-AVERAGE($BW$5:$BW$292) -> 16.300004
B18: =B17+1 -> 14 | C18: 28.30312 | D18: 58.837412 | E18: 58.837412 | F18: 58.837412 | G18: 58.837412 | H18: 58.837412 | I18: 58.837412 | J18: 58.837412 | K18: 58.837412 | L18: 58.837412 | M18: 58.837412 | N18: 58.837412 | O18: 58.837412 | P18: 58.837412 | Q18: 58.837412 | R18: 58.837412 | T18: 58.28514 | U18: 58.418938 | V18: =U18-T18 -> 0.13379849 | X18: 78.826937 | Y18: 78.826937 | Z18: 78.826937 | AA18: 78.826937 | AB18: 78.826937 | AC18: 78.826937 | AD18: 78.826937 | AE18: 52.730879 | AF18: 78.826937 | AG18: 78.826937 | AH18: 78.826937 | AI18: 78.826937 | AJ18: 78.826937 | AK18: 78.826937 | AL18: 78.826937 | AN18: 13 | AO18: 0 | AP18: 13 | AQ18: 7 | AR18: 609.61 | AS18: 30.48028 | AT18: 0.001 | AU18: 52.730879 | AV18: 1 | AW18: 0.000142 | AX18: 0.03858 | AY18: 2 | AZ18: 1 | BA18: 0 | BD18: =BE18/$BD$4 -> 1.1666667 | BE18: 4200 | BF18: 650.50441 | BG18: 561.18071 | BH18: -554.60493 | BI18: 52.471877 | BJ18: 6.4914769 | BK18: =BJ18-AVERAGE($BJ$5:$BJ$292) -> 0.37085074 | BL18: =BF18-AVERAGE($BF$5:$BF$292) -> 137.79739 | BM18: 4200 | BN18: 650.50441 | BO18: 546.35691 | BP18: -540.88186 | BQ18: 52.37241 | BR18: 6.3855304 | BS18: =BR18-AVERAGE($BR$5:$BR$292) -> 0.25354794 | BT18: =BN18-AVERAGE($BN$5:$BN$292) -> 137.79739 | BV18: 34.218718 | BW18: 27.850983 | BX18: =BV18-AVERAGE($BV$5:$BV$292) -> 29.500594 | BY18: =BW18-AVERAGE($BW$5:$BW$292) -> 24.627788
B19: =B18+1 -> 15 | C19: 28.30312 | D19: 58.227807 | E19: 58.227807 | F19: 58.227807 | G19: 58.227807 | H19: 58.227807 | I19: 58.227807 | J19: 58.227807 | K19: 58.227807 | L19: 58.227807 | M19: 58.227807 | N19: 58.227807 | O19: 58.227807 | P19: 58.227807 | Q19: 58.227807 | R19: 58.227807 | T19: 57.642724 | U19: 57.79155 | V19: =U19-T19 -> 0.14882596 | X19: 78.217331 | Y19: 78.217331 | Z19: 78.217331 | AA19: 78.217331 | AB19: 78.217331 | AC19: 78.217331 | AD19: 78.217331 | AE19: 52.121273 | AF19: 78.217331 | AG19: 78.217331 | AH19: 78.217331 | AI19: 78.217331 | AJ19: 78.217331 | AK19: 78.217331 | AL19: 78.217331 | AN19: 14 | AO19: 0 | AP19: 14 | AQ19: 7 | AR19: 609.61 | AS19: 30.48028 | AT19: 0.001 | AU19: 52.121273 | AV19: 1 | AW19: 0.000142 | AX19: 0.03858 | AY19: 2 | AZ19: 1 | BA19: 0 | BD19: =BE19/$BD$4 -> 1.25 | BE19: 4500 | BF19: 651.28 | BG19: 575.58661 | BH19: -569.4462 | BI19: 52.572745 | BJ19: 6.5888064 | BK19: =BJ19-AVERAGE($BJ$5:$BJ$292) -> 0.4681802 | BL19: =BF19-AVERAGE($BF$5:$BF$292) -> 138.57298 | BM19: 4500 | BN19: 651.28 | BO19: 557.40688 | BP19: -552.03326 | BQ19: 52.449863 | BR19: 6.4618098 | BS19: =BR19-AVERAGE($BR$5:$BR$292) -> 0.32982735 | BT19: =BN19-AVERAGE($BN$5:$BN$292) -> 138.57298 | BV19: 46.349324 | BW19: 35.873741 | BX19: =BV19-AVERAGE($BV$5:$BV$292) -> 41.631199 | BY19: =BW19-AVERAGE($BW$5:$BW$292) -> 32.650546
B20: =B19+1 -> 16 | D20: 57.618201 | E20: 57.618201 | F20: 57.618201 | G20: 57.618201 | H20: 57.618201 | I20: 57.618201 | J20: 57.618201 | K20: 57.618201 | L20: 57.618201 | M20: 57.618201 | N20: 57.618201 | O20: 57.618201 | P20: 57.618201 | Q20: 57.618201 | R20: 57.618201 | T20: 57.001809 | U20: 57.165907 | V20: =U20-T20 -> 0.16409729 | X20: 77.607726 | Y20: 77.607726 | Z20: 77.607726 | AA20: 77.607726 | AB20: 77.607726 | AC20: 77.607726 | AD20: 77.607726 | AE20: 51.511668 | AF20: 77.607726 | AG20: 77.607726 | AH20: 77.607726 | AI20: 77.607726 | AJ20: 77.607726 | AK20: 77.607726 | AL20: 77.607726 | AN20: 15 | AO20: 0 | AP20: 15 | AQ20: 7 | AR20: 609.61 | AS20: 30.48028 | AT20: 0.001 | AU20: 51.511668 | AV20: 1 | AW20: 0.000142 | AX20: 0.03858 | AY20: 2 | AZ20: 1 | BA20: 0 | BD20: =BE20/$BD$4 -> 1.3333333 | BE20: 4800 | BF20: 650.50441 | BG20: 588.94171 | BH20: -583.30389 | BI20: 52.665675 | BJ20: 6.6778978 | BK20: =BJ20-AVERAGE($BJ$5:$BJ$292) -> 0.55727157 | BL20: =BF20-AVERAGE($BF$5:$BF$292) -> 137.79739 | BM20: 4800 | BN20: 650.50441 | BO20: 567.85275 | BP20: -562.67162 | BQ20: 52.522847 | BR20: 6.5330755 | BS20: =BR20-AVERAGE($BR$5:$BR$292) -> 0.40109312 | BT20: =BN20-AVERAGE($BN$5:$BN$292) -> 137.79739 | BV20: 57.972308 | BW20: 43.503607 | BX20: =BV20-AVERAGE($BV$5:$BV$292) -> 53.254183 | BY20: =BW20-AVERAGE($BW$5:$BW$292) -> 40.280412
B21: =B20+1 -> 17 | D21: 57.008596 | E21: 57.008596 | F21: 57.008596 | G21: 57.008596 | H21: 57.008596 | I21: 57.008596 | J21: 57.008596 | K21: 57.008596 | L21: 57.008596 | M21: 57.008596 | N21: 57.008596 | O21: 57.008596 | P21: 57.008596 | Q21: 57.008596 | R21: 57.008596 | T21: 56.362458 | U21: 56.541977 | V21: =U21-T21 -> 0.17951896 | X21: 76.99812 | Y21: 76.99812 | Z21: 76.99812 | AA21: 76.99812 | AB21: 76.99812 | AC21: 76.99812 | AD21: 76.99812 | AE21: 50.902062 | AF21: 76.99812 | AG21: 76.99812 | AH21: 76.99812 | AI21: 76.99812 | AJ21: 76.99812 | AK21: 76.99812 | AL21: 76.99812 | AN21: 16 | AO21: 0 | AP21: 16 | AQ21: 7 | AR21: 609.61 | AS21: 30.48028 | AT21: 0.001 | AU21: 50.902062 | AV21: 1 | AW21: 0.000142 | AX21: 0.03858 | AY21: 2 | AZ21: 1 | BA21: 0 | BD21: =BE21/$BD$4 -> 1.4166667 | BE21: 5100 | BF21: 648.18614 | BG21: 601.11276 | BH21: -596.01916 | BI21: 52.749908 | BJ21: 6.758135 | BK21: =BJ21-AVERAGE($BJ$5:$BJ$292) -> 0.63750877 | BL21: =BF21-AVERAGE($BF$5:$BF$292) -> 135.47911 | BM21: 5100 | BN21: 648.18614 | BO21: 577.54698 | BP21: -572.62574 | BQ21: 52.590372 | BR21: 6.5984946 | BS21: =BR21-AVERAGE($BR$5:$BR$292) -> 0.46651218 | BT21: =BN21-AVERAGE($BN$5:$BN$292) -> 135.47911 | BV21: 68.960374 | BW21: 50.657018 | BX21: =BV21-AVERAGE($BV$5:$BV$292) -> 64.24225 | BY21: =BW21-AVERAGE($BW$5:$BW$292) -> 47.433823
B22: =B21+1 -> 18 | D22: 56.398991 | E22: 56.398991 | F22: 56.398991 | G22: 56.398991 | H22: 56.398991 | I22: 56.398991 | J22: 56.398991 | K22: 56.398991 | L22: 56.398991 | M22: 56.398991 | N22: 56.398991 | O22: 56.398991 | P22: 56.398991 | Q22: 56.398991 | R22: 56.398991 | T22: 55.724729 | U22: 55.919727 | V22: =U22-T22 -> 0.19499798 | X22: 76.388514 | Y22: 76.388514 | Z22: 76.388514 | AA22: 76.388514 | AB22: 76.388514 | AC22: 76.388514 | AD22: 76.388514 | AE22: 50.292457 | AF22: 76.388514 | AG22: 76.388514 | AH22: 76.388514 | AI22: 76.388514 | AJ22: 76.388514 | AK22: 76.388514 | AL22: 76.388514 | AN22: 17 | AO22: 0 | AP22: 17 | AQ22: 7 | AR22: 609.61 | AS22: 30.48028 | AT22: 0.001 | AU22: 50.292457 | AV22: 1 | AW22: 0.000142 | AX22: 0.03858 | AY22: 2 | AZ22: 1 | BA22: 0 | BD22: =BE22/$BD$4 -> 1.5 | BE22: 5400 | BF22: 644.35058 | BG22: 611.99463 | BH22: -607.47538 | BI22: 52.824921 | BJ22: 6.8290518 | BK22: =BJ22-AVERAGE($BJ$5:$BJ$292) -> 0.70842562 | BL22: =BF22-AVERAGE($BF$5:$BF$292) -> 131.64356 | BM22: 5400 | BN22: 644.35058 | BO22: 586.37442 | BP22: -581.76665 | BQ22: 52.651721 | BR22: 6.6574359 | BS22: =BR22-AVERAGE($BR$5:$BR$292) -> 0.52545349 | BT22: =BN22-AVERAGE($BN$5:$BN$292) -> 131.64356 | BV22: 79.193181 | BW22: 57.255629 | BX22: =BV22-AVERAGE($BV$5:$BV$292) -> 74.475057 | BY22: =BW22-AVERAGE($BW$5:$BW$292) -> 54.032435
B23: =B22+1 -> 19 | D23: 55.789385 | E23: 55.789385 | F23: 55.789385 | G23: 55.789385 | H23: 55.789385 | I23: 55.789385 | J23: 55.789385 | K23: 55.789385 | L23: 55.789385 | M23: 55.789385 | N23: 55.789385 | O23: 55.789385 | P23: 55.789385 | Q23: 55.789385 | R23: 55.789385 | T23: 55.088675 | U23: 55.299117 | V23: =U23-T23 -> 0.21044234 | X23: 75.778909 | Y23: 75.778909 | Z23: 75.778909 | AA23: 75.778909 | AB23: 75.778909 | AC23: 75.778909 | AD23: 75.778909 | AE23: 49.682852 | AF23: 75.778909 | AG23: 75.778909 | AH23: 75.778909 | AI23: 75.778909 | AJ23: 75.778909 | AK23: 75.778909 | AL23: 75.778909 | AN23: 18 | AO23: 0 | AP23: 18 | AQ23: 7 | AR23: 609.61 | AS23: 30.48028 | AT23: 0.001 | AU23: 49.682852 | AV23: 1 | AW23: 0.000142 | AX23: 0.03858 | AY23: 2 | AZ23: 1 | BA23: 0 | BD23: =BE23/$BD$4 -> 1.5833333 | BE23: 5700 | BF23: 639.03977 | BG23: 621.49825 | BH23: -617.57762 | BI23: 52.890308 | BJ23: 6.8902679 | BK23: =BJ23-AVERAGE($BJ$5:$BJ$292) -> 0.76964173 | BL23: =BF23-AVERAGE($BF$5:$BF$292) -> 126.33274 | BM23: 5700 | BN23: 639.03977 | BO23: 594.23952 | BP23: -589.99081 | BQ23: 52.706335 | BR23: 6.709391 | BS23: =BR23-AVERAGE($BR$5:$BR$292) -> 0.57740861 | BT23: =BN23-AVERAGE($BN$5:$BN$292) -> 126.33274 | BV23: 88.558658 | BW23: 63.227172 | BX23: =BV23-AVERAGE($BV$5:$BV$292) -> 83.840534 | BY23: =BW23-AVERAGE($BW$5:$BW$292) -> 60.003978
B24: =B23+1 -> 20 | D24: 55.17978 | E24: 55.17978 | F24: 55.17978 | G24: 55.17978 | H24: 55.17978 | I24: 55.17978 | J24: 55.17978 | K24: 55.17978 | L24: 55.17978 | M24: 55.17978 | N24: 55.17978 | O24: 55.17978 | P24: 55.17978 | Q24: 55.17978 | R24: 55.17978 | T24: 54.454346 | U24: 54.680107 | V24: =U24-T24 -> 0.22576145 | X24: 75.169303 | Y24: 75.169303 | Z24: 75.169303 | AA24: 75.169303 | AB24: 75.169303 | AC24: 75.169303 | AD24: 75.169303 | AE24: 49.073246 | AF24: 75.169303 | AG24: 75.169303 | AH24: 75.169303 | AI24: 75.169303 | AJ24: 75.169303 | AK24: 75.169303 | AL24: 75.169303 | AN24: 19 | AO24: 0 | AP24: 19 | AQ24: 7 | AR24: 609.61 | AS24: 30.48028 | AT24: 0.001 | AU24: 49.073246 | AV24: 1 | AW24: 0.000142 | AX24: 0.03858 | AY24: 2 | AZ24: 1 | BA24: 0 | BD24: =BE24/$BD$4 -> 1.6666667 | BE24: 6000 | BF24: 632.31188 | BG24: 629.55031 | BH24: -626.24724 | BI24: 52.945749 | BJ24: 6.9414905 | BK24: =BJ24-AVERAGE($BJ$5:$BJ$292) -> 0.82086433 | BL24: =BF24-AVERAGE($BF$5:$BF$292) -> 119.60485 | BM24: 6000 | BN24: 632.31188 | BO24: 601.06265 | BP24: -597.21244 | BQ24: 52.753767 | BR24: 6.753953 | BS24: =BR24-AVERAGE($BR$5:$BR$292) -> 0.62197058 | BT24: =BN24-AVERAGE($BN$5:$BN$292) -> 119.60485 | BV24: 96.954234 | BW24: 68.506246 | BX24: =BV24-AVERAGE($BV$5:$BV$292) -> 92.23611 | BY24: =BW24-AVERAGE($BW$5:$BW$292) -> 65.283052
B25: =B24+1 -> 21 | D25: 54.570174 | E25: 54.570174 | F25: 54.570174 | G25: 54.570174 | H25: 54.570174 | I25: 54.570174 | J25: 54.570174 | K25: 54.570174 | L25: 54.570174 | M25: 54.570174 | N25: 54.570174 | O25: 54.570174 | P25: 54.570174 | Q25: 54.570174 | R25: 54.570174 | T25: 53.821786 | U25: 54.062653 | V25: =U25-T25 -> 0.24086659 | X25: 74.559697 | Y25: 74.559697 | Z25: 74.559697 | AA25: 74.559697 | AB25: 74.559697 | AC25: 74.559697 | AD25: 74.559697 | AE25: 48.463641 | AF25: 74.559697 | AG25: 74.559697 | AH25: 74.559697 | AI25: 74.559697 | AJ25: 74.559697 | AK25: 74.559697 | AL25: 74.559697 | AN25: 20 | AO25: 0 | AP25: 20 | AQ25: 7 | AR25: 609.61 | AS25: 30.48028 | AT25: 0.001 | AU25: 48.463641 | AV25: 1 | AW25: 0.000142 | AX25: 0.03858 | AY25: 2 | AZ25: 1 | BA25: 0 | BD25: =BE25/$BD$4 -> 1.75 | BE25: 6300 | BF25: 624.24063 | BG25: 636.09586 | BH25: -633.42321 | BI25: 52.991023 | BJ25: 6.9825269 | BK25: =BJ25-AVERAGE($BJ$5:$BJ$292) -> 0.86190073 | BL25: =BF25-AVERAGE($BF$5:$BF$292) -> 111.5336 | BM25: 6300 | BN25: 624.24063 | BO25: 606.78045 | BP25: -603.36207 | BQ25: 52.793672 | BR25: 6.7908159 | BS25: =BR25-AVERAGE($BR$5:$BR$292) -> 0.65883347 | BT25: =BN25-AVERAGE($BN$5:$BN$292) -> 111.5336 | BV25: 104.28796 | BW25: 73.035035 | BX25: =BV25-AVERAGE($BV$5:$BV$292) -> 99.569835 | BY25: =BW25-AVERAGE($BW$5:$BW$292) -> 69.81184
B26: =B25+1 -> 22 | D26: 53.960569 | E26: 53.960569 | F26: 53.960569 | G26: 53.960569 | H26: 53.960569 | I26: 53.960569 | J26: 53.960569 | K26: 53.960569 | L26: 53.960569 | M26: 53.960569 | N26: 53.960569 | O26: 53.960569 | P26: 53.960569 | Q26: 53.960569 | R26: 53.960569 | T26: 53.191037 | U26: 53.446708 | V26: =U26-T26 -> 0.25567134 | X26: 73.950092 | Y26: 73.950092 | Z26: 73.950092 | AA26: 73.950092 | AB26: 73.950092 | AC26: 73.950092 | AD26: 73.950092 | AE26: 47.854035 | AF26: 73.950092 | AG26: 73.950092 | AH26: 73.950092 | AI26: 73.950092 | AJ26: 73.950092 | AK26: 73.950092 | AL26: 73.950092 | AN26: 21 | AO26: 0 | AP26: 21 | AQ26: 7 | AR26: 609.61 | AS26: 30.48028 | AT26: 0.001 | AU26: 47.854035 | AV26: 1 | AW26: 0.000142 | AX26: 0.03858 | AY26: 2 | AZ26: 1 | BA26: 0 | BD26: =BE26/$BD$4 -> 1.8333333 | BE26: 6600 | BF26: 614.91444 | BG26: 641.09979 | BH26: -639.06402 | BI26: 53.026011 | BJ26: 7.0132877 | BK26: =BJ26-AVERAGE($BJ$5:$BJ$292) -> 0.89266153 | BL26: =BF26-AVERAGE($BF$5:$BF$292) -> 102.20742 | BM26: 6600 | BN26: 614.91444 | BO26: 611.34655 | BP26: -608.38703 | BQ26: 52.82581 | BR26: 6.8197744 | BS26: =BR26-AVERAGE($BR$5:$BR$292) -> 0.68779199 | BT26: =BN26-AVERAGE($BN$5:$BN$292) -> 102.20742 | BV26: 110.47951 | BW26: 76.763937 | BX26: =BV26-AVERAGE($BV$5:$BV$292) -> 105.76139 | BY26: =BW26-AVERAGE($BW$5:$BW$292) -> 73.540743
B27: =B26+1 -> 23 | D27: 53.350963 | E27: 53.350963 | F27: 53.350963 | G27: 53.350963 | H27: 53.350963 | I27: 53.350963 | J27: 53.350963 | K27: 53.350963 | L27: 53.350963 | M27: 53.350963 | N27: 53.350963 | O27: 53.350963 | P27: 53.350963 | Q27: 53.350963 | R27: 53.350963 | T27: 52.562133 | U27: 52.832225 | V27: =U27-T27 -> 0.27009196 | X27: 73.340486 | Y27: 73.340486 | Z27: 73.340486 | AA27: 73.340486 | AB27: 73.340486 | AC27: 73.340486 | AD27: 73.340486 | AE27: 47.24443 | AF27: 73.340486 | AG27: 73.340486 | AH27: 73.340486 | AI27: 73.340486 | AJ27: 73.340486 | AK27: 73.340486 | AL27: 73.340486 | AN27: 22 | AO27: 0 | AP27: 22 | AQ27: 7 | AR27: 609.61 | AS27: 30.48028 | AT27: 0.001 | AU27: 47.24443 | AV27: 1 | AW27: 0.000142 | AX27: 0.03858 | AY27: 2 | AZ27: 1 | BA27: 0 | BD27: =BE27/$BD$4 -> 1.9166667 | BE27: 6900 | BF27: 604.43551 | BG27: 644.5467 | BH27: -643.14808 | BI27: 53.050693 | BJ27: 7.0337822 | BK27: =BJ27-AVERAGE($BJ$5:$BJ$292) -> 0.91315595 | BL27: =BF27-AVERAGE($BF$5:$BF$292) -> 91.728489 | BM27: 6900 | BN27: 604.43551 | BO27: 614.73145 | BP27: -612.25165 | BQ27: 52.850034 | BR27: 6.8407195 | BS27: =BR27-AVERAGE($BR$5:$BR$292) -> 0.70873704 | BT27: =BN27-AVERAGE($BN$5:$BN$292) -> 91.728489 | BV27: 115.46109 | BW27: 79.652115 | BX27: =BV27-AVERAGE($BV$5:$BV$292) -> 110.74296 | BY27: =BW27-AVERAGE($BW$5:$BW$292) -> 76.428921
B28: =B27+1 -> 24 | D28: 52.741358 | E28: 52.741358 | F28: 52.741358 | G28: 52.741358 | H28: 52.741358 | I28: 52.741358 | J28: 52.741358 | K28: 52.741358 | L28: 52.741358 | M28: 52.741358 | N28: 52.741358 | O28: 52.741358 | P28: 52.741358 | Q28: 52.741358 | R28: 52.741358 | T28: 51.935105 | U28: 52.219153 | V28: =U28-T28 -> 0.28404783 | X28: 72.730881 | Y28: 72.730881 | Z28: 72.730881 | AA28: 72.730881 | AB28: 72.730881 | AC28: 72.730881 | AD28: 72.730881 | AE28: 46.634824 | AF28: 72.730881 | AG28: 72.730881 | AH28: 72.730881 | AI28: 72.730881 | AJ28: 72.730881 | AK28: 72.730881 | AL28: 72.730881 | AN28: 23 | AO28: 0 | AP28: 23 | AQ28: 7 | AR28: 609.61 | AS28: 30.48028 | AT28: 0.001 | AU28: 46.634824 | AV28: 1 | AW28: 0.000142 | AX28: 0.03858 | AY28: 2 | AZ28: 1 | BA28: 0 | BD28: =BE28/$BD$4 -> 2 | BE28: 7200 | BF28: 592.91864 | BG28: 646.43998 | BH28: -645.67303 | BI28: 53.065147 | BJ28: 7.0441101 | BK28: =BJ28-AVERAGE($BJ$5:$BJ$292) -> 0.92348385 | BL28: =BF28-AVERAGE($BF$5:$BF$292) -> 80.211613 | BM28: 7200 | BN28: 592.91864 | BO28: 616.92196 | BP28: -614.93683 | BQ28: 52.866294 | BR28: 6.8536314 | BS28: =BR28-AVERAGE($BR$5:$BR$292) -> 0.72164903 | BT28: =BN28-AVERAGE($BN$5:$BN$292) -> 80.211613 | BV28: 119.17812 | BW28: 81.667937 | BX28: =BV28-AVERAGE($BV$5:$BV$292) -> 114.46 | BY28: =BW28-AVERAGE($BW$5:$BW$292) -> 78.444743
B29: =B28+1 -> 25 | D29: 52.131752 | E29: 52.131752 | F29: 52.131752 | G29: 52.131752 | H29: 52.131752 | I29: 52.131752 | J29: 52.131752 | K29: 52.131752 | L29: 52.131752 | M29: 52.131752 | N29: 52.131752 | O29: 52.131752 | P29: 52.131752 | Q29: 52.131752 | R29: 52.131752 | T29: 51.309978 | U29: 51.60744 | V29: =U29-T29 -> 0.29746178 | X29: 72.121275 | Y29: 72.121275 | Z29: 72.121275 | AA29: 72.121275 | AB29: 72.121275 | AC29: 72.121275 | AD29: 72.121275 | AE29: 46.025219 | AF29: 72.121275 | AG29: 72.121275 | AH29: 72.121275 | AI29: 72.121275 | AJ29: 72.121275 | AK29: 72.121275 | AL29: 72.121275 | AN29: 24 | AO29: 0 | AP29: 24 | AQ29: 7 | AR29: 609.61 | AS29: 30.48028 | AT29: 0.001 | AU29: 46.025219 | AV29: 1 | AW29: 0.000142 | AX29: 0.03858 | AY29: 2 | AZ29: 1 | BA29: 0 | BD29: =BE29/$BD$4 -> 2.0833333 | BE29: 7500 | BF29: 580.49 | BG29: 646.80041 | BH29: -646.6545 | BI29: 53.069533 | BJ29: 7.0444537 | BK29: =BJ29-AVERAGE($BJ$5:$BJ$292) -> 0.92382745 | BL29: =BF29-AVERAGE($BF$5:$BF$292) -> 67.782977 | BM29: 7500 | BN29: 580.49 | BO29: 617.92022 | BP29: -616.43913 | BQ29: 52.874624 | BR29: 6.8585729 | BS29: =BR29-AVERAGE($BR$5:$BR$292) -> 0.72659051 | BT29: =BN29-AVERAGE($BN$5:$BN$292) -> 67.782977 | BV29: 121.58991 | BW29: 82.789325 | BX29: =BV29-AVERAGE($BV$5:$BV$292) -> 116.87179 | BY29: =BW29-AVERAGE($BW$5:$BW$292) -> 79.56613
B30: =B29+1 -> 26 | D30: 51.522147 | E30: 51.522147 | F30: 51.522147 | G30: 51.522147 | H30: 51.522147 | I30: 51.522147 | J30: 51.522147 | K30: 51.522147 | L30: 51.522147 | M30: 51.522147 | N30: 51.522147 | O30: 51.522147 | P30: 51.522147 | Q30: 51.522147 | R30: 51.522147 | T30: 50.686772 | U30: 50.997033 | V30: =U30-T30 -> 0.31026045 | X30: 71.511669 | Y30: 71.511669 | Z30: 71.511669 | AA30: 71.511669 | AB30: 71.511669 | AC30: 71.511669 | AD30: 71.511669 | AE30: 45.415613 | AF30: 71.511669 | AG30: 71.511669 | AH30: 71.511669 | AI30: 71.511669 | AJ30: 71.511669 | AK30: 71.511669 | AL30: 71.511669 | AN30: 25 | AO30: 0 | AP30: 25 | AQ30: 7 | AR30: 609.61 | AS30: 30.48028 | AT30: 0.001 | AU30: 45.415613 | AV30: 1 | AW30: 0.000142 | AX30: 0.03858 | AY30: 2 | AZ30: 1 | BA30: 0 | BD30: =BE30/$BD$4 -> 2.1666667 | BE30: 7800 | BF30: 567.28577 | BG30: 645.66483 | BH30: -646.12463 | BI30: 53.06409 | BJ30: 7.0350697 | BK30: =BJ30-AVERAGE($BJ$5:$BJ$292) -> 0.91444345 | BL30: =BF30-AVERAGE($BF$5:$BF$292) -> 54.578751 | BM30: 7800 | BN30: 567.28577 | BO30: 617.74259 | BP30: -616.76971 | BQ30: 52.875134 | BR30: 6.8556814 | BS30: =BR30-AVERAGE($BR$5:$BR$292) -> 0.72369894 | BT30: =BN30-AVERAGE($BN$5:$BN$292) -> 54.578751 | BV30: 122.67004 | BW30: 83.003997 | BX30: =BV30-AVERAGE($BV$5:$BV$292) -> 117.95191 | BY30: =BW30-AVERAGE($BW$5:$BW$292) -> 79.780803
B31: =B30+1 -> 27 | D31: 50.912541 | E31: 50.912541 | F31: 50.912541 | G31: 50.912541 | H31: 50.912541 | I31: 50.912541 | J31: 50.912541 | K31: 50.912541 | L31: 50.912541 | M31: 50.912541 | N31: 50.912541 | O31: 50.912541 | P31: 50.912541 | Q31: 50.912541 | R31: 50.912541 | T31: 50.065502 | U31: 50.387877 | V31: =U31-T31 -> 0.32237458 | X31: 70.902064 | Y31: 70.902064 | Z31: 70.902064 | AA31: 70.902064 | AB31: 70.902064 | AC31: 70.902064 | AD31: 70.902064 | AE31: 44.806008 | AF31: 70.902064 | AG31: 70.902064 | AH31: 70.902064 | AI31: 70.902064 | AJ31: 70.902064 | AK31: 70.902064 | AL31: 70.902064 | AN31: 26 | AO31: 0 | AP31: 26 | AQ31: 7 | AR31: 609.61 | AS31: 30.48028 | AT31: 0.001 | AU31: 44.806008 | AV31: 1 | AW31: 0.000142 | AX31: 0.03858 | AY31: 2 | AZ31: 1 | BA31: 0 | BD31: =BE31/$BD$4 -> 2.25 | BE31: 8100 | BF31: 553.45063 | BG31: 643.08457 | BH31: -644.13053 | BI31: 53.049123 | BJ31: 7.016282 | BK31: =BJ31-AVERAGE($BJ$5:$BJ$292) -> 0.89565578 | BL31: =BF31-AVERAGE($BF$5:$BF$292) -> 40.743603 | BM31: 8100 | BN31: 553.45063 | BO31: 616.41853 | BP31: -615.95317 | BQ31: 52.868005 | BR31: 6.8451621 | BS31: =BR31-AVERAGE($BR$5:$BR$292) -> 0.7131797 | BT31: =BN31-AVERAGE($BN$5:$BN$292) -> 40.743603 | BV31: 122.40667 | BW31: 82.309603 | BX31: =BV31-AVERAGE($BV$5:$BV$292) -> 117.68854 | BY31: =BW31-AVERAGE($BW$5:$BW$292) -> 79.086409
... B69: =B68+1 -> 65 | D69: 27.747533 | E69: 27.747533 | F69: 27.747533 | G69: 27.747533 | H69: 27.747533 | I69: 27.747533 | J69: 27.747533 | K69: 27.747533 | L69: 27.747533 | M69: 27.747533 | N69: 27.747533 | O69: 27.747533 | P69: 27.747533 | Q69: 27.747533 | R69: 27.747533 | T69: 27.579176 | U69: 27.651931 | V69: =U69-T69 -> 0.072754855 | X69: 47.73705 | Y69: 47.73705 | Z69: 47.73705 | AA69: 47.73705 | AB69: 47.73705 | AC69: 47.73705 | AD69: 47.73705 | AE69: 21.641 | AF69: 47.73705 | AG69: 47.73705 | AH69: 47.73705 | AI69: 47.73705 | AJ69: 47.73705 | AK69: 47.73705 | AL69: 47.73705 | AN69: 64 | AO69: 0 | AP69: 64 | AQ69: 7 | AR69: 609.61 | AS69: 30.48028 | AT69: 0.001 | AU69: 21.641 | AV69: 1 | AW69: 0.000142 | AX69: 0.03858 | AY69: 1 | AZ69: 1 | BA69: 0 | BD69: =BE69/$BD$4 -> 5.4166667 | BE69: 19500 | BF69: 580.49 | BG69: 423.67061 | BH69: -417.91678 | BI69: 51.468303 | BJ69: 5.4885979 | BK69: =BJ69-AVERAGE($BJ$5:$BJ$292) -> -0.63202831 | BL69: =BF69-AVERAGE($BF$5:$BF$292) -> 67.782977 | BM69: 19500 | BN69: 580.49 | BO69: 440.41494 | BP69: -437.09084 | BQ69: 51.606542 | BR69: 5.6078668 | BS69: =BR69-AVERAGE($BR$5:$BR$292) -> -0.5241156 | BT69: =BN69-AVERAGE($BN$5:$BN$292) -> 67.782977 | BV69: -75.339623 | BW69: -46.984494 | BX69: =BV69-AVERAGE($BV$5:$BV$292) -> -80.057748 | BY69: =BW69-AVERAGE($BW$5:$BW$292) -> -50.207689
BD70: =BE70/$BD$4 -> 5.5 | BE70: 19800 | BF70: 592.91864 | BG70: 436.89773 | BH70: -430.59571 | BI70: 51.568219 | BJ70: 5.5919281 | BK70: =BJ70-AVERAGE($BJ$5:$BJ$292) -> -0.52869807 | BL70: =BF70-AVERAGE($BF$5:$BF$292) -> 80.211613 | BM70: 19800 | BN70: 592.91864 | BO70: 449.7453 | BP70: -445.8522 | BQ70: 51.6753 | BR70: 5.6806056 | BS70: =BR70-AVERAGE($BR$5:$BR$292) -> -0.45137677 | BT70: =BN70-AVERAGE($BN$5:$BN$292) -> 80.211613 | BV70: -64.801484 | BW70: -39.572061 | BX70: =BV70-AVERAGE($BV$5:$BV$292) -> -69.519608 | BY70: =BW70-AVERAGE($BW$5:$BW$292) -> -42.795255
BD71: =BE71/$BD$4 -> 5.5833333 | BE71: 20100 | BF71: 604.43551 | BG71: 451.21753 | BH71: -444.48034 | BI71: 51.675655 | BJ71: 5.7017915 | BK71: =BJ71-AVERAGE($BJ$5:$BJ$292) -> -0.41883475 | BL71: =BF71-AVERAGE($BF$5:$BF$292) -> 91.728489 | BM71: 20100 | BN71: 604.43551 | BO71: 459.97151 | BP71: -455.56988 | BQ71: 51.750457 | BR71: 5.7591785 | BS71: =BR71-AVERAGE($BR$5:$BR$292) -> -0.37280394 | BT71: =BN71-AVERAGE($BN$5:$BN$292) -> 91.728489 | BV71: -53.553633 | BW71: -31.726231 | BX71: =BV71-AVERAGE($BV$5:$BV$292) -> -58.271758 | BY71: =BW71-AVERAGE($BW$5:$BW$292) -> -34.949426
BD72: =BE72/$BD$4 -> 5.6666667 | BE72: 20400 | BF72: 614.91444 | BG72: 466.40028 | BH72: -459.34985 | BI72: 51.788651 | BJ72: 5.8162205 | BK72: =BJ72-AVERAGE($BJ$5:$BJ$292) -> -0.30440569 | BL72: =BF72-AVERAGE($BF$5:$BF$292) -> 102.20742 | BM72: 20400 | BN72: 614.91444 | BO72: 470.94812 | BP72: -466.10968 | BQ72: 51.830809 | BR72: 5.8423182 | BS72: =BR72-AVERAGE($BR$5:$BR$292) -> -0.28966422 | BT72: =BN72-AVERAGE($BN$5:$BN$292) -> 102.20742 | BV72: -41.719259 | BW72: -23.532933 | BX72: =BV72-AVERAGE($BV$5:$BV$292) -> -46.437383 | BY72: =BW72-AVERAGE($BW$5:$BW$292) -> -26.756128
BD73: =BE73/$BD$4 -> 5.75 | BE73: 20700 | BF73: 624.24063 | BG73: 482.19654 | BH73: -474.95799 | BI73: 51.905177 | BJ73: 5.9332177 | BK73: =BJ73-AVERAGE($BJ$5:$BJ$292) -> -0.18740856 | BL73: =BF73-AVERAGE($BF$5:$BF$292) -> 111.5336 | BM73: 20700 | BN73: 624.24063 | BO73: 482.51105 | BP73: -477.31591 | BQ73: 51.915041 | BR73: 5.9286725 | BS73: =BR73-AVERAGE($BR$5:$BR$292) -> -0.20330993 | BT73: =BN73-AVERAGE($BN$5:$BN$292) -> 111.5336 | BV73: -29.427972 | BW73: -15.081901 | BX73: =BV73-AVERAGE($BV$5:$BV$292) -> -34.146097 | BY73: =BW73-AVERAGE($BW$5:$BW$292) -> -18.305095
BD74: =BE74/$BD$4 -> 5.8333333 | BE74: 21000 | BF74: 632.31188 | BG74: 498.34719 | BH74: -491.04365 | BI74: 52.02321 | BJ74: 6.0508329 | BK74: =BJ74-AVERAGE($BJ$5:$BJ$292) -> -0.069793322 | BL74: =BF74-AVERAGE($BF$5:$BF$292) -> 119.60485 | BM74: 21000 | BN74: 632.31188 | BO74: 494.4832 | BP74: -489.01671 | BQ74: 52.001774 | BR74: 6.0168536 | BS74: =BR74-AVERAGE($BR$5:$BR$292) -> -0.1151288 | BT74: =BN74-AVERAGE($BN$5:$BN$292) -> 119.60485 | BV74: -16.814388 | BW74: -6.4656901 | BX74: =BV74-AVERAGE($BV$5:$BV$292) -> -21.532512 | BY74: =BW74-AVERAGE($BW$5:$BW$292) -> -9.6888844
BD75: =BE75/$BD$4 -> 5.9166667 | BE75: 21300 | BF75: 639.03977 | BG75: 514.59273 | BH75: -507.34119 | BI75: 52.140818 | BJ75: 6.1672255 | BK75: =BJ75-AVERAGE($BJ$5:$BJ$292) -> 0.046599304 | BL75: =BF75-AVERAGE($BF$5:$BF$292) -> 126.33274 | BM75: 21300 | BN75: 639.03977 | BO75: 506.68023 | BP75: -501.02998 | BQ75: 52.089617 | BR75: 6.1054847 | BS75: =BR75-AVERAGE($BR$5:$BR$292) -> -0.026497737 | BT75: =BN75-AVERAGE($BN$5:$BN$292) -> 126.33274 | BV75: -4.016651 | BW75: 2.2213333 | BX75: =BV75-AVERAGE($BV$5:$BV$292) -> -8.7347755 | BY75: =BW75-AVERAGE($BW$5:$BW$292) -> -1.001861
BD76: =BE76/$BD$4 -> 6 | BE76: 21600 | BF76: 644.35058 | BG76: 530.68122 | BH76: -523.58949 | BI76: 52.256206 | BJ76: 6.2807072 | BK76: =BJ76-AVERAGE($BJ$5:$BJ$292) -> 0.16008098 | BL76: =BF76-AVERAGE($BF$5:$BF$292) -> 131.64356 | BM76: 21600 | BN76: 644.35058 | BO76: 518.91627 | BP76: -513.16936 | BQ76: 52.177211 | BR76: 6.193239 | BS76: =BR76-AVERAGE($BR$5:$BR$292) -> 0.061256621 | BT76: =BN76-AVERAGE($BN$5:$BN$292) -> 131.64356 | BV76: 8.8250765 | BW76: 10.884028 | BX76: =BV76-AVERAGE($BV$5:$BV$292) -> 4.106952 | BY76: =BW76-AVERAGE($BW$5:$BW$292) -> 7.6608342
BD77: =BE77/$BD$4 -> 6.0833333 | BE77: 21900 | BF77: 648.18614 | BG77: 546.37448 | BH77: -539.53937 | BI77: 52.367757 | BJ77: 6.3897679 | BK77: =BJ77-AVERAGE($BJ$5:$BJ$292) -> 0.26914164 | BL77: =BF77-AVERAGE($BF$5:$BF$292) -> 135.47911 | BM77: 21900 | BN77: 648.18614 | BO77: 531.00902 | BP77: -525.24979 | BQ77: 52.263265 | BR77: 6.2788714 | BS77: =BR77-AVERAGE($BR$5:$BR$292) -> 0.14688897 | BT77: =BN77-AVERAGE($BN$5:$BN$292) -> 135.47911 | BV77: 21.570151 | BW77: 19.427521 | BX77: =BV77-AVERAGE($BV$5:$BV$292) -> 16.852027 | BY77: =BW77-AVERAGE($BW$5:$BW$292) -> 16.204327
BD78: =BE78/$BD$4 -> 6.1666667 | BE78: 22200 | BF78: 650.50441 | BG78: 561.45268 | BH78: -554.95905 | BI78: 52.474047 | BJ78: 6.4930873 | BK78: =BJ78-AVERAGE($BJ$5:$BJ$292) -> 0.3724611 | BL78: =BF78-AVERAGE($BF$5:$BF$292) -> 137.79739 | BM78: 22200 | BN78: 650.50441 | BO78: 542.78401 | BP78: -537.09234 | BQ78: 52.346585 | BR78: 6.3612401 | BS78: =BR78-AVERAGE($BR$5:$BR$292) -> 0.22925767 | BT78: =BN78-AVERAGE($BN$5:$BN$292) -> 137.79739 | BV78: 34.078988 | BW78: 27.758242 | BX78: =BV78-AVERAGE($BV$5:$BV$292) -> 29.360863 | BY78: =BW78-AVERAGE($BW$5:$BW$292) -> 24.535047
BD79: =BE79/$BD$4 -> 6.25 | BE79: 22500 | BF79: 651.28 | BG79: 575.71738 | BH79: -569.63802 | BI79: 52.573852 | BJ79: 6.5895363 | BK79: =BJ79-AVERAGE($BJ$5:$BJ$292) -> 0.46891006 | BL79: =BF79-AVERAGE($BF$5:$BF$292) -> 138.57298 | BM79: 22500 | BN79: 651.28 | BO79: 554.07819 | BP79: -548.5282 | BQ79: 52.426088 | BR79: 6.4393215 | BS79: =BR79-AVERAGE($BR$5:$BR$292) -> 0.3073391 | BT79: =BN79-AVERAGE($BN$5:$BN$292) -> 138.57298 | BV79: 46.214588 | BW79: 35.784952 | BX79: =BV79-AVERAGE($BV$5:$BV$292) -> 41.496464 | BY79: =BW79-AVERAGE($BW$5:$BW$292) -> 32.561758
BD80: =BE80/$BD$4 -> 6.3333333 | BE80: 22800 | BF80: 650.50441 | BG80: 588.99337 | BH80: -583.38929 | BI80: 52.666141 | BJ80: 6.6781701 | BK80: =BJ80-AVERAGE($BJ$5:$BJ$292) -> 0.55754393 | BL80: =BF80-AVERAGE($BF$5:$BF$292) -> 137.79739 | BM80: 22800 | BN80: 650.50441 | BO80: 564.74245 | BP80: -559.40174 | BQ80: 52.500819 | BR80: 6.5122177 | BS80: =BR80-AVERAGE($BR$5:$BR$292) -> 0.38023533 | BT80: =BN80-AVERAGE($BN$5:$BN$292) -> 137.79739 | BV80: 57.844043 | BW80: 43.419742 | BX80: =BV80-AVERAGE($BV$5:$BV$292) -> 53.125919 | BY80: =BW80-AVERAGE($BW$5:$BW$292) -> 40.196548
BD81: =BE81/$BD$4 -> 6.4166667 | BE81: 23100 | BF81: 648.18614 | BG81: 601.12953 | BH81: -596.05065 | BI81: 52.750071 | BJ81: 6.7582186 | BK81: =BJ81-AVERAGE($BJ$5:$BJ$292) -> 0.63759235 | BL81: =BF81-AVERAGE($BF$5:$BF$292) -> 135.47911 | BM81: 23100 | BN81: 648.18614 | BO81: 574.64359 | BP81: -569.57277 | BQ81: 52.56995 | BR81: 6.5791589 | BS81: =BR81-AVERAGE($BR$5:$BR$292) -> 0.44717651 | BT81: =BN81-AVERAGE($BN$5:$BN$292) -> 135.47911 | BV81: 68.839986 | BW81: 50.578997 | BX81: =BV81-AVERAGE($BV$5:$BV$292) -> 64.121861 | BY81: =BW81-AVERAGE($BW$5:$BW$292) -> 47.355802
... BD292: =BE292/$BD$4 -> 24 | BE292: 86400 | BF292: 375.04942 | BG292: 423.32476 | BH292: -428.24557 | BI292: 51.50696 | BJ292: 5.4440635 | BK292: =BJ292-AVERAGE($BJ$5:$BJ$292) -> -0.67656275 | BL292: =BF292-AVERAGE($BF$5:$BF$292) -> -137.6576 | BM292: 86400 | BN292: 375.04942 | BO292: 448.01609 | BP292: -452.6815 | BQ292: 51.694578 | BR292: 5.6340246 | BS292: =BR292-AVERAGE($BR$5:$BR$292) -> -0.49795786 | BT292: =BN292-AVERAGE($BN$5:$BN$292) -> -137.6576 | BV292: -78.691932 | BW292: -56.934041 | BX292: =BV292-AVERAGE($BV$5:$BV$292) -> -83.410057 | BY292: =BW292-AVERAGE($BW$5:$BW$292) -> -60.157235
A293: 1 | BT293: =BN293-AVERAGE($BN$5:$BN$292) -> -512.70702 | BV293: -88.10416 | BW293: -62.939172 | BX293: =BV293-AVERAGE($BV$5:$BV$292) -> -92.822284 | BY293: =BW293-AVERAGE($BW$5:$BW$292) -> -66.162366

Sheet 13
CD1: 1
N2: a5_uzf_pakdata.csv | AE2: a3_sfr_pakdata.csv | AU2: a4_sfr_conn.csv | BC2: =COUNT(BB4:BB104) -> 100 | BD2: a1_tdis_ds | BF2: MVR __ MOVE... | BH2: STR | BT2: STR
N3: c1_uzf_pakdata.csv | AB3: uzfcells | AE3: c2_sfr_pakdata | AO3: - | AP3: K_str | AR3: order | AT3: / | AU3: - | BC3: a6_extwc.csv | BD3: a2_wel_spd | BF3: a8 | BH3: Not discussed | BQ3: =MAX(BQ5:BQ350) -> 730 | BR3: =365*2 -> 730 | BT3: Not discussed
AB4: ag | AK4: S | AL4: Width | AN4: H | AO4: - | AQ4: Roughness | AR4: 0 | AT4: 0 | AV4: 0 | AW4: 1 | AX4: 2 | AY4: 3 | BC4: 0 | BD4: a7_finf | BF4: c5 | BI4: atotim | BJ4: aEXTIN | BK4: aINFLOW | BL4: aFROMMVR | BM4: aGWF | BN4: aOUTFLOW | BO4: aEXTOUT | BP4: aTOMVR | BQ4: =24*60*60 -> 86400 | BU4: atotim | BV4: aLAK1_STAGE | BW4: aLAK2_STAGE | BX4: aLAK1_TO-MVR | BY4: aLAK1_FROM-MVR | BZ4: aLAK2_TO-MVR | CA4: aLAK2_FROM-MVR
C5: =C175 -> 1 | D5: =D175 -> 2 | E5: =E175 -> 3 | F5: =F175 -> 4 | G5: =G175 -> 5 | H5: =H175 -> 6 | I5: =I175 -> 7 | J5: =J175 -> 8 | ... L5: =L175 -> 10 | O5: b0 | P5: b1 | Q5: b2 | R5: a0 | S5: a1 | T5: a2 | U5: a3 | V5: a4 | W5: a5 | X5: a6 | Y5: a7 | Z5: a8 | AA5: a9 | AB5: a10 | AC5: 1 | AD5: 2 | AF5: b0 | AG5: b1 | AH5: b2 | AI5: a0 | AJ5: a1 | AK5: a2 | AL5: a3 | AM5: a4 | AN5: a5 | AO5: a6 | AP5: a7 | AQ5: a8 | AR5: a9 | AS5: a10 | AT5: a11 | AV5: 0 | AW5: 1 | AX5: 2 | AY5: 3 | BB5: 0 | BC5: 0.100005 | BD5: Starting H | BF5: ('SFR-1', 22, 'LAK-1', 0, 'FACTOR', 1.0) | BH5: 0 | BI5: 2628000 | BJ5: 185 | BK5: 1015.8549 | BL5: 224.4624 | BM5: 6.3920435 | BN5: -1015.8549 | BO5: -195.94 | BP5: -207.13036 | BQ5: =BI5/$BQ$4 -> 30.416667 | BR5: atotim | BT5: 0 | BU5: 2628000 | BV5: 1041.2514 | BW5: 1001.4105 | BX5: -32.629096 | BY5: 31.227061 | BZ5: -186.39163 | CA5: 175.9033
A6: 1 | B6: 1 | C6: =IF(C76<>0,-1,IF(ISNUMBER(MATCH(C177,$AD$6:$AD$205,0)),$AD$5,IF(ISNUMBER(MATCH(C177,$AT$6:$AT$206,0)),$AK$4,IF(ISNUMBER(MATCH(C177,$AC$6:$AC$205,0)),$AC$5,0)))) -> S | D6: =IF(D76<>0,-1,IF(ISNUMBER(MATCH(D177,$AD$6:$AD$205,0)),$AD$5,IF(ISNUMBER(MATCH(D177,$AT$6:$AT$206,0)),$AK$4,IF(ISNUMBER(MATCH(D177,$AC$6:$AC$205,0)),$AC$5,0)))) -> 1 | E6: =IF(E76<>0,-1,IF(ISNUMBER(MATCH(E177,$AD$6:$AD$205,0)),$AD$5,IF(ISNUMBER(MATCH(E177,$AT$6:$AT$206,0)),$AK$4,IF(ISNUMBER(MATCH(E177,$AC$6:$AC$205,0)),$AC$5,0)))) -> 0 | F6: =IF(F76<>0,-1,IF(ISNUMBER(MATCH(F177,$AD$6:$AD$205,0)),$AD$5,IF(ISNUMBER(MATCH(F177,$AT$6:$AT$206,0)),$AK$4,IF(ISNUMBER(MATCH(F177,$AC$6:$AC$205,0)),$AC$5,0)))) -> 0 | G6: =IF(G76<>0,-1,IF(ISNUMBER(MATCH(G177,$AD$6:$AD$205,0)),$AD$5,IF(ISNUMBER(MATCH(G177,$AT$6:$AT$206,0)),$AK$4,IF(ISNUMBER(MATCH(G177,$AC$6:$AC$205,0)),$AC$5,0)))) -> 0 | H6: =IF(H76<>0,-1,IF(ISNUMBER(MATCH(H177,$AD$6:$AD$205,0)),$AD$5,IF(ISNUMBER(MATCH(H177,$AT$6:$AT$206,0)),$AK$4,IF(ISNUMBER(MATCH(H177,$AC$6:$AC$205,0)),$AC$5,0)))) -> 0 | I6: =IF(I76<>0,-1,IF(ISNUMBER(MATCH(I177,$AD$6:$AD$205,0)),$AD$5,IF(ISNUMBER(MATCH(I177,$AT$6:$AT$206,0)),$AK$4,IF(ISNUMBER(MATCH(I177,$AC$6:$AC$205,0)),$AC$5,0)))) -> 0 | J6: =IF(J76<>0,-1,IF(ISNUMBER(MATCH(J177,$AD$6:$AD$205,0)),$AD$5,IF(ISNUMBER(MATCH(J177,$AT$6:$AT$206,0)),$AK$4,IF(ISNUMBER(MATCH(J177,$AC$6:$AC$205,0)),$AC$5,0)))) -> 0 | ... L6: =IF(L76<>0,-1,IF(ISNUMBER(MATCH(L177,$AD$6:$AD$205,0)),$AD$5,IF(ISNUMBER(MATCH(L177,$AT$6:$AT$206,0)),$AK$4,IF(ISNUMBER(MATCH(L177,$AC$6:$AC$205,0)),$AC$5,0)))) -> 0 | M6: =COUNT(C6:L6) -> 9 | N6: 0 | O6: 0 | P6: 0 | Q6: 0 | R6: 0 | S6: (0, 0, 0) | T6: 1 | U6: 100 | V6: 0.1 | W6: 1e-06 | X6: 0.1 | Y6: 0.3 | Z6: 0.11 | AA6: 3.5 | AB6: uzfcells | AC6: =IF(AB6=$AB$3,_xlfn.CONCAT(Q6+1,",",P6+1),"") -> 1,1 | AD6: =IF(AB6=$AB$4,_xlfn.CONCAT(Q6+1,",",P6+1),"") | AE6: 0 | AF6: 0 | AG6: 0 | AH6: 0 | AI6: 0 | AJ6: (0, 0, 0) | AK6: 4500 | AL6: 12 | AM6: 0.0008677 | AN6: 1093.048 | AO6: 3 | AP6: 3e-06 | AQ6: 0.03 | AR6: 1 | AS6: 1 | AT6: =_xlfn.CONCAT(AH6+1,",",AG6+1) -> 1,1 | AU6: 0 | AV6: 0 | AW6: -1 | BB6: 1 | BC6: 0.100005 | BE6: - | BF6: ('LAK-1', 0, 'SFR-1', 23, 'FACTOR', 1.0) | BH6: 1 | BI6: 2803200 | BJ6: 185 | BK6: 1015.855 | BL6: 225.45545 | BM6: 6.3927413 | BN6: -1015.855 | BO6: -196.93163 | BP6: -207.13108 | BQ6: =BI6/$BQ$4 -> 32.444444 | BR6: aEXTIN | BT6: 1 | BU6: 2803200 | BV6: 1041.2514 | BW6: 1001.4105 | BX6: -32.629085 | BY6: 31.227061 | BZ6: -186.39164 | CA6: 175.90402
A7: =A6+1 -> 2 | B7: =B6+1 -> 2 | C7: =IF(C77<>0,-1,IF(ISNUMBER(MATCH(C178,$AD$6:$AD$205,0)),$AD$5,IF(ISNUMBER(MATCH(C178,$AT$6:$AT$206,0)),$AK$4,IF(ISNUMBER(MATCH(C178,$AC$6:$AC$205,0)),$AC$5,0)))) -> 1 | D7: =IF(D77<>0,-1,IF(ISNUMBER(MATCH(D178,$AD$6:$AD$205,0)),$AD$5,IF(ISNUMBER(MATCH(D178,$AT$6:$AT$206,0)),$AK$4,IF(ISNUMBER(MATCH(D178,$AC$6:$AC$205,0)),$AC$5,0)))) -> S | E7: =IF(E77<>0,-1,IF(ISNUMBER(MATCH(E178,$AD$6:$AD$205,0)),$AD$5,IF(ISNUMBER(MATCH(E178,$AT$6:$AT$206,0)),$AK$4,IF(ISNUMBER(MATCH(E178,$AC$6:$AC$205,0)),$AC$5,0)))) -> 1 | F7: =IF(F77<>0,-1,IF(ISNUMBER(MATCH(F178,$AD$6:$AD$205,0)),$AD$5,IF(ISNUMBER(MATCH(F178,$AT$6:$AT$206,0)),$AK$4,IF(ISNUMBER(MATCH(F178,$AC$6:$AC$205,0)),$AC$5,0)))) -> 0 | G7: =IF(G77<>0,-1,IF(ISNUMBER(MATCH(G178,$AD$6:$AD$205,0)),$AD$5,IF(ISNUMBER(MATCH(G178,$AT$6:$AT$206,0)),$AK$4,IF(ISNUMBER(MATCH(G178,$AC$6:$AC$205,0)),$AC$5,0)))) -> 0 | H7: =IF(H77<>0,-1,IF(ISNUMBER(MATCH(H178,$AD$6:$AD$205,0)),$AD$5,IF(ISNUMBER(MATCH(H178,$AT$6:$AT$206,0)),$AK$4,IF(ISNUMBER(MATCH(H178,$AC$6:$AC$205,0)),$AC$5,0)))) -> 1 | I7: =IF(I77<>0,-1,IF(ISNUMBER(MATCH(I178,$AD$6:$AD$205,0)),$AD$5,IF(ISNUMBER(MATCH(I178,$AT$6:$AT$206,0)),$AK$4,IF(ISNUMBER(MATCH(I178,$AC$6:$AC$205,0)),$AC$5,0)))) -> 1 | J7: =IF(J77<>0,-1,IF(ISNUMBER(MATCH(J178,$AD$6:$AD$205,0)),$AD$5,IF(ISNUMBER(MATCH(J178,$AT$6:$AT$206,0)),$AK$4,IF(ISNUMBER(MATCH(J178,$AC$6:$AC$205,0)),$AC$5,0)))) -> 1 | ... L7: =IF(L77<>0,-1,IF(ISNUMBER(MATCH(L178,$AD$6:$AD$205,0)),$AD$5,IF(ISNUMBER(MATCH(L178,$AT$6:$AT$206,0)),$AK$4,IF(ISNUMBER(MATCH(L178,$AC$6:$AC$205,0)),$AC$5,0)))) -> 0 | M7: =COUNT(B6:B20) -> 15 | N7: 1 | O7: 0 | P7: 0 | Q7: 1 | R7: 1 | S7: (0, 0, 1) | T7: 1 | U7: 101 | V7: 0.1 | W7: 1e-06 | X7: 0.1 | Y7: 0.3 | Z7: 0.11 | AA7: 3.5 | AB7: uzfcells | AC7: =IF(AB7=$AB$3,_xlfn.CONCAT(Q7+1,",",P7+1),"") -> 2,1 | AD7: =IF(AB7=$AB$4,_xlfn.CONCAT(Q7+1,",",P7+1),"") | AE7: 1 | AF7: 0 | AG7: 1 | AH7: 1 | AI7: 1 | AJ7: (0, 1, 1) | AK7: 7000 | AL7: 12 | AM7: 0.0008677 | AN7: 1088.059 | AO7: 3 | AP7: 3e-06 | AQ7: 0.03 | AR7: 2 | AS7: 1 | AT7: =_xlfn.CONCAT(AH7+1,",",AG7+1) -> 2,2 | AU7: 1 | AV7: 1 | AW7: 0 | AX7: -2 | BB7: 2 | BC7: 0.20001 | BE7: - | BF7: ('SFR-1', 28, 'LAK-1', 1, 'FACTOR', 1.0) | BH7: 2 | BI7: 2978400 | BJ7: 185 | BK7: 1015.8551 | BL7: 225.45519 | BM7: 6.3919065 | BN7: -1015.8551 | BO7: -196.93154 | BP7: -207.13174 | BQ7: =BI7/$BQ$4 -> 34.472222 | BR7: aINFLOW | BT7: 2 | BU7: 2978400 | BV7: 1041.2514 | BW7: 1001.4105 | BX7: -32.629063 | BY7: 31.227061 | BZ7: -186.39166 | CA7: 175.90468
A8: =A7+1 -> 3 | B8: =B7+1 -> 3 | C8: =IF(C78<>0,-1,IF(ISNUMBER(MATCH(C179,$AD$6:$AD$205,0)),$AD$5,IF(ISNUMBER(MATCH(C179,$AT$6:$AT$206,0)),$AK$4,IF(ISNUMBER(MATCH(C179,$AC$6:$AC$205,0)),$AC$5,0)))) -> 0 | D8: =IF(D78<>0,-1,IF(ISNUMBER(MATCH(D179,$AD$6:$AD$205,0)),$AD$5,IF(ISNUMBER(MATCH(D179,$AT$6:$AT$206,0)),$AK$4,IF(ISNUMBER(MATCH(D179,$AC$6:$AC$205,0)),$AC$5,0)))) -> 1 | E8: =IF(E78<>0,-1,IF(ISNUMBER(MATCH(E179,$AD$6:$AD$205,0)),$AD$5,IF(ISNUMBER(MATCH(E179,$AT$6:$AT$206,0)),$AK$4,IF(ISNUMBER(MATCH(E179,$AC$6:$AC$205,0)),$AC$5,0)))) -> S | F8: =IF(F78<>0,-1,IF(ISNUMBER(MATCH(F179,$AD$6:$AD$205,0)),$AD$5,IF(ISNUMBER(MATCH(F179,$AT$6:$AT$206,0)),$AK$4,IF(ISNUMBER(MATCH(F179,$AC$6:$AC$205,0)),$AC$5,0)))) -> S | G8: =IF(G78<>0,-1,IF(ISNUMBER(MATCH(G179,$AD$6:$AD$205,0)),$AD$5,IF(ISNUMBER(MATCH(G179,$AT$6:$AT$206,0)),$AK$4,IF(ISNUMBER(MATCH(G179,$AC$6:$AC$205,0)),$AC$5,0)))) -> S | H8: =IF(H78<>0,-1,IF(ISNUMBER(MATCH(H179,$AD$6:$AD$205,0)),$AD$5,IF(ISNUMBER(MATCH(H179,$AT$6:$AT$206,0)),$AK$4,IF(ISNUMBER(MATCH(H179,$AC$6:$AC$205,0)),$AC$5,0)))) -> S | I8: =IF(I78<>0,-1,IF(ISNUMBER(MATCH(I179,$AD$6:$AD$205,0)),$AD$5,IF(ISNUMBER(MATCH(I179,$AT$6:$AT$206,0)),$AK$4,IF(ISNUMBER(MATCH(I179,$AC$6:$AC$205,0)),$AC$5,0)))) -> S | J8: =IF(J78<>0,-1,IF(ISNUMBER(MATCH(J179,$AD$6:$AD$205,0)),$AD$5,IF(ISNUMBER(MATCH(J179,$AT$6:$AT$206,0)),$AK$4,IF(ISNUMBER(MATCH(J179,$AC$6:$AC$205,0)),$AC$5,0)))) -> 1 | ... L8: =IF(L78<>0,-1,IF(ISNUMBER(MATCH(L179,$AD$6:$AD$205,0)),$AD$5,IF(ISNUMBER(MATCH(L179,$AT$6:$AT$206,0)),$AK$4,IF(ISNUMBER(MATCH(L179,$AC$6:$AC$205,0)),$AC$5,0)))) -> 0 | M8: =M6-D23 -> -1 | N8: 2 | O8: 0 | P8: 1 | Q8: 0 | R8: 2 | S8: (0, 1, 0) | T8: 1 | U8: 102 | V8: 0.1 | W8: 1e-06 | X8: 0.2 | Y8: 0.3 | Z8: 0.21 | AA8: 3.5 | AB8: uzfcells | AC8: =IF(AB8=$AB$3,_xlfn.CONCAT(Q8+1,",",P8+1),"") -> 1,2 | AD8: =IF(AB8=$AB$4,_xlfn.CONCAT(Q8+1,",",P8+1),"") | AE8: 2 | AF8: 0 | AG8: 2 | AH8: 2 | AI8: 2 | AJ8: (0, 2, 2) | AK8: 6000 | AL8: 12 | AM8: 0.0008677 | AN8: 1082.419 | AO8: 3 | AP8: 3e-06 | AQ8: 0.03 | AR8: 2 | AS8: 1 | AT8: =_xlfn.CONCAT(AH8+1,",",AG8+1) -> 3,3 | AU8: 2 | AV8: 2 | AW8: 1 | AX8: -3 | BB8: 3 | BC8: 0.100005 | BE8: - | BF8: ('LAK-1', 1, 'SFR-1', 29, 'FACTOR', 1.0) | BH8: 3 | BI8: 3153600 | BJ8: 185 | BK8: 1015.8552 | BL8: 225.4549 | BM8: 6.3911267 | BN8: -1015.8552 | BO8: -196.93141 | BP8: -207.13236 | BQ8: =BI8/$BQ$4 -> 36.5 | BR8: aFROMMVR | BT8: 3 | BU8: 3153600 | BV8: 1041.2514 | BW8: 1001.4105 | BX8: -32.629031 | BY8: 31.227061 | BZ8: -186.39167 | CA8: 175.9053
A9: =A8+1 -> 4 | B9: =B8+1 -> 4 | C9: =IF(C79<>0,-1,IF(ISNUMBER(MATCH(C180,$AD$6:$AD$205,0)),$AD$5,IF(ISNUMBER(MATCH(C180,$AT$6:$AT$206,0)),$AK$4,IF(ISNUMBER(MATCH(C180,$AC$6:$AC$205,0)),$AC$5,0)))) -> 1 | D9: =IF(D79<>0,-1,IF(ISNUMBER(MATCH(D180,$AD$6:$AD$205,0)),$AD$5,IF(ISNUMBER(MATCH(D180,$AT$6:$AT$206,0)),$AK$4,IF(ISNUMBER(MATCH(D180,$AC$6:$AC$205,0)),$AC$5,0)))) -> 1 | E9: =IF(E79<>0,-1,IF(ISNUMBER(MATCH(E180,$AD$6:$AD$205,0)),$AD$5,IF(ISNUMBER(MATCH(E180,$AT$6:$AT$206,0)),$AK$4,IF(ISNUMBER(MATCH(E180,$AC$6:$AC$205,0)),$AC$5,0)))) -> 1 | F9: =IF(F79<>0,-1,IF(ISNUMBER(MATCH(F180,$AD$6:$AD$205,0)),$AD$5,IF(ISNUMBER(MATCH(F180,$AT$6:$AT$206,0)),$AK$4,IF(ISNUMBER(MATCH(F180,$AC$6:$AC$205,0)),$AC$5,0)))) -> 1 | G9: =IF(G79<>0,-1,IF(ISNUMBER(MATCH(G180,$AD$6:$AD$205,0)),$AD$5,IF(ISNUMBER(MATCH(G180,$AT$6:$AT$206,0)),$AK$4,IF(ISNUMBER(MATCH(G180,$AC$6:$AC$205,0)),$AC$5,0)))) -> S | H9: =IF(H79<>0,-1,IF(ISNUMBER(MATCH(H180,$AD$6:$AD$205,0)),$AD$5,IF(ISNUMBER(MATCH(H180,$AT$6:$AT$206,0)),$AK$4,IF(ISNUMBER(MATCH(H180,$AC$6:$AC$205,0)),$AC$5,0)))) -> 1 | I9: =IF(I79<>0,-1,IF(ISNUMBER(MATCH(I180,$AD$6:$AD$205,0)),$AD$5,IF(ISNUMBER(MATCH(I180,$AT$6:$AT$206,0)),$AK$4,IF(ISNUMBER(MATCH(I180,$AC$6:$AC$205,0)),$AC$5,0)))) -> 1 | J9: =IF(J79<>0,-1,IF(ISNUMBER(MATCH(J180,$AD$6:$AD$205,0)),$AD$5,IF(ISNUMBER(MATCH(J180,$AT$6:$AT$206,0)),$AK$4,IF(ISNUMBER(MATCH(J180,$AC$6:$AC$205,0)),$AC$5,0)))) -> S | ... L9: =IF(L79<>0,-1,IF(ISNUMBER(MATCH(L180,$AD$6:$AD$205,0)),$AD$5,IF(ISNUMBER(MATCH(L180,$AT$6:$AT$206,0)),$AK$4,IF(ISNUMBER(MATCH(L180,$AC$6:$AC$205,0)),$AC$5,0)))) -> 0 | M9: =M7-D24 -> 0 | N9: 3 | O9: 0 | P9: 1 | Q9: 1 | R9: 3 | S9: (0, 1, 1) | T9: 1 | U9: 103 | V9: 0.1 | W9: 1e-06 | X9: 0.1 | Y9: 0.3 | Z9: 0.11 | AA9: 3.5 | AB9: uzfcells | AC9: =IF(AB9=$AB$3,_xlfn.CONCAT(Q9+1,",",P9+1),"") -> 2,2 | AD9: =IF(AB9=$AB$4,_xlfn.CONCAT(Q9+1,",",P9+1),"") | AE9: 3 | AF9: 0 | AG9: 2 | AH9: 3 | AI9: 3 | AJ9: (0, 2, 3) | AK9: 5550 | AL9: 12 | AM9: 0.0008677 | AN9: 1077.408 | AO9: 3 | AP9: 3e-06 | AQ9: 0.03 | AR9: 3 | AS9: 1 | AT9: =_xlfn.CONCAT(AH9+1,",",AG9+1) -> 4,3 | AU9: 3 | AV9: 3 | AW9: 2 | AX9: -4 | AY9: -9 | BB9: 4 | BC9: 0.100005 | BE9: - | BF9: ('UZF-1', 0, 'SFR-1', 0, 'FACTOR', 1.0) | BH9: 4 | BI9: 3328800 | BJ9: 185 | BK9: 1015.8553 | BL9: 225.45459 | BM9: 6.3903993 | BN9: -1015.8553 | BO9: -196.93126 | BP9: -207.13293 | BQ9: =BI9/$BQ$4 -> 38.527778 | BR9: aGWF | BT9: 4 | BU9: 3328800 | BV9: 1041.2514 | BW9: 1001.4105 | BX9: -32.62899 | BY9: 31.227061 | BZ9: -186.39166 | CA9: 175.90587
A10: =A9+1 -> 5 | B10: =B9+1 -> 5 | C10: =IF(C80<>0,-1,IF(ISNUMBER(MATCH(C181,$AD$6:$AD$205,0)),$AD$5,IF(ISNUMBER(MATCH(C181,$AT$6:$AT$206,0)),$AK$4,IF(ISNUMBER(MATCH(C181,$AC$6:$AC$205,0)),$AC$5,0)))) -> 1 | D10: =IF(D80<>0,-1,IF(ISNUMBER(MATCH(D181,$AD$6:$AD$205,0)),$AD$5,IF(ISNUMBER(MATCH(D181,$AT$6:$AT$206,0)),$AK$4,IF(ISNUMBER(MATCH(D181,$AC$6:$AC$205,0)),$AC$5,0)))) -> 1 | E10: =IF(E80<>0,-1,IF(ISNUMBER(MATCH(E181,$AD$6:$AD$205,0)),$AD$5,IF(ISNUMBER(MATCH(E181,$AT$6:$AT$206,0)),$AK$4,IF(ISNUMBER(MATCH(E181,$AC$6:$AC$205,0)),$AC$5,0)))) -> 1 | F10: =IF(F80<>0,-1,IF(ISNUMBER(MATCH(F181,$AD$6:$AD$205,0)),$AD$5,IF(ISNUMBER(MATCH(F181,$AT$6:$AT$206,0)),$AK$4,IF(ISNUMBER(MATCH(F181,$AC$6:$AC$205,0)),$AC$5,0)))) -> 1 | G10: =IF(G80<>0,-1,IF(ISNUMBER(MATCH(G181,$AD$6:$AD$205,0)),$AD$5,IF(ISNUMBER(MATCH(G181,$AT$6:$AT$206,0)),$AK$4,IF(ISNUMBER(MATCH(G181,$AC$6:$AC$205,0)),$AC$5,0)))) -> 1 | H10: =IF(H80<>0,-1,IF(ISNUMBER(MATCH(H181,$AD$6:$AD$205,0)),$AD$5,IF(ISNUMBER(MATCH(H181,$AT$6:$AT$206,0)),$AK$4,IF(ISNUMBER(MATCH(H181,$AC$6:$AC$205,0)),$AC$5,0)))) -> S | I10: =IF(I80<>0,-1,IF(ISNUMBER(MATCH(I181,$AD$6:$AD$205,0)),$AD$5,IF(ISNUMBER(MATCH(I181,$AT$6:$AT$206,0)),$AK$4,IF(ISNUMBER(MATCH(I181,$AC$6:$AC$205,0)),$AC$5,0)))) -> 1 | J10: =IF(J80<>0,-1,IF(ISNUMBER(MATCH(J181,$AD$6:$AD$205,0)),$AD$5,IF(ISNUMBER(MATCH(J181,$AT$6:$AT$206,0)),$AK$4,IF(ISNUMBER(MATCH(J181,$AC$6:$AC$205,0)),$AC$5,0)))) -> S | ... L10: =IF(L80<>0,-1,IF(ISNUMBER(MATCH(L181,$AD$6:$AD$205,0)),$AD$5,IF(ISNUMBER(MATCH(L181,$AT$6:$AT$206,0)),$AK$4,IF(ISNUMBER(MATCH(L181,$AC$6:$AC$205,0)),$AC$5,0)))) -> S | N10: 4 | O10: 0 | P10: 1 | Q10: 2 | R10: 4 | S10: (0, 1, 2) | T10: 1 | U10: 104 | V10: 0.1 | W10: 1e-06 | X10: 0.1 | Y10: 0.3 | Z10: 0.11 | AA10: 3.5 | AB10: uzfcells | AC10: =IF(AB10=$AB$3,_xlfn.CONCAT(Q10+1,",",P10+1),"") -> 3,2 | AD10: =IF(AB10=$AB$4,_xlfn.CONCAT(Q10+1,",",P10+1),"") | AE10: 4 | AF10: 0 | AG10: 3 | AH10: 4 | AI10: 4 | AJ10: (0, 3, 4) | AK10: 6500 | AL10: 12 | AM10: 0.0009434 | AN10: 1071.934 | AO10: 3 | AP10: 3e-06 | AQ10: 0.03 | AR10: 2 | AS10: 1 | AT10: =_xlfn.CONCAT(AH10+1,",",AG10+1) -> 5,4 | AU10: 4 | AV10: 4 | AW10: 3 | AX10: -5 | BB10: 5 | BC10: 0.20001 | BE10: - | BF10: ('UZF-1', 1, 'SFR-1', 1, 'FACTOR', 1.0) | BH10: 5 | BI10: 3504000 | BJ10: 185 | BK10: 1015.8552 | BL10: 225.45425 | BM10: 6.3897217 | BN10: -1015.8552 | BO10: -196.93107 | BP10: -207.13346 | BQ10: =BI10/$BQ$4 -> 40.555556 | BR10: aOUTFLOW | BT10: 5 | BU10: 3504000 | BV10: 1041.2514 | BW10: 1001.4105 | BX10: -32.62894 | BY10: 31.227061 | BZ10: -186.39165 | CA10: 175.9064
A11: =A10+1 -> 6 | B11: =B10+1 -> 6 | C11: =IF(C81<>0,-1,IF(ISNUMBER(MATCH(C182,$AD$6:$AD$205,0)),$AD$5,IF(ISNUMBER(MATCH(C182,$AT$6:$AT$206,0)),$AK$4,IF(ISNUMBER(MATCH(C182,$AC$6:$AC$205,0)),$AC$5,0)))) -> 1 | D11: =IF(D81<>0,-1,IF(ISNUMBER(MATCH(D182,$AD$6:$AD$205,0)),$AD$5,IF(ISNUMBER(MATCH(D182,$AT$6:$AT$206,0)),$AK$4,IF(ISNUMBER(MATCH(D182,$AC$6:$AC$205,0)),$AC$5,0)))) -> 1 | E11: =IF(E81<>0,-1,IF(ISNUMBER(MATCH(E182,$AD$6:$AD$205,0)),$AD$5,IF(ISNUMBER(MATCH(E182,$AT$6:$AT$206,0)),$AK$4,IF(ISNUMBER(MATCH(E182,$AC$6:$AC$205,0)),$AC$5,0)))) -> 1 | F11: =IF(F81<>0,-1,IF(ISNUMBER(MATCH(F182,$AD$6:$AD$205,0)),$AD$5,IF(ISNUMBER(MATCH(F182,$AT$6:$AT$206,0)),$AK$4,IF(ISNUMBER(MATCH(F182,$AC$6:$AC$205,0)),$AC$5,0)))) -> 2 | G11: =IF(G81<>0,-1,IF(ISNUMBER(MATCH(G182,$AD$6:$AD$205,0)),$AD$5,IF(ISNUMBER(MATCH(G182,$AT$6:$AT$206,0)),$AK$4,IF(ISNUMBER(MATCH(G182,$AC$6:$AC$205,0)),$AC$5,0)))) -> 2 | H11: =IF(H81<>0,-1,IF(ISNUMBER(MATCH(H182,$AD$6:$AD$205,0)),$AD$5,IF(ISNUMBER(MATCH(H182,$AT$6:$AT$206,0)),$AK$4,IF(ISNUMBER(MATCH(H182,$AC$6:$AC$205,0)),$AC$5,0)))) -> S | I11: =IF(I81<>0,-1,IF(ISNUMBER(MATCH(I182,$AD$6:$AD$205,0)),$AD$5,IF(ISNUMBER(MATCH(I182,$AT$6:$AT$206,0)),$AK$4,IF(ISNUMBER(MATCH(I182,$AC$6:$AC$205,0)),$AC$5,0)))) -> 1 | J11: =IF(J81<>0,-1,IF(ISNUMBER(MATCH(J182,$AD$6:$AD$205,0)),$AD$5,IF(ISNUMBER(MATCH(J182,$AT$6:$AT$206,0)),$AK$4,IF(ISNUMBER(MATCH(J182,$AC$6:$AC$205,0)),$AC$5,0)))) -> S | ... L11: =IF(L81<>0,-1,IF(ISNUMBER(MATCH(L182,$AD$6:$AD$205,0)),$AD$5,IF(ISNUMBER(MATCH(L182,$AT$6:$AT$206,0)),$AK$4,IF(ISNUMBER(MATCH(L182,$AC$6:$AC$205,0)),$AC$5,0)))) -> 1 | N11: 5 | O11: 0 | P11: 1 | Q11: 5 | R11: 5 | S11: (0, 1, 5) | T11: 1 | U11: 105 | V11: 0.1 | W11: 1e-06 | X11: 0.2 | Y11: 0.3 | Z11: 0.21 | AA11: 3.5 | AB11: uzfcells | AC11: =IF(AB11=$AB$3,_xlfn.CONCAT(Q11+1,",",P11+1),"") -> 6,2 | AD11: =IF(AB11=$AB$4,_xlfn.CONCAT(Q11+1,",",P11+1),"") | AE11: 5 | AF11: 0 | AG11: 4 | AH11: 5 | AI11: 5 | AJ11: (0, 4, 5) | AK11: 5000 | AL11: 12 | AM11: 0.0009434 | AN11: 1066.509 | AO11: 3 | AP11: 3e-06 | AQ11: 0.03 | AR11: 2 | AS11: 1 | AT11: =_xlfn.CONCAT(AH11+1,",",AG11+1) -> 6,5 | AU11: 5 | AV11: 5 | AW11: 4 | AX11: -6 | BB11: 6 | BC11: 0.20001 | BE11: - | BF11: ('UZF-1', 2, 'SFR-1', 1, 'FACTOR', 1.0) | BH11: 6 | BI11: 3679200 | BJ11: 185 | BK11: 1015.8552 | BL11: 225.45388 | BM11: 6.3890916 | BN11: -1015.8552 | BO11: -196.93084 | BP11: -207.13395 | BQ11: =BI11/$BQ$4 -> 42.583333 | BR11: aEXTOUT | BT11: 6 | BU11: 3679200 | BV11: 1041.2514 | BW11: 1001.4105 | BX11: -32.628882 | BY11: 31.227061 | BZ11: -186.39162 | CA11: 175.90689
A12: =A11+1 -> 7 | B12: =B11+1 -> 7 | C12: =IF(C82<>0,-1,IF(ISNUMBER(MATCH(C183,$AD$6:$AD$205,0)),$AD$5,IF(ISNUMBER(MATCH(C183,$AT$6:$AT$206,0)),$AK$4,IF(ISNUMBER(MATCH(C183,$AC$6:$AC$205,0)),$AC$5,0)))) -> 1 | D12: =IF(D82<>0,-1,IF(ISNUMBER(MATCH(D183,$AD$6:$AD$205,0)),$AD$5,IF(ISNUMBER(MATCH(D183,$AT$6:$AT$206,0)),$AK$4,IF(ISNUMBER(MATCH(D183,$AC$6:$AC$205,0)),$AC$5,0)))) -> 1 | E12: =IF(E82<>0,-1,IF(ISNUMBER(MATCH(E183,$AD$6:$AD$205,0)),$AD$5,IF(ISNUMBER(MATCH(E183,$AT$6:$AT$206,0)),$AK$4,IF(ISNUMBER(MATCH(E183,$AC$6:$AC$205,0)),$AC$5,0)))) -> 1 | F12: =IF(F82<>0,-1,IF(ISNUMBER(MATCH(F183,$AD$6:$AD$205,0)),$AD$5,IF(ISNUMBER(MATCH(F183,$AT$6:$AT$206,0)),$AK$4,IF(ISNUMBER(MATCH(F183,$AC$6:$AC$205,0)),$AC$5,0)))) -> 2 | G12: =IF(G82<>0,-1,IF(ISNUMBER(MATCH(G183,$AD$6:$AD$205,0)),$AD$5,IF(ISNUMBER(MATCH(G183,$AT$6:$AT$206,0)),$AK$4,IF(ISNUMBER(MATCH(G183,$AC$6:$AC$205,0)),$AC$5,0)))) -> 2 | H12: =IF(H82<>0,-1,IF(ISNUMBER(MATCH(H183,$AD$6:$AD$205,0)),$AD$5,IF(ISNUMBER(MATCH(H183,$AT$6:$AT$206,0)),$AK$4,IF(ISNUMBER(MATCH(H183,$AC$6:$AC$205,0)),$AC$5,0)))) -> S | I12: =IF(I82<>0,-1,IF(ISNUMBER(MATCH(I183,$AD$6:$AD$205,0)),$AD$5,IF(ISNUMBER(MATCH(I183,$AT$6:$AT$206,0)),$AK$4,IF(ISNUMBER(MATCH(I183,$AC$6:$AC$205,0)),$AC$5,0)))) -> S | J12: =IF(J82<>0,-1,IF(ISNUMBER(MATCH(J183,$AD$6:$AD$205,0)),$AD$5,IF(ISNUMBER(MATCH(J183,$AT$6:$AT$206,0)),$AK$4,IF(ISNUMBER(MATCH(J183,$AC$6:$AC$205,0)),$AC$5,0)))) -> 1 | ... L12: =IF(L82<>0,-1,IF(ISNUMBER(MATCH(L183,$AD$6:$AD$205,0)),$AD$5,IF(ISNUMBER(MATCH(L183,$AT$6:$AT$206,0)),$AK$4,IF(ISNUMBER(MATCH(L183,$AC$6:$AC$205,0)),$AC$5,0)))) -> 0 | N12: 6 | O12: 0 | P12: 1 | Q12: 6 | R12: 6 | S12: (0, 1, 6) | T12: 1 | U12: 106 | V12: 0.1 | W12: 1e-06 | X12: 0.2 | Y12: 0.3 | Z12: 0.21 | AA12: 3.5 | AB12: uzfcells | AC12: =IF(AB12=$AB$3,_xlfn.CONCAT(Q12+1,",",P12+1),"") -> 7,2 | AD12: =IF(AB12=$AB$4,_xlfn.CONCAT(Q12+1,",",P12+1),"") | AE12: 6 | AF12: 0 | AG12: 5 | AH12: 5 | AI12: 6 | AJ12: (0, 5, 5) | AK12: 5000 | AL12: 12 | AM12: 0.0009434 | AN12: 1061.792 | AO12: 3 | AP12: 3e-06 | AQ12: 0.03 | AR12: 2 | AS12: 1 | AT12: =_xlfn.CONCAT(AH12+1,",",AG12+1) -> 6,6 | AU12: 6 | AV12: 6 | AW12: 5 | AX12: -7 | BB12: 7 | BC12: 0.20001 | BE12: - | BF12: ('UZF-1', 3, 'SFR-1', 1, 'FACTOR', 1.0) | BH12: 7 | BI12: 3854400 | BJ12: 185 | BK12: 1015.8551 | BL12: 225.45348 | BM12: 6.3885067 | BN12: -1015.8551 | BO12: -196.93058 | BP12: -207.13439 | BQ12: =BI12/$BQ$4 -> 44.611111 | BR12: aTOMVR | BT12: 7 | BU12: 3854400 | BV12: 1041.2514 | BW12: 1001.4105 | BX12: -32.628816 | BY12: 31.227061 | BZ12: -186.39158 | CA12: 175.90733
A13: =A12+1 -> 8 | B13: =B12+1 -> 8 | C13: =IF(C83<>0,-1,IF(ISNUMBER(MATCH(C184,$AD$6:$AD$205,0)),$AD$5,IF(ISNUMBER(MATCH(C184,$AT$6:$AT$206,0)),$AK$4,IF(ISNUMBER(MATCH(C184,$AC$6:$AC$205,0)),$AC$5,0)))) -> 0 | D13: =IF(D83<>0,-1,IF(ISNUMBER(MATCH(D184,$AD$6:$AD$205,0)),$AD$5,IF(ISNUMBER(MATCH(D184,$AT$6:$AT$206,0)),$AK$4,IF(ISNUMBER(MATCH(D184,$AC$6:$AC$205,0)),$AC$5,0)))) -> 1 | E13: =IF(E83<>0,-1,IF(ISNUMBER(MATCH(E184,$AD$6:$AD$205,0)),$AD$5,IF(ISNUMBER(MATCH(E184,$AT$6:$AT$206,0)),$AK$4,IF(ISNUMBER(MATCH(E184,$AC$6:$AC$205,0)),$AC$5,0)))) -> 1 | F13: =IF(F83<>0,-1,IF(ISNUMBER(MATCH(F184,$AD$6:$AD$205,0)),$AD$5,IF(ISNUMBER(MATCH(F184,$AT$6:$AT$206,0)),$AK$4,IF(ISNUMBER(MATCH(F184,$AC$6:$AC$205,0)),$AC$5,0)))) -> 2 | G13: =IF(G83<>0,-1,IF(ISNUMBER(MATCH(G184,$AD$6:$AD$205,0)),$AD$5,IF(ISNUMBER(MATCH(G184,$AT$6:$AT$206,0)),$AK$4,IF(ISNUMBER(MATCH(G184,$AC$6:$AC$205,0)),$AC$5,0)))) -> 2 | H13: =IF(H83<>0,-1,IF(ISNUMBER(MATCH(H184,$AD$6:$AD$205,0)),$AD$5,IF(ISNUMBER(MATCH(H184,$AT$6:$AT$206,0)),$AK$4,IF(ISNUMBER(MATCH(H184,$AC$6:$AC$205,0)),$AC$5,0)))) -> S | I13: =IF(I83<>0,-1,IF(ISNUMBER(MATCH(I184,$AD$6:$AD$205,0)),$AD$5,IF(ISNUMBER(MATCH(I184,$AT$6:$AT$206,0)),$AK$4,IF(ISNUMBER(MATCH(I184,$AC$6:$AC$205,0)),$AC$5,0)))) -> S | J13: =IF(J83<>0,-1,IF(ISNUMBER(MATCH(J184,$AD$6:$AD$205,0)),$AD$5,IF(ISNUMBER(MATCH(J184,$AT$6:$AT$206,0)),$AK$4,IF(ISNUMBER(MATCH(J184,$AC$6:$AC$205,0)),$AC$5,0)))) -> 1 | ... L13: =IF(L83<>0,-1,IF(ISNUMBER(MATCH(L184,$AD$6:$AD$205,0)),$AD$5,IF(ISNUMBER(MATCH(L184,$AT$6:$AT$206,0)),$AK$4,IF(ISNUMBER(MATCH(L184,$AC$6:$AC$205,0)),$AC$5,0)))) -> 0 | N13: 7 | O13: 0 | P13: 1 | Q13: 7 | R13: 7 | S13: (0, 1, 7) | T13: 1 | U13: 107 | V13: 0.1 | W13: 1e-06 | X13: 0.2 | Y13: 0.3 | Z13: 0.21 | AA13: 3.5 | AB13: uzfcells | AC13: =IF(AB13=$AB$3,_xlfn.CONCAT(Q13+1,",",P13+1),"") -> 8,2 | AD13: =IF(AB13=$AB$4,_xlfn.CONCAT(Q13+1,",",P13+1),"") | AE13: 7 | AF13: 0 | AG13: 6 | AH13: 5 | AI13: 7 | AJ13: (0, 6, 5) | AK13: 5000 | AL13: 12 | AM13: 0.0009434 | AN13: 1057.075 | AO13: 3 | AP13: 3e-06 | AQ13: 0.03 | AR13: 2 | AS13: 1 | AT13: =_xlfn.CONCAT(AH13+1,",",AG13+1) -> 6,7 | AU13: 7 | AV13: 7 | AW13: 6 | AX13: -8 | BB13: 8 | BC13: 0.20001 | BE13: - | BF13: ('UZF-1', 4, 'SFR-1', 2, 'FACTOR', 1.0) | BH13: 8 | BI13: 4029600 | BJ13: 185 | BK13: 1015.8549 | BL13: 225.45305 | BM13: 6.3879649 | BN13: -1015.8549 | BO13: -196.93028 | BP13: -207.1348 | BQ13: =BI13/$BQ$4 -> 46.638889 | BT13: 8 | BU13: 4029600 | BV13: 1041.2514 | BW13: 1001.4105 | BX13: -32.628744 | BY13: 31.227061 | BZ13: -186.39151 | CA13: 175.90774
A14: =A13+1 -> 9 | B14: =B13+1 -> 9 | C14: =IF(C84<>0,-1,IF(ISNUMBER(MATCH(C185,$AD$6:$AD$205,0)),$AD$5,IF(ISNUMBER(MATCH(C185,$AT$6:$AT$206,0)),$AK$4,IF(ISNUMBER(MATCH(C185,$AC$6:$AC$205,0)),$AC$5,0)))) -> 0 | D14: =IF(D84<>0,-1,IF(ISNUMBER(MATCH(D185,$AD$6:$AD$205,0)),$AD$5,IF(ISNUMBER(MATCH(D185,$AT$6:$AT$206,0)),$AK$4,IF(ISNUMBER(MATCH(D185,$AC$6:$AC$205,0)),$AC$5,0)))) -> 1 | E14: =IF(E84<>0,-1,IF(ISNUMBER(MATCH(E185,$AD$6:$AD$205,0)),$AD$5,IF(ISNUMBER(MATCH(E185,$AT$6:$AT$206,0)),$AK$4,IF(ISNUMBER(MATCH(E185,$AC$6:$AC$205,0)),$AC$5,0)))) -> 1 | F14: =IF(F84<>0,-1,IF(ISNUMBER(MATCH(F185,$AD$6:$AD$205,0)),$AD$5,IF(ISNUMBER(MATCH(F185,$AT$6:$AT$206,0)),$AK$4,IF(ISNUMBER(MATCH(F185,$AC$6:$AC$205,0)),$AC$5,0)))) -> 2 | G14: =IF(G84<>0,-1,IF(ISNUMBER(MATCH(G185,$AD$6:$AD$205,0)),$AD$5,IF(ISNUMBER(MATCH(G185,$AT$6:$AT$206,0)),$AK$4,IF(ISNUMBER(MATCH(G185,$AC$6:$AC$205,0)),$AC$5,0)))) -> 2 | H14: =IF(H84<>0,-1,IF(ISNUMBER(MATCH(H185,$AD$6:$AD$205,0)),$AD$5,IF(ISNUMBER(MATCH(H185,$AT$6:$AT$206,0)),$AK$4,IF(ISNUMBER(MATCH(H185,$AC$6:$AC$205,0)),$AC$5,0)))) -> S | I14: =IF(I84<>0,-1,IF(ISNUMBER(MATCH(I185,$AD$6:$AD$205,0)),$AD$5,IF(ISNUMBER(MATCH(I185,$AT$6:$AT$206,0)),$AK$4,IF(ISNUMBER(MATCH(I185,$AC$6:$AC$205,0)),$AC$5,0)))) -> 1 | J14: =IF(J84<>0,-1,IF(ISNUMBER(MATCH(J185,$AD$6:$AD$205,0)),$AD$5,IF(ISNUMBER(MATCH(J185,$AT$6:$AT$206,0)),$AK$4,IF(ISNUMBER(MATCH(J185,$AC$6:$AC$205,0)),$AC$5,0)))) -> 1 | ... L14: =IF(L84<>0,-1,IF(ISNUMBER(MATCH(L185,$AD$6:$AD$205,0)),$AD$5,IF(ISNUMBER(MATCH(L185,$AT$6:$AT$206,0)),$AK$4,IF(ISNUMBER(MATCH(L185,$AC$6:$AC$205,0)),$AC$5,0)))) -> 0 | N14: 8 | O14: 0 | P14: 2 | Q14: 1 | R14: 8 | S14: (0, 2, 1) | T14: 1 | U14: 108 | V14: 0.1 | W14: 1e-06 | X14: 0.2 | Y14: 0.3 | Z14: 0.21 | AA14: 3.5 | AB14: uzfcells | AC14: =IF(AB14=$AB$3,_xlfn.CONCAT(Q14+1,",",P14+1),"") -> 2,3 | AD14: =IF(AB14=$AB$4,_xlfn.CONCAT(Q14+1,",",P14+1),"") | AE14: 8 | AF14: 0 | AG14: 7 | AH14: 5 | AI14: 8 | AJ14: (0, 7, 5) | AK14: 5000 | AL14: 12 | AM14: 0.0009434 | AN14: 1052.359 | AO14: 3 | AP14: 3e-06 | AQ14: 0.03 | AR14: 2 | AS14: 1 | AT14: =_xlfn.CONCAT(AH14+1,",",AG14+1) -> 6,8 | AU14: 8 | AV14: 8 | AW14: 7 | AX14: -22 | BB14: 9 | BC14: 0.100005 | BE14: - | BF14: ('UZF-1', 5, 'SFR-1', 10, 'FACTOR', 1.0) | BH14: 9 | BI14: 4204800 | BJ14: 185 | BK14: 1015.8547 | BL14: 225.45259 | BM14: 6.387464 | BN14: -1015.8547 | BO14: -196.92995 | BP14: -207.13518 | BQ14: =BI14/$BQ$4 -> 48.666667 | BT14: 9 | BU14: 4204800 | BV14: 1041.2514 | BW14: 1001.4105 | BX14: -32.628665 | BY14: 31.227061 | BZ14: -186.39143 | CA14: 175.90812
A15: =A14+1 -> 10 | B15: =B14+1 -> 10 | C15: =IF(C85<>0,-1,IF(ISNUMBER(MATCH(C186,$AD$6:$AD$205,0)),$AD$5,IF(ISNUMBER(MATCH(C186,$AT$6:$AT$206,0)),$AK$4,IF(ISNUMBER(MATCH(C186,$AC$6:$AC$205,0)),$AC$5,0)))) -> 0 | D15: =IF(D85<>0,-1,IF(ISNUMBER(MATCH(D186,$AD$6:$AD$205,0)),$AD$5,IF(ISNUMBER(MATCH(D186,$AT$6:$AT$206,0)),$AK$4,IF(ISNUMBER(MATCH(D186,$AC$6:$AC$205,0)),$AC$5,0)))) -> 1 | E15: =IF(E85<>0,-1,IF(ISNUMBER(MATCH(E186,$AD$6:$AD$205,0)),$AD$5,IF(ISNUMBER(MATCH(E186,$AT$6:$AT$206,0)),$AK$4,IF(ISNUMBER(MATCH(E186,$AC$6:$AC$205,0)),$AC$5,0)))) -> 1 | F15: =IF(F85<>0,-1,IF(ISNUMBER(MATCH(F186,$AD$6:$AD$205,0)),$AD$5,IF(ISNUMBER(MATCH(F186,$AT$6:$AT$206,0)),$AK$4,IF(ISNUMBER(MATCH(F186,$AC$6:$AC$205,0)),$AC$5,0)))) -> 2 | G15: =IF(G85<>0,-1,IF(ISNUMBER(MATCH(G186,$AD$6:$AD$205,0)),$AD$5,IF(ISNUMBER(MATCH(G186,$AT$6:$AT$206,0)),$AK$4,IF(ISNUMBER(MATCH(G186,$AC$6:$AC$205,0)),$AC$5,0)))) -> 2 | H15: =IF(H85<>0,-1,IF(ISNUMBER(MATCH(H186,$AD$6:$AD$205,0)),$AD$5,IF(ISNUMBER(MATCH(H186,$AT$6:$AT$206,0)),$AK$4,IF(ISNUMBER(MATCH(H186,$AC$6:$AC$205,0)),$AC$5,0)))) -> 1 | I15: =IF(I85<>0,-1,IF(ISNUMBER(MATCH(I186,$AD$6:$AD$205,0)),$AD$5,IF(ISNUMBER(MATCH(I186,$AT$6:$AT$206,0)),$AK$4,IF(ISNUMBER(MATCH(I186,$AC$6:$AC$205,0)),$AC$5,0)))) -> -1 | J15: =IF(J85<>0,-1,IF(ISNUMBER(MATCH(J186,$AD$6:$AD$205,0)),$AD$5,IF(ISNUMBER(MATCH(J186,$AT$6:$AT$206,0)),$AK$4,IF(ISNUMBER(MATCH(J186,$AC$6:$AC$205,0)),$AC$5,0)))) -> -1 | ... L15: =IF(L85<>0,-1,IF(ISNUMBER(MATCH(L186,$AD$6:$AD$205,0)),$AD$5,IF(ISNUMBER(MATCH(L186,$AT$6:$AT$206,0)),$AK$4,IF(ISNUMBER(MATCH(L186,$AC$6:$AC$205,0)),$AC$5,0)))) -> 1 | N15: 9 | O15: 0 | P15: 2 | Q15: 2 | R15: 9 | S15: (0, 2, 2) | T15: 1 | U15: 109 | V15: 0.1 | W15: 1e-06 | X15: 0.1 | Y15: 0.3 | Z15: 0.11 | AA15: 3.5 | AB15: uzfcells | AC15: =IF(AB15=$AB$3,_xlfn.CONCAT(Q15+1,",",P15+1),"") -> 3,3 | AD15: =IF(AB15=$AB$4,_xlfn.CONCAT(Q15+1,",",P15+1),"") | AE15: 9 | AF15: 0 | AG15: 2 | AH15: 4 | AI15: 9 | AJ15: (0, 2, 4) | AK15: 5000 | AL15: 9.636364 | AM15: 0.0005455 | AN15: 1073.636 | AO15: 2 | AP15: 3e-07 | AQ15: 0.03 | AR15: 2 | AS15: 0 | AT15: =_xlfn.CONCAT(AH15+1,",",AG15+1) -> 5,3 | AU15: 9 | AV15: 9 | AW15: 3 | AX15: -10 | BB15: 10 | BC15: 0.100005 | BE15: - | BF15: ('UZF-1', 6, 'SFR-1', 11, 'FACTOR', 1.0) | BH15: 10 | BI15: 4380000 | BJ15: 185 | BK15: 1015.8545 | BL15: 225.45211 | BM15: 6.3870021 | BN15: -1015.8545 | BO15: -196.92958 | BP15: -207.13552 | BQ15: =BI15/$BQ$4 -> 50.694444 | BT15: 10 | BU15: 4380000 | BV15: 1041.2514 | BW15: 1001.4105 | BX15: -32.628581 | BY15: 31.227061 | BZ15: -186.39133 | CA15: 175.90846
A16: =A15+1 -> 11 | B16: =B15+1 -> 11 | C16: =IF(C86<>0,-1,IF(ISNUMBER(MATCH(C187,$AD$6:$AD$205,0)),$AD$5,IF(ISNUMBER(MATCH(C187,$AT$6:$AT$206,0)),$AK$4,IF(ISNUMBER(MATCH(C187,$AC$6:$AC$205,0)),$AC$5,0)))) -> 0 | D16: =IF(D86<>0,-1,IF(ISNUMBER(MATCH(D187,$AD$6:$AD$205,0)),$AD$5,IF(ISNUMBER(MATCH(D187,$AT$6:$AT$206,0)),$AK$4,IF(ISNUMBER(MATCH(D187,$AC$6:$AC$205,0)),$AC$5,0)))) -> 1 | E16: =IF(E86<>0,-1,IF(ISNUMBER(MATCH(E187,$AD$6:$AD$205,0)),$AD$5,IF(ISNUMBER(MATCH(E187,$AT$6:$AT$206,0)),$AK$4,IF(ISNUMBER(MATCH(E187,$AC$6:$AC$205,0)),$AC$5,0)))) -> -1 | F16: =IF(F86<>0,-1,IF(ISNUMBER(MATCH(F187,$AD$6:$AD$205,0)),$AD$5,IF(ISNUMBER(MATCH(F187,$AT$6:$AT$206,0)),$AK$4,IF(ISNUMBER(MATCH(F187,$AC$6:$AC$205,0)),$AC$5,0)))) -> -1 | G16: =IF(G86<>0,-1,IF(ISNUMBER(MATCH(G187,$AD$6:$AD$205,0)),$AD$5,IF(ISNUMBER(MATCH(G187,$AT$6:$AT$206,0)),$AK$4,IF(ISNUMBER(MATCH(G187,$AC$6:$AC$205,0)),$AC$5,0)))) -> -1 | H16: =IF(H86<>0,-1,IF(ISNUMBER(MATCH(H187,$AD$6:$AD$205,0)),$AD$5,IF(ISNUMBER(MATCH(H187,$AT$6:$AT$206,0)),$AK$4,IF(ISNUMBER(MATCH(H187,$AC$6:$AC$205,0)),$AC$5,0)))) -> 1 | I16: =IF(I86<>0,-1,IF(ISNUMBER(MATCH(I187,$AD$6:$AD$205,0)),$AD$5,IF(ISNUMBER(MATCH(I187,$AT$6:$AT$206,0)),$AK$4,IF(ISNUMBER(MATCH(I187,$AC$6:$AC$205,0)),$AC$5,0)))) -> -1 | J16: =IF(J86<>0,-1,IF(ISNUMBER(MATCH(J187,$AD$6:$AD$205,0)),$AD$5,IF(ISNUMBER(MATCH(J187,$AT$6:$AT$206,0)),$AK$4,IF(ISNUMBER(MATCH(J187,$AC$6:$AC$205,0)),$AC$5,0)))) -> -1 | ... L16: =IF(L86<>0,-1,IF(ISNUMBER(MATCH(L187,$AD$6:$AD$205,0)),$AD$5,IF(ISNUMBER(MATCH(L187,$AT$6:$AT$206,0)),$AK$4,IF(ISNUMBER(MATCH(L187,$AC$6:$AC$205,0)),$AC$5,0)))) -> 0 | N16: 10 | O16: 0 | P16: 2 | Q16: 3 | R16: 10 | S16: (0, 2, 3) | T16: 1 | U16: 110 | V16: 0.1 | W16: 1e-06 | X16: 0.1 | Y16: 0.3 | Z16: 0.11 | AA16: 3.5 | AB16: uzfcells | AC16: =IF(AB16=$AB$3,_xlfn.CONCAT(Q16+1,",",P16+1),"") -> 4,3 | AD16: =IF(AB16=$AB$4,_xlfn.CONCAT(Q16+1,",",P16+1),"") | AE16: 10 | AF16: 0 | AG16: 2 | AH16: 5 | AI16: 10 | AJ16: (0, 2, 5) | AK16: 5000 | AL16: 8.909091 | AM16: 0.0005455 | AN16: 1070.909 | AO16: 2 | AP16: 3e-07 | AQ16: 0.03 | AR16: 2 | AS16: 1 | AT16: =_xlfn.CONCAT(AH16+1,",",AG16+1) -> 6,3 | AU16: 10 | AV16: 10 | AW16: 9 | AX16: -11 | BB16: 11 | BC16: 0.20001 | BE16: - | BF16: ('UZF-1', 7, 'SFR-1', 11, 'FACTOR', 1.0) | BH16: 11 | BI16: 4555200 | BJ16: 185 | BK16: 1015.8771 | BL16: 225.46288 | BM16: 6.3637711 | BN16: -1015.8771 | BO16: -196.96327 | BP16: -207.13583 | BQ16: =BI16/$BQ$4 -> 52.722222 | BR16: atotim | BT16: 11 | BU16: 4555200 | BV16: 1041.2514 | BW16: 1001.4105 | BX16: -32.628492 | BY16: 31.227061 | BZ16: -186.39124 | CA16: 175.90877
A17: =A16+1 -> 12 | B17: =B16+1 -> 12 | C17: =IF(C87<>0,-1,IF(ISNUMBER(MATCH(C188,$AD$6:$AD$205,0)),$AD$5,IF(ISNUMBER(MATCH(C188,$AT$6:$AT$206,0)),$AK$4,IF(ISNUMBER(MATCH(C188,$AC$6:$AC$205,0)),$AC$5,0)))) -> 1 | D17: =IF(D87<>0,-1,IF(ISNUMBER(MATCH(D188,$AD$6:$AD$205,0)),$AD$5,IF(ISNUMBER(MATCH(D188,$AT$6:$AT$206,0)),$AK$4,IF(ISNUMBER(MATCH(D188,$AC$6:$AC$205,0)),$AC$5,0)))) -> 1 | E17: =IF(E87<>0,-1,IF(ISNUMBER(MATCH(E188,$AD$6:$AD$205,0)),$AD$5,IF(ISNUMBER(MATCH(E188,$AT$6:$AT$206,0)),$AK$4,IF(ISNUMBER(MATCH(E188,$AC$6:$AC$205,0)),$AC$5,0)))) -> -1 | F17: =IF(F87<>0,-1,IF(ISNUMBER(MATCH(F188,$AD$6:$AD$205,0)),$AD$5,IF(ISNUMBER(MATCH(F188,$AT$6:$AT$206,0)),$AK$4,IF(ISNUMBER(MATCH(F188,$AC$6:$AC$205,0)),$AC$5,0)))) -> -1 | G17: =IF(G87<>0,-1,IF(ISNUMBER(MATCH(G188,$AD$6:$AD$205,0)),$AD$5,IF(ISNUMBER(MATCH(G188,$AT$6:$AT$206,0)),$AK$4,IF(ISNUMBER(MATCH(G188,$AC$6:$AC$205,0)),$AC$5,0)))) -> -1 | H17: =IF(H87<>0,-1,IF(ISNUMBER(MATCH(H188,$AD$6:$AD$205,0)),$AD$5,IF(ISNUMBER(MATCH(H188,$AT$6:$AT$206,0)),$AK$4,IF(ISNUMBER(MATCH(H188,$AC$6:$AC$205,0)),$AC$5,0)))) -> 1 | I17: =IF(I87<>0,-1,IF(ISNUMBER(MATCH(I188,$AD$6:$AD$205,0)),$AD$5,IF(ISNUMBER(MATCH(I188,$AT$6:$AT$206,0)),$AK$4,IF(ISNUMBER(MATCH(I188,$AC$6:$AC$205,0)),$AC$5,0)))) -> S | J17: =IF(J87<>0,-1,IF(ISNUMBER(MATCH(J188,$AD$6:$AD$205,0)),$AD$5,IF(ISNUMBER(MATCH(J188,$AT$6:$AT$206,0)),$AK$4,IF(ISNUMBER(MATCH(J188,$AC$6:$AC$205,0)),$AC$5,0)))) -> 1 | ... L17: =IF(L87<>0,-1,IF(ISNUMBER(MATCH(L188,$AD$6:$AD$205,0)),$AD$5,IF(ISNUMBER(MATCH(L188,$AT$6:$AT$206,0)),$AK$4,IF(ISNUMBER(MATCH(L188,$AC$6:$AC$205,0)),$AC$5,0)))) -> 0 | N17: 11 | O17: 0 | P17: 2 | Q17: 4 | R17: 11 | S17: (0, 2, 4) | T17: 1 | U17: 111 | V17: 0.1 | W17: 1e-06 | X17: 0.2 | Y17: 0.3 | Z17: 0.21 | AA17: 3.5 | AB17: uzfcells | AC17: =IF(AB17=$AB$3,_xlfn.CONCAT(Q17+1,",",P17+1),"") -> 5,3 | AD17: =IF(AB17=$AB$4,_xlfn.CONCAT(Q17+1,",",P17+1),"") | AE17: 11 | AF17: 0 | AG17: 2 | AH17: 6 | AI17: 11 | AJ17: (0, 2, 6) | AK17: 4500 | AL17: 8.218182 | AM17: 0.0005455 | AN17: 1068.318 | AO17: 2 | AP17: 3e-07 | AQ17: 0.03 | AR17: 2 | AS17: 1 | AT17: =_xlfn.CONCAT(AH17+1,",",AG17+1) -> 7,3 | AU17: 11 | AV17: 11 | AW17: 10 | AX17: -12 | BB17: 12 | BC17: 0.20001 | BE17: - | BF17: ('UZF-1', 8, 'SFR-1', 1, 'FACTOR', 1.0) | BH17: 12 | BI17: 4730400 | BJ17: 185 | BK17: 1015.907 | BL17: 225.47735 | BM17: 6.3333231 | BN17: -1015.907 | BO17: -197.00791 | BP17: -207.13612 | BQ17: =BI17/$BQ$4 -> 54.75 | BR17: aLAK1_STAGE | BT17: 12 | BU17: 4730400 | BV17: 1041.2514 | BW17: 1001.4105 | BX17: -32.628399 | BY17: 31.227061 | BZ17: -186.39119 | CA17: 175.90905
A18: =A17+1 -> 13 | B18: =B17+1 -> 13 | C18: =IF(C88<>0,-1,IF(ISNUMBER(MATCH(C189,$AD$6:$AD$205,0)),$AD$5,IF(ISNUMBER(MATCH(C189,$AT$6:$AT$206,0)),$AK$4,IF(ISNUMBER(MATCH(C189,$AC$6:$AC$205,0)),$AC$5,0)))) -> S | D18: =IF(D88<>0,-1,IF(ISNUMBER(MATCH(D189,$AD$6:$AD$205,0)),$AD$5,IF(ISNUMBER(MATCH(D189,$AT$6:$AT$206,0)),$AK$4,IF(ISNUMBER(MATCH(D189,$AC$6:$AC$205,0)),$AC$5,0)))) -> S | E18: =IF(E88<>0,-1,IF(ISNUMBER(MATCH(E189,$AD$6:$AD$205,0)),$AD$5,IF(ISNUMBER(MATCH(E189,$AT$6:$AT$206,0)),$AK$4,IF(ISNUMBER(MATCH(E189,$AC$6:$AC$205,0)),$AC$5,0)))) -> -1 | F18: =IF(F88<>0,-1,IF(ISNUMBER(MATCH(F189,$AD$6:$AD$205,0)),$AD$5,IF(ISNUMBER(MATCH(F189,$AT$6:$AT$206,0)),$AK$4,IF(ISNUMBER(MATCH(F189,$AC$6:$AC$205,0)),$AC$5,0)))) -> -1 | G18: =IF(G88<>0,-1,IF(ISNUMBER(MATCH(G189,$AD$6:$AD$205,0)),$AD$5,IF(ISNUMBER(MATCH(G189,$AT$6:$AT$206,0)),$AK$4,IF(ISNUMBER(MATCH(G189,$AC$6:$AC$205,0)),$AC$5,0)))) -> -1 | H18: =IF(H88<>0,-1,IF(ISNUMBER(MATCH(H189,$AD$6:$AD$205,0)),$AD$5,IF(ISNUMBER(MATCH(H189,$AT$6:$AT$206,0)),$AK$4,IF(ISNUMBER(MATCH(H189,$AC$6:$AC$205,0)),$AC$5,0)))) -> S | I18: =IF(I88<>0,-1,IF(ISNUMBER(MATCH(I189,$AD$6:$AD$205,0)),$AD$5,IF(ISNUMBER(MATCH(I189,$AT$6:$AT$206,0)),$AK$4,IF(ISNUMBER(MATCH(I189,$AC$6:$AC$205,0)),$AC$5,0)))) -> S | J18: =IF(J88<>0,-1,IF(ISNUMBER(MATCH(J189,$AD$6:$AD$205,0)),$AD$5,IF(ISNUMBER(MATCH(J189,$AT$6:$AT$206,0)),$AK$4,IF(ISNUMBER(MATCH(J189,$AC$6:$AC$205,0)),$AC$5,0)))) -> S | ... L18: =IF(L88<>0,-1,IF(ISNUMBER(MATCH(L189,$AD$6:$AD$205,0)),$AD$5,IF(ISNUMBER(MATCH(L189,$AT$6:$AT$206,0)),$AK$4,IF(ISNUMBER(MATCH(L189,$AC$6:$AC$205,0)),$AC$5,0)))) -> 0 | N18: 12 | O18: 0 | P18: 2 | Q18: 5 | R18: 12 | S18: (0, 2, 5) | T18: 1 | U18: 112 | V18: 0.1 | W18: 1e-06 | X18: 0.2 | Y18: 0.3 | Z18: 0.21 | AA18: 3.5 | AB18: uzfcells | AC18: =IF(AB18=$AB$3,_xlfn.CONCAT(Q18+1,",",P18+1),"") -> 6,3 | AD18: =IF(AB18=$AB$4,_xlfn.CONCAT(Q18+1,",",P18+1),"") | AE18: 12 | AF18: 0 | AG18: 3 | AH18: 7 | AI18: 12 | AJ18: (0, 3, 7) | AK18: 6000 | AL18: 7.454545 | AM18: 0.0005455 | AN18: 1065.455 | AO18: 2 | AP18: 3e-07 | AQ18: 0.03 | AR18: 2 | AS18: 1 | AT18: =_xlfn.CONCAT(AH18+1,",",AG18+1) -> 8,4 | AU18: 12 | AV18: 12 | AW18: 11 | AX18: -13 | BB18: 13 | BC18: 0.20001 | BE18: - | BF18: ('UZF-1', 9, 'SFR-1', 2, 'FACTOR', 1.0) | BH18: 13 | BI18: 4905600 | BJ18: 185 | BK18: 1015.9347 | BL18: 225.49086 | BM18: 6.3051105 | BN18: -1015.9347 | BO18: -197.04937 | BP18: -207.13638 | BQ18: =BI18/$BQ$4 -> 56.777778 | BR18: aLAK2_STAGE | BT18: 13 | BU18: 4905600 | BV18: 1041.2514 | BW18: 1001.4105 | BX18: -32.628304 | BY18: 31.227061 | BZ18: -186.39116 | CA18: 175.90931
A19: =A18+1 -> 14 | B19: =B18+1 -> 14 | C19: =IF(C89<>0,-1,IF(ISNUMBER(MATCH(C190,$AD$6:$AD$205,0)),$AD$5,IF(ISNUMBER(MATCH(C190,$AT$6:$AT$206,0)),$AK$4,IF(ISNUMBER(MATCH(C190,$AC$6:$AC$205,0)),$AC$5,0)))) -> 0 | D19: =IF(D89<>0,-1,IF(ISNUMBER(MATCH(D190,$AD$6:$AD$205,0)),$AD$5,IF(ISNUMBER(MATCH(D190,$AT$6:$AT$206,0)),$AK$4,IF(ISNUMBER(MATCH(D190,$AC$6:$AC$205,0)),$AC$5,0)))) -> 1 | E19: =IF(E89<>0,-1,IF(ISNUMBER(MATCH(E190,$AD$6:$AD$205,0)),$AD$5,IF(ISNUMBER(MATCH(E190,$AT$6:$AT$206,0)),$AK$4,IF(ISNUMBER(MATCH(E190,$AC$6:$AC$205,0)),$AC$5,0)))) -> -1 | F19: =IF(F89<>0,-1,IF(ISNUMBER(MATCH(F190,$AD$6:$AD$205,0)),$AD$5,IF(ISNUMBER(MATCH(F190,$AT$6:$AT$206,0)),$AK$4,IF(ISNUMBER(MATCH(F190,$AC$6:$AC$205,0)),$AC$5,0)))) -> -1 | G19: =IF(G89<>0,-1,IF(ISNUMBER(MATCH(G190,$AD$6:$AD$205,0)),$AD$5,IF(ISNUMBER(MATCH(G190,$AT$6:$AT$206,0)),$AK$4,IF(ISNUMBER(MATCH(G190,$AC$6:$AC$205,0)),$AC$5,0)))) -> -1 | H19: =IF(H89<>0,-1,IF(ISNUMBER(MATCH(H190,$AD$6:$AD$205,0)),$AD$5,IF(ISNUMBER(MATCH(H190,$AT$6:$AT$206,0)),$AK$4,IF(ISNUMBER(MATCH(H190,$AC$6:$AC$205,0)),$AC$5,0)))) -> 1 | I19: =IF(I89<>0,-1,IF(ISNUMBER(MATCH(I190,$AD$6:$AD$205,0)),$AD$5,IF(ISNUMBER(MATCH(I190,$AT$6:$AT$206,0)),$AK$4,IF(ISNUMBER(MATCH(I190,$AC$6:$AC$205,0)),$AC$5,0)))) -> 1 | J19: =IF(J89<>0,-1,IF(ISNUMBER(MATCH(J190,$AD$6:$AD$205,0)),$AD$5,IF(ISNUMBER(MATCH(J190,$AT$6:$AT$206,0)),$AK$4,IF(ISNUMBER(MATCH(J190,$AC$6:$AC$205,0)),$AC$5,0)))) -> 1 | ... L19: =IF(L89<>0,-1,IF(ISNUMBER(MATCH(L190,$AD$6:$AD$205,0)),$AD$5,IF(ISNUMBER(MATCH(L190,$AT$6:$AT$206,0)),$AK$4,IF(ISNUMBER(MATCH(L190,$AC$6:$AC$205,0)),$AC$5,0)))) -> 0 | N19: 13 | O19: 0 | P19: 2 | Q19: 6 | R19: 13 | S19: (0, 2, 6) | T19: 1 | U19: 113 | V19: 0.1 | W19: 1e-06 | X19: 0.2 | Y19: 0.3 | Z19: 0.21 | AA19: 3.5 | AB19: uzfcells | AC19: =IF(AB19=$AB$3,_xlfn.CONCAT(Q19+1,",",P19+1),"") -> 7,3 | AD19: =IF(AB19=$AB$4,_xlfn.CONCAT(Q19+1,",",P19+1),"") | AE19: 13 | AF19: 0 | AG19: 4 | AH19: 7 | AI19: 13 | AJ19: (0, 4, 7) | AK19: 5000 | AL19: 6.654546 | AM19: 0.0005455 | AN19: 1062.455 | AO19: 2 | AP19: 3e-07 | AQ19: 0.03 | AR19: 2 | AS19: 1 | AT19: =_xlfn.CONCAT(AH19+1,",",AG19+1) -> 8,5 | AU19: 13 | AV19: 13 | AW19: 12 | AX19: -14 | BB19: 14 | BC19: 0.20001 | BE19: - | BF19: ('UZF-1', 10, 'SFR-1', 3, 'FACTOR', 1.0) | BH19: 14 | BI19: 5080800 | BJ19: 185 | BK19: 1015.9604 | BL19: 225.50345 | BM19: 6.2788717 | BN19: -1015.9604 | BO19: -197.08797 | BP19: -207.13661 | BQ19: =BI19/$BQ$4 -> 58.805556 | BR19: aLAK1_TO-MVR | BT19: 14 | BU19: 5080800 | BV19: 1041.2514 | BW19: 1001.4105 | BX19: -32.628206 | BY19: 31.227061 | BZ19: -186.39116 | CA19: 175.90955
