Workbook
Name a: #REF!
Name ai: #REF!
Name aq: #REF!
Name AV: #REF!
Name baa: #REF!
Name Coord: #REF!
Name CS: #REF!
Name CZ: #REF!
Name DG: #REF!
Name earlier: #REF!
Name EG: #REF!
Name EI: #REF!
Name HLinst: #REF!
Name HP: #REF!
Name I: #REF!
Name JA: #REF!
Name Mean_A: #REF!
Name mean_X: #REF!
Name mean_X.: #REF!
Name mean_Y: #REF!
Name mean_Y.: #REF!
Name mu: #REF!
Name mu_A: #REF!
Name mu_B: #REF!
Name P1_A: #REF!
Name P2_A: #REF!
Name P3_A: #REF!
Name P4_A: #REF!
Name P5_A: #REF!
Name Rot: #REF!
Name SD_A: #REF!
Name SD_X: #REF!
Name SD_Y: #REF!
Name sigma: #REF!
Name sigma_AB: #REF!
Name sigma2_A: #REF!
Name sigma2_B: #REF!
Name Tab.43: #REF!
Name Tab.44: #REF!
Name Target_P: #REF!
Name Total_Mass: #REF!
Name Variance_A: #REF!
Name X: #REF!
Name x_A: #REF!
Name x_B: #REF!
Name Xo: #REF!
Name Yo.1: #REF!
Name Yo.2: #REF!
Name yt: #REF!

Sheet ALL
A1: =COLUMN() -> 1 | M1: =COLUMN()-COLUMN(A1) -> 12 | Q1: =COLUMN()-COLUMN(P1) -> 1 | AO1: =COLUMN()-$Q1 -> 40 | BA1: =COLUMN()-COLUMN(AZ1) -> 1 | BF1: =COLUMN()-COLUMN(BA1) -> 5
N2: REF1 | O2: REF2 | AY2: ↓
C3: =MAX(C5:C1000) -> 22 | D3: =COUNTA(N5:N1000)-C3 -> 14 | N3: =COUNTA(N5:N181) -> 36 | O3: =COUNTA(O5:O181) -> 32 | P3: =SUM(K5:K52) -> 46 | AH3: =MAX(AH5:AH1000) -> 21 | AI3: =MAX(AI5:AI1000) -> 15 | AJ3: =MAX(AJ5:AJ1000) -> 36 | AK3: =MAX(AK5:AK1000) -> 22 | AL3: =MAX(AL5:AL1000) -> 24 | AM3: =MAX(AM5:AM1000) -> 24 | AN3: =MAX(AN5:AN1000) -> 0 | AP3: =COUNTA(AP5:AP322) -> 21 | AQ3: =COUNTA(AQ5:AQ322) -> 16 | AR3: =COUNTA(AR5:AR322) -> 36 | AS3: =COUNTA(AS5:AS322) -> 22 | AT3: =COUNTA(AT5:AT322) -> 24 | AU3: =COUNTA(AU5:AU322) -> 24 | AY3: MANU | AZ3: ← PREP
B4: =COUNTA(N5:N1000) -> 36 | E4: =COUNTA(O5:O1000) -> 32 | N4: -- | O4: -- | P4: RES | R4: 1 | S4: =R4+1 -> 2 | T4: =S4+1 -> 3 | U4: =T4+1 -> 4 | V4: =U4+1 -> 5 | W4: =V4+1 -> 6 | X4: =W4+1 -> 7 | Z4: 1 | AA4: =Z4+1 -> 2 | AB4: =AA4+1 -> 3 | AC4: =AB4+1 -> 4 | AD4: =AC4+1 -> 5 | AE4: =AD4+1 -> 6 | AF4: =AE4+1 -> 7 | AH4: A1 | AI4: A2 | AJ4: A3 | AK4: A4 | AL4: A5 | AM4: A6 | AN4: A7 | AP4: 11 | AQ4: 12 | AR4: 13 | AS4: 14 | AT4: 15 | AU4: 51 | AV4: - | AW4: FIX | AY4: - | AZ4: - | BC4: =COUNT(BC5:BC54) -> 37 | BD4: =ROW() -> 4 | BE4: =P4 -> RES | BG4: =IF(AP4=0,"",AP4) -> 11 | BH4: =IF(AQ4=0,"",AQ4) -> 12 | BI4: =IF(AR4=0,"",AR4) -> 13 | BJ4: =IF(AS4=0,"",AS4) -> 14 | BK4: =IF(AT4=0,"",AT4) -> 15 | BL4: =IF(AU4=0,"",AU4) -> 51 | BM4: =IF(ISNUMBER(MATCH($BE4,AF$5:AF$501,0)),INDEX(AF$5:AF$501,MATCH($BE4,AF$5:AF$501,0),1),"")
B5: =IF(ISNUMBER(MATCH(O5,$N$5:$N$1000,0)),MATCH(O5,$N$5:$N$1000,0),"") -> 1 | C5: =IF(ISNUMBER(B5),MAX(C$4:C4)+1,"") -> 1 | D5: =IF(IF(ISNUMBER(B5),"",MAX(D$4:D4)+1)<=D$3,IF(ISNUMBER(B5),"",MAX(D$4:D4)+1),"") | E5: =IF(M5<=D$3,MATCH(M5,D$5:D$1000,0),"") -> 2 | F5: =IF(ISNUMBER(E5),INDEX($N$5:$N$1000,E5,1),"") -> .dis | G5: =IF(ISNUMBER(C5),N5,IF(ISTEXT(N5),INDEX($F$5:$F$1000,MATCH(M5,$E$5:$E$1000,0),1),"")) -> .cbc | H5: =IF(O5="","",IF(ISNUMBER(MATCH(O5,$G$5:$G$1000,0)),"",IF(D5=1,C$3,0)+MAX(H$4:H4)+1)) | I5: =IF(O5="","",IF(ISNUMBER(MATCH(O5,$G$5:$G$1000,0)),"",IF(D5=1,B$4,0)+MAX(I$4:I4)+1)) | J5: =IF(ISNUMBER(MATCH(M5,$I$5:$I$1000,0)),INDEX($O$5:$O$1000,MATCH(M5,$I$5:$I$1000,0),1),"") | K5: =IF(P5="",0,1) -> 1 | M5: =IF(ROW()-ROW(M$4)<=1000,ROW()-ROW(M$4),"") -> 1 | N5: .cbc | O5: .cbc | P5: =IF(M5<=$B$4,IF(ISTEXT(G5),G5,""),IF(ISTEXT(J5),J5,"")) -> .cbc | R5: =IF(ROW()-ROW(R$4)<=AH$3,ROW()-ROW(R$4),"") -> 1 | S5: =IF(ROW()-ROW(S$4)<=AI$3,ROW()-ROW(S$4),"") -> 1 | T5: =IF(ROW()-ROW(T$4)<=AJ$3,ROW()-ROW(T$4),"") -> 1 | U5: =IF(ROW()-ROW(U$4)<=AK$3,ROW()-ROW(U$4),"") -> 1 | V5: =IF(ROW()-ROW(V$4)<=AL$3,ROW()-ROW(V$4),"") -> 1 | W5: =IF(ROW()-ROW(W$4)<=AM$3,ROW()-ROW(W$4),"") -> 1 | X5: =IF(ROW()-ROW(X$4)<=AN$3,ROW()-ROW(X$4),"") | Z5: =IF(ISNUMBER(R5),INDEX($BE$5:$BE$2999,MATCH(R5,AH$5:AH$2999,0),1),"") -> .ic | AA5: =IF(ISNUMBER(S5),INDEX($BE$5:$BE$2999,MATCH(S5,AI$5:AI$2999,0),1),"") -> .ic | AB5: =IF(ISNUMBER(T5),INDEX($BE$5:$BE$2999,MATCH(T5,AJ$5:AJ$2999,0),1),"") -> .ic | AC5: =IF(ISNUMBER(U5),INDEX($BE$5:$BE$2999,MATCH(U5,AK$5:AK$2999,0),1),"") -> .chd | AD5: =IF(ISNUMBER(V5),INDEX($BE$5:$BE$2999,MATCH(V5,AL$5:AL$2999,0),1),"") -> .chd | AE5: =IF(ISNUMBER(W5),INDEX($BE$5:$BE$2999,MATCH(W5,AM$5:AM$2999,0),1),"") -> .chd | AF5: =IF(ISNUMBER(X5),INDEX($BE$5:$BE$2999,MATCH(X5,AN$5:AN$2999,0),1),"") | AH5: =IF($BE5="","",IF(ISNUMBER(MATCH($BE5,AP$5:AP$29999,0)),MAX(AH$4:AH4)+1,0)) -> 0 | AI5: =IF($BE5="","",IF(ISNUMBER(MATCH($BE5,AQ$5:AQ$29999,0)),MAX(AI$4:AI4)+1,0)) -> 0 | AJ5: =IF($BE5="","",IF(ISNUMBER(MATCH($BE5,AR$5:AR$29999,0)),MAX(AJ$4:AJ4)+1,0)) -> 0 | AK5: =IF($BE5="","",IF(ISNUMBER(MATCH($BE5,AS$5:AS$29999,0)),MAX(AK$4:AK4)+1,0)) -> 1 | AL5: =IF($BE5="","",IF(ISNUMBER(MATCH($BE5,AT$5:AT$29999,0)),MAX(AL$4:AL4)+1,0)) -> 1 | AM5: =IF($BE5="","",IF(ISNUMBER(MATCH($BE5,AU$5:AU$29999,0)),MAX(AM$4:AM4)+1,0)) -> 1 | AN5: =IF($BE5="","",IF(ISNUMBER(MATCH($BE5,AV$5:AV$29999,0)),MAX(AN$4:AN4)+1,0)) -> 0 | AP5: .cbc | AQ5: .dis | AR5: .cbc | AS5: .cbc | AT5: .cbc | AU5: .bud | AW5: .cbc | AY5: .chd | AZ5: .chd | BB5: =IF(ISTEXT(AW5),IF(ISNUMBER(MATCH(AW5,$AY$5:$AY$100,0)),0,MAX(BB$4:BB4)+1),"") -> 0 | BC5: =IF(ISTEXT(AY5),MATCH(AY5,$AW$5:$AW$127,0),"") -> 2 | BD5: =IF(ISNUMBER(BC5),AY5,INDEX($AW$5:$AW$140,ROW()-SUM($BC$4:$BD$4),1)) -> .chd | BE5: =IF(ISTEXT(AW5),IF(ISNUMBER(BC5),AY5,INDEX($AW$5:$AW$140,MATCH(BD5,$BB$5:$BB$185,0),1)),"") -> .chd | BG5: =IF(ISNUMBER(MATCH($BE5,Z$5:Z$501,0)),INDEX(Z$5:Z$501,MATCH($BE5,Z$5:Z$501,0),1),"") | BH5: =IF(ISNUMBER(MATCH($BE5,AA$5:AA$501,0)),INDEX(AA$5:AA$501,MATCH($BE5,AA$5:AA$501,0),1),"") | BI5: =IF(ISNUMBER(MATCH($BE5,AB$5:AB$501,0)),INDEX(AB$5:AB$501,MATCH($BE5,AB$5:AB$501,0),1),"") | BJ5: =IF(ISNUMBER(MATCH($BE5,AC$5:AC$501,0)),INDEX(AC$5:AC$501,MATCH($BE5,AC$5:AC$501,0),1),"") -> .chd | BK5: =IF(ISNUMBER(MATCH($BE5,AD$5:AD$501,0)),INDEX(AD$5:AD$501,MATCH($BE5,AD$5:AD$501,0),1),"") -> .chd | BL5: =IF(ISNUMBER(MATCH($BE5,AE$5:AE$501,0)),INDEX(AE$5:AE$501,MATCH($BE5,AE$5:AE$501,0),1),"") -> .chd | BM5: =IF(ISNUMBER(MATCH($BE5,AF$5:AF$501,0)),INDEX(AF$5:AF$501,MATCH($BE5,AF$5:AF$501,0),1),"")
B6: =IF(ISNUMBER(MATCH(O6,$N$5:$N$1000,0)),MATCH(O6,$N$5:$N$1000,0),"") | C6: =IF(ISNUMBER(B6),MAX(C$4:C5)+1,"") | D6: =IF(IF(ISNUMBER(B6),"",MAX(D$4:D5)+1)<=D$3,IF(ISNUMBER(B6),"",MAX(D$4:D5)+1),"") -> 1 | E6: =IF(M6<=D$3,MATCH(M6,D$5:D$1000,0),"") -> 5 | F6: =IF(ISNUMBER(E6),INDEX($N$5:$N$1000,E6,1),"") -> .hds | G6: =IF(ISNUMBER(C6),N6,IF(ISTEXT(N6),INDEX($F$5:$F$1000,MATCH(M6,$E$5:$E$1000,0),1),"")) -> .dis | H6: =IF(O6="","",IF(ISNUMBER(MATCH(O6,$G$5:$G$1000,0)),"",IF(D6=1,C$3,0)+MAX(H$4:H5)+1)) -> 23 | I6: =IF(O6="","",IF(ISNUMBER(MATCH(O6,$G$5:$G$1000,0)),"",IF(D6=1,B$4,0)+MAX(I$4:I5)+1)) -> 37 | J6: =IF(ISNUMBER(MATCH(M6,$I$5:$I$1000,0)),INDEX($O$5:$O$1000,MATCH(M6,$I$5:$I$1000,0),1),"") | K6: =IF(P6="",0,1) -> 1 | M6: =IF(ROW()-ROW(M$4)<=1000,ROW()-ROW(M$4),"") -> 2 | N6: .dis | O6: .chd | P6: =IF(M6<=$B$4,IF(ISTEXT(G6),G6,""),IF(ISTEXT(J6),J6,"")) -> .dis | R6: =IF(ROW()-ROW(R$4)<=AH$3,ROW()-ROW(R$4),"") -> 2 | S6: =IF(ROW()-ROW(S$4)<=AI$3,ROW()-ROW(S$4),"") -> 2 | T6: =IF(ROW()-ROW(T$4)<=AJ$3,ROW()-ROW(T$4),"") -> 2 | U6: =IF(ROW()-ROW(U$4)<=AK$3,ROW()-ROW(U$4),"") -> 2 | V6: =IF(ROW()-ROW(V$4)<=AL$3,ROW()-ROW(V$4),"") -> 2 | W6: =IF(ROW()-ROW(W$4)<=AM$3,ROW()-ROW(W$4),"") -> 2 | X6: =IF(ROW()-ROW(X$4)<=AN$3,ROW()-ROW(X$4),"") | Z6: =IF(ISNUMBER(R6),INDEX($BE$5:$BE$2999,MATCH(R6,AH$5:AH$2999,0),1),"") -> .oc | AA6: =IF(ISNUMBER(S6),INDEX($BE$5:$BE$2999,MATCH(S6,AI$5:AI$2999,0),1),"") -> .oc | AB6: =IF(ISNUMBER(T6),INDEX($BE$5:$BE$2999,MATCH(T6,AJ$5:AJ$2999,0),1),"") -> .oc | AC6: =IF(ISNUMBER(U6),INDEX($BE$5:$BE$2999,MATCH(U6,AK$5:AK$2999,0),1),"") -> .ic | AD6: =IF(ISNUMBER(V6),INDEX($BE$5:$BE$2999,MATCH(V6,AL$5:AL$2999,0),1),"") -> .ic | AE6: =IF(ISNUMBER(W6),INDEX($BE$5:$BE$2999,MATCH(W6,AM$5:AM$2999,0),1),"") -> .ic | AF6: =IF(ISNUMBER(X6),INDEX($BE$5:$BE$2999,MATCH(X6,AN$5:AN$2999,0),1),"") | AH6: =IF($BE6="","",IF(ISNUMBER(MATCH($BE6,AP$5:AP$29999,0)),MAX(AH$4:AH5)+1,0)) -> 1 | AI6: =IF($BE6="","",IF(ISNUMBER(MATCH($BE6,AQ$5:AQ$29999,0)),MAX(AI$4:AI5)+1,0)) -> 1 | AJ6: =IF($BE6="","",IF(ISNUMBER(MATCH($BE6,AR$5:AR$29999,0)),MAX(AJ$4:AJ5)+1,0)) -> 1 | AK6: =IF($BE6="","",IF(ISNUMBER(MATCH($BE6,AS$5:AS$29999,0)),MAX(AK$4:AK5)+1,0)) -> 2 | AL6: =IF($BE6="","",IF(ISNUMBER(MATCH($BE6,AT$5:AT$29999,0)),MAX(AL$4:AL5)+1,0)) -> 2 | AM6: =IF($BE6="","",IF(ISNUMBER(MATCH($BE6,AU$5:AU$29999,0)),MAX(AM$4:AM5)+1,0)) -> 2 | AN6: =IF($BE6="","",IF(ISNUMBER(MATCH($BE6,AV$5:AV$29999,0)),MAX(AN$4:AN5)+1,0)) -> 0 | AP6: .dis | AQ6: .dis.grb | AR6: .dis | AS6: .chd | AT6: .chd | AU6: .chd | AW6: .chd | AY6: .ic | AZ6: .ic | BB6: =IF(ISTEXT(AW6),IF(ISNUMBER(MATCH(AW6,$AY$5:$AY$100,0)),0,MAX(BB$4:BB5)+1),"") -> 0 | BC6: =IF(ISTEXT(AY6),MATCH(AY6,$AW$5:$AW$127,0),"") -> 9 | BD6: =IF(ISNUMBER(BC6),AY6,ROW()-SUM($BC$4:$BD$4)) -> .ic | BE6: =IF(ISTEXT(AW6),IF(ISNUMBER(BC6),AY6,INDEX($AW$5:$AW$140,MATCH(BD6,$BB$5:$BB$185,0),1)),"") -> .ic | BG6: =IF(ISNUMBER(MATCH($BE6,Z$5:Z$501,0)),INDEX(Z$5:Z$501,MATCH($BE6,Z$5:Z$501,0),1),"") -> .ic | BH6: =IF(ISNUMBER(MATCH($BE6,AA$5:AA$501,0)),INDEX(AA$5:AA$501,MATCH($BE6,AA$5:AA$501,0),1),"") -> .ic | BI6: =IF(ISNUMBER(MATCH($BE6,AB$5:AB$501,0)),INDEX(AB$5:AB$501,MATCH($BE6,AB$5:AB$501,0),1),"") -> .ic | BJ6: =IF(ISNUMBER(MATCH($BE6,AC$5:AC$501,0)),INDEX(AC$5:AC$501,MATCH($BE6,AC$5:AC$501,0),1),"") -> .ic | BK6: =IF(ISNUMBER(MATCH($BE6,AD$5:AD$501,0)),INDEX(AD$5:AD$501,MATCH($BE6,AD$5:AD$501,0),1),"") -> .ic | BL6: =IF(ISNUMBER(MATCH($BE6,AE$5:AE$501,0)),INDEX(AE$5:AE$501,MATCH($BE6,AE$5:AE$501,0),1),"") -> .ic | BM6: =IF(ISNUMBER(MATCH($BE6,AF$5:AF$501,0)),INDEX(AF$5:AF$501,MATCH($BE6,AF$5:AF$501,0),1),"")
B7: =IF(ISNUMBER(MATCH(O7,$N$5:$N$1000,0)),MATCH(O7,$N$5:$N$1000,0),"") -> 2 | C7: =IF(ISNUMBER(B7),MAX(C$4:C6)+1,"") -> 2 | D7: =IF(IF(ISNUMBER(B7),"",MAX(D$4:D6)+1)<=D$3,IF(ISNUMBER(B7),"",MAX(D$4:D6)+1),"") | E7: =IF(M7<=D$3,MATCH(M7,D$5:D$1000,0),"") -> 6 | F7: =IF(ISNUMBER(E7),INDEX($N$5:$N$1000,E7,1),"") -> .ic | G7: =IF(ISNUMBER(C7),N7,IF(ISTEXT(N7),INDEX($F$5:$F$1000,MATCH(M7,$E$5:$E$1000,0),1),"")) -> .dis.grb | H7: =IF(O7="","",IF(ISNUMBER(MATCH(O7,$G$5:$G$1000,0)),"",IF(D7=1,C$3,0)+MAX(H$4:H6)+1)) | I7: =IF(O7="","",IF(ISNUMBER(MATCH(O7,$G$5:$G$1000,0)),"",IF(D7=1,B$4,0)+MAX(I$4:I6)+1)) | J7: =IF(ISNUMBER(MATCH(M7,$I$5:$I$1000,0)),INDEX($O$5:$O$1000,MATCH(M7,$I$5:$I$1000,0),1),"") | K7: =IF(P7="",0,1) -> 1 | M7: =IF(ROW()-ROW(M$4)<=1000,ROW()-ROW(M$4),"") -> 3 | N7: .dis.grb | O7: .dis | P7: =IF(M7<=$B$4,IF(ISTEXT(G7),G7,""),IF(ISTEXT(J7),J7,"")) -> .dis.grb | R7: =IF(ROW()-ROW(R$4)<=AH$3,ROW()-ROW(R$4),"") -> 3 | S7: =IF(ROW()-ROW(S$4)<=AI$3,ROW()-ROW(S$4),"") -> 3 | T7: =IF(ROW()-ROW(T$4)<=AJ$3,ROW()-ROW(T$4),"") -> 3 | U7: =IF(ROW()-ROW(U$4)<=AK$3,ROW()-ROW(U$4),"") -> 3 | V7: =IF(ROW()-ROW(V$4)<=AL$3,ROW()-ROW(V$4),"") -> 3 | W7: =IF(ROW()-ROW(W$4)<=AM$3,ROW()-ROW(W$4),"") -> 3 | X7: =IF(ROW()-ROW(X$4)<=AN$3,ROW()-ROW(X$4),"") | Z7: =IF(ISNUMBER(R7),INDEX($BE$5:$BE$2999,MATCH(R7,AH$5:AH$2999,0),1),"") -> .ims | AA7: =IF(ISNUMBER(S7),INDEX($BE$5:$BE$2999,MATCH(S7,AI$5:AI$2999,0),1),"") -> .ims | AB7: =IF(ISNUMBER(T7),INDEX($BE$5:$BE$2999,MATCH(T7,AJ$5:AJ$2999,0),1),"") -> .ims | AC7: =IF(ISNUMBER(U7),INDEX($BE$5:$BE$2999,MATCH(U7,AK$5:AK$2999,0),1),"") -> .oc | AD7: =IF(ISNUMBER(V7),INDEX($BE$5:$BE$2999,MATCH(V7,AL$5:AL$2999,0),1),"") -> .oc | AE7: =IF(ISNUMBER(W7),INDEX($BE$5:$BE$2999,MATCH(W7,AM$5:AM$2999,0),1),"") -> .oc | AF7: =IF(ISNUMBER(X7),INDEX($BE$5:$BE$2999,MATCH(X7,AN$5:AN$2999,0),1),"") | AH7: =IF($BE7="","",IF(ISNUMBER(MATCH($BE7,AP$5:AP$29999,0)),MAX(AH$4:AH6)+1,0)) -> 2 | AI7: =IF($BE7="","",IF(ISNUMBER(MATCH($BE7,AQ$5:AQ$29999,0)),MAX(AI$4:AI6)+1,0)) -> 2 | AJ7: =IF($BE7="","",IF(ISNUMBER(MATCH($BE7,AR$5:AR$29999,0)),MAX(AJ$4:AJ6)+1,0)) -> 2 | AK7: =IF($BE7="","",IF(ISNUMBER(MATCH($BE7,AS$5:AS$29999,0)),MAX(AK$4:AK6)+1,0)) -> 3 | AL7: =IF($BE7="","",IF(ISNUMBER(MATCH($BE7,AT$5:AT$29999,0)),MAX(AL$4:AL6)+1,0)) -> 3 | AM7: =IF($BE7="","",IF(ISNUMBER(MATCH($BE7,AU$5:AU$29999,0)),MAX(AM$4:AM6)+1,0)) -> 3 | AN7: =IF($BE7="","",IF(ISNUMBER(MATCH($BE7,AV$5:AV$29999,0)),MAX(AN$4:AN6)+1,0)) -> 0 | AP7: .dis.grb | AQ7: .ic | AR7: .dis.grb | AS7: .dis | AT7: .dis | AU7: .dis | AW7: .dis | AY7: .oc | AZ7: .oc | BB7: =IF(ISTEXT(AW7),IF(ISNUMBER(MATCH(AW7,$AY$5:$AY$100,0)),0,MAX(BB$4:BB6)+1),"") -> 0 | BC7: =IF(ISTEXT(AY7),MATCH(AY7,$AW$5:$AW$127,0),"") -> 18 | BD7: =IF(ISNUMBER(BC7),AY7,ROW()-SUM($BC$4:$BD$4)) -> .oc | BE7: =IF(ISTEXT(AW7),IF(ISNUMBER(BC7),AY7,INDEX($AW$5:$AW$140,MATCH(BD7,$BB$5:$BB$185,0),1)),"") -> .oc | BG7: =IF(ISNUMBER(MATCH($BE7,Z$5:Z$501,0)),INDEX(Z$5:Z$501,MATCH($BE7,Z$5:Z$501,0),1),"") -> .oc | BH7: =IF(ISNUMBER(MATCH($BE7,AA$5:AA$501,0)),INDEX(AA$5:AA$501,MATCH($BE7,AA$5:AA$501,0),1),"") -> .oc | BI7: =IF(ISNUMBER(MATCH($BE7,AB$5:AB$501,0)),INDEX(AB$5:AB$501,MATCH($BE7,AB$5:AB$501,0),1),"") -> .oc | BJ7: =IF(ISNUMBER(MATCH($BE7,AC$5:AC$501,0)),INDEX(AC$5:AC$501,MATCH($BE7,AC$5:AC$501,0),1),"") -> .oc | BK7: =IF(ISNUMBER(MATCH($BE7,AD$5:AD$501,0)),INDEX(AD$5:AD$501,MATCH($BE7,AD$5:AD$501,0),1),"") -> .oc | BL7: =IF(ISNUMBER(MATCH($BE7,AE$5:AE$501,0)),INDEX(AE$5:AE$501,MATCH($BE7,AE$5:AE$501,0),1),"") -> .oc | BM7: =IF(ISNUMBER(MATCH($BE7,AF$5:AF$501,0)),INDEX(AF$5:AF$501,MATCH($BE7,AF$5:AF$501,0),1),"")
B8: =IF(ISNUMBER(MATCH(O8,$N$5:$N$1000,0)),MATCH(O8,$N$5:$N$1000,0),"") -> 3 | C8: =IF(ISNUMBER(B8),MAX(C$4:C7)+1,"") -> 3 | D8: =IF(IF(ISNUMBER(B8),"",MAX(D$4:D7)+1)<=D$3,IF(ISNUMBER(B8),"",MAX(D$4:D7)+1),"") | E8: =IF(M8<=D$3,MATCH(M8,D$5:D$1000,0),"") -> 7 | F8: =IF(ISNUMBER(E8),INDEX($N$5:$N$1000,E8,1),"") -> .ims | G8: =IF(ISNUMBER(C8),N8,IF(ISTEXT(N8),INDEX($F$5:$F$1000,MATCH(M8,$E$5:$E$1000,0),1),"")) -> .ghb | H8: =IF(O8="","",IF(ISNUMBER(MATCH(O8,$G$5:$G$1000,0)),"",IF(D8=1,C$3,0)+MAX(H$4:H7)+1)) | I8: =IF(O8="","",IF(ISNUMBER(MATCH(O8,$G$5:$G$1000,0)),"",IF(D8=1,B$4,0)+MAX(I$4:I7)+1)) | J8: =IF(ISNUMBER(MATCH(M8,$I$5:$I$1000,0)),INDEX($O$5:$O$1000,MATCH(M8,$I$5:$I$1000,0),1),"") | K8: =IF(P8="",0,1) -> 1 | M8: =IF(ROW()-ROW(M$4)<=1000,ROW()-ROW(M$4),"") -> 4 | N8: .ghb | O8: .dis.grb | P8: =IF(M8<=$B$4,IF(ISTEXT(G8),G8,""),IF(ISTEXT(J8),J8,"")) -> .ghb | R8: =IF(ROW()-ROW(R$4)<=AH$3,ROW()-ROW(R$4),"") -> 4 | S8: =IF(ROW()-ROW(S$4)<=AI$3,ROW()-ROW(S$4),"") -> 4 | T8: =IF(ROW()-ROW(T$4)<=AJ$3,ROW()-ROW(T$4),"") -> 4 | U8: =IF(ROW()-ROW(U$4)<=AK$3,ROW()-ROW(U$4),"") -> 4 | V8: =IF(ROW()-ROW(V$4)<=AL$3,ROW()-ROW(V$4),"") -> 4 | W8: =IF(ROW()-ROW(W$4)<=AM$3,ROW()-ROW(W$4),"") -> 4 | X8: =IF(ROW()-ROW(X$4)<=AN$3,ROW()-ROW(X$4),"") | Z8: =IF(ISNUMBER(R8),INDEX($BE$5:$BE$2999,MATCH(R8,AH$5:AH$2999,0),1),"") -> .npf | AA8: =IF(ISNUMBER(S8),INDEX($BE$5:$BE$2999,MATCH(S8,AI$5:AI$2999,0),1),"") -> .npf | AB8: =IF(ISNUMBER(T8),INDEX($BE$5:$BE$2999,MATCH(T8,AJ$5:AJ$2999,0),1),"") -> .npf | AC8: =IF(ISNUMBER(U8),INDEX($BE$5:$BE$2999,MATCH(U8,AK$5:AK$2999,0),1),"") -> .ims | AD8: =IF(ISNUMBER(V8),INDEX($BE$5:$BE$2999,MATCH(V8,AL$5:AL$2999,0),1),"") -> .ims | AE8: =IF(ISNUMBER(W8),INDEX($BE$5:$BE$2999,MATCH(W8,AM$5:AM$2999,0),1),"") -> .ims | AF8: =IF(ISNUMBER(X8),INDEX($BE$5:$BE$2999,MATCH(X8,AN$5:AN$2999,0),1),"") | AH8: =IF($BE8="","",IF(ISNUMBER(MATCH($BE8,AP$5:AP$29999,0)),MAX(AH$4:AH7)+1,0)) -> 3 | AI8: =IF($BE8="","",IF(ISNUMBER(MATCH($BE8,AQ$5:AQ$29999,0)),MAX(AI$4:AI7)+1,0)) -> 3 | AJ8: =IF($BE8="","",IF(ISNUMBER(MATCH($BE8,AR$5:AR$29999,0)),MAX(AJ$4:AJ7)+1,0)) -> 3 | AK8: =IF($BE8="","",IF(ISNUMBER(MATCH($BE8,AS$5:AS$29999,0)),MAX(AK$4:AK7)+1,0)) -> 4 | AL8: =IF($BE8="","",IF(ISNUMBER(MATCH($BE8,AT$5:AT$29999,0)),MAX(AL$4:AL7)+1,0)) -> 4 | AM8: =IF($BE8="","",IF(ISNUMBER(MATCH($BE8,AU$5:AU$29999,0)),MAX(AM$4:AM7)+1,0)) -> 4 | AN8: =IF($BE8="","",IF(ISNUMBER(MATCH($BE8,AV$5:AV$29999,0)),MAX(AN$4:AN7)+1,0)) -> 0 | AP8: .evta | AQ8: .ims | AR8: .ghb | AS8: .dis.grb | AT8: .dis.grb | AU8: .dis.grb | AW8: .dis.grb | AY8: .ims | AZ8: .ims | BB8: =IF(ISTEXT(AW8),IF(ISNUMBER(MATCH(AW8,$AY$5:$AY$100,0)),0,MAX(BB$4:BB7)+1),"") -> 0 | BC8: =IF(ISTEXT(AY8),MATCH(AY8,$AW$5:$AW$127,0),"") -> 10 | BD8: =IF(ISNUMBER(BC8),AY8,ROW()-SUM($BC$4:$BD$4)) -> .ims | BE8: =IF(ISTEXT(AW8),IF(ISNUMBER(BC8),AY8,INDEX($AW$5:$AW$140,MATCH(BD8,$BB$5:$BB$185,0),1)),"") -> .ims | BG8: =IF(ISNUMBER(MATCH($BE8,Z$5:Z$501,0)),INDEX(Z$5:Z$501,MATCH($BE8,Z$5:Z$501,0),1),"") -> .ims | BH8: =IF(ISNUMBER(MATCH($BE8,AA$5:AA$501,0)),INDEX(AA$5:AA$501,MATCH($BE8,AA$5:AA$501,0),1),"") -> .ims | BI8: =IF(ISNUMBER(MATCH($BE8,AB$5:AB$501,0)),INDEX(AB$5:AB$501,MATCH($BE8,AB$5:AB$501,0),1),"") -> .ims | BJ8: =IF(ISNUMBER(MATCH($BE8,AC$5:AC$501,0)),INDEX(AC$5:AC$501,MATCH($BE8,AC$5:AC$501,0),1),"") -> .ims | BK8: =IF(ISNUMBER(MATCH($BE8,AD$5:AD$501,0)),INDEX(AD$5:AD$501,MATCH($BE8,AD$5:AD$501,0),1),"") -> .ims | BL8: =IF(ISNUMBER(MATCH($BE8,AE$5:AE$501,0)),INDEX(AE$5:AE$501,MATCH($BE8,AE$5:AE$501,0),1),"") -> .ims | BM8: =IF(ISNUMBER(MATCH($BE8,AF$5:AF$501,0)),INDEX(AF$5:AF$501,MATCH($BE8,AF$5:AF$501,0),1),"")
B9: =IF(ISNUMBER(MATCH(O9,$N$5:$N$1000,0)),MATCH(O9,$N$5:$N$1000,0),"") | C9: =IF(ISNUMBER(B9),MAX(C$4:C8)+1,"") | D9: =IF(IF(ISNUMBER(B9),"",MAX(D$4:D8)+1)<=D$3,IF(ISNUMBER(B9),"",MAX(D$4:D8)+1),"") -> 2 | E9: =IF(M9<=D$3,MATCH(M9,D$5:D$1000,0),"") -> 13 | F9: =IF(ISNUMBER(E9),INDEX($N$5:$N$1000,E9,1),"") -> .mvr.bud | G9: =IF(ISNUMBER(C9),N9,IF(ISTEXT(N9),INDEX($F$5:$F$1000,MATCH(M9,$E$5:$E$1000,0),1),"")) -> .hds | H9: =IF(O9="","",IF(ISNUMBER(MATCH(O9,$G$5:$G$1000,0)),"",IF(D9=1,C$3,0)+MAX(H$4:H8)+1)) -> 24 | I9: =IF(O9="","",IF(ISNUMBER(MATCH(O9,$G$5:$G$1000,0)),"",IF(D9=1,B$4,0)+MAX(I$4:I8)+1)) -> 38 | J9: =IF(ISNUMBER(MATCH(M9,$I$5:$I$1000,0)),INDEX($O$5:$O$1000,MATCH(M9,$I$5:$I$1000,0),1),"") | K9: =IF(P9="",0,1) -> 1 | M9: =IF(ROW()-ROW(M$4)<=1000,ROW()-ROW(M$4),"") -> 5 | N9: .hds | O9: .evta | P9: =IF(M9<=$B$4,IF(ISTEXT(G9),G9,""),IF(ISTEXT(J9),J9,"")) -> .hds | R9: =IF(ROW()-ROW(R$4)<=AH$3,ROW()-ROW(R$4),"") -> 5 | S9: =IF(ROW()-ROW(S$4)<=AI$3,ROW()-ROW(S$4),"") -> 5 | T9: =IF(ROW()-ROW(T$4)<=AJ$3,ROW()-ROW(T$4),"") -> 5 | U9: =IF(ROW()-ROW(U$4)<=AK$3,ROW()-ROW(U$4),"") -> 5 | V9: =IF(ROW()-ROW(V$4)<=AL$3,ROW()-ROW(V$4),"") -> 5 | W9: =IF(ROW()-ROW(W$4)<=AM$3,ROW()-ROW(W$4),"") -> 5 | X9: =IF(ROW()-ROW(X$4)<=AN$3,ROW()-ROW(X$4),"") | Z9: =IF(ISNUMBER(R9),INDEX($BE$5:$BE$2999,MATCH(R9,AH$5:AH$2999,0),1),"") -> .lst | AA9: =IF(ISNUMBER(S9),INDEX($BE$5:$BE$2999,MATCH(S9,AI$5:AI$2999,0),1),"") -> .lst | AB9: =IF(ISNUMBER(T9),INDEX($BE$5:$BE$2999,MATCH(T9,AJ$5:AJ$2999,0),1),"") -> .lst | AC9: =IF(ISNUMBER(U9),INDEX($BE$5:$BE$2999,MATCH(U9,AK$5:AK$2999,0),1),"") -> .npf | AD9: =IF(ISNUMBER(V9),INDEX($BE$5:$BE$2999,MATCH(V9,AL$5:AL$2999,0),1),"") -> .npf | AE9: =IF(ISNUMBER(W9),INDEX($BE$5:$BE$2999,MATCH(W9,AM$5:AM$2999,0),1),"") -> .npf | AF9: =IF(ISNUMBER(X9),INDEX($BE$5:$BE$2999,MATCH(X9,AN$5:AN$2999,0),1),"") | AH9: =IF($BE9="","",IF(ISNUMBER(MATCH($BE9,AP$5:AP$29999,0)),MAX(AH$4:AH8)+1,0)) -> 4 | AI9: =IF($BE9="","",IF(ISNUMBER(MATCH($BE9,AQ$5:AQ$29999,0)),MAX(AI$4:AI8)+1,0)) -> 4 | AJ9: =IF($BE9="","",IF(ISNUMBER(MATCH($BE9,AR$5:AR$29999,0)),MAX(AJ$4:AJ8)+1,0)) -> 4 | AK9: =IF($BE9="","",IF(ISNUMBER(MATCH($BE9,AS$5:AS$29999,0)),MAX(AK$4:AK8)+1,0)) -> 5 | AL9: =IF($BE9="","",IF(ISNUMBER(MATCH($BE9,AT$5:AT$29999,0)),MAX(AL$4:AL8)+1,0)) -> 5 | AM9: =IF($BE9="","",IF(ISNUMBER(MATCH($BE9,AU$5:AU$29999,0)),MAX(AM$4:AM8)+1,0)) -> 5 | AN9: =IF($BE9="","",IF(ISNUMBER(MATCH($BE9,AV$5:AV$29999,0)),MAX(AN$4:AN8)+1,0)) -> 0 | AP9: .ghb | AQ9: .lst | AR9: .hds | AS9: .evta | AT9: .evta | AU9: .hds | AW9: .evta | AY9: .npf | AZ9: .npf | BB9: =IF(ISTEXT(AW9),IF(ISNUMBER(MATCH(AW9,$AY$5:$AY$100,0)),0,MAX(BB$4:BB8)+1),"") -> 0 | BC9: =IF(ISTEXT(AY9),MATCH(AY9,$AW$5:$AW$127,0),"") -> 17 | BD9: =IF(ISNUMBER(BC9),AY9,ROW()-SUM($BC$4:$BD$4)) -> .npf | BE9: =IF(ISTEXT(AW9),IF(ISNUMBER(BC9),AY9,INDEX($AW$5:$AW$140,MATCH(BD9,$BB$5:$BB$185,0),1)),"") -> .npf | BG9: =IF(ISNUMBER(MATCH($BE9,Z$5:Z$501,0)),INDEX(Z$5:Z$501,MATCH($BE9,Z$5:Z$501,0),1),"") -> .npf | BH9: =IF(ISNUMBER(MATCH($BE9,AA$5:AA$501,0)),INDEX(AA$5:AA$501,MATCH($BE9,AA$5:AA$501,0),1),"") -> .npf | BI9: =IF(ISNUMBER(MATCH($BE9,AB$5:AB$501,0)),INDEX(AB$5:AB$501,MATCH($BE9,AB$5:AB$501,0),1),"") -> .npf | BJ9: =IF(ISNUMBER(MATCH($BE9,AC$5:AC$501,0)),INDEX(AC$5:AC$501,MATCH($BE9,AC$5:AC$501,0),1),"") -> .npf | BK9: =IF(ISNUMBER(MATCH($BE9,AD$5:AD$501,0)),INDEX(AD$5:AD$501,MATCH($BE9,AD$5:AD$501,0),1),"") -> .npf | BL9: =IF(ISNUMBER(MATCH($BE9,AE$5:AE$501,0)),INDEX(AE$5:AE$501,MATCH($BE9,AE$5:AE$501,0),1),"") -> .npf | BM9: =IF(ISNUMBER(MATCH($BE9,AF$5:AF$501,0)),INDEX(AF$5:AF$501,MATCH($BE9,AF$5:AF$501,0),1),"")
B10: =IF(ISNUMBER(MATCH(O10,$N$5:$N$1000,0)),MATCH(O10,$N$5:$N$1000,0),"") | C10: =IF(ISNUMBER(B10),MAX(C$4:C9)+1,"") | D10: =IF(IF(ISNUMBER(B10),"",MAX(D$4:D9)+1)<=D$3,IF(ISNUMBER(B10),"",MAX(D$4:D9)+1),"") -> 3 | E10: =IF(M10<=D$3,MATCH(M10,D$5:D$1000,0),"") -> 19 | F10: =IF(ISNUMBER(E10),INDEX($N$5:$N$1000,E10,1),"") -> .sfr.obs | G10: =IF(ISNUMBER(C10),N10,IF(ISTEXT(N10),INDEX($F$5:$F$1000,MATCH(M10,$E$5:$E$1000,0),1),"")) -> .ic | H10: =IF(O10="","",IF(ISNUMBER(MATCH(O10,$G$5:$G$1000,0)),"",IF(D10=1,C$3,0)+MAX(H$4:H9)+1)) -> 25 | I10: =IF(O10="","",IF(ISNUMBER(MATCH(O10,$G$5:$G$1000,0)),"",IF(D10=1,B$4,0)+MAX(I$4:I9)+1)) -> 39 | J10: =IF(ISNUMBER(MATCH(M10,$I$5:$I$1000,0)),INDEX($O$5:$O$1000,MATCH(M10,$I$5:$I$1000,0),1),"") | K10: =IF(P10="",0,1) -> 1 | M10: =IF(ROW()-ROW(M$4)<=1000,ROW()-ROW(M$4),"") -> 6 | N10: .ic | O10: .gwf.obs | P10: =IF(M10<=$B$4,IF(ISTEXT(G10),G10,""),IF(ISTEXT(J10),J10,"")) -> .ic | R10: =IF(ROW()-ROW(R$4)<=AH$3,ROW()-ROW(R$4),"") -> 6 | S10: =IF(ROW()-ROW(S$4)<=AI$3,ROW()-ROW(S$4),"") -> 6 | T10: =IF(ROW()-ROW(T$4)<=AJ$3,ROW()-ROW(T$4),"") -> 6 | U10: =IF(ROW()-ROW(U$4)<=AK$3,ROW()-ROW(U$4),"") -> 6 | V10: =IF(ROW()-ROW(V$4)<=AL$3,ROW()-ROW(V$4),"") -> 6 | W10: =IF(ROW()-ROW(W$4)<=AM$3,ROW()-ROW(W$4),"") -> 6 | X10: =IF(ROW()-ROW(X$4)<=AN$3,ROW()-ROW(X$4),"") | Z10: =IF(ISNUMBER(R10),INDEX($BE$5:$BE$2999,MATCH(R10,AH$5:AH$2999,0),1),"") -> .dis | AA10: =IF(ISNUMBER(S10),INDEX($BE$5:$BE$2999,MATCH(S10,AI$5:AI$2999,0),1),"") -> .dis | AB10: =IF(ISNUMBER(T10),INDEX($BE$5:$BE$2999,MATCH(T10,AJ$5:AJ$2999,0),1),"") -> .dis | AC10: =IF(ISNUMBER(U10),INDEX($BE$5:$BE$2999,MATCH(U10,AK$5:AK$2999,0),1),"") -> .lst | AD10: =IF(ISNUMBER(V10),INDEX($BE$5:$BE$2999,MATCH(V10,AL$5:AL$2999,0),1),"") -> .lst | AE10: =IF(ISNUMBER(W10),INDEX($BE$5:$BE$2999,MATCH(W10,AM$5:AM$2999,0),1),"") -> .lst | AF10: =IF(ISNUMBER(X10),INDEX($BE$5:$BE$2999,MATCH(X10,AN$5:AN$2999,0),1),"") | AH10: =IF($BE10="","",IF(ISNUMBER(MATCH($BE10,AP$5:AP$29999,0)),MAX(AH$4:AH9)+1,0)) -> 5 | AI10: =IF($BE10="","",IF(ISNUMBER(MATCH($BE10,AQ$5:AQ$29999,0)),MAX(AI$4:AI9)+1,0)) -> 5 | AJ10: =IF($BE10="","",IF(ISNUMBER(MATCH($BE10,AR$5:AR$29999,0)),MAX(AJ$4:AJ9)+1,0)) -> 5 | AK10: =IF($BE10="","",IF(ISNUMBER(MATCH($BE10,AS$5:AS$29999,0)),MAX(AK$4:AK9)+1,0)) -> 6 | AL10: =IF($BE10="","",IF(ISNUMBER(MATCH($BE10,AT$5:AT$29999,0)),MAX(AL$4:AL9)+1,0)) -> 6 | AM10: =IF($BE10="","",IF(ISNUMBER(MATCH($BE10,AU$5:AU$29999,0)),MAX(AM$4:AM9)+1,0)) -> 6 | AN10: =IF($BE10="","",IF(ISNUMBER(MATCH($BE10,AV$5:AV$29999,0)),MAX(AN$4:AN9)+1,0)) -> 0 | AP10: .hds | AQ10: .nam | AR10: .ic | AS10: .gwf.obs | AT10: .gwf.obs | AU10: .ic | AW10: .gwf.obs | AY10: .lst | AZ10: .lst | BB10: =IF(ISTEXT(AW10),IF(ISNUMBER(MATCH(AW10,$AY$5:$AY$100,0)),0,MAX(BB$4:BB9)+1),"") -> 0 | BC10: =IF(ISTEXT(AY10),MATCH(AY10,$AW$5:$AW$127,0),"") -> 14 | BD10: =IF(ISNUMBER(BC10),AY10,ROW()-SUM($BC$4:$BD$4)) -> .lst | BE10: =IF(ISTEXT(AW10),IF(ISNUMBER(BC10),AY10,INDEX($AW$5:$AW$140,MATCH(BD10,$BB$5:$BB$185,0),1)),"") -> .lst | BG10: =IF(ISNUMBER(MATCH($BE10,Z$5:Z$501,0)),INDEX(Z$5:Z$501,MATCH($BE10,Z$5:Z$501,0),1),"") -> .lst | BH10: =IF(ISNUMBER(MATCH($BE10,AA$5:AA$501,0)),INDEX(AA$5:AA$501,MATCH($BE10,AA$5:AA$501,0),1),"") -> .lst | BI10: =IF(ISNUMBER(MATCH($BE10,AB$5:AB$501,0)),INDEX(AB$5:AB$501,MATCH($BE10,AB$5:AB$501,0),1),"") -> .lst | BJ10: =IF(ISNUMBER(MATCH($BE10,AC$5:AC$501,0)),INDEX(AC$5:AC$501,MATCH($BE10,AC$5:AC$501,0),1),"") -> .lst | BK10: =IF(ISNUMBER(MATCH($BE10,AD$5:AD$501,0)),INDEX(AD$5:AD$501,MATCH($BE10,AD$5:AD$501,0),1),"") -> .lst | BL10: =IF(ISNUMBER(MATCH($BE10,AE$5:AE$501,0)),INDEX(AE$5:AE$501,MATCH($BE10,AE$5:AE$501,0),1),"") -> .lst | BM10: =IF(ISNUMBER(MATCH($BE10,AF$5:AF$501,0)),INDEX(AF$5:AF$501,MATCH($BE10,AF$5:AF$501,0),1),"")
B11: =IF(ISNUMBER(MATCH(O11,$N$5:$N$1000,0)),MATCH(O11,$N$5:$N$1000,0),"") | C11: =IF(ISNUMBER(B11),MAX(C$4:C10)+1,"") | D11: =IF(IF(ISNUMBER(B11),"",MAX(D$4:D10)+1)<=D$3,IF(ISNUMBER(B11),"",MAX(D$4:D10)+1),"") -> 4 | E11: =IF(M11<=D$3,MATCH(M11,D$5:D$1000,0),"") -> 25 | F11: =IF(ISNUMBER(E11),INDEX($N$5:$N$1000,E11,1),"") -> .wel | G11: =IF(ISNUMBER(C11),N11,IF(ISTEXT(N11),INDEX($F$5:$F$1000,MATCH(M11,$E$5:$E$1000,0),1),"")) -> .ims | H11: =IF(O11="","",IF(ISNUMBER(MATCH(O11,$G$5:$G$1000,0)),"",IF(D11=1,C$3,0)+MAX(H$4:H10)+1)) -> 26 | I11: =IF(O11="","",IF(ISNUMBER(MATCH(O11,$G$5:$G$1000,0)),"",IF(D11=1,B$4,0)+MAX(I$4:I10)+1)) -> 40 | J11: =IF(ISNUMBER(MATCH(M11,$I$5:$I$1000,0)),INDEX($O$5:$O$1000,MATCH(M11,$I$5:$I$1000,0),1),"") | K11: =IF(P11="",0,1) -> 1 | M11: =IF(ROW()-ROW(M$4)<=1000,ROW()-ROW(M$4),"") -> 7 | N11: .ims | O11: .gwf.obs.csv | P11: =IF(M11<=$B$4,IF(ISTEXT(G11),G11,""),IF(ISTEXT(J11),J11,"")) -> .ims | R11: =IF(ROW()-ROW(R$4)<=AH$3,ROW()-ROW(R$4),"") -> 7 | S11: =IF(ROW()-ROW(S$4)<=AI$3,ROW()-ROW(S$4),"") -> 7 | T11: =IF(ROW()-ROW(T$4)<=AJ$3,ROW()-ROW(T$4),"") -> 7 | U11: =IF(ROW()-ROW(U$4)<=AK$3,ROW()-ROW(U$4),"") -> 7 | V11: =IF(ROW()-ROW(V$4)<=AL$3,ROW()-ROW(V$4),"") -> 7 | W11: =IF(ROW()-ROW(W$4)<=AM$3,ROW()-ROW(W$4),"") -> 7 | X11: =IF(ROW()-ROW(X$4)<=AN$3,ROW()-ROW(X$4),"") | Z11: =IF(ISNUMBER(R11),INDEX($BE$5:$BE$2999,MATCH(R11,AH$5:AH$2999,0),1),"") -> .sfr | AA11: =IF(ISNUMBER(S11),INDEX($BE$5:$BE$2999,MATCH(S11,AI$5:AI$2999,0),1),"") -> .sfr | AB11: =IF(ISNUMBER(T11),INDEX($BE$5:$BE$2999,MATCH(T11,AJ$5:AJ$2999,0),1),"") -> .sfr | AC11: =IF(ISNUMBER(U11),INDEX($BE$5:$BE$2999,MATCH(U11,AK$5:AK$2999,0),1),"") -> .dis | AD11: =IF(ISNUMBER(V11),INDEX($BE$5:$BE$2999,MATCH(V11,AL$5:AL$2999,0),1),"") -> .dis | AE11: =IF(ISNUMBER(W11),INDEX($BE$5:$BE$2999,MATCH(W11,AM$5:AM$2999,0),1),"") -> .dis | AF11: =IF(ISNUMBER(X11),INDEX($BE$5:$BE$2999,MATCH(X11,AN$5:AN$2999,0),1),"") | AH11: =IF($BE11="","",IF(ISNUMBER(MATCH($BE11,AP$5:AP$29999,0)),MAX(AH$4:AH10)+1,0)) -> 6 | AI11: =IF($BE11="","",IF(ISNUMBER(MATCH($BE11,AQ$5:AQ$29999,0)),MAX(AI$4:AI10)+1,0)) -> 6 | AJ11: =IF($BE11="","",IF(ISNUMBER(MATCH($BE11,AR$5:AR$29999,0)),MAX(AJ$4:AJ10)+1,0)) -> 6 | AK11: =IF($BE11="","",IF(ISNUMBER(MATCH($BE11,AS$5:AS$29999,0)),MAX(AK$4:AK10)+1,0)) -> 7 | AL11: =IF($BE11="","",IF(ISNUMBER(MATCH($BE11,AT$5:AT$29999,0)),MAX(AL$4:AL10)+1,0)) -> 7 | AM11: =IF($BE11="","",IF(ISNUMBER(MATCH($BE11,AU$5:AU$29999,0)),MAX(AM$4:AM10)+1,0)) -> 7 | AN11: =IF($BE11="","",IF(ISNUMBER(MATCH($BE11,AV$5:AV$29999,0)),MAX(AN$4:AN10)+1,0)) -> 0 | AP11: .ic | AQ11: .npf | AR11: .ims | AS11: .gwf.obs.csv | AT11: .gwf.obs.csv | AU11: .ims | AW11: .gwf.obs.csv | AY11: .dis | AZ11: .dis | BB11: =IF(ISTEXT(AW11),IF(ISNUMBER(MATCH(AW11,$AY$5:$AY$100,0)),0,MAX(BB$4:BB10)+1),"") -> 0 | BC11: =IF(ISTEXT(AY11),MATCH(AY11,$AW$5:$AW$127,0),"") -> 3 | BD11: =IF(ISNUMBER(BC11),AY11,ROW()-SUM($BC$4:$BD$4)) -> .dis | BE11: =IF(ISTEXT(AW11),IF(ISNUMBER(BC11),AY11,INDEX($AW$5:$AW$140,MATCH(BD11,$BB$5:$BB$185,0),1)),"") -> .dis | BG11: =IF(ISNUMBER(MATCH($BE11,Z$5:Z$501,0)),INDEX(Z$5:Z$501,MATCH($BE11,Z$5:Z$501,0),1),"") -> .dis | BH11: =IF(ISNUMBER(MATCH($BE11,AA$5:AA$501,0)),INDEX(AA$5:AA$501,MATCH($BE11,AA$5:AA$501,0),1),"") -> .dis | BI11: =IF(ISNUMBER(MATCH($BE11,AB$5:AB$501,0)),INDEX(AB$5:AB$501,MATCH($BE11,AB$5:AB$501,0),1),"") -> .dis | BJ11: =IF(ISNUMBER(MATCH($BE11,AC$5:AC$501,0)),INDEX(AC$5:AC$501,MATCH($BE11,AC$5:AC$501,0),1),"") -> .dis | BK11: =IF(ISNUMBER(MATCH($BE11,AD$5:AD$501,0)),INDEX(AD$5:AD$501,MATCH($BE11,AD$5:AD$501,0),1),"") -> .dis | BL11: =IF(ISNUMBER(MATCH($BE11,AE$5:AE$501,0)),INDEX(AE$5:AE$501,MATCH($BE11,AE$5:AE$501,0),1),"") -> .dis | BM11: =IF(ISNUMBER(MATCH($BE11,AF$5:AF$501,0)),INDEX(AF$5:AF$501,MATCH($BE11,AF$5:AF$501,0),1),"")
B12: =IF(ISNUMBER(MATCH(O12,$N$5:$N$1000,0)),MATCH(O12,$N$5:$N$1000,0),"") -> 5 | C12: =IF(ISNUMBER(B12),MAX(C$4:C11)+1,"") -> 4 | D12: =IF(IF(ISNUMBER(B12),"",MAX(D$4:D11)+1)<=D$3,IF(ISNUMBER(B12),"",MAX(D$4:D11)+1),"") | E12: =IF(M12<=D$3,MATCH(M12,D$5:D$1000,0),"") -> 26 | F12: =IF(ISNUMBER(E12),INDEX($N$5:$N$1000,E12,1),"") -> mfsim.lst | G12: =IF(ISNUMBER(C12),N12,IF(ISTEXT(N12),INDEX($F$5:$F$1000,MATCH(M12,$E$5:$E$1000,0),1),"")) -> .lak | H12: =IF(O12="","",IF(ISNUMBER(MATCH(O12,$G$5:$G$1000,0)),"",IF(D12=1,C$3,0)+MAX(H$4:H11)+1)) | I12: =IF(O12="","",IF(ISNUMBER(MATCH(O12,$G$5:$G$1000,0)),"",IF(D12=1,B$4,0)+MAX(I$4:I11)+1)) | J12: =IF(ISNUMBER(MATCH(M12,$I$5:$I$1000,0)),INDEX($O$5:$O$1000,MATCH(M12,$I$5:$I$1000,0),1),"") | K12: =IF(P12="",0,1) -> 1 | M12: =IF(ROW()-ROW(M$4)<=1000,ROW()-ROW(M$4),"") -> 8 | N12: .lak | O12: .hds | P12: =IF(M12<=$B$4,IF(ISTEXT(G12),G12,""),IF(ISTEXT(J12),J12,"")) -> .lak | R12: =IF(ROW()-ROW(R$4)<=AH$3,ROW()-ROW(R$4),"") -> 8 | S12: =IF(ROW()-ROW(S$4)<=AI$3,ROW()-ROW(S$4),"") -> 8 | T12: =IF(ROW()-ROW(T$4)<=AJ$3,ROW()-ROW(T$4),"") -> 8 | U12: =IF(ROW()-ROW(U$4)<=AK$3,ROW()-ROW(U$4),"") -> 8 | V12: =IF(ROW()-ROW(V$4)<=AL$3,ROW()-ROW(V$4),"") -> 8 | W12: =IF(ROW()-ROW(W$4)<=AM$3,ROW()-ROW(W$4),"") -> 8 | X12: =IF(ROW()-ROW(X$4)<=AN$3,ROW()-ROW(X$4),"") | Z12: =IF(ISNUMBER(R12),INDEX($BE$5:$BE$2999,MATCH(R12,AH$5:AH$2999,0),1),"") -> .sfr.obs | AA12: =IF(ISNUMBER(S12),INDEX($BE$5:$BE$2999,MATCH(S12,AI$5:AI$2999,0),1),"") -> .sfr.obs | AB12: =IF(ISNUMBER(T12),INDEX($BE$5:$BE$2999,MATCH(T12,AJ$5:AJ$2999,0),1),"") -> .sfr.obs | AC12: =IF(ISNUMBER(U12),INDEX($BE$5:$BE$2999,MATCH(U12,AK$5:AK$2999,0),1),"") -> .lak | AD12: =IF(ISNUMBER(V12),INDEX($BE$5:$BE$2999,MATCH(V12,AL$5:AL$2999,0),1),"") -> .sfr | AE12: =IF(ISNUMBER(W12),INDEX($BE$5:$BE$2999,MATCH(W12,AM$5:AM$2999,0),1),"") -> .sfr | AF12: =IF(ISNUMBER(X12),INDEX($BE$5:$BE$2999,MATCH(X12,AN$5:AN$2999,0),1),"") | AH12: =IF($BE12="","",IF(ISNUMBER(MATCH($BE12,AP$5:AP$29999,0)),MAX(AH$4:AH11)+1,0)) -> 7 | AI12: =IF($BE12="","",IF(ISNUMBER(MATCH($BE12,AQ$5:AQ$29999,0)),MAX(AI$4:AI11)+1,0)) -> 7 | AJ12: =IF($BE12="","",IF(ISNUMBER(MATCH($BE12,AR$5:AR$29999,0)),MAX(AJ$4:AJ11)+1,0)) -> 7 | AK12: =IF($BE12="","",IF(ISNUMBER(MATCH($BE12,AS$5:AS$29999,0)),MAX(AK$4:AK11)+1,0)) -> 0 | AL12: =IF($BE12="","",IF(ISNUMBER(MATCH($BE12,AT$5:AT$29999,0)),MAX(AL$4:AL11)+1,0)) -> 8 | AM12: =IF($BE12="","",IF(ISNUMBER(MATCH($BE12,AU$5:AU$29999,0)),MAX(AM$4:AM11)+1,0)) -> 8 | AN12: =IF($BE12="","",IF(ISNUMBER(MATCH($BE12,AV$5:AV$29999,0)),MAX(AN$4:AN11)+1,0)) -> 0 | AP12: .ims | AQ12: .oc | AR12: .lak | AS12: .hds | AT12: .hds | AU12: .lak | AW12: .hds | AY12: .sfr | AZ12: .sfr | BB12: =IF(ISTEXT(AW12),IF(ISNUMBER(MATCH(AW12,$AY$5:$AY$100,0)),0,MAX(BB$4:BB11)+1),"") -> 0 | BC12: =IF(ISTEXT(AY12),MATCH(AY12,$AW$5:$AW$127,0),"") -> 20 | BD12: =IF(ISNUMBER(BC12),AY12,ROW()-SUM($BC$4:$BD$4)) -> .sfr | BE12: =IF(ISTEXT(AW12),IF(ISNUMBER(BC12),AY12,INDEX($AW$5:$AW$140,MATCH(BD12,$BB$5:$BB$185,0),1)),"") -> .sfr | BG12: =IF(ISNUMBER(MATCH($BE12,Z$5:Z$501,0)),INDEX(Z$5:Z$501,MATCH($BE12,Z$5:Z$501,0),1),"") -> .sfr | BH12: =IF(ISNUMBER(MATCH($BE12,AA$5:AA$501,0)),INDEX(AA$5:AA$501,MATCH($BE12,AA$5:AA$501,0),1),"") -> .sfr | BI12: =IF(ISNUMBER(MATCH($BE12,AB$5:AB$501,0)),INDEX(AB$5:AB$501,MATCH($BE12,AB$5:AB$501,0),1),"") -> .sfr | BJ12: =IF(ISNUMBER(MATCH($BE12,AC$5:AC$501,0)),INDEX(AC$5:AC$501,MATCH($BE12,AC$5:AC$501,0),1),"") | BK12: =IF(ISNUMBER(MATCH($BE12,AD$5:AD$501,0)),INDEX(AD$5:AD$501,MATCH($BE12,AD$5:AD$501,0),1),"") -> .sfr | BL12: =IF(ISNUMBER(MATCH($BE12,AE$5:AE$501,0)),INDEX(AE$5:AE$501,MATCH($BE12,AE$5:AE$501,0),1),"") -> .sfr | BM12: =IF(ISNUMBER(MATCH($BE12,AF$5:AF$501,0)),INDEX(AF$5:AF$501,MATCH($BE12,AF$5:AF$501,0),1),"")
B13: =IF(ISNUMBER(MATCH(O13,$N$5:$N$1000,0)),MATCH(O13,$N$5:$N$1000,0),"") -> 6 | C13: =IF(ISNUMBER(B13),MAX(C$4:C12)+1,"") -> 5 | D13: =IF(IF(ISNUMBER(B13),"",MAX(D$4:D12)+1)<=D$3,IF(ISNUMBER(B13),"",MAX(D$4:D12)+1),"") | E13: =IF(M13<=D$3,MATCH(M13,D$5:D$1000,0),"") -> 29 | F13: =IF(ISNUMBER(E13),INDEX($N$5:$N$1000,E13,1),"") -> obs_uzf.csv | G13: =IF(ISNUMBER(C13),N13,IF(ISTEXT(N13),INDEX($F$5:$F$1000,MATCH(M13,$E$5:$E$1000,0),1),"")) -> .lak.bud | H13: =IF(O13="","",IF(ISNUMBER(MATCH(O13,$G$5:$G$1000,0)),"",IF(D13=1,C$3,0)+MAX(H$4:H12)+1)) | I13: =IF(O13="","",IF(ISNUMBER(MATCH(O13,$G$5:$G$1000,0)),"",IF(D13=1,B$4,0)+MAX(I$4:I12)+1)) | J13: =IF(ISNUMBER(MATCH(M13,$I$5:$I$1000,0)),INDEX($O$5:$O$1000,MATCH(M13,$I$5:$I$1000,0),1),"") | K13: =IF(P13="",0,1) -> 1 | M13: =IF(ROW()-ROW(M$4)<=1000,ROW()-ROW(M$4),"") -> 9 | N13: .lak.bud | O13: .ic | P13: =IF(M13<=$B$4,IF(ISTEXT(G13),G13,""),IF(ISTEXT(J13),J13,"")) -> .lak.bud | R13: =IF(ROW()-ROW(R$4)<=AH$3,ROW()-ROW(R$4),"") -> 9 | S13: =IF(ROW()-ROW(S$4)<=AI$3,ROW()-ROW(S$4),"") -> 9 | T13: =IF(ROW()-ROW(T$4)<=AJ$3,ROW()-ROW(T$4),"") -> 9 | U13: =IF(ROW()-ROW(U$4)<=AK$3,ROW()-ROW(U$4),"") -> 9 | V13: =IF(ROW()-ROW(V$4)<=AL$3,ROW()-ROW(V$4),"") -> 9 | W13: =IF(ROW()-ROW(W$4)<=AM$3,ROW()-ROW(W$4),"") -> 9 | X13: =IF(ROW()-ROW(X$4)<=AN$3,ROW()-ROW(X$4),"") | Z13: =IF(ISNUMBER(R13),INDEX($BE$5:$BE$2999,MATCH(R13,AH$5:AH$2999,0),1),"") -> .sfr.obs.csv | AA13: =IF(ISNUMBER(S13),INDEX($BE$5:$BE$2999,MATCH(S13,AI$5:AI$2999,0),1),"") -> .sfr.obs.csv | AB13: =IF(ISNUMBER(T13),INDEX($BE$5:$BE$2999,MATCH(T13,AJ$5:AJ$2999,0),1),"") -> .sfr.bud | AC13: =IF(ISNUMBER(U13),INDEX($BE$5:$BE$2999,MATCH(U13,AK$5:AK$2999,0),1),"") -> .lak.obs | AD13: =IF(ISNUMBER(V13),INDEX($BE$5:$BE$2999,MATCH(V13,AL$5:AL$2999,0),1),"") -> .lak | AE13: =IF(ISNUMBER(W13),INDEX($BE$5:$BE$2999,MATCH(W13,AM$5:AM$2999,0),1),"") -> .sfr.obs | AF13: =IF(ISNUMBER(X13),INDEX($BE$5:$BE$2999,MATCH(X13,AN$5:AN$2999,0),1),"") | AH13: =IF($BE13="","",IF(ISNUMBER(MATCH($BE13,AP$5:AP$29999,0)),MAX(AH$4:AH12)+1,0)) -> 8 | AI13: =IF($BE13="","",IF(ISNUMBER(MATCH($BE13,AQ$5:AQ$29999,0)),MAX(AI$4:AI12)+1,0)) -> 8 | AJ13: =IF($BE13="","",IF(ISNUMBER(MATCH($BE13,AR$5:AR$29999,0)),MAX(AJ$4:AJ12)+1,0)) -> 8 | AK13: =IF($BE13="","",IF(ISNUMBER(MATCH($BE13,AS$5:AS$29999,0)),MAX(AK$4:AK12)+1,0)) -> 0 | AL13: =IF($BE13="","",IF(ISNUMBER(MATCH($BE13,AT$5:AT$29999,0)),MAX(AL$4:AL12)+1,0)) -> 0 | AM13: =IF($BE13="","",IF(ISNUMBER(MATCH($BE13,AU$5:AU$29999,0)),MAX(AM$4:AM12)+1,0)) -> 9 | AN13: =IF($BE13="","",IF(ISNUMBER(MATCH($BE13,AV$5:AV$29999,0)),MAX(AN$4:AN12)+1,0)) -> 0 | AP13: .lst | AQ13: .sfr | AR13: .lak.bud | AS13: .ic | AT13: .ic | AU13: .lak.bin | AW13: .ic | AY13: .sfr.obs | AZ13: .sfr.obs | BB13: =IF(ISTEXT(AW13),IF(ISNUMBER(MATCH(AW13,$AY$5:$AY$100,0)),0,MAX(BB$4:BB12)+1),"") -> 0 | BC13: =IF(ISTEXT(AY13),MATCH(AY13,$AW$5:$AW$127,0),"") -> 31 | BD13: =IF(ISNUMBER(BC13),AY13,ROW()-SUM($BC$4:$BD$4)) -> .sfr.obs | BE13: =IF(ISTEXT(AW13),IF(ISNUMBER(BC13),AY13,INDEX($AW$5:$AW$140,MATCH(BD13,$BB$5:$BB$185,0),1)),"") -> .sfr.obs | BG13: =IF(ISNUMBER(MATCH($BE13,Z$5:Z$501,0)),INDEX(Z$5:Z$501,MATCH($BE13,Z$5:Z$501,0),1),"") -> .sfr.obs | BH13: =IF(ISNUMBER(MATCH($BE13,AA$5:AA$501,0)),INDEX(AA$5:AA$501,MATCH($BE13,AA$5:AA$501,0),1),"") -> .sfr.obs | BI13: =IF(ISNUMBER(MATCH($BE13,AB$5:AB$501,0)),INDEX(AB$5:AB$501,MATCH($BE13,AB$5:AB$501,0),1),"") -> .sfr.obs | BJ13: =IF(ISNUMBER(MATCH($BE13,AC$5:AC$501,0)),INDEX(AC$5:AC$501,MATCH($BE13,AC$5:AC$501,0),1),"") | BK13: =IF(ISNUMBER(MATCH($BE13,AD$5:AD$501,0)),INDEX(AD$5:AD$501,MATCH($BE13,AD$5:AD$501,0),1),"") | BL13: =IF(ISNUMBER(MATCH($BE13,AE$5:AE$501,0)),INDEX(AE$5:AE$501,MATCH($BE13,AE$5:AE$501,0),1),"") -> .sfr.obs | BM13: =IF(ISNUMBER(MATCH($BE13,AF$5:AF$501,0)),INDEX(AF$5:AF$501,MATCH($BE13,AF$5:AF$501,0),1),"")
B14: =IF(ISNUMBER(MATCH(O14,$N$5:$N$1000,0)),MATCH(O14,$N$5:$N$1000,0),"") -> 7 | C14: =IF(ISNUMBER(B14),MAX(C$4:C13)+1,"") -> 6 | D14: =IF(IF(ISNUMBER(B14),"",MAX(D$4:D13)+1)<=D$3,IF(ISNUMBER(B14),"",MAX(D$4:D13)+1),"") | E14: =IF(M14<=D$3,MATCH(M14,D$5:D$1000,0),"") -> 32 | F14: =IF(ISNUMBER(E14),INDEX($N$5:$N$1000,E14,1),"") -> sfr.reach01.csv | G14: =IF(ISNUMBER(C14),N14,IF(ISTEXT(N14),INDEX($F$5:$F$1000,MATCH(M14,$E$5:$E$1000,0),1),"")) -> .lak.obs | H14: =IF(O14="","",IF(ISNUMBER(MATCH(O14,$G$5:$G$1000,0)),"",IF(D14=1,C$3,0)+MAX(H$4:H13)+1)) | I14: =IF(O14="","",IF(ISNUMBER(MATCH(O14,$G$5:$G$1000,0)),"",IF(D14=1,B$4,0)+MAX(I$4:I13)+1)) | J14: =IF(ISNUMBER(MATCH(M14,$I$5:$I$1000,0)),INDEX($O$5:$O$1000,MATCH(M14,$I$5:$I$1000,0),1),"") | K14: =IF(P14="",0,1) -> 1 | M14: =IF(ROW()-ROW(M$4)<=1000,ROW()-ROW(M$4),"") -> 10 | N14: .lak.obs | O14: .ims | P14: =IF(M14<=$B$4,IF(ISTEXT(G14),G14,""),IF(ISTEXT(J14),J14,"")) -> .lak.obs | R14: =IF(ROW()-ROW(R$4)<=AH$3,ROW()-ROW(R$4),"") -> 10 | S14: =IF(ROW()-ROW(S$4)<=AI$3,ROW()-ROW(S$4),"") -> 10 | T14: =IF(ROW()-ROW(T$4)<=AJ$3,ROW()-ROW(T$4),"") -> 10 | U14: =IF(ROW()-ROW(U$4)<=AK$3,ROW()-ROW(U$4),"") -> 10 | V14: =IF(ROW()-ROW(V$4)<=AL$3,ROW()-ROW(V$4),"") -> 10 | W14: =IF(ROW()-ROW(W$4)<=AM$3,ROW()-ROW(W$4),"") -> 10 | X14: =IF(ROW()-ROW(X$4)<=AN$3,ROW()-ROW(X$4),"") | Z14: =IF(ISNUMBER(R14),INDEX($BE$5:$BE$2999,MATCH(R14,AH$5:AH$2999,0),1),"") -> .nam | AA14: =IF(ISNUMBER(S14),INDEX($BE$5:$BE$2999,MATCH(S14,AI$5:AI$2999,0),1),"") -> .nam | AB14: =IF(ISNUMBER(T14),INDEX($BE$5:$BE$2999,MATCH(T14,AJ$5:AJ$2999,0),1),"") -> .lak | AC14: =IF(ISNUMBER(U14),INDEX($BE$5:$BE$2999,MATCH(U14,AK$5:AK$2999,0),1),"") -> .lak.obs.csv | AD14: =IF(ISNUMBER(V14),INDEX($BE$5:$BE$2999,MATCH(V14,AL$5:AL$2999,0),1),"") -> .lak.obs | AE14: =IF(ISNUMBER(W14),INDEX($BE$5:$BE$2999,MATCH(W14,AM$5:AM$2999,0),1),"") -> .sfr.obs.csv | AF14: =IF(ISNUMBER(X14),INDEX($BE$5:$BE$2999,MATCH(X14,AN$5:AN$2999,0),1),"") | AH14: =IF($BE14="","",IF(ISNUMBER(MATCH($BE14,AP$5:AP$29999,0)),MAX(AH$4:AH13)+1,0)) -> 9 | AI14: =IF($BE14="","",IF(ISNUMBER(MATCH($BE14,AQ$5:AQ$29999,0)),MAX(AI$4:AI13)+1,0)) -> 9 | AJ14: =IF($BE14="","",IF(ISNUMBER(MATCH($BE14,AR$5:AR$29999,0)),MAX(AJ$4:AJ13)+1,0)) -> 0 | AK14: =IF($BE14="","",IF(ISNUMBER(MATCH($BE14,AS$5:AS$29999,0)),MAX(AK$4:AK13)+1,0)) -> 0 | AL14: =IF($BE14="","",IF(ISNUMBER(MATCH($BE14,AT$5:AT$29999,0)),MAX(AL$4:AL13)+1,0)) -> 0 | AM14: =IF($BE14="","",IF(ISNUMBER(MATCH($BE14,AU$5:AU$29999,0)),MAX(AM$4:AM13)+1,0)) -> 10 | AN14: =IF($BE14="","",IF(ISNUMBER(MATCH($BE14,AV$5:AV$29999,0)),MAX(AN$4:AN13)+1,0)) -> 0 | AP14: .nam | AQ14: .sfr.obs | AR14: .lak.obs | AS14: .ims | AT14: .ims | AU14: .lak.bud | AW14: .ims | AY14: .sfr.obs.csv | AZ14: .sfr.obs.csv | BB14: =IF(ISTEXT(AW14),IF(ISNUMBER(MATCH(AW14,$AY$5:$AY$100,0)),0,MAX(BB$4:BB13)+1),"") -> 0 | BC14: =IF(ISTEXT(AY14),MATCH(AY14,$AW$5:$AW$127,0),"") -> 32 | BD14: =IF(ISNUMBER(BC14),AY14,ROW()-SUM($BC$4:$BD$4)) -> .sfr.obs.csv | BE14: =IF(ISTEXT(AW14),IF(ISNUMBER(BC14),AY14,INDEX($AW$5:$AW$140,MATCH(BD14,$BB$5:$BB$185,0),1)),"") -> .sfr.obs.csv | BG14: =IF(ISNUMBER(MATCH($BE14,Z$5:Z$501,0)),INDEX(Z$5:Z$501,MATCH($BE14,Z$5:Z$501,0),1),"") -> .sfr.obs.csv | BH14: =IF(ISNUMBER(MATCH($BE14,AA$5:AA$501,0)),INDEX(AA$5:AA$501,MATCH($BE14,AA$5:AA$501,0),1),"") -> .sfr.obs.csv | BI14: =IF(ISNUMBER(MATCH($BE14,AB$5:AB$501,0)),INDEX(AB$5:AB$501,MATCH($BE14,AB$5:AB$501,0),1),"") | BJ14: =IF(ISNUMBER(MATCH($BE14,AC$5:AC$501,0)),INDEX(AC$5:AC$501,MATCH($BE14,AC$5:AC$501,0),1),"") | BK14: =IF(ISNUMBER(MATCH($BE14,AD$5:AD$501,0)),INDEX(AD$5:AD$501,MATCH($BE14,AD$5:AD$501,0),1),"") | BL14: =IF(ISNUMBER(MATCH($BE14,AE$5:AE$501,0)),INDEX(AE$5:AE$501,MATCH($BE14,AE$5:AE$501,0),1),"") -> .sfr.obs.csv | BM14: =IF(ISNUMBER(MATCH($BE14,AF$5:AF$501,0)),INDEX(AF$5:AF$501,MATCH($BE14,AF$5:AF$501,0),1),"")
B15: =IF(ISNUMBER(MATCH(O15,$N$5:$N$1000,0)),MATCH(O15,$N$5:$N$1000,0),"") -> 8 | C15: =IF(ISNUMBER(B15),MAX(C$4:C14)+1,"") -> 7 | D15: =IF(IF(ISNUMBER(B15),"",MAX(D$4:D14)+1)<=D$3,IF(ISNUMBER(B15),"",MAX(D$4:D14)+1),"") | E15: =IF(M15<=D$3,MATCH(M15,D$5:D$1000,0),"") -> 33 | F15: =IF(ISNUMBER(E15),INDEX($N$5:$N$1000,E15,1),"") -> sfr.reach24.csv | G15: =IF(ISNUMBER(C15),N15,IF(ISTEXT(N15),INDEX($F$5:$F$1000,MATCH(M15,$E$5:$E$1000,0),1),"")) -> .lst | H15: =IF(O15="","",IF(ISNUMBER(MATCH(O15,$G$5:$G$1000,0)),"",IF(D15=1,C$3,0)+MAX(H$4:H14)+1)) | I15: =IF(O15="","",IF(ISNUMBER(MATCH(O15,$G$5:$G$1000,0)),"",IF(D15=1,B$4,0)+MAX(I$4:I14)+1)) | J15: =IF(ISNUMBER(MATCH(M15,$I$5:$I$1000,0)),INDEX($O$5:$O$1000,MATCH(M15,$I$5:$I$1000,0),1),"") | K15: =IF(P15="",0,1) -> 1 | M15: =IF(ROW()-ROW(M$4)<=1000,ROW()-ROW(M$4),"") -> 11 | N15: .lst | O15: .lak | P15: =IF(M15<=$B$4,IF(ISTEXT(G15),G15,""),IF(ISTEXT(J15),J15,"")) -> .lst | R15: =IF(ROW()-ROW(R$4)<=AH$3,ROW()-ROW(R$4),"") -> 11 | S15: =IF(ROW()-ROW(S$4)<=AI$3,ROW()-ROW(S$4),"") -> 11 | T15: =IF(ROW()-ROW(T$4)<=AJ$3,ROW()-ROW(T$4),"") -> 11 | U15: =IF(ROW()-ROW(U$4)<=AK$3,ROW()-ROW(U$4),"") -> 11 | V15: =IF(ROW()-ROW(V$4)<=AL$3,ROW()-ROW(V$4),"") -> 11 | W15: =IF(ROW()-ROW(W$4)<=AM$3,ROW()-ROW(W$4),"") -> 11 | X15: =IF(ROW()-ROW(X$4)<=AN$3,ROW()-ROW(X$4),"") | Z15: =IF(ISNUMBER(R15),INDEX($BE$5:$BE$2999,MATCH(R15,AH$5:AH$2999,0),1),"") -> .tdis | AA15: =IF(ISNUMBER(S15),INDEX($BE$5:$BE$2999,MATCH(S15,AI$5:AI$2999,0),1),"") -> .tdis | AB15: =IF(ISNUMBER(T15),INDEX($BE$5:$BE$2999,MATCH(T15,AJ$5:AJ$2999,0),1),"") -> .lak.obs | AC15: =IF(ISNUMBER(U15),INDEX($BE$5:$BE$2999,MATCH(U15,AK$5:AK$2999,0),1),"") -> .nam | AD15: =IF(ISNUMBER(V15),INDEX($BE$5:$BE$2999,MATCH(V15,AL$5:AL$2999,0),1),"") -> .lak.obs.csv | AE15: =IF(ISNUMBER(W15),INDEX($BE$5:$BE$2999,MATCH(W15,AM$5:AM$2999,0),1),"") -> .sfr.bud | AF15: =IF(ISNUMBER(X15),INDEX($BE$5:$BE$2999,MATCH(X15,AN$5:AN$2999,0),1),"") | AH15: =IF($BE15="","",IF(ISNUMBER(MATCH($BE15,AP$5:AP$29999,0)),MAX(AH$4:AH14)+1,0)) -> 0 | AI15: =IF($BE15="","",IF(ISNUMBER(MATCH($BE15,AQ$5:AQ$29999,0)),MAX(AI$4:AI14)+1,0)) -> 0 | AJ15: =IF($BE15="","",IF(ISNUMBER(MATCH($BE15,AR$5:AR$29999,0)),MAX(AJ$4:AJ14)+1,0)) -> 9 | AK15: =IF($BE15="","",IF(ISNUMBER(MATCH($BE15,AS$5:AS$29999,0)),MAX(AK$4:AK14)+1,0)) -> 0 | AL15: =IF($BE15="","",IF(ISNUMBER(MATCH($BE15,AT$5:AT$29999,0)),MAX(AL$4:AL14)+1,0)) -> 0 | AM15: =IF($BE15="","",IF(ISNUMBER(MATCH($BE15,AU$5:AU$29999,0)),MAX(AM$4:AM14)+1,0)) -> 11 | AN15: =IF($BE15="","",IF(ISNUMBER(MATCH($BE15,AV$5:AV$29999,0)),MAX(AN$4:AN14)+1,0)) -> 0 | AP15: .npf | AQ15: .sfr.obs.csv | AR15: .lst | AS15: .lak | AT15: .lak | AU15: .lst | AW15: .lak | AY15: .sfr.bud | AZ15: .sfr.bud | BB15: =IF(ISTEXT(AW15),IF(ISNUMBER(MATCH(AW15,$AY$5:$AY$100,0)),0,MAX(BB$4:BB14)+1),"") -> 0 | BC15: =IF(ISTEXT(AY15),MATCH(AY15,$AW$5:$AW$127,0),"") -> 30 | BD15: =IF(ISNUMBER(BC15),AY15,ROW()-SUM($BC$4:$BD$4)) -> .sfr.bud | BE15: =IF(ISTEXT(AW15),IF(ISNUMBER(BC15),AY15,INDEX($AW$5:$AW$140,MATCH(BD15,$BB$5:$BB$185,0),1)),"") -> .sfr.bud | BG15: =IF(ISNUMBER(MATCH($BE15,Z$5:Z$501,0)),INDEX(Z$5:Z$501,MATCH($BE15,Z$5:Z$501,0),1),"") | BH15: =IF(ISNUMBER(MATCH($BE15,AA$5:AA$501,0)),INDEX(AA$5:AA$501,MATCH($BE15,AA$5:AA$501,0),1),"") | BI15: =IF(ISNUMBER(MATCH($BE15,AB$5:AB$501,0)),INDEX(AB$5:AB$501,MATCH($BE15,AB$5:AB$501,0),1),"") -> .sfr.bud | BJ15: =IF(ISNUMBER(MATCH($BE15,AC$5:AC$501,0)),INDEX(AC$5:AC$501,MATCH($BE15,AC$5:AC$501,0),1),"") | BK15: =IF(ISNUMBER(MATCH($BE15,AD$5:AD$501,0)),INDEX(AD$5:AD$501,MATCH($BE15,AD$5:AD$501,0),1),"") | BL15: =IF(ISNUMBER(MATCH($BE15,AE$5:AE$501,0)),INDEX(AE$5:AE$501,MATCH($BE15,AE$5:AE$501,0),1),"") -> .sfr.bud | BM15: =IF(ISNUMBER(MATCH($BE15,AF$5:AF$501,0)),INDEX(AF$5:AF$501,MATCH($BE15,AF$5:AF$501,0),1),"")
B16: =IF(ISNUMBER(MATCH(O16,$N$5:$N$1000,0)),MATCH(O16,$N$5:$N$1000,0),"") -> 10 | C16: =IF(ISNUMBER(B16),MAX(C$4:C15)+1,"") -> 8 | D16: =IF(IF(ISNUMBER(B16),"",MAX(D$4:D15)+1)<=D$3,IF(ISNUMBER(B16),"",MAX(D$4:D15)+1),"") | E16: =IF(M16<=D$3,MATCH(M16,D$5:D$1000,0),"") -> 34 | F16: =IF(ISNUMBER(E16),INDEX($N$5:$N$1000,E16,1),"") -> sfr.reach29.csv | G16: =IF(ISNUMBER(C16),N16,IF(ISTEXT(N16),INDEX($F$5:$F$1000,MATCH(M16,$E$5:$E$1000,0),1),"")) -> .mvr | H16: =IF(O16="","",IF(ISNUMBER(MATCH(O16,$G$5:$G$1000,0)),"",IF(D16=1,C$3,0)+MAX(H$4:H15)+1)) | I16: =IF(O16="","",IF(ISNUMBER(MATCH(O16,$G$5:$G$1000,0)),"",IF(D16=1,B$4,0)+MAX(I$4:I15)+1)) | J16: =IF(ISNUMBER(MATCH(M16,$I$5:$I$1000,0)),INDEX($O$5:$O$1000,MATCH(M16,$I$5:$I$1000,0),1),"") | K16: =IF(P16="",0,1) -> 1 | M16: =IF(ROW()-ROW(M$4)<=1000,ROW()-ROW(M$4),"") -> 12 | N16: .mvr | O16: .lak.obs | P16: =IF(M16<=$B$4,IF(ISTEXT(G16),G16,""),IF(ISTEXT(J16),J16,"")) -> .mvr | R16: =IF(ROW()-ROW(R$4)<=AH$3,ROW()-ROW(R$4),"") -> 12 | S16: =IF(ROW()-ROW(S$4)<=AI$3,ROW()-ROW(S$4),"") -> 12 | T16: =IF(ROW()-ROW(T$4)<=AJ$3,ROW()-ROW(T$4),"") -> 12 | U16: =IF(ROW()-ROW(U$4)<=AK$3,ROW()-ROW(U$4),"") -> 12 | V16: =IF(ROW()-ROW(V$4)<=AL$3,ROW()-ROW(V$4),"") -> 12 | W16: =IF(ROW()-ROW(W$4)<=AM$3,ROW()-ROW(W$4),"") -> 12 | X16: =IF(ROW()-ROW(X$4)<=AN$3,ROW()-ROW(X$4),"") | Z16: =IF(ISNUMBER(R16),INDEX($BE$5:$BE$2999,MATCH(R16,AH$5:AH$2999,0),1),"") -> mfsim.lst | AA16: =IF(ISNUMBER(S16),INDEX($BE$5:$BE$2999,MATCH(S16,AI$5:AI$2999,0),1),"") -> mfsim.lst | AB16: =IF(ISNUMBER(T16),INDEX($BE$5:$BE$2999,MATCH(T16,AJ$5:AJ$2999,0),1),"") -> .lak.bud | AC16: =IF(ISNUMBER(U16),INDEX($BE$5:$BE$2999,MATCH(U16,AK$5:AK$2999,0),1),"") -> .tdis | AD16: =IF(ISNUMBER(V16),INDEX($BE$5:$BE$2999,MATCH(V16,AL$5:AL$2999,0),1),"") -> .mvr | AE16: =IF(ISNUMBER(W16),INDEX($BE$5:$BE$2999,MATCH(W16,AM$5:AM$2999,0),1),"") -> .sfr.bin | AF16: =IF(ISNUMBER(X16),INDEX($BE$5:$BE$2999,MATCH(X16,AN$5:AN$2999,0),1),"") | AH16: =IF($BE16="","",IF(ISNUMBER(MATCH($BE16,AP$5:AP$29999,0)),MAX(AH$4:AH15)+1,0)) -> 0 | AI16: =IF($BE16="","",IF(ISNUMBER(MATCH($BE16,AQ$5:AQ$29999,0)),MAX(AI$4:AI15)+1,0)) -> 0 | AJ16: =IF($BE16="","",IF(ISNUMBER(MATCH($BE16,AR$5:AR$29999,0)),MAX(AJ$4:AJ15)+1,0)) -> 0 | AK16: =IF($BE16="","",IF(ISNUMBER(MATCH($BE16,AS$5:AS$29999,0)),MAX(AK$4:AK15)+1,0)) -> 0 | AL16: =IF($BE16="","",IF(ISNUMBER(MATCH($BE16,AT$5:AT$29999,0)),MAX(AL$4:AL15)+1,0)) -> 0 | AM16: =IF($BE16="","",IF(ISNUMBER(MATCH($BE16,AU$5:AU$29999,0)),MAX(AM$4:AM15)+1,0)) -> 12 | AN16: =IF($BE16="","",IF(ISNUMBER(MATCH($BE16,AV$5:AV$29999,0)),MAX(AN$4:AN15)+1,0)) -> 0 | AP16: .oc | AQ16: .sfr.ts | AR16: .mvr | AS16: .lak.obs | AT16: .lak.obs | AU16: .mvr | AW16: .lak.obs | AY16: .sfr.bin | AZ16: .sfr.bin | BB16: =IF(ISTEXT(AW16),IF(ISNUMBER(MATCH(AW16,$AY$5:$AY$100,0)),0,MAX(BB$4:BB15)+1),"") -> 0 | BC16: =IF(ISTEXT(AY16),MATCH(AY16,$AW$5:$AW$127,0),"") -> 29 | BD16: =IF(ISNUMBER(BC16),AY16,ROW()-SUM($BC$4:$BD$4)) -> .sfr.bin | BE16: =IF(ISTEXT(AW16),IF(ISNUMBER(BC16),AY16,INDEX($AW$5:$AW$140,MATCH(BD16,$BB$5:$BB$185,0),1)),"") -> .sfr.bin | BG16: =IF(ISNUMBER(MATCH($BE16,Z$5:Z$501,0)),INDEX(Z$5:Z$501,MATCH($BE16,Z$5:Z$501,0),1),"") | BH16: =IF(ISNUMBER(MATCH($BE16,AA$5:AA$501,0)),INDEX(AA$5:AA$501,MATCH($BE16,AA$5:AA$501,0),1),"") | BI16: =IF(ISNUMBER(MATCH($BE16,AB$5:AB$501,0)),INDEX(AB$5:AB$501,MATCH($BE16,AB$5:AB$501,0),1),"") | BJ16: =IF(ISNUMBER(MATCH($BE16,AC$5:AC$501,0)),INDEX(AC$5:AC$501,MATCH($BE16,AC$5:AC$501,0),1),"") | BK16: =IF(ISNUMBER(MATCH($BE16,AD$5:AD$501,0)),INDEX(AD$5:AD$501,MATCH($BE16,AD$5:AD$501,0),1),"") | BL16: =IF(ISNUMBER(MATCH($BE16,AE$5:AE$501,0)),INDEX(AE$5:AE$501,MATCH($BE16,AE$5:AE$501,0),1),"") -> .sfr.bin | BM16: =IF(ISNUMBER(MATCH($BE16,AF$5:AF$501,0)),INDEX(AF$5:AF$501,MATCH($BE16,AF$5:AF$501,0),1),"")
B17: =IF(ISNUMBER(MATCH(O17,$N$5:$N$1000,0)),MATCH(O17,$N$5:$N$1000,0),"") | C17: =IF(ISNUMBER(B17),MAX(C$4:C16)+1,"") | D17: =IF(IF(ISNUMBER(B17),"",MAX(D$4:D16)+1)<=D$3,IF(ISNUMBER(B17),"",MAX(D$4:D16)+1),"") -> 5 | E17: =IF(M17<=D$3,MATCH(M17,D$5:D$1000,0),"") -> 35 | F17: =IF(ISNUMBER(E17),INDEX($N$5:$N$1000,E17,1),"") -> sfr.reach31.csv | G17: =IF(ISNUMBER(C17),N17,IF(ISTEXT(N17),INDEX($F$5:$F$1000,MATCH(M17,$E$5:$E$1000,0),1),"")) -> .mvr.bud | H17: =IF(O17="","",IF(ISNUMBER(MATCH(O17,$G$5:$G$1000,0)),"",IF(D17=1,C$3,0)+MAX(H$4:H16)+1)) -> 27 | I17: =IF(O17="","",IF(ISNUMBER(MATCH(O17,$G$5:$G$1000,0)),"",IF(D17=1,B$4,0)+MAX(I$4:I16)+1)) -> 41 | J17: =IF(ISNUMBER(MATCH(M17,$I$5:$I$1000,0)),INDEX($O$5:$O$1000,MATCH(M17,$I$5:$I$1000,0),1),"") | K17: =IF(P17="",0,1) -> 1 | M17: =IF(ROW()-ROW(M$4)<=1000,ROW()-ROW(M$4),"") -> 13 | N17: .mvr.bud | O17: .lak.obs.csv | P17: =IF(M17<=$B$4,IF(ISTEXT(G17),G17,""),IF(ISTEXT(J17),J17,"")) -> .mvr.bud | R17: =IF(ROW()-ROW(R$4)<=AH$3,ROW()-ROW(R$4),"") -> 13 | S17: =IF(ROW()-ROW(S$4)<=AI$3,ROW()-ROW(S$4),"") -> 13 | T17: =IF(ROW()-ROW(T$4)<=AJ$3,ROW()-ROW(T$4),"") -> 13 | U17: =IF(ROW()-ROW(U$4)<=AK$3,ROW()-ROW(U$4),"") -> 13 | V17: =IF(ROW()-ROW(V$4)<=AL$3,ROW()-ROW(V$4),"") -> 13 | W17: =IF(ROW()-ROW(W$4)<=AM$3,ROW()-ROW(W$4),"") -> 13 | X17: =IF(ROW()-ROW(X$4)<=AN$3,ROW()-ROW(X$4),"") | Z17: =IF(ISNUMBER(R17),INDEX($BE$5:$BE$2999,MATCH(R17,AH$5:AH$2999,0),1),"") -> .dis.grb | AA17: =IF(ISNUMBER(S17),INDEX($BE$5:$BE$2999,MATCH(S17,AI$5:AI$2999,0),1),"") -> .dis.grb | AB17: =IF(ISNUMBER(T17),INDEX($BE$5:$BE$2999,MATCH(T17,AJ$5:AJ$2999,0),1),"") -> .mvr | AC17: =IF(ISNUMBER(U17),INDEX($BE$5:$BE$2999,MATCH(U17,AK$5:AK$2999,0),1),"") -> mfsim.lst | AD17: =IF(ISNUMBER(V17),INDEX($BE$5:$BE$2999,MATCH(V17,AL$5:AL$2999,0),1),"") -> .nam | AE17: =IF(ISNUMBER(W17),INDEX($BE$5:$BE$2999,MATCH(W17,AM$5:AM$2999,0),1),"") -> .lak | AF17: =IF(ISNUMBER(X17),INDEX($BE$5:$BE$2999,MATCH(X17,AN$5:AN$2999,0),1),"") | AH17: =IF($BE17="","",IF(ISNUMBER(MATCH($BE17,AP$5:AP$29999,0)),MAX(AH$4:AH16)+1,0)) -> 0 | AI17: =IF($BE17="","",IF(ISNUMBER(MATCH($BE17,AQ$5:AQ$29999,0)),MAX(AI$4:AI16)+1,0)) -> 0 | AJ17: =IF($BE17="","",IF(ISNUMBER(MATCH($BE17,AR$5:AR$29999,0)),MAX(AJ$4:AJ16)+1,0)) -> 10 | AK17: =IF($BE17="","",IF(ISNUMBER(MATCH($BE17,AS$5:AS$29999,0)),MAX(AK$4:AK16)+1,0)) -> 8 | AL17: =IF($BE17="","",IF(ISNUMBER(MATCH($BE17,AT$5:AT$29999,0)),MAX(AL$4:AL16)+1,0)) -> 9 | AM17: =IF($BE17="","",IF(ISNUMBER(MATCH($BE17,AU$5:AU$29999,0)),MAX(AM$4:AM16)+1,0)) -> 13 | AN17: =IF($BE17="","",IF(ISNUMBER(MATCH($BE17,AV$5:AV$29999,0)),MAX(AN$4:AN16)+1,0)) -> 0 | AP17: .rcha | AQ17: .sto | AR17: .mvr.bud | AS17: .lak.obs.csv | AT17: .lak.obs.csv | AU17: .mvr.bud | AW17: .lak.obs.csv | AY17: .lak | AZ17: .lak | BB17: =IF(ISTEXT(AW17),IF(ISNUMBER(MATCH(AW17,$AY$5:$AY$100,0)),0,MAX(BB$4:BB16)+1),"") -> 0 | BC17: =IF(ISTEXT(AY17),MATCH(AY17,$AW$5:$AW$127,0),"") -> 11 | BD17: =IF(ISNUMBER(BC17),AY17,ROW()-SUM($BC$4:$BD$4)) -> .lak | BE17: =IF(ISTEXT(AW17),IF(ISNUMBER(BC17),AY17,INDEX($AW$5:$AW$140,MATCH(BD17,$BB$5:$BB$185,0),1)),"") -> .lak | BG17: =IF(ISNUMBER(MATCH($BE17,Z$5:Z$501,0)),INDEX(Z$5:Z$501,MATCH($BE17,Z$5:Z$501,0),1),"") | BH17: =IF(ISNUMBER(MATCH($BE17,AA$5:AA$501,0)),INDEX(AA$5:AA$501,MATCH($BE17,AA$5:AA$501,0),1),"") | BI17: =IF(ISNUMBER(MATCH($BE17,AB$5:AB$501,0)),INDEX(AB$5:AB$501,MATCH($BE17,AB$5:AB$501,0),1),"") -> .lak | BJ17: =IF(ISNUMBER(MATCH($BE17,AC$5:AC$501,0)),INDEX(AC$5:AC$501,MATCH($BE17,AC$5:AC$501,0),1),"") -> .lak | BK17: =IF(ISNUMBER(MATCH($BE17,AD$5:AD$501,0)),INDEX(AD$5:AD$501,MATCH($BE17,AD$5:AD$501,0),1),"") -> .lak | BL17: =IF(ISNUMBER(MATCH($BE17,AE$5:AE$501,0)),INDEX(AE$5:AE$501,MATCH($BE17,AE$5:AE$501,0),1),"") -> .lak | BM17: =IF(ISNUMBER(MATCH($BE17,AF$5:AF$501,0)),INDEX(AF$5:AF$501,MATCH($BE17,AF$5:AF$501,0),1),"")
... B20: =IF(ISNUMBER(MATCH(O20,$N$5:$N$1000,0)),MATCH(O20,$N$5:$N$1000,0),"") -> 14 | C20: =IF(ISNUMBER(B20),MAX(C$4:C19)+1,"") -> 11 | D20: =IF(IF(ISNUMBER(B20),"",MAX(D$4:D19)+1)<=D$3,IF(ISNUMBER(B20),"",MAX(D$4:D19)+1),"") | E20: =IF(M20<=D$3,MATCH(M20,D$5:D$1000,0),"") | F20: =IF(ISNUMBER(E20),INDEX($N$5:$N$1000,E20,1),"") | G20: =IF(ISNUMBER(C20),N20,IF(ISTEXT(N20),INDEX($F$5:$F$1000,MATCH(M20,$E$5:$E$1000,0),1),"")) -> .oc | H20: =IF(O20="","",IF(ISNUMBER(MATCH(O20,$G$5:$G$1000,0)),"",IF(D20=1,C$3,0)+MAX(H$4:H19)+1)) | I20: =IF(O20="","",IF(ISNUMBER(MATCH(O20,$G$5:$G$1000,0)),"",IF(D20=1,B$4,0)+MAX(I$4:I19)+1)) | J20: =IF(ISNUMBER(MATCH(M20,$I$5:$I$1000,0)),INDEX($O$5:$O$1000,MATCH(M20,$I$5:$I$1000,0),1),"") | K20: =IF(P20="",0,1) -> 1 | M20: =IF(ROW()-ROW(M$4)<=1000,ROW()-ROW(M$4),"") -> 16 | N20: .oc | O20: .nam | P20: =IF(M20<=$B$4,IF(ISTEXT(G20),G20,""),IF(ISTEXT(J20),J20,"")) -> .oc | R20: =IF(ROW()-ROW(R$4)<=AH$3,ROW()-ROW(R$4),"") -> 16 | S20: =IF(ROW()-ROW(S$4)<=AI$3,ROW()-ROW(S$4),"") | T20: =IF(ROW()-ROW(T$4)<=AJ$3,ROW()-ROW(T$4),"") -> 16 | U20: =IF(ROW()-ROW(U$4)<=AK$3,ROW()-ROW(U$4),"") -> 16 | V20: =IF(ROW()-ROW(V$4)<=AL$3,ROW()-ROW(V$4),"") -> 16 | W20: =IF(ROW()-ROW(W$4)<=AM$3,ROW()-ROW(W$4),"") -> 16 | X20: =IF(ROW()-ROW(X$4)<=AN$3,ROW()-ROW(X$4),"") | Z20: =IF(ISNUMBER(R20),INDEX($BE$5:$BE$2999,MATCH(R20,AH$5:AH$2999,0),1),"") -> .evta | AA20: =IF(ISNUMBER(S20),INDEX($BE$5:$BE$2999,MATCH(S20,AI$5:AI$2999,0),1),"") | AB20: =IF(ISNUMBER(T20),INDEX($BE$5:$BE$2999,MATCH(T20,AJ$5:AJ$2999,0),1),"") -> .uzf.bud | AC20: =IF(ISNUMBER(U20),INDEX($BE$5:$BE$2999,MATCH(U20,AK$5:AK$2999,0),1),"") -> .sto | AD20: =IF(ISNUMBER(V20),INDEX($BE$5:$BE$2999,MATCH(V20,AL$5:AL$2999,0),1),"") -> .dis.grb | AE20: =IF(ISNUMBER(W20),INDEX($BE$5:$BE$2999,MATCH(W20,AM$5:AM$2999,0),1),"") -> .mvr | AF20: =IF(ISNUMBER(X20),INDEX($BE$5:$BE$2999,MATCH(X20,AN$5:AN$2999,0),1),"") | AH20: =IF($BE20="","",IF(ISNUMBER(MATCH($BE20,AP$5:AP$29999,0)),MAX(AH$4:AH19)+1,0)) -> 0 | AI20: =IF($BE20="","",IF(ISNUMBER(MATCH($BE20,AQ$5:AQ$29999,0)),MAX(AI$4:AI19)+1,0)) -> 0 | AJ20: =IF($BE20="","",IF(ISNUMBER(MATCH($BE20,AR$5:AR$29999,0)),MAX(AJ$4:AJ19)+1,0)) -> 12 | AK20: =IF($BE20="","",IF(ISNUMBER(MATCH($BE20,AS$5:AS$29999,0)),MAX(AK$4:AK19)+1,0)) -> 0 | AL20: =IF($BE20="","",IF(ISNUMBER(MATCH($BE20,AT$5:AT$29999,0)),MAX(AL$4:AL19)+1,0)) -> 0 | AM20: =IF($BE20="","",IF(ISNUMBER(MATCH($BE20,AU$5:AU$29999,0)),MAX(AM$4:AM19)+1,0)) -> 14 | AN20: =IF($BE20="","",IF(ISNUMBER(MATCH($BE20,AV$5:AV$29999,0)),MAX(AN$4:AN19)+1,0)) -> 0 | AP20: .sfr.obs.csv | AQ20: mfsim.nam | AR20: .oc | AS20: .npf | AT20: .nam | AU20: .oc | AW20: .nam | AY20: .lak.bud | AZ20: .lak.bud | BB20: =IF(ISTEXT(AW20),IF(ISNUMBER(MATCH(AW20,$AY$5:$AY$100,0)),0,MAX(BB$4:BB19)+1),"") -> 0 | BC20: =IF(ISTEXT(AY20),MATCH(AY20,$AW$5:$AW$127,0),"") -> 27 | BD20: =IF(ISNUMBER(BC20),AY20,ROW()-SUM($BC$4:$BD$4)) -> .lak.bud | BE20: =IF(ISTEXT(AW20),IF(ISNUMBER(BC20),AY20,INDEX($AW$5:$AW$140,MATCH(BD20,$BB$5:$BB$185,0),1)),"") -> .lak.bud | BG20: =IF(ISNUMBER(MATCH($BE20,Z$5:Z$501,0)),INDEX(Z$5:Z$501,MATCH($BE20,Z$5:Z$501,0),1),"") | BH20: =IF(ISNUMBER(MATCH($BE20,AA$5:AA$501,0)),INDEX(AA$5:AA$501,MATCH($BE20,AA$5:AA$501,0),1),"") | BI20: =IF(ISNUMBER(MATCH($BE20,AB$5:AB$501,0)),INDEX(AB$5:AB$501,MATCH($BE20,AB$5:AB$501,0),1),"") -> .lak.bud | BJ20: =IF(ISNUMBER(MATCH($BE20,AC$5:AC$501,0)),INDEX(AC$5:AC$501,MATCH($BE20,AC$5:AC$501,0),1),"") | BK20: =IF(ISNUMBER(MATCH($BE20,AD$5:AD$501,0)),INDEX(AD$5:AD$501,MATCH($BE20,AD$5:AD$501,0),1),"") | BL20: =IF(ISNUMBER(MATCH($BE20,AE$5:AE$501,0)),INDEX(AE$5:AE$501,MATCH($BE20,AE$5:AE$501,0),1),"") -> .lak.bud | BM20: =IF(ISNUMBER(MATCH($BE20,AF$5:AF$501,0)),INDEX(AF$5:AF$501,MATCH($BE20,AF$5:AF$501,0),1),"")
B21: =IF(ISNUMBER(MATCH(O21,$N$5:$N$1000,0)),MATCH(O21,$N$5:$N$1000,0),"") -> 15 | C21: =IF(ISNUMBER(B21),MAX(C$4:C20)+1,"") -> 12 | D21: =IF(IF(ISNUMBER(B21),"",MAX(D$4:D20)+1)<=D$3,IF(ISNUMBER(B21),"",MAX(D$4:D20)+1),"") | E21: =IF(M21<=D$3,MATCH(M21,D$5:D$1000,0),"") | F21: =IF(ISNUMBER(E21),INDEX($N$5:$N$1000,E21,1),"") | G21: =IF(ISNUMBER(C21),N21,IF(ISTEXT(N21),INDEX($F$5:$F$1000,MATCH(M21,$E$5:$E$1000,0),1),"")) -> .sfr | H21: =IF(O21="","",IF(ISNUMBER(MATCH(O21,$G$5:$G$1000,0)),"",IF(D21=1,C$3,0)+MAX(H$4:H20)+1)) | I21: =IF(O21="","",IF(ISNUMBER(MATCH(O21,$G$5:$G$1000,0)),"",IF(D21=1,B$4,0)+MAX(I$4:I20)+1)) | J21: =IF(ISNUMBER(MATCH(M21,$I$5:$I$1000,0)),INDEX($O$5:$O$1000,MATCH(M21,$I$5:$I$1000,0),1),"") | K21: =IF(P21="",0,1) -> 1 | M21: =IF(ROW()-ROW(M$4)<=1000,ROW()-ROW(M$4),"") -> 17 | N21: .sfr | O21: .npf | P21: =IF(M21<=$B$4,IF(ISTEXT(G21),G21,""),IF(ISTEXT(J21),J21,"")) -> .sfr | R21: =IF(ROW()-ROW(R$4)<=AH$3,ROW()-ROW(R$4),"") -> 17 | S21: =IF(ROW()-ROW(S$4)<=AI$3,ROW()-ROW(S$4),"") | T21: =IF(ROW()-ROW(T$4)<=AJ$3,ROW()-ROW(T$4),"") -> 17 | U21: =IF(ROW()-ROW(U$4)<=AK$3,ROW()-ROW(U$4),"") -> 17 | V21: =IF(ROW()-ROW(V$4)<=AL$3,ROW()-ROW(V$4),"") -> 17 | W21: =IF(ROW()-ROW(W$4)<=AM$3,ROW()-ROW(W$4),"") -> 17 | X21: =IF(ROW()-ROW(X$4)<=AN$3,ROW()-ROW(X$4),"") | Z21: =IF(ISNUMBER(R21),INDEX($BE$5:$BE$2999,MATCH(R21,AH$5:AH$2999,0),1),"") -> .cbc | AA21: =IF(ISNUMBER(S21),INDEX($BE$5:$BE$2999,MATCH(S21,AI$5:AI$2999,0),1),"") | AB21: =IF(ISNUMBER(T21),INDEX($BE$5:$BE$2999,MATCH(T21,AJ$5:AJ$2999,0),1),"") -> .uzf.obs | AC21: =IF(ISNUMBER(U21),INDEX($BE$5:$BE$2999,MATCH(U21,AK$5:AK$2999,0),1),"") -> .evta | AD21: =IF(ISNUMBER(V21),INDEX($BE$5:$BE$2999,MATCH(V21,AL$5:AL$2999,0),1),"") -> mfsim.nam | AE21: =IF(ISNUMBER(W21),INDEX($BE$5:$BE$2999,MATCH(W21,AM$5:AM$2999,0),1),"") -> .mvr.bud | AF21: =IF(ISNUMBER(X21),INDEX($BE$5:$BE$2999,MATCH(X21,AN$5:AN$2999,0),1),"") | AH21: =IF($BE21="","",IF(ISNUMBER(MATCH($BE21,AP$5:AP$29999,0)),MAX(AH$4:AH20)+1,0)) -> 0 | AI21: =IF($BE21="","",IF(ISNUMBER(MATCH($BE21,AQ$5:AQ$29999,0)),MAX(AI$4:AI20)+1,0)) -> 0 | AJ21: =IF($BE21="","",IF(ISNUMBER(MATCH($BE21,AR$5:AR$29999,0)),MAX(AJ$4:AJ20)+1,0)) -> 0 | AK21: =IF($BE21="","",IF(ISNUMBER(MATCH($BE21,AS$5:AS$29999,0)),MAX(AK$4:AK20)+1,0)) -> 0 | AL21: =IF($BE21="","",IF(ISNUMBER(MATCH($BE21,AT$5:AT$29999,0)),MAX(AL$4:AL20)+1,0)) -> 0 | AM21: =IF($BE21="","",IF(ISNUMBER(MATCH($BE21,AU$5:AU$29999,0)),MAX(AM$4:AM20)+1,0)) -> 15 | AN21: =IF($BE21="","",IF(ISNUMBER(MATCH($BE21,AV$5:AV$29999,0)),MAX(AN$4:AN20)+1,0)) -> 0 | AP21: .sto | AR21: .sfr | AS21: .oc | AT21: .npf | AU21: .rcha | AW21: .npf | AY21: .lak.bin | AZ21: .lak.bin | BB21: =IF(ISTEXT(AW21),IF(ISNUMBER(MATCH(AW21,$AY$5:$AY$100,0)),0,MAX(BB$4:BB20)+1),"") -> 0 | BC21: =IF(ISTEXT(AY21),MATCH(AY21,$AW$5:$AW$127,0),"") -> 26 | BD21: =IF(ISNUMBER(BC21),AY21,ROW()-SUM($BC$4:$BD$4)) -> .lak.bin | BE21: =IF(ISTEXT(AW21),IF(ISNUMBER(BC21),AY21,INDEX($AW$5:$AW$140,MATCH(BD21,$BB$5:$BB$185,0),1)),"") -> .lak.bin | BG21: =IF(ISNUMBER(MATCH($BE21,Z$5:Z$501,0)),INDEX(Z$5:Z$501,MATCH($BE21,Z$5:Z$501,0),1),"") | BH21: =IF(ISNUMBER(MATCH($BE21,AA$5:AA$501,0)),INDEX(AA$5:AA$501,MATCH($BE21,AA$5:AA$501,0),1),"") | BI21: =IF(ISNUMBER(MATCH($BE21,AB$5:AB$501,0)),INDEX(AB$5:AB$501,MATCH($BE21,AB$5:AB$501,0),1),"") | BJ21: =IF(ISNUMBER(MATCH($BE21,AC$5:AC$501,0)),INDEX(AC$5:AC$501,MATCH($BE21,AC$5:AC$501,0),1),"") | BK21: =IF(ISNUMBER(MATCH($BE21,AD$5:AD$501,0)),INDEX(AD$5:AD$501,MATCH($BE21,AD$5:AD$501,0),1),"") | BL21: =IF(ISNUMBER(MATCH($BE21,AE$5:AE$501,0)),INDEX(AE$5:AE$501,MATCH($BE21,AE$5:AE$501,0),1),"") -> .lak.bin | BM21: =IF(ISNUMBER(MATCH($BE21,AF$5:AF$501,0)),INDEX(AF$5:AF$501,MATCH($BE21,AF$5:AF$501,0),1),"")
B22: =IF(ISNUMBER(MATCH(O22,$N$5:$N$1000,0)),MATCH(O22,$N$5:$N$1000,0),"") -> 16 | C22: =IF(ISNUMBER(B22),MAX(C$4:C21)+1,"") -> 13 | D22: =IF(IF(ISNUMBER(B22),"",MAX(D$4:D21)+1)<=D$3,IF(ISNUMBER(B22),"",MAX(D$4:D21)+1),"") | E22: =IF(M22<=D$3,MATCH(M22,D$5:D$1000,0),"") | F22: =IF(ISNUMBER(E22),INDEX($N$5:$N$1000,E22,1),"") | G22: =IF(ISNUMBER(C22),N22,IF(ISTEXT(N22),INDEX($F$5:$F$1000,MATCH(M22,$E$5:$E$1000,0),1),"")) -> .sfr.bud | H22: =IF(O22="","",IF(ISNUMBER(MATCH(O22,$G$5:$G$1000,0)),"",IF(D22=1,C$3,0)+MAX(H$4:H21)+1)) | I22: =IF(O22="","",IF(ISNUMBER(MATCH(O22,$G$5:$G$1000,0)),"",IF(D22=1,B$4,0)+MAX(I$4:I21)+1)) | J22: =IF(ISNUMBER(MATCH(M22,$I$5:$I$1000,0)),INDEX($O$5:$O$1000,MATCH(M22,$I$5:$I$1000,0),1),"") | K22: =IF(P22="",0,1) -> 1 | M22: =IF(ROW()-ROW(M$4)<=1000,ROW()-ROW(M$4),"") -> 18 | N22: .sfr.bud | O22: .oc | P22: =IF(M22<=$B$4,IF(ISTEXT(G22),G22,""),IF(ISTEXT(J22),J22,"")) -> .sfr.bud | R22: =IF(ROW()-ROW(R$4)<=AH$3,ROW()-ROW(R$4),"") -> 18 | S22: =IF(ROW()-ROW(S$4)<=AI$3,ROW()-ROW(S$4),"") | T22: =IF(ROW()-ROW(T$4)<=AJ$3,ROW()-ROW(T$4),"") -> 18 | U22: =IF(ROW()-ROW(U$4)<=AK$3,ROW()-ROW(U$4),"") -> 18 | V22: =IF(ROW()-ROW(V$4)<=AL$3,ROW()-ROW(V$4),"") -> 18 | W22: =IF(ROW()-ROW(W$4)<=AM$3,ROW()-ROW(W$4),"") -> 18 | X22: =IF(ROW()-ROW(X$4)<=AN$3,ROW()-ROW(X$4),"") | Z22: =IF(ISNUMBER(R22),INDEX($BE$5:$BE$2999,MATCH(R22,AH$5:AH$2999,0),1),"") -> .rcha | AA22: =IF(ISNUMBER(S22),INDEX($BE$5:$BE$2999,MATCH(S22,AI$5:AI$2999,0),1),"") | AB22: =IF(ISNUMBER(T22),INDEX($BE$5:$BE$2999,MATCH(T22,AJ$5:AJ$2999,0),1),"") -> .nam | AC22: =IF(ISNUMBER(U22),INDEX($BE$5:$BE$2999,MATCH(U22,AK$5:AK$2999,0),1),"") -> .gwf.obs | AD22: =IF(ISNUMBER(V22),INDEX($BE$5:$BE$2999,MATCH(V22,AL$5:AL$2999,0),1),"") -> .sto | AE22: =IF(ISNUMBER(W22),INDEX($BE$5:$BE$2999,MATCH(W22,AM$5:AM$2999,0),1),"") -> .nam | AF22: =IF(ISNUMBER(X22),INDEX($BE$5:$BE$2999,MATCH(X22,AN$5:AN$2999,0),1),"") | AH22: =IF($BE22="","",IF(ISNUMBER(MATCH($BE22,AP$5:AP$29999,0)),MAX(AH$4:AH21)+1,0)) -> 0 | AI22: =IF($BE22="","",IF(ISNUMBER(MATCH($BE22,AQ$5:AQ$29999,0)),MAX(AI$4:AI21)+1,0)) -> 0 | AJ22: =IF($BE22="","",IF(ISNUMBER(MATCH($BE22,AR$5:AR$29999,0)),MAX(AJ$4:AJ21)+1,0)) -> 13 | AK22: =IF($BE22="","",IF(ISNUMBER(MATCH($BE22,AS$5:AS$29999,0)),MAX(AK$4:AK21)+1,0)) -> 0 | AL22: =IF($BE22="","",IF(ISNUMBER(MATCH($BE22,AT$5:AT$29999,0)),MAX(AL$4:AL21)+1,0)) -> 12 | AM22: =IF($BE22="","",IF(ISNUMBER(MATCH($BE22,AU$5:AU$29999,0)),MAX(AM$4:AM21)+1,0)) -> 16 | AN22: =IF($BE22="","",IF(ISNUMBER(MATCH($BE22,AV$5:AV$29999,0)),MAX(AN$4:AN21)+1,0)) -> 0 | AP22: .tdis | AR22: .sfr.bud | AS22: .rcha | AT22: .oc | AU22: .sfr | AW22: .oc | AY22: .mvr | AZ22: .mvr | BB22: =IF(ISTEXT(AW22),IF(ISNUMBER(MATCH(AW22,$AY$5:$AY$100,0)),0,MAX(BB$4:BB21)+1),"") -> 0 | BC22: =IF(ISTEXT(AY22),MATCH(AY22,$AW$5:$AW$127,0),"") -> 15 | BD22: =IF(ISNUMBER(BC22),AY22,ROW()-SUM($BC$4:$BD$4)) -> .mvr | BE22: =IF(ISTEXT(AW22),IF(ISNUMBER(BC22),AY22,INDEX($AW$5:$AW$140,MATCH(BD22,$BB$5:$BB$185,0),1)),"") -> .mvr | BG22: =IF(ISNUMBER(MATCH($BE22,Z$5:Z$501,0)),INDEX(Z$5:Z$501,MATCH($BE22,Z$5:Z$501,0),1),"") | BH22: =IF(ISNUMBER(MATCH($BE22,AA$5:AA$501,0)),INDEX(AA$5:AA$501,MATCH($BE22,AA$5:AA$501,0),1),"") | BI22: =IF(ISNUMBER(MATCH($BE22,AB$5:AB$501,0)),INDEX(AB$5:AB$501,MATCH($BE22,AB$5:AB$501,0),1),"") -> .mvr | BJ22: =IF(ISNUMBER(MATCH($BE22,AC$5:AC$501,0)),INDEX(AC$5:AC$501,MATCH($BE22,AC$5:AC$501,0),1),"") | BK22: =IF(ISNUMBER(MATCH($BE22,AD$5:AD$501,0)),INDEX(AD$5:AD$501,MATCH($BE22,AD$5:AD$501,0),1),"") -> .mvr | BL22: =IF(ISNUMBER(MATCH($BE22,AE$5:AE$501,0)),INDEX(AE$5:AE$501,MATCH($BE22,AE$5:AE$501,0),1),"") -> .mvr | BM22: =IF(ISNUMBER(MATCH($BE22,AF$5:AF$501,0)),INDEX(AF$5:AF$501,MATCH($BE22,AF$5:AF$501,0),1),"")
B23: =IF(ISNUMBER(MATCH(O23,$N$5:$N$1000,0)),MATCH(O23,$N$5:$N$1000,0),"") | C23: =IF(ISNUMBER(B23),MAX(C$4:C22)+1,"") | D23: =IF(IF(ISNUMBER(B23),"",MAX(D$4:D22)+1)<=D$3,IF(ISNUMBER(B23),"",MAX(D$4:D22)+1),"") -> 6 | E23: =IF(M23<=D$3,MATCH(M23,D$5:D$1000,0),"") | F23: =IF(ISNUMBER(E23),INDEX($N$5:$N$1000,E23,1),"") | G23: =IF(ISNUMBER(C23),N23,IF(ISTEXT(N23),INDEX($F$5:$F$1000,MATCH(M23,$E$5:$E$1000,0),1),"")) -> .sfr.obs | H23: =IF(O23="","",IF(ISNUMBER(MATCH(O23,$G$5:$G$1000,0)),"",IF(D23=1,C$3,0)+MAX(H$4:H22)+1)) -> 28 | I23: =IF(O23="","",IF(ISNUMBER(MATCH(O23,$G$5:$G$1000,0)),"",IF(D23=1,B$4,0)+MAX(I$4:I22)+1)) -> 42 | J23: =IF(ISNUMBER(MATCH(M23,$I$5:$I$1000,0)),INDEX($O$5:$O$1000,MATCH(M23,$I$5:$I$1000,0),1),"") | K23: =IF(P23="",0,1) -> 1 | M23: =IF(ROW()-ROW(M$4)<=1000,ROW()-ROW(M$4),"") -> 19 | N23: .sfr.obs | O23: .rcha | P23: =IF(M23<=$B$4,IF(ISTEXT(G23),G23,""),IF(ISTEXT(J23),J23,"")) -> .sfr.obs | R23: =IF(ROW()-ROW(R$4)<=AH$3,ROW()-ROW(R$4),"") -> 19 | S23: =IF(ROW()-ROW(S$4)<=AI$3,ROW()-ROW(S$4),"") | T23: =IF(ROW()-ROW(T$4)<=AJ$3,ROW()-ROW(T$4),"") -> 19 | U23: =IF(ROW()-ROW(U$4)<=AK$3,ROW()-ROW(U$4),"") -> 19 | V23: =IF(ROW()-ROW(V$4)<=AL$3,ROW()-ROW(V$4),"") -> 19 | W23: =IF(ROW()-ROW(W$4)<=AM$3,ROW()-ROW(W$4),"") -> 19 | X23: =IF(ROW()-ROW(X$4)<=AN$3,ROW()-ROW(X$4),"") | Z23: =IF(ISNUMBER(R23),INDEX($BE$5:$BE$2999,MATCH(R23,AH$5:AH$2999,0),1),"") -> .hds | AA23: =IF(ISNUMBER(S23),INDEX($BE$5:$BE$2999,MATCH(S23,AI$5:AI$2999,0),1),"") | AB23: =IF(ISNUMBER(T23),INDEX($BE$5:$BE$2999,MATCH(T23,AJ$5:AJ$2999,0),1),"") -> .tdis | AC23: =IF(ISNUMBER(U23),INDEX($BE$5:$BE$2999,MATCH(U23,AK$5:AK$2999,0),1),"") -> .gwf.obs.csv | AD23: =IF(ISNUMBER(V23),INDEX($BE$5:$BE$2999,MATCH(V23,AL$5:AL$2999,0),1),"") -> .evta | AE23: =IF(ISNUMBER(W23),INDEX($BE$5:$BE$2999,MATCH(W23,AM$5:AM$2999,0),1),"") -> .tdis | AF23: =IF(ISNUMBER(X23),INDEX($BE$5:$BE$2999,MATCH(X23,AN$5:AN$2999,0),1),"") | AH23: =IF($BE23="","",IF(ISNUMBER(MATCH($BE23,AP$5:AP$29999,0)),MAX(AH$4:AH22)+1,0)) -> 0 | AI23: =IF($BE23="","",IF(ISNUMBER(MATCH($BE23,AQ$5:AQ$29999,0)),MAX(AI$4:AI22)+1,0)) -> 0 | AJ23: =IF($BE23="","",IF(ISNUMBER(MATCH($BE23,AR$5:AR$29999,0)),MAX(AJ$4:AJ22)+1,0)) -> 14 | AK23: =IF($BE23="","",IF(ISNUMBER(MATCH($BE23,AS$5:AS$29999,0)),MAX(AK$4:AK22)+1,0)) -> 0 | AL23: =IF($BE23="","",IF(ISNUMBER(MATCH($BE23,AT$5:AT$29999,0)),MAX(AL$4:AL22)+1,0)) -> 0 | AM23: =IF($BE23="","",IF(ISNUMBER(MATCH($BE23,AU$5:AU$29999,0)),MAX(AM$4:AM22)+1,0)) -> 17 | AN23: =IF($BE23="","",IF(ISNUMBER(MATCH($BE23,AV$5:AV$29999,0)),MAX(AN$4:AN22)+1,0)) -> 0 | AP23: .wel | AR23: .sfr.obs | AS23: .sto | AT23: .rcha | AU23: .sfr.bin | AW23: .rcha | AY23: .mvr.bud | AZ23: .mvr.bud | BB23: =IF(ISTEXT(AW23),IF(ISNUMBER(MATCH(AW23,$AY$5:$AY$100,0)),0,MAX(BB$4:BB22)+1),"") -> 0 | BC23: =IF(ISTEXT(AY23),MATCH(AY23,$AW$5:$AW$127,0),"") -> 28 | BD23: =IF(ISNUMBER(BC23),AY23,ROW()-SUM($BC$4:$BD$4)) -> .mvr.bud | BE23: =IF(ISTEXT(AW23),IF(ISNUMBER(BC23),AY23,INDEX($AW$5:$AW$140,MATCH(BD23,$BB$5:$BB$185,0),1)),"") -> .mvr.bud | BG23: =IF(ISNUMBER(MATCH($BE23,Z$5:Z$501,0)),INDEX(Z$5:Z$501,MATCH($BE23,Z$5:Z$501,0),1),"") | BH23: =IF(ISNUMBER(MATCH($BE23,AA$5:AA$501,0)),INDEX(AA$5:AA$501,MATCH($BE23,AA$5:AA$501,0),1),"") | BI23: =IF(ISNUMBER(MATCH($BE23,AB$5:AB$501,0)),INDEX(AB$5:AB$501,MATCH($BE23,AB$5:AB$501,0),1),"") -> .mvr.bud | BJ23: =IF(ISNUMBER(MATCH($BE23,AC$5:AC$501,0)),INDEX(AC$5:AC$501,MATCH($BE23,AC$5:AC$501,0),1),"") | BK23: =IF(ISNUMBER(MATCH($BE23,AD$5:AD$501,0)),INDEX(AD$5:AD$501,MATCH($BE23,AD$5:AD$501,0),1),"") | BL23: =IF(ISNUMBER(MATCH($BE23,AE$5:AE$501,0)),INDEX(AE$5:AE$501,MATCH($BE23,AE$5:AE$501,0),1),"") -> .mvr.bud | BM23: =IF(ISNUMBER(MATCH($BE23,AF$5:AF$501,0)),INDEX(AF$5:AF$501,MATCH($BE23,AF$5:AF$501,0),1),"")
B24: =IF(ISNUMBER(MATCH(O24,$N$5:$N$1000,0)),MATCH(O24,$N$5:$N$1000,0),"") -> 17 | C24: =IF(ISNUMBER(B24),MAX(C$4:C23)+1,"") -> 14 | D24: =IF(IF(ISNUMBER(B24),"",MAX(D$4:D23)+1)<=D$3,IF(ISNUMBER(B24),"",MAX(D$4:D23)+1),"") | E24: =IF(M24<=D$3,MATCH(M24,D$5:D$1000,0),"") | F24: =IF(ISNUMBER(E24),INDEX($N$5:$N$1000,E24,1),"") | G24: =IF(ISNUMBER(C24),N24,IF(ISTEXT(N24),INDEX($F$5:$F$1000,MATCH(M24,$E$5:$E$1000,0),1),"")) -> .sto | H24: =IF(O24="","",IF(ISNUMBER(MATCH(O24,$G$5:$G$1000,0)),"",IF(D24=1,C$3,0)+MAX(H$4:H23)+1)) | I24: =IF(O24="","",IF(ISNUMBER(MATCH(O24,$G$5:$G$1000,0)),"",IF(D24=1,B$4,0)+MAX(I$4:I23)+1)) | J24: =IF(ISNUMBER(MATCH(M24,$I$5:$I$1000,0)),INDEX($O$5:$O$1000,MATCH(M24,$I$5:$I$1000,0),1),"") | K24: =IF(P24="",0,1) -> 1 | M24: =IF(ROW()-ROW(M$4)<=1000,ROW()-ROW(M$4),"") -> 20 | N24: .sto | O24: .sfr | P24: =IF(M24<=$B$4,IF(ISTEXT(G24),G24,""),IF(ISTEXT(J24),J24,"")) -> .sto | R24: =IF(ROW()-ROW(R$4)<=AH$3,ROW()-ROW(R$4),"") -> 20 | S24: =IF(ROW()-ROW(S$4)<=AI$3,ROW()-ROW(S$4),"") | T24: =IF(ROW()-ROW(T$4)<=AJ$3,ROW()-ROW(T$4),"") -> 20 | U24: =IF(ROW()-ROW(U$4)<=AK$3,ROW()-ROW(U$4),"") -> 20 | V24: =IF(ROW()-ROW(V$4)<=AL$3,ROW()-ROW(V$4),"") -> 20 | W24: =IF(ROW()-ROW(W$4)<=AM$3,ROW()-ROW(W$4),"") -> 20 | X24: =IF(ROW()-ROW(X$4)<=AN$3,ROW()-ROW(X$4),"") | Z24: =IF(ISNUMBER(R24),INDEX($BE$5:$BE$2999,MATCH(R24,AH$5:AH$2999,0),1),"") -> .wel | AA24: =IF(ISNUMBER(S24),INDEX($BE$5:$BE$2999,MATCH(S24,AI$5:AI$2999,0),1),"") | AB24: =IF(ISNUMBER(T24),INDEX($BE$5:$BE$2999,MATCH(T24,AJ$5:AJ$2999,0),1),"") -> mfsim.lst | AC24: =IF(ISNUMBER(U24),INDEX($BE$5:$BE$2999,MATCH(U24,AK$5:AK$2999,0),1),"") -> .cbc | AD24: =IF(ISNUMBER(V24),INDEX($BE$5:$BE$2999,MATCH(V24,AL$5:AL$2999,0),1),"") -> .gwf.obs | AE24: =IF(ISNUMBER(W24),INDEX($BE$5:$BE$2999,MATCH(W24,AM$5:AM$2999,0),1),"") -> mfsim.lst | AF24: =IF(ISNUMBER(X24),INDEX($BE$5:$BE$2999,MATCH(X24,AN$5:AN$2999,0),1),"") | AH24: =IF($BE24="","",IF(ISNUMBER(MATCH($BE24,AP$5:AP$29999,0)),MAX(AH$4:AH23)+1,0)) -> 0 | AI24: =IF($BE24="","",IF(ISNUMBER(MATCH($BE24,AQ$5:AQ$29999,0)),MAX(AI$4:AI23)+1,0)) -> 0 | AJ24: =IF($BE24="","",IF(ISNUMBER(MATCH($BE24,AR$5:AR$29999,0)),MAX(AJ$4:AJ23)+1,0)) -> 15 | AK24: =IF($BE24="","",IF(ISNUMBER(MATCH($BE24,AS$5:AS$29999,0)),MAX(AK$4:AK23)+1,0)) -> 0 | AL24: =IF($BE24="","",IF(ISNUMBER(MATCH($BE24,AT$5:AT$29999,0)),MAX(AL$4:AL23)+1,0)) -> 0 | AM24: =IF($BE24="","",IF(ISNUMBER(MATCH($BE24,AU$5:AU$29999,0)),MAX(AM$4:AM23)+1,0)) -> 0 | AN24: =IF($BE24="","",IF(ISNUMBER(MATCH($BE24,AV$5:AV$29999,0)),MAX(AN$4:AN23)+1,0)) -> 0 | AP24: mfsim.lst | AR24: .sto | AS24: .tdis | AT24: .sfr | AU24: .sfr.bud | AW24: .sfr | AY24: .uzf | AZ24: .uzf | BB24: =IF(ISTEXT(AW24),IF(ISNUMBER(MATCH(AW24,$AY$5:$AY$100,0)),0,MAX(BB$4:BB23)+1),"") -> 0 | BC24: =IF(ISTEXT(AY24),MATCH(AY24,$AW$5:$AW$127,0),"") -> 34 | BD24: =IF(ISNUMBER(BC24),AY24,ROW()-SUM($BC$4:$BD$4)) -> .uzf | BE24: =IF(ISTEXT(AW24),IF(ISNUMBER(BC24),AY24,INDEX($AW$5:$AW$140,MATCH(BD24,$BB$5:$BB$185,0),1)),"") -> .uzf | BG24: =IF(ISNUMBER(MATCH($BE24,Z$5:Z$501,0)),INDEX(Z$5:Z$501,MATCH($BE24,Z$5:Z$501,0),1),"") | BH24: =IF(ISNUMBER(MATCH($BE24,AA$5:AA$501,0)),INDEX(AA$5:AA$501,MATCH($BE24,AA$5:AA$501,0),1),"") | BI24: =IF(ISNUMBER(MATCH($BE24,AB$5:AB$501,0)),INDEX(AB$5:AB$501,MATCH($BE24,AB$5:AB$501,0),1),"") -> .uzf | BJ24: =IF(ISNUMBER(MATCH($BE24,AC$5:AC$501,0)),INDEX(AC$5:AC$501,MATCH($BE24,AC$5:AC$501,0),1),"") | BK24: =IF(ISNUMBER(MATCH($BE24,AD$5:AD$501,0)),INDEX(AD$5:AD$501,MATCH($BE24,AD$5:AD$501,0),1),"") | BL24: =IF(ISNUMBER(MATCH($BE24,AE$5:AE$501,0)),INDEX(AE$5:AE$501,MATCH($BE24,AE$5:AE$501,0),1),"") | BM24: =IF(ISNUMBER(MATCH($BE24,AF$5:AF$501,0)),INDEX(AF$5:AF$501,MATCH($BE24,AF$5:AF$501,0),1),"")
B25: =IF(ISNUMBER(MATCH(O25,$N$5:$N$1000,0)),MATCH(O25,$N$5:$N$1000,0),"") -> 20 | C25: =IF(ISNUMBER(B25),MAX(C$4:C24)+1,"") -> 15 | D25: =IF(IF(ISNUMBER(B25),"",MAX(D$4:D24)+1)<=D$3,IF(ISNUMBER(B25),"",MAX(D$4:D24)+1),"") | E25: =IF(M25<=D$3,MATCH(M25,D$5:D$1000,0),"") | F25: =IF(ISNUMBER(E25),INDEX($N$5:$N$1000,E25,1),"") | G25: =IF(ISNUMBER(C25),N25,IF(ISTEXT(N25),INDEX($F$5:$F$1000,MATCH(M25,$E$5:$E$1000,0),1),"")) -> .tdis | H25: =IF(O25="","",IF(ISNUMBER(MATCH(O25,$G$5:$G$1000,0)),"",IF(D25=1,C$3,0)+MAX(H$4:H24)+1)) | I25: =IF(O25="","",IF(ISNUMBER(MATCH(O25,$G$5:$G$1000,0)),"",IF(D25=1,B$4,0)+MAX(I$4:I24)+1)) | J25: =IF(ISNUMBER(MATCH(M25,$I$5:$I$1000,0)),INDEX($O$5:$O$1000,MATCH(M25,$I$5:$I$1000,0),1),"") | K25: =IF(P25="",0,1) -> 1 | M25: =IF(ROW()-ROW(M$4)<=1000,ROW()-ROW(M$4),"") -> 21 | N25: .tdis | O25: .sto | P25: =IF(M25<=$B$4,IF(ISTEXT(G25),G25,""),IF(ISTEXT(J25),J25,"")) -> .tdis | R25: =IF(ROW()-ROW(R$4)<=AH$3,ROW()-ROW(R$4),"") -> 21 | S25: =IF(ROW()-ROW(S$4)<=AI$3,ROW()-ROW(S$4),"") | T25: =IF(ROW()-ROW(T$4)<=AJ$3,ROW()-ROW(T$4),"") -> 21 | U25: =IF(ROW()-ROW(U$4)<=AK$3,ROW()-ROW(U$4),"") -> 21 | V25: =IF(ROW()-ROW(V$4)<=AL$3,ROW()-ROW(V$4),"") -> 21 | W25: =IF(ROW()-ROW(W$4)<=AM$3,ROW()-ROW(W$4),"") -> 21 | X25: =IF(ROW()-ROW(X$4)<=AN$3,ROW()-ROW(X$4),"") | Z25: =IF(ISNUMBER(R25),INDEX($BE$5:$BE$2999,MATCH(R25,AH$5:AH$2999,0),1),"") -> .ghb | AA25: =IF(ISNUMBER(S25),INDEX($BE$5:$BE$2999,MATCH(S25,AI$5:AI$2999,0),1),"") | AB25: =IF(ISNUMBER(T25),INDEX($BE$5:$BE$2999,MATCH(T25,AJ$5:AJ$2999,0),1),"") -> .dis.grb | AC25: =IF(ISNUMBER(U25),INDEX($BE$5:$BE$2999,MATCH(U25,AK$5:AK$2999,0),1),"") -> .rcha | AD25: =IF(ISNUMBER(V25),INDEX($BE$5:$BE$2999,MATCH(V25,AL$5:AL$2999,0),1),"") -> .gwf.obs.csv | AE25: =IF(ISNUMBER(W25),INDEX($BE$5:$BE$2999,MATCH(W25,AM$5:AM$2999,0),1),"") -> .dis.grb | AF25: =IF(ISNUMBER(X25),INDEX($BE$5:$BE$2999,MATCH(X25,AN$5:AN$2999,0),1),"") | AH25: =IF($BE25="","",IF(ISNUMBER(MATCH($BE25,AP$5:AP$29999,0)),MAX(AH$4:AH24)+1,0)) -> 0 | AI25: =IF($BE25="","",IF(ISNUMBER(MATCH($BE25,AQ$5:AQ$29999,0)),MAX(AI$4:AI24)+1,0)) -> 0 | AJ25: =IF($BE25="","",IF(ISNUMBER(MATCH($BE25,AR$5:AR$29999,0)),MAX(AJ$4:AJ24)+1,0)) -> 16 | AK25: =IF($BE25="","",IF(ISNUMBER(MATCH($BE25,AS$5:AS$29999,0)),MAX(AK$4:AK24)+1,0)) -> 0 | AL25: =IF($BE25="","",IF(ISNUMBER(MATCH($BE25,AT$5:AT$29999,0)),MAX(AL$4:AL24)+1,0)) -> 0 | AM25: =IF($BE25="","",IF(ISNUMBER(MATCH($BE25,AU$5:AU$29999,0)),MAX(AM$4:AM24)+1,0)) -> 0 | AN25: =IF($BE25="","",IF(ISNUMBER(MATCH($BE25,AV$5:AV$29999,0)),MAX(AN$4:AN24)+1,0)) -> 0 | AP25: mfsim.nam | AR25: .tdis | AS25: mfsim.lst | AT25: .sto | AU25: .sfr.obs | AW25: .sto | AY25: .uzf.bud | AZ25: .uzf.bud | BB25: =IF(ISTEXT(AW25),IF(ISNUMBER(MATCH(AW25,$AY$5:$AY$100,0)),0,MAX(BB$4:BB24)+1),"") -> 0 | BC25: =IF(ISTEXT(AY25),MATCH(AY25,$AW$5:$AW$127,0),"") -> 35 | BD25: =IF(ISNUMBER(BC25),AY25,ROW()-SUM($BC$4:$BD$4)) -> .uzf.bud | BE25: =IF(ISTEXT(AW25),IF(ISNUMBER(BC25),AY25,INDEX($AW$5:$AW$140,MATCH(BD25,$BB$5:$BB$185,0),1)),"") -> .uzf.bud | BG25: =IF(ISNUMBER(MATCH($BE25,Z$5:Z$501,0)),INDEX(Z$5:Z$501,MATCH($BE25,Z$5:Z$501,0),1),"") | BH25: =IF(ISNUMBER(MATCH($BE25,AA$5:AA$501,0)),INDEX(AA$5:AA$501,MATCH($BE25,AA$5:AA$501,0),1),"") | BI25: =IF(ISNUMBER(MATCH($BE25,AB$5:AB$501,0)),INDEX(AB$5:AB$501,MATCH($BE25,AB$5:AB$501,0),1),"") -> .uzf.bud | BJ25: =IF(ISNUMBER(MATCH($BE25,AC$5:AC$501,0)),INDEX(AC$5:AC$501,MATCH($BE25,AC$5:AC$501,0),1),"") | BK25: =IF(ISNUMBER(MATCH($BE25,AD$5:AD$501,0)),INDEX(AD$5:AD$501,MATCH($BE25,AD$5:AD$501,0),1),"") | BL25: =IF(ISNUMBER(MATCH($BE25,AE$5:AE$501,0)),INDEX(AE$5:AE$501,MATCH($BE25,AE$5:AE$501,0),1),"") | BM25: =IF(ISNUMBER(MATCH($BE25,AF$5:AF$501,0)),INDEX(AF$5:AF$501,MATCH($BE25,AF$5:AF$501,0),1),"")
B26: =IF(ISNUMBER(MATCH(O26,$N$5:$N$1000,0)),MATCH(O26,$N$5:$N$1000,0),"") -> 21 | C26: =IF(ISNUMBER(B26),MAX(C$4:C25)+1,"") -> 16 | D26: =IF(IF(ISNUMBER(B26),"",MAX(D$4:D25)+1)<=D$3,IF(ISNUMBER(B26),"",MAX(D$4:D25)+1),"") | E26: =IF(M26<=D$3,MATCH(M26,D$5:D$1000,0),"") | F26: =IF(ISNUMBER(E26),INDEX($N$5:$N$1000,E26,1),"") | G26: =IF(ISNUMBER(C26),N26,IF(ISTEXT(N26),INDEX($F$5:$F$1000,MATCH(M26,$E$5:$E$1000,0),1),"")) -> .uzf | H26: =IF(O26="","",IF(ISNUMBER(MATCH(O26,$G$5:$G$1000,0)),"",IF(D26=1,C$3,0)+MAX(H$4:H25)+1)) | I26: =IF(O26="","",IF(ISNUMBER(MATCH(O26,$G$5:$G$1000,0)),"",IF(D26=1,B$4,0)+MAX(I$4:I25)+1)) | J26: =IF(ISNUMBER(MATCH(M26,$I$5:$I$1000,0)),INDEX($O$5:$O$1000,MATCH(M26,$I$5:$I$1000,0),1),"") | K26: =IF(P26="",0,1) -> 1 | M26: =IF(ROW()-ROW(M$4)<=1000,ROW()-ROW(M$4),"") -> 22 | N26: .uzf | O26: .tdis | P26: =IF(M26<=$B$4,IF(ISTEXT(G26),G26,""),IF(ISTEXT(J26),J26,"")) -> .uzf | R26: =IF(ROW()-ROW(R$4)<=AH$3,ROW()-ROW(R$4),"") | S26: =IF(ROW()-ROW(S$4)<=AI$3,ROW()-ROW(S$4),"") | T26: =IF(ROW()-ROW(T$4)<=AJ$3,ROW()-ROW(T$4),"") -> 22 | U26: =IF(ROW()-ROW(U$4)<=AK$3,ROW()-ROW(U$4),"") -> 22 | V26: =IF(ROW()-ROW(V$4)<=AL$3,ROW()-ROW(V$4),"") -> 22 | W26: =IF(ROW()-ROW(W$4)<=AM$3,ROW()-ROW(W$4),"") -> 22 | X26: =IF(ROW()-ROW(X$4)<=AN$3,ROW()-ROW(X$4),"") | Z26: =IF(ISNUMBER(R26),INDEX($BE$5:$BE$2999,MATCH(R26,AH$5:AH$2999,0),1),"") | AA26: =IF(ISNUMBER(S26),INDEX($BE$5:$BE$2999,MATCH(S26,AI$5:AI$2999,0),1),"") | AB26: =IF(ISNUMBER(T26),INDEX($BE$5:$BE$2999,MATCH(T26,AJ$5:AJ$2999,0),1),"") -> mfsim.nam | AC26: =IF(ISNUMBER(U26),INDEX($BE$5:$BE$2999,MATCH(U26,AK$5:AK$2999,0),1),"") -> .hds | AD26: =IF(ISNUMBER(V26),INDEX($BE$5:$BE$2999,MATCH(V26,AL$5:AL$2999,0),1),"") -> .cbc | AE26: =IF(ISNUMBER(W26),INDEX($BE$5:$BE$2999,MATCH(W26,AM$5:AM$2999,0),1),"") -> .rcha | AF26: =IF(ISNUMBER(X26),INDEX($BE$5:$BE$2999,MATCH(X26,AN$5:AN$2999,0),1),"") | AH26: =IF($BE26="","",IF(ISNUMBER(MATCH($BE26,AP$5:AP$29999,0)),MAX(AH$4:AH25)+1,0)) -> 0 | AI26: =IF($BE26="","",IF(ISNUMBER(MATCH($BE26,AQ$5:AQ$29999,0)),MAX(AI$4:AI25)+1,0)) -> 0 | AJ26: =IF($BE26="","",IF(ISNUMBER(MATCH($BE26,AR$5:AR$29999,0)),MAX(AJ$4:AJ25)+1,0)) -> 17 | AK26: =IF($BE26="","",IF(ISNUMBER(MATCH($BE26,AS$5:AS$29999,0)),MAX(AK$4:AK25)+1,0)) -> 0 | AL26: =IF($BE26="","",IF(ISNUMBER(MATCH($BE26,AT$5:AT$29999,0)),MAX(AL$4:AL25)+1,0)) -> 0 | AM26: =IF($BE26="","",IF(ISNUMBER(MATCH($BE26,AU$5:AU$29999,0)),MAX(AM$4:AM25)+1,0)) -> 0 | AN26: =IF($BE26="","",IF(ISNUMBER(MATCH($BE26,AV$5:AV$29999,0)),MAX(AN$4:AN25)+1,0)) -> 0 | AR26: .uzf | AS26: mfsim.nam | AT26: .tdis | AU26: .sfr.obs.csv | AW26: .tdis | AY26: .uzf.obs | AZ26: .uzf.obs | BB26: =IF(ISTEXT(AW26),IF(ISNUMBER(MATCH(AW26,$AY$5:$AY$100,0)),0,MAX(BB$4:BB25)+1),"") -> 0 | BC26: =IF(ISTEXT(AY26),MATCH(AY26,$AW$5:$AW$127,0),"") -> 36 | BD26: =IF(ISNUMBER(BC26),AY26,ROW()-SUM($BC$4:$BD$4)) -> .uzf.obs | BE26: =IF(ISTEXT(AW26),IF(ISNUMBER(BC26),AY26,INDEX($AW$5:$AW$140,MATCH(BD26,$BB$5:$BB$185,0),1)),"") -> .uzf.obs | BG26: =IF(ISNUMBER(MATCH($BE26,Z$5:Z$501,0)),INDEX(Z$5:Z$501,MATCH($BE26,Z$5:Z$501,0),1),"") | BH26: =IF(ISNUMBER(MATCH($BE26,AA$5:AA$501,0)),INDEX(AA$5:AA$501,MATCH($BE26,AA$5:AA$501,0),1),"") | BI26: =IF(ISNUMBER(MATCH($BE26,AB$5:AB$501,0)),INDEX(AB$5:AB$501,MATCH($BE26,AB$5:AB$501,0),1),"") -> .uzf.obs | BJ26: =IF(ISNUMBER(MATCH($BE26,AC$5:AC$501,0)),INDEX(AC$5:AC$501,MATCH($BE26,AC$5:AC$501,0),1),"") | BK26: =IF(ISNUMBER(MATCH($BE26,AD$5:AD$501,0)),INDEX(AD$5:AD$501,MATCH($BE26,AD$5:AD$501,0),1),"") | BL26: =IF(ISNUMBER(MATCH($BE26,AE$5:AE$501,0)),INDEX(AE$5:AE$501,MATCH($BE26,AE$5:AE$501,0),1),"") | BM26: =IF(ISNUMBER(MATCH($BE26,AF$5:AF$501,0)),INDEX(AF$5:AF$501,MATCH($BE26,AF$5:AF$501,0),1),"")
B27: =IF(ISNUMBER(MATCH(O27,$N$5:$N$1000,0)),MATCH(O27,$N$5:$N$1000,0),"") -> 26 | C27: =IF(ISNUMBER(B27),MAX(C$4:C26)+1,"") -> 17 | D27: =IF(IF(ISNUMBER(B27),"",MAX(D$4:D26)+1)<=D$3,IF(ISNUMBER(B27),"",MAX(D$4:D26)+1),"") | E27: =IF(M27<=D$3,MATCH(M27,D$5:D$1000,0),"") | F27: =IF(ISNUMBER(E27),INDEX($N$5:$N$1000,E27,1),"") | G27: =IF(ISNUMBER(C27),N27,IF(ISTEXT(N27),INDEX($F$5:$F$1000,MATCH(M27,$E$5:$E$1000,0),1),"")) -> .uzf.bud | H27: =IF(O27="","",IF(ISNUMBER(MATCH(O27,$G$5:$G$1000,0)),"",IF(D27=1,C$3,0)+MAX(H$4:H26)+1)) | I27: =IF(O27="","",IF(ISNUMBER(MATCH(O27,$G$5:$G$1000,0)),"",IF(D27=1,B$4,0)+MAX(I$4:I26)+1)) | J27: =IF(ISNUMBER(MATCH(M27,$I$5:$I$1000,0)),INDEX($O$5:$O$1000,MATCH(M27,$I$5:$I$1000,0),1),"") | K27: =IF(P27="",0,1) -> 1 | M27: =IF(ROW()-ROW(M$4)<=1000,ROW()-ROW(M$4),"") -> 23 | N27: .uzf.bud | O27: mfsim.lst | P27: =IF(M27<=$B$4,IF(ISTEXT(G27),G27,""),IF(ISTEXT(J27),J27,"")) -> .uzf.bud | R27: =IF(ROW()-ROW(R$4)<=AH$3,ROW()-ROW(R$4),"") | S27: =IF(ROW()-ROW(S$4)<=AI$3,ROW()-ROW(S$4),"") | T27: =IF(ROW()-ROW(T$4)<=AJ$3,ROW()-ROW(T$4),"") -> 23 | U27: =IF(ROW()-ROW(U$4)<=AK$3,ROW()-ROW(U$4),"") | V27: =IF(ROW()-ROW(V$4)<=AL$3,ROW()-ROW(V$4),"") -> 23 | W27: =IF(ROW()-ROW(W$4)<=AM$3,ROW()-ROW(W$4),"") -> 23 | X27: =IF(ROW()-ROW(X$4)<=AN$3,ROW()-ROW(X$4),"") | Z27: =IF(ISNUMBER(R27),INDEX($BE$5:$BE$2999,MATCH(R27,AH$5:AH$2999,0),1),"") | AA27: =IF(ISNUMBER(S27),INDEX($BE$5:$BE$2999,MATCH(S27,AI$5:AI$2999,0),1),"") | AB27: =IF(ISNUMBER(T27),INDEX($BE$5:$BE$2999,MATCH(T27,AJ$5:AJ$2999,0),1),"") -> .sto | AC27: =IF(ISNUMBER(U27),INDEX($BE$5:$BE$2999,MATCH(U27,AK$5:AK$2999,0),1),"") | AD27: =IF(ISNUMBER(V27),INDEX($BE$5:$BE$2999,MATCH(V27,AL$5:AL$2999,0),1),"") -> .rcha | AE27: =IF(ISNUMBER(W27),INDEX($BE$5:$BE$2999,MATCH(W27,AM$5:AM$2999,0),1),"") -> .hds | AF27: =IF(ISNUMBER(X27),INDEX($BE$5:$BE$2999,MATCH(X27,AN$5:AN$2999,0),1),"") | AH27: =IF($BE27="","",IF(ISNUMBER(MATCH($BE27,AP$5:AP$29999,0)),MAX(AH$4:AH26)+1,0)) -> 10 | AI27: =IF($BE27="","",IF(ISNUMBER(MATCH($BE27,AQ$5:AQ$29999,0)),MAX(AI$4:AI26)+1,0)) -> 10 | AJ27: =IF($BE27="","",IF(ISNUMBER(MATCH($BE27,AR$5:AR$29999,0)),MAX(AJ$4:AJ26)+1,0)) -> 18 | AK27: =IF($BE27="","",IF(ISNUMBER(MATCH($BE27,AS$5:AS$29999,0)),MAX(AK$4:AK26)+1,0)) -> 11 | AL27: =IF($BE27="","",IF(ISNUMBER(MATCH($BE27,AT$5:AT$29999,0)),MAX(AL$4:AL26)+1,0)) -> 13 | AM27: =IF($BE27="","",IF(ISNUMBER(MATCH($BE27,AU$5:AU$29999,0)),MAX(AM$4:AM26)+1,0)) -> 18 | AN27: =IF($BE27="","",IF(ISNUMBER(MATCH($BE27,AV$5:AV$29999,0)),MAX(AN$4:AN26)+1,0)) -> 0 | AR27: .uzf.bud | AT27: mfsim.lst | AU27: .tdis | AW27: mfsim.lst | AY27: .nam | AZ27: .nam | BB27: =IF(ISTEXT(AW27),IF(ISNUMBER(MATCH(AW27,$AY$5:$AY$100,0)),0,MAX(BB$4:BB26)+1),"") -> 0 | BC27: =IF(ISTEXT(AY27),MATCH(AY27,$AW$5:$AW$127,0),"") -> 16 | BD27: =IF(ISNUMBER(BC27),AY27,ROW()-SUM($BC$4:$BD$4)) -> .nam | BE27: =IF(ISTEXT(AW27),IF(ISNUMBER(BC27),AY27,INDEX($AW$5:$AW$140,MATCH(BD27,$BB$5:$BB$185,0),1)),"") -> .nam | BG27: =IF(ISNUMBER(MATCH($BE27,Z$5:Z$501,0)),INDEX(Z$5:Z$501,MATCH($BE27,Z$5:Z$501,0),1),"") -> .nam | BH27: =IF(ISNUMBER(MATCH($BE27,AA$5:AA$501,0)),INDEX(AA$5:AA$501,MATCH($BE27,AA$5:AA$501,0),1),"") -> .nam | BI27: =IF(ISNUMBER(MATCH($BE27,AB$5:AB$501,0)),INDEX(AB$5:AB$501,MATCH($BE27,AB$5:AB$501,0),1),"") -> .nam | BJ27: =IF(ISNUMBER(MATCH($BE27,AC$5:AC$501,0)),INDEX(AC$5:AC$501,MATCH($BE27,AC$5:AC$501,0),1),"") -> .nam | BK27: =IF(ISNUMBER(MATCH($BE27,AD$5:AD$501,0)),INDEX(AD$5:AD$501,MATCH($BE27,AD$5:AD$501,0),1),"") -> .nam | BL27: =IF(ISNUMBER(MATCH($BE27,AE$5:AE$501,0)),INDEX(AE$5:AE$501,MATCH($BE27,AE$5:AE$501,0),1),"") -> .nam | BM27: =IF(ISNUMBER(MATCH($BE27,AF$5:AF$501,0)),INDEX(AF$5:AF$501,MATCH($BE27,AF$5:AF$501,0),1),"")
B28: =IF(ISNUMBER(MATCH(O28,$N$5:$N$1000,0)),MATCH(O28,$N$5:$N$1000,0),"") -> 27 | C28: =IF(ISNUMBER(B28),MAX(C$4:C27)+1,"") -> 18 | D28: =IF(IF(ISNUMBER(B28),"",MAX(D$4:D27)+1)<=D$3,IF(ISNUMBER(B28),"",MAX(D$4:D27)+1),"") | E28: =IF(M28<=D$3,MATCH(M28,D$5:D$1000,0),"") | F28: =IF(ISNUMBER(E28),INDEX($N$5:$N$1000,E28,1),"") | G28: =IF(ISNUMBER(C28),N28,IF(ISTEXT(N28),INDEX($F$5:$F$1000,MATCH(M28,$E$5:$E$1000,0),1),"")) -> .uzf.obs | H28: =IF(O28="","",IF(ISNUMBER(MATCH(O28,$G$5:$G$1000,0)),"",IF(D28=1,C$3,0)+MAX(H$4:H27)+1)) | I28: =IF(O28="","",IF(ISNUMBER(MATCH(O28,$G$5:$G$1000,0)),"",IF(D28=1,B$4,0)+MAX(I$4:I27)+1)) | J28: =IF(ISNUMBER(MATCH(M28,$I$5:$I$1000,0)),INDEX($O$5:$O$1000,MATCH(M28,$I$5:$I$1000,0),1),"") | K28: =IF(P28="",0,1) -> 1 | M28: =IF(ROW()-ROW(M$4)<=1000,ROW()-ROW(M$4),"") -> 24 | N28: .uzf.obs | O28: mfsim.nam | P28: =IF(M28<=$B$4,IF(ISTEXT(G28),G28,""),IF(ISTEXT(J28),J28,"")) -> .uzf.obs | R28: =IF(ROW()-ROW(R$4)<=AH$3,ROW()-ROW(R$4),"") | S28: =IF(ROW()-ROW(S$4)<=AI$3,ROW()-ROW(S$4),"") | T28: =IF(ROW()-ROW(T$4)<=AJ$3,ROW()-ROW(T$4),"") -> 24 | U28: =IF(ROW()-ROW(U$4)<=AK$3,ROW()-ROW(U$4),"") | V28: =IF(ROW()-ROW(V$4)<=AL$3,ROW()-ROW(V$4),"") -> 24 | W28: =IF(ROW()-ROW(W$4)<=AM$3,ROW()-ROW(W$4),"") -> 24 | X28: =IF(ROW()-ROW(X$4)<=AN$3,ROW()-ROW(X$4),"") | Z28: =IF(ISNUMBER(R28),INDEX($BE$5:$BE$2999,MATCH(R28,AH$5:AH$2999,0),1),"") | AA28: =IF(ISNUMBER(S28),INDEX($BE$5:$BE$2999,MATCH(S28,AI$5:AI$2999,0),1),"") | AB28: =IF(ISNUMBER(T28),INDEX($BE$5:$BE$2999,MATCH(T28,AJ$5:AJ$2999,0),1),"") -> .cbc | AC28: =IF(ISNUMBER(U28),INDEX($BE$5:$BE$2999,MATCH(U28,AK$5:AK$2999,0),1),"") | AD28: =IF(ISNUMBER(V28),INDEX($BE$5:$BE$2999,MATCH(V28,AL$5:AL$2999,0),1),"") -> .hds | AE28: =IF(ISNUMBER(W28),INDEX($BE$5:$BE$2999,MATCH(W28,AM$5:AM$2999,0),1),"") -> .bud | AF28: =IF(ISNUMBER(X28),INDEX($BE$5:$BE$2999,MATCH(X28,AN$5:AN$2999,0),1),"") | AH28: =IF($BE28="","",IF(ISNUMBER(MATCH($BE28,AP$5:AP$29999,0)),MAX(AH$4:AH27)+1,0)) -> 11 | AI28: =IF($BE28="","",IF(ISNUMBER(MATCH($BE28,AQ$5:AQ$29999,0)),MAX(AI$4:AI27)+1,0)) -> 11 | AJ28: =IF($BE28="","",IF(ISNUMBER(MATCH($BE28,AR$5:AR$29999,0)),MAX(AJ$4:AJ27)+1,0)) -> 19 | AK28: =IF($BE28="","",IF(ISNUMBER(MATCH($BE28,AS$5:AS$29999,0)),MAX(AK$4:AK27)+1,0)) -> 12 | AL28: =IF($BE28="","",IF(ISNUMBER(MATCH($BE28,AT$5:AT$29999,0)),MAX(AL$4:AL27)+1,0)) -> 14 | AM28: =IF($BE28="","",IF(ISNUMBER(MATCH($BE28,AU$5:AU$29999,0)),MAX(AM$4:AM27)+1,0)) -> 19 | AN28: =IF($BE28="","",IF(ISNUMBER(MATCH($BE28,AV$5:AV$29999,0)),MAX(AN$4:AN27)+1,0)) -> 0 | AR28: .uzf.obs | AT28: mfsim.nam | AU28: mfsim.lst | AW28: mfsim.nam | AY28: .tdis | AZ28: .tdis | BB28: =IF(ISTEXT(AW28),IF(ISNUMBER(MATCH(AW28,$AY$5:$AY$100,0)),0,MAX(BB$4:BB27)+1),"") -> 0 | BC28: =IF(ISTEXT(AY28),MATCH(AY28,$AW$5:$AW$127,0),"") -> 22 | BD28: =IF(ISNUMBER(BC28),AY28,ROW()-SUM($BC$4:$BD$4)) -> .tdis | BE28: =IF(ISTEXT(AW28),IF(ISNUMBER(BC28),AY28,INDEX($AW$5:$AW$140,MATCH(BD28,$BB$5:$BB$185,0),1)),"") -> .tdis | BG28: =IF(ISNUMBER(MATCH($BE28,Z$5:Z$501,0)),INDEX(Z$5:Z$501,MATCH($BE28,Z$5:Z$501,0),1),"") -> .tdis | BH28: =IF(ISNUMBER(MATCH($BE28,AA$5:AA$501,0)),INDEX(AA$5:AA$501,MATCH($BE28,AA$5:AA$501,0),1),"") -> .tdis | BI28: =IF(ISNUMBER(MATCH($BE28,AB$5:AB$501,0)),INDEX(AB$5:AB$501,MATCH($BE28,AB$5:AB$501,0),1),"") -> .tdis | BJ28: =IF(ISNUMBER(MATCH($BE28,AC$5:AC$501,0)),INDEX(AC$5:AC$501,MATCH($BE28,AC$5:AC$501,0),1),"") -> .tdis | BK28: =IF(ISNUMBER(MATCH($BE28,AD$5:AD$501,0)),INDEX(AD$5:AD$501,MATCH($BE28,AD$5:AD$501,0),1),"") -> .tdis | BL28: =IF(ISNUMBER(MATCH($BE28,AE$5:AE$501,0)),INDEX(AE$5:AE$501,MATCH($BE28,AE$5:AE$501,0),1),"") -> .tdis | BM28: =IF(ISNUMBER(MATCH($BE28,AF$5:AF$501,0)),INDEX(AF$5:AF$501,MATCH($BE28,AF$5:AF$501,0),1),"")
B29: =IF(ISNUMBER(MATCH(O29,$N$5:$N$1000,0)),MATCH(O29,$N$5:$N$1000,0),"") | C29: =IF(ISNUMBER(B29),MAX(C$4:C28)+1,"") | D29: =IF(IF(ISNUMBER(B29),"",MAX(D$4:D28)+1)<=D$3,IF(ISNUMBER(B29),"",MAX(D$4:D28)+1),"") -> 7 | E29: =IF(M29<=D$3,MATCH(M29,D$5:D$1000,0),"") | F29: =IF(ISNUMBER(E29),INDEX($N$5:$N$1000,E29,1),"") | G29: =IF(ISNUMBER(C29),N29,IF(ISTEXT(N29),INDEX($F$5:$F$1000,MATCH(M29,$E$5:$E$1000,0),1),"")) -> .wel | H29: =IF(O29="","",IF(ISNUMBER(MATCH(O29,$G$5:$G$1000,0)),"",IF(D29=1,C$3,0)+MAX(H$4:H28)+1)) -> 29 | I29: =IF(O29="","",IF(ISNUMBER(MATCH(O29,$G$5:$G$1000,0)),"",IF(D29=1,B$4,0)+MAX(I$4:I28)+1)) -> 43 | J29: =IF(ISNUMBER(MATCH(M29,$I$5:$I$1000,0)),INDEX($O$5:$O$1000,MATCH(M29,$I$5:$I$1000,0),1),"") | K29: =IF(P29="",0,1) -> 1 | M29: =IF(ROW()-ROW(M$4)<=1000,ROW()-ROW(M$4),"") -> 25 | N29: .wel | O29: .bud | P29: =IF(M29<=$B$4,IF(ISTEXT(G29),G29,""),IF(ISTEXT(J29),J29,"")) -> .wel | R29: =IF(ROW()-ROW(R$4)<=AH$3,ROW()-ROW(R$4),"") | S29: =IF(ROW()-ROW(S$4)<=AI$3,ROW()-ROW(S$4),"") | T29: =IF(ROW()-ROW(T$4)<=AJ$3,ROW()-ROW(T$4),"") -> 25 | U29: =IF(ROW()-ROW(U$4)<=AK$3,ROW()-ROW(U$4),"") | V29: =IF(ROW()-ROW(V$4)<=AL$3,ROW()-ROW(V$4),"") | W29: =IF(ROW()-ROW(W$4)<=AM$3,ROW()-ROW(W$4),"") | X29: =IF(ROW()-ROW(X$4)<=AN$3,ROW()-ROW(X$4),"") | Z29: =IF(ISNUMBER(R29),INDEX($BE$5:$BE$2999,MATCH(R29,AH$5:AH$2999,0),1),"") | AA29: =IF(ISNUMBER(S29),INDEX($BE$5:$BE$2999,MATCH(S29,AI$5:AI$2999,0),1),"") | AB29: =IF(ISNUMBER(T29),INDEX($BE$5:$BE$2999,MATCH(T29,AJ$5:AJ$2999,0),1),"") -> .hds | AC29: =IF(ISNUMBER(U29),INDEX($BE$5:$BE$2999,MATCH(U29,AK$5:AK$2999,0),1),"") | AD29: =IF(ISNUMBER(V29),INDEX($BE$5:$BE$2999,MATCH(V29,AL$5:AL$2999,0),1),"") | AE29: =IF(ISNUMBER(W29),INDEX($BE$5:$BE$2999,MATCH(W29,AM$5:AM$2999,0),1),"") | AF29: =IF(ISNUMBER(X29),INDEX($BE$5:$BE$2999,MATCH(X29,AN$5:AN$2999,0),1),"") | AH29: =IF($BE29="","",IF(ISNUMBER(MATCH($BE29,AP$5:AP$29999,0)),MAX(AH$4:AH28)+1,0)) -> 12 | AI29: =IF($BE29="","",IF(ISNUMBER(MATCH($BE29,AQ$5:AQ$29999,0)),MAX(AI$4:AI28)+1,0)) -> 12 | AJ29: =IF($BE29="","",IF(ISNUMBER(MATCH($BE29,AR$5:AR$29999,0)),MAX(AJ$4:AJ28)+1,0)) -> 20 | AK29: =IF($BE29="","",IF(ISNUMBER(MATCH($BE29,AS$5:AS$29999,0)),MAX(AK$4:AK28)+1,0)) -> 13 | AL29: =IF($BE29="","",IF(ISNUMBER(MATCH($BE29,AT$5:AT$29999,0)),MAX(AL$4:AL28)+1,0)) -> 15 | AM29: =IF($BE29="","",IF(ISNUMBER(MATCH($BE29,AU$5:AU$29999,0)),MAX(AM$4:AM28)+1,0)) -> 20 | AN29: =IF($BE29="","",IF(ISNUMBER(MATCH($BE29,AV$5:AV$29999,0)),MAX(AN$4:AN28)+1,0)) -> 0 | AR29: .wel | AW29: .bud | AY29: mfsim.lst | AZ29: mfsim.lst | BB29: =IF(ISTEXT(AW29),IF(ISNUMBER(MATCH(AW29,$AY$5:$AY$100,0)),0,MAX(BB$4:BB28)+1),"") -> 0 | BC29: =IF(ISTEXT(AY29),MATCH(AY29,$AW$5:$AW$127,0),"") -> 23 | BD29: =IF(ISNUMBER(BC29),AY29,ROW()-SUM($BC$4:$BD$4)) -> mfsim.lst | BE29: =IF(ISTEXT(AW29),IF(ISNUMBER(BC29),AY29,INDEX($AW$5:$AW$140,MATCH(BD29,$BB$5:$BB$185,0),1)),"") -> mfsim.lst | BG29: =IF(ISNUMBER(MATCH($BE29,Z$5:Z$501,0)),INDEX(Z$5:Z$501,MATCH($BE29,Z$5:Z$501,0),1),"") -> mfsim.lst | BH29: =IF(ISNUMBER(MATCH($BE29,AA$5:AA$501,0)),INDEX(AA$5:AA$501,MATCH($BE29,AA$5:AA$501,0),1),"") -> mfsim.lst | BI29: =IF(ISNUMBER(MATCH($BE29,AB$5:AB$501,0)),INDEX(AB$5:AB$501,MATCH($BE29,AB$5:AB$501,0),1),"") -> mfsim.lst | BJ29: =IF(ISNUMBER(MATCH($BE29,AC$5:AC$501,0)),INDEX(AC$5:AC$501,MATCH($BE29,AC$5:AC$501,0),1),"") -> mfsim.lst | BK29: =IF(ISNUMBER(MATCH($BE29,AD$5:AD$501,0)),INDEX(AD$5:AD$501,MATCH($BE29,AD$5:AD$501,0),1),"") -> mfsim.lst | BL29: =IF(ISNUMBER(MATCH($BE29,AE$5:AE$501,0)),INDEX(AE$5:AE$501,MATCH($BE29,AE$5:AE$501,0),1),"") -> mfsim.lst | BM29: =IF(ISNUMBER(MATCH($BE29,AF$5:AF$501,0)),INDEX(AF$5:AF$501,MATCH($BE29,AF$5:AF$501,0),1),"")
B30: =IF(ISNUMBER(MATCH(O30,$N$5:$N$1000,0)),MATCH(O30,$N$5:$N$1000,0),"") | C30: =IF(ISNUMBER(B30),MAX(C$4:C29)+1,"") | D30: =IF(IF(ISNUMBER(B30),"",MAX(D$4:D29)+1)<=D$3,IF(ISNUMBER(B30),"",MAX(D$4:D29)+1),"") -> 8 | E30: =IF(M30<=D$3,MATCH(M30,D$5:D$1000,0),"") | F30: =IF(ISNUMBER(E30),INDEX($N$5:$N$1000,E30,1),"") | G30: =IF(ISNUMBER(C30),N30,IF(ISTEXT(N30),INDEX($F$5:$F$1000,MATCH(M30,$E$5:$E$1000,0),1),"")) -> mfsim.lst | H30: =IF(O30="","",IF(ISNUMBER(MATCH(O30,$G$5:$G$1000,0)),"",IF(D30=1,C$3,0)+MAX(H$4:H29)+1)) -> 30 | I30: =IF(O30="","",IF(ISNUMBER(MATCH(O30,$G$5:$G$1000,0)),"",IF(D30=1,B$4,0)+MAX(I$4:I29)+1)) -> 44 | J30: =IF(ISNUMBER(MATCH(M30,$I$5:$I$1000,0)),INDEX($O$5:$O$1000,MATCH(M30,$I$5:$I$1000,0),1),"") | K30: =IF(P30="",0,1) -> 1 | M30: =IF(ROW()-ROW(M$4)<=1000,ROW()-ROW(M$4),"") -> 26 | N30: mfsim.lst | O30: .lak.bin | P30: =IF(M30<=$B$4,IF(ISTEXT(G30),G30,""),IF(ISTEXT(J30),J30,"")) -> mfsim.lst | R30: =IF(ROW()-ROW(R$4)<=AH$3,ROW()-ROW(R$4),"") | S30: =IF(ROW()-ROW(S$4)<=AI$3,ROW()-ROW(S$4),"") | T30: =IF(ROW()-ROW(T$4)<=AJ$3,ROW()-ROW(T$4),"") -> 26 | U30: =IF(ROW()-ROW(U$4)<=AK$3,ROW()-ROW(U$4),"") | V30: =IF(ROW()-ROW(V$4)<=AL$3,ROW()-ROW(V$4),"") | W30: =IF(ROW()-ROW(W$4)<=AM$3,ROW()-ROW(W$4),"") | X30: =IF(ROW()-ROW(X$4)<=AN$3,ROW()-ROW(X$4),"") | Z30: =IF(ISNUMBER(R30),INDEX($BE$5:$BE$2999,MATCH(R30,AH$5:AH$2999,0),1),"") | AA30: =IF(ISNUMBER(S30),INDEX($BE$5:$BE$2999,MATCH(S30,AI$5:AI$2999,0),1),"") | AB30: =IF(ISNUMBER(T30),INDEX($BE$5:$BE$2999,MATCH(T30,AJ$5:AJ$2999,0),1),"") -> .wel | AC30: =IF(ISNUMBER(U30),INDEX($BE$5:$BE$2999,MATCH(U30,AK$5:AK$2999,0),1),"") | AD30: =IF(ISNUMBER(V30),INDEX($BE$5:$BE$2999,MATCH(V30,AL$5:AL$2999,0),1),"") | AE30: =IF(ISNUMBER(W30),INDEX($BE$5:$BE$2999,MATCH(W30,AM$5:AM$2999,0),1),"") | AF30: =IF(ISNUMBER(X30),INDEX($BE$5:$BE$2999,MATCH(X30,AN$5:AN$2999,0),1),"") | AH30: =IF($BE30="","",IF(ISNUMBER(MATCH($BE30,AP$5:AP$29999,0)),MAX(AH$4:AH29)+1,0)) -> 13 | AI30: =IF($BE30="","",IF(ISNUMBER(MATCH($BE30,AQ$5:AQ$29999,0)),MAX(AI$4:AI29)+1,0)) -> 13 | AJ30: =IF($BE30="","",IF(ISNUMBER(MATCH($BE30,AR$5:AR$29999,0)),MAX(AJ$4:AJ29)+1,0)) -> 21 | AK30: =IF($BE30="","",IF(ISNUMBER(MATCH($BE30,AS$5:AS$29999,0)),MAX(AK$4:AK29)+1,0)) -> 14 | AL30: =IF($BE30="","",IF(ISNUMBER(MATCH($BE30,AT$5:AT$29999,0)),MAX(AL$4:AL29)+1,0)) -> 16 | AM30: =IF($BE30="","",IF(ISNUMBER(MATCH($BE30,AU$5:AU$29999,0)),MAX(AM$4:AM29)+1,0)) -> 21 | AN30: =IF($BE30="","",IF(ISNUMBER(MATCH($BE30,AV$5:AV$29999,0)),MAX(AN$4:AN29)+1,0)) -> 0 | AR30: mfsim.lst | AW30: .lak.bin | AY30: .dis.grb | AZ30: .dis.grb | BB30: =IF(ISTEXT(AW30),IF(ISNUMBER(MATCH(AW30,$AY$5:$AY$100,0)),0,MAX(BB$4:BB29)+1),"") -> 0 | BC30: =IF(ISTEXT(AY30),MATCH(AY30,$AW$5:$AW$127,0),"") -> 4 | BD30: =IF(ISNUMBER(BC30),AY30,ROW()-SUM($BC$4:$BD$4)) -> .dis.grb | BE30: =IF(ISTEXT(AW30),IF(ISNUMBER(BC30),AY30,INDEX($AW$5:$AW$140,MATCH(BD30,$BB$5:$BB$185,0),1)),"") -> .dis.grb | BG30: =IF(ISNUMBER(MATCH($BE30,Z$5:Z$501,0)),INDEX(Z$5:Z$501,MATCH($BE30,Z$5:Z$501,0),1),"") -> .dis.grb | BH30: =IF(ISNUMBER(MATCH($BE30,AA$5:AA$501,0)),INDEX(AA$5:AA$501,MATCH($BE30,AA$5:AA$501,0),1),"") -> .dis.grb | BI30: =IF(ISNUMBER(MATCH($BE30,AB$5:AB$501,0)),INDEX(AB$5:AB$501,MATCH($BE30,AB$5:AB$501,0),1),"") -> .dis.grb | BJ30: =IF(ISNUMBER(MATCH($BE30,AC$5:AC$501,0)),INDEX(AC$5:AC$501,MATCH($BE30,AC$5:AC$501,0),1),"") -> .dis.grb | BK30: =IF(ISNUMBER(MATCH($BE30,AD$5:AD$501,0)),INDEX(AD$5:AD$501,MATCH($BE30,AD$5:AD$501,0),1),"") -> .dis.grb | BL30: =IF(ISNUMBER(MATCH($BE30,AE$5:AE$501,0)),INDEX(AE$5:AE$501,MATCH($BE30,AE$5:AE$501,0),1),"") -> .dis.grb | BM30: =IF(ISNUMBER(MATCH($BE30,AF$5:AF$501,0)),INDEX(AF$5:AF$501,MATCH($BE30,AF$5:AF$501,0),1),"")
B31: =IF(ISNUMBER(MATCH(O31,$N$5:$N$1000,0)),MATCH(O31,$N$5:$N$1000,0),"") -> 9 | C31: =IF(ISNUMBER(B31),MAX(C$4:C30)+1,"") -> 19 | D31: =IF(IF(ISNUMBER(B31),"",MAX(D$4:D30)+1)<=D$3,IF(ISNUMBER(B31),"",MAX(D$4:D30)+1),"") | E31: =IF(M31<=D$3,MATCH(M31,D$5:D$1000,0),"") | F31: =IF(ISNUMBER(E31),INDEX($N$5:$N$1000,E31,1),"") | G31: =IF(ISNUMBER(C31),N31,IF(ISTEXT(N31),INDEX($F$5:$F$1000,MATCH(M31,$E$5:$E$1000,0),1),"")) -> mfsim.nam | H31: =IF(O31="","",IF(ISNUMBER(MATCH(O31,$G$5:$G$1000,0)),"",IF(D31=1,C$3,0)+MAX(H$4:H30)+1)) | I31: =IF(O31="","",IF(ISNUMBER(MATCH(O31,$G$5:$G$1000,0)),"",IF(D31=1,B$4,0)+MAX(I$4:I30)+1)) | J31: =IF(ISNUMBER(MATCH(M31,$I$5:$I$1000,0)),INDEX($O$5:$O$1000,MATCH(M31,$I$5:$I$1000,0),1),"") | K31: =IF(P31="",0,1) -> 1 | M31: =IF(ROW()-ROW(M$4)<=1000,ROW()-ROW(M$4),"") -> 27 | N31: mfsim.nam | O31: .lak.bud | P31: =IF(M31<=$B$4,IF(ISTEXT(G31),G31,""),IF(ISTEXT(J31),J31,"")) -> mfsim.nam | R31: =IF(ROW()-ROW(R$4)<=AH$3,ROW()-ROW(R$4),"") | S31: =IF(ROW()-ROW(S$4)<=AI$3,ROW()-ROW(S$4),"") | T31: =IF(ROW()-ROW(T$4)<=AJ$3,ROW()-ROW(T$4),"") -> 27 | U31: =IF(ROW()-ROW(U$4)<=AK$3,ROW()-ROW(U$4),"") | V31: =IF(ROW()-ROW(V$4)<=AL$3,ROW()-ROW(V$4),"") | W31: =IF(ROW()-ROW(W$4)<=AM$3,ROW()-ROW(W$4),"") | X31: =IF(ROW()-ROW(X$4)<=AN$3,ROW()-ROW(X$4),"") | Z31: =IF(ISNUMBER(R31),INDEX($BE$5:$BE$2999,MATCH(R31,AH$5:AH$2999,0),1),"") | AA31: =IF(ISNUMBER(S31),INDEX($BE$5:$BE$2999,MATCH(S31,AI$5:AI$2999,0),1),"") | AB31: =IF(ISNUMBER(T31),INDEX($BE$5:$BE$2999,MATCH(T31,AJ$5:AJ$2999,0),1),"") -> .ghb | AC31: =IF(ISNUMBER(U31),INDEX($BE$5:$BE$2999,MATCH(U31,AK$5:AK$2999,0),1),"") | AD31: =IF(ISNUMBER(V31),INDEX($BE$5:$BE$2999,MATCH(V31,AL$5:AL$2999,0),1),"") | AE31: =IF(ISNUMBER(W31),INDEX($BE$5:$BE$2999,MATCH(W31,AM$5:AM$2999,0),1),"") | AF31: =IF(ISNUMBER(X31),INDEX($BE$5:$BE$2999,MATCH(X31,AN$5:AN$2999,0),1),"") | AH31: =IF($BE31="","",IF(ISNUMBER(MATCH($BE31,AP$5:AP$29999,0)),MAX(AH$4:AH30)+1,0)) -> 14 | AI31: =IF($BE31="","",IF(ISNUMBER(MATCH($BE31,AQ$5:AQ$29999,0)),MAX(AI$4:AI30)+1,0)) -> 14 | AJ31: =IF($BE31="","",IF(ISNUMBER(MATCH($BE31,AR$5:AR$29999,0)),MAX(AJ$4:AJ30)+1,0)) -> 22 | AK31: =IF($BE31="","",IF(ISNUMBER(MATCH($BE31,AS$5:AS$29999,0)),MAX(AK$4:AK30)+1,0)) -> 15 | AL31: =IF($BE31="","",IF(ISNUMBER(MATCH($BE31,AT$5:AT$29999,0)),MAX(AL$4:AL30)+1,0)) -> 17 | AM31: =IF($BE31="","",IF(ISNUMBER(MATCH($BE31,AU$5:AU$29999,0)),MAX(AM$4:AM30)+1,0)) -> 0 | AN31: =IF($BE31="","",IF(ISNUMBER(MATCH($BE31,AV$5:AV$29999,0)),MAX(AN$4:AN30)+1,0)) -> 0 | AR31: mfsim.nam | AW31: .lak.bud | AY31: mfsim.nam | AZ31: mfsim.nam | BB31: =IF(ISTEXT(AW31),IF(ISNUMBER(MATCH(AW31,$AY$5:$AY$100,0)),0,MAX(BB$4:BB30)+1),"") -> 0 | BC31: =IF(ISTEXT(AY31),MATCH(AY31,$AW$5:$AW$127,0),"") -> 24 | BD31: =IF(ISNUMBER(BC31),AY31,ROW()-SUM($BC$4:$BD$4)) -> mfsim.nam | BE31: =IF(ISTEXT(AW31),IF(ISNUMBER(BC31),AY31,INDEX($AW$5:$AW$140,MATCH(BD31,$BB$5:$BB$185,0),1)),"") -> mfsim.nam | BG31: =IF(ISNUMBER(MATCH($BE31,Z$5:Z$501,0)),INDEX(Z$5:Z$501,MATCH($BE31,Z$5:Z$501,0),1),"") -> mfsim.nam | BH31: =IF(ISNUMBER(MATCH($BE31,AA$5:AA$501,0)),INDEX(AA$5:AA$501,MATCH($BE31,AA$5:AA$501,0),1),"") -> mfsim.nam | BI31: =IF(ISNUMBER(MATCH($BE31,AB$5:AB$501,0)),INDEX(AB$5:AB$501,MATCH($BE31,AB$5:AB$501,0),1),"") -> mfsim.nam | BJ31: =IF(ISNUMBER(MATCH($BE31,AC$5:AC$501,0)),INDEX(AC$5:AC$501,MATCH($BE31,AC$5:AC$501,0),1),"") -> mfsim.nam | BK31: =IF(ISNUMBER(MATCH($BE31,AD$5:AD$501,0)),INDEX(AD$5:AD$501,MATCH($BE31,AD$5:AD$501,0),1),"") -> mfsim.nam | BL31: =IF(ISNUMBER(MATCH($BE31,AE$5:AE$501,0)),INDEX(AE$5:AE$501,MATCH($BE31,AE$5:AE$501,0),1),"") | BM31: =IF(ISNUMBER(MATCH($BE31,AF$5:AF$501,0)),INDEX(AF$5:AF$501,MATCH($BE31,AF$5:AF$501,0),1),"")
B32: =IF(ISNUMBER(MATCH(O32,$N$5:$N$1000,0)),MATCH(O32,$N$5:$N$1000,0),"") -> 13 | C32: =IF(ISNUMBER(B32),MAX(C$4:C31)+1,"") -> 20 | D32: =IF(IF(ISNUMBER(B32),"",MAX(D$4:D31)+1)<=D$3,IF(ISNUMBER(B32),"",MAX(D$4:D31)+1),"") | E32: =IF(M32<=D$3,MATCH(M32,D$5:D$1000,0),"") | F32: =IF(ISNUMBER(E32),INDEX($N$5:$N$1000,E32,1),"") | G32: =IF(ISNUMBER(C32),N32,IF(ISTEXT(N32),INDEX($F$5:$F$1000,MATCH(M32,$E$5:$E$1000,0),1),"")) -> obs_lak.csv | H32: =IF(O32="","",IF(ISNUMBER(MATCH(O32,$G$5:$G$1000,0)),"",IF(D32=1,C$3,0)+MAX(H$4:H31)+1)) | I32: =IF(O32="","",IF(ISNUMBER(MATCH(O32,$G$5:$G$1000,0)),"",IF(D32=1,B$4,0)+MAX(I$4:I31)+1)) | J32: =IF(ISNUMBER(MATCH(M32,$I$5:$I$1000,0)),INDEX($O$5:$O$1000,MATCH(M32,$I$5:$I$1000,0),1),"") | K32: =IF(P32="",0,1) -> 1 | M32: =IF(ROW()-ROW(M$4)<=1000,ROW()-ROW(M$4),"") -> 28 | N32: obs_lak.csv | O32: .mvr.bud | P32: =IF(M32<=$B$4,IF(ISTEXT(G32),G32,""),IF(ISTEXT(J32),J32,"")) -> obs_lak.csv | R32: =IF(ROW()-ROW(R$4)<=AH$3,ROW()-ROW(R$4),"") | S32: =IF(ROW()-ROW(S$4)<=AI$3,ROW()-ROW(S$4),"") | T32: =IF(ROW()-ROW(T$4)<=AJ$3,ROW()-ROW(T$4),"") -> 28 | U32: =IF(ROW()-ROW(U$4)<=AK$3,ROW()-ROW(U$4),"") | V32: =IF(ROW()-ROW(V$4)<=AL$3,ROW()-ROW(V$4),"") | W32: =IF(ROW()-ROW(W$4)<=AM$3,ROW()-ROW(W$4),"") | X32: =IF(ROW()-ROW(X$4)<=AN$3,ROW()-ROW(X$4),"") | Z32: =IF(ISNUMBER(R32),INDEX($BE$5:$BE$2999,MATCH(R32,AH$5:AH$2999,0),1),"") | AA32: =IF(ISNUMBER(S32),INDEX($BE$5:$BE$2999,MATCH(S32,AI$5:AI$2999,0),1),"") | AB32: =IF(ISNUMBER(T32),INDEX($BE$5:$BE$2999,MATCH(T32,AJ$5:AJ$2999,0),1),"") -> obs_lak.csv | AC32: =IF(ISNUMBER(U32),INDEX($BE$5:$BE$2999,MATCH(U32,AK$5:AK$2999,0),1),"") | AD32: =IF(ISNUMBER(V32),INDEX($BE$5:$BE$2999,MATCH(V32,AL$5:AL$2999,0),1),"") | AE32: =IF(ISNUMBER(W32),INDEX($BE$5:$BE$2999,MATCH(W32,AM$5:AM$2999,0),1),"") | AF32: =IF(ISNUMBER(X32),INDEX($BE$5:$BE$2999,MATCH(X32,AN$5:AN$2999,0),1),"") | AH32: =IF($BE32="","",IF(ISNUMBER(MATCH($BE32,AP$5:AP$29999,0)),MAX(AH$4:AH31)+1,0)) -> 15 | AI32: =IF($BE32="","",IF(ISNUMBER(MATCH($BE32,AQ$5:AQ$29999,0)),MAX(AI$4:AI31)+1,0)) -> 15 | AJ32: =IF($BE32="","",IF(ISNUMBER(MATCH($BE32,AR$5:AR$29999,0)),MAX(AJ$4:AJ31)+1,0)) -> 23 | AK32: =IF($BE32="","",IF(ISNUMBER(MATCH($BE32,AS$5:AS$29999,0)),MAX(AK$4:AK31)+1,0)) -> 16 | AL32: =IF($BE32="","",IF(ISNUMBER(MATCH($BE32,AT$5:AT$29999,0)),MAX(AL$4:AL31)+1,0)) -> 18 | AM32: =IF($BE32="","",IF(ISNUMBER(MATCH($BE32,AU$5:AU$29999,0)),MAX(AM$4:AM31)+1,0)) -> 0 | AN32: =IF($BE32="","",IF(ISNUMBER(MATCH($BE32,AV$5:AV$29999,0)),MAX(AN$4:AN31)+1,0)) -> 0 | AR32: obs_lak.csv | AW32: .mvr.bud | AY32: .sto | AZ32: .sto | BB32: =IF(ISTEXT(AW32),IF(ISNUMBER(MATCH(AW32,$AY$5:$AY$100,0)),0,MAX(BB$4:BB31)+1),"") -> 0 | BC32: =IF(ISTEXT(AY32),MATCH(AY32,$AW$5:$AW$127,0),"") -> 21 | BD32: =IF(ISNUMBER(BC32),AY32,ROW()-SUM($BC$4:$BD$4)) -> .sto | BE32: =IF(ISTEXT(AW32),IF(ISNUMBER(BC32),AY32,INDEX($AW$5:$AW$140,MATCH(BD32,$BB$5:$BB$185,0),1)),"") -> .sto | BG32: =IF(ISNUMBER(MATCH($BE32,Z$5:Z$501,0)),INDEX(Z$5:Z$501,MATCH($BE32,Z$5:Z$501,0),1),"") -> .sto | BH32: =IF(ISNUMBER(MATCH($BE32,AA$5:AA$501,0)),INDEX(AA$5:AA$501,MATCH($BE32,AA$5:AA$501,0),1),"") -> .sto | BI32: =IF(ISNUMBER(MATCH($BE32,AB$5:AB$501,0)),INDEX(AB$5:AB$501,MATCH($BE32,AB$5:AB$501,0),1),"") -> .sto | BJ32: =IF(ISNUMBER(MATCH($BE32,AC$5:AC$501,0)),INDEX(AC$5:AC$501,MATCH($BE32,AC$5:AC$501,0),1),"") -> .sto | BK32: =IF(ISNUMBER(MATCH($BE32,AD$5:AD$501,0)),INDEX(AD$5:AD$501,MATCH($BE32,AD$5:AD$501,0),1),"") -> .sto | BL32: =IF(ISNUMBER(MATCH($BE32,AE$5:AE$501,0)),INDEX(AE$5:AE$501,MATCH($BE32,AE$5:AE$501,0),1),"") | BM32: =IF(ISNUMBER(MATCH($BE32,AF$5:AF$501,0)),INDEX(AF$5:AF$501,MATCH($BE32,AF$5:AF$501,0),1),"")
B33: =IF(ISNUMBER(MATCH(O33,$N$5:$N$1000,0)),MATCH(O33,$N$5:$N$1000,0),"") | C33: =IF(ISNUMBER(B33),MAX(C$4:C32)+1,"") | D33: =IF(IF(ISNUMBER(B33),"",MAX(D$4:D32)+1)<=D$3,IF(ISNUMBER(B33),"",MAX(D$4:D32)+1),"") -> 9 | E33: =IF(M33<=D$3,MATCH(M33,D$5:D$1000,0),"") | F33: =IF(ISNUMBER(E33),INDEX($N$5:$N$1000,E33,1),"") | G33: =IF(ISNUMBER(C33),N33,IF(ISTEXT(N33),INDEX($F$5:$F$1000,MATCH(M33,$E$5:$E$1000,0),1),"")) -> obs_uzf.csv | H33: =IF(O33="","",IF(ISNUMBER(MATCH(O33,$G$5:$G$1000,0)),"",IF(D33=1,C$3,0)+MAX(H$4:H32)+1)) -> 31 | I33: =IF(O33="","",IF(ISNUMBER(MATCH(O33,$G$5:$G$1000,0)),"",IF(D33=1,B$4,0)+MAX(I$4:I32)+1)) -> 45 | J33: =IF(ISNUMBER(MATCH(M33,$I$5:$I$1000,0)),INDEX($O$5:$O$1000,MATCH(M33,$I$5:$I$1000,0),1),"") | K33: =IF(P33="",0,1) -> 1 | M33: =IF(ROW()-ROW(M$4)<=1000,ROW()-ROW(M$4),"") -> 29 | N33: obs_uzf.csv | O33: .sfr.bin | P33: =IF(M33<=$B$4,IF(ISTEXT(G33),G33,""),IF(ISTEXT(J33),J33,"")) -> obs_uzf.csv | R33: =IF(ROW()-ROW(R$4)<=AH$3,ROW()-ROW(R$4),"") | S33: =IF(ROW()-ROW(S$4)<=AI$3,ROW()-ROW(S$4),"") | T33: =IF(ROW()-ROW(T$4)<=AJ$3,ROW()-ROW(T$4),"") -> 29 | U33: =IF(ROW()-ROW(U$4)<=AK$3,ROW()-ROW(U$4),"") | V33: =IF(ROW()-ROW(V$4)<=AL$3,ROW()-ROW(V$4),"") | W33: =IF(ROW()-ROW(W$4)<=AM$3,ROW()-ROW(W$4),"") | X33: =IF(ROW()-ROW(X$4)<=AN$3,ROW()-ROW(X$4),"") | Z33: =IF(ISNUMBER(R33),INDEX($BE$5:$BE$2999,MATCH(R33,AH$5:AH$2999,0),1),"") | AA33: =IF(ISNUMBER(S33),INDEX($BE$5:$BE$2999,MATCH(S33,AI$5:AI$2999,0),1),"") | AB33: =IF(ISNUMBER(T33),INDEX($BE$5:$BE$2999,MATCH(T33,AJ$5:AJ$2999,0),1),"") -> obs_uzf.csv | AC33: =IF(ISNUMBER(U33),INDEX($BE$5:$BE$2999,MATCH(U33,AK$5:AK$2999,0),1),"") | AD33: =IF(ISNUMBER(V33),INDEX($BE$5:$BE$2999,MATCH(V33,AL$5:AL$2999,0),1),"") | AE33: =IF(ISNUMBER(W33),INDEX($BE$5:$BE$2999,MATCH(W33,AM$5:AM$2999,0),1),"") | AF33: =IF(ISNUMBER(X33),INDEX($BE$5:$BE$2999,MATCH(X33,AN$5:AN$2999,0),1),"") | AH33: =IF($BE33="","",IF(ISNUMBER(MATCH($BE33,AP$5:AP$29999,0)),MAX(AH$4:AH32)+1,0)) -> 16 | AI33: =IF($BE33="","",IF(ISNUMBER(MATCH($BE33,AQ$5:AQ$29999,0)),MAX(AI$4:AI32)+1,0)) -> 0 | AJ33: =IF($BE33="","",IF(ISNUMBER(MATCH($BE33,AR$5:AR$29999,0)),MAX(AJ$4:AJ32)+1,0)) -> 0 | AK33: =IF($BE33="","",IF(ISNUMBER(MATCH($BE33,AS$5:AS$29999,0)),MAX(AK$4:AK32)+1,0)) -> 17 | AL33: =IF($BE33="","",IF(ISNUMBER(MATCH($BE33,AT$5:AT$29999,0)),MAX(AL$4:AL32)+1,0)) -> 19 | AM33: =IF($BE33="","",IF(ISNUMBER(MATCH($BE33,AU$5:AU$29999,0)),MAX(AM$4:AM32)+1,0)) -> 0 | AN33: =IF($BE33="","",IF(ISNUMBER(MATCH($BE33,AV$5:AV$29999,0)),MAX(AN$4:AN32)+1,0)) -> 0 | AR33: obs_uzf.csv | AW33: .sfr.bin | AY33: .evta | AZ33: .evta | BB33: =IF(ISTEXT(AW33),IF(ISNUMBER(MATCH(AW33,$AY$5:$AY$100,0)),0,MAX(BB$4:BB32)+1),"") -> 0 | BC33: =IF(ISTEXT(AY33),MATCH(AY33,$AW$5:$AW$127,0),"") -> 5 | BD33: =IF(ISNUMBER(BC33),AY33,ROW()-SUM($BC$4:$BD$4)) -> .evta | BE33: =IF(ISTEXT(AW33),IF(ISNUMBER(BC33),AY33,INDEX($AW$5:$AW$140,MATCH(BD33,$BB$5:$BB$185,0),1)),"") -> .evta | BG33: =IF(ISNUMBER(MATCH($BE33,Z$5:Z$501,0)),INDEX(Z$5:Z$501,MATCH($BE33,Z$5:Z$501,0),1),"") -> .evta | BH33: =IF(ISNUMBER(MATCH($BE33,AA$5:AA$501,0)),INDEX(AA$5:AA$501,MATCH($BE33,AA$5:AA$501,0),1),"") | BI33: =IF(ISNUMBER(MATCH($BE33,AB$5:AB$501,0)),INDEX(AB$5:AB$501,MATCH($BE33,AB$5:AB$501,0),1),"") | BJ33: =IF(ISNUMBER(MATCH($BE33,AC$5:AC$501,0)),INDEX(AC$5:AC$501,MATCH($BE33,AC$5:AC$501,0),1),"") -> .evta | BK33: =IF(ISNUMBER(MATCH($BE33,AD$5:AD$501,0)),INDEX(AD$5:AD$501,MATCH($BE33,AD$5:AD$501,0),1),"") -> .evta | BL33: =IF(ISNUMBER(MATCH($BE33,AE$5:AE$501,0)),INDEX(AE$5:AE$501,MATCH($BE33,AE$5:AE$501,0),1),"") | BM33: =IF(ISNUMBER(MATCH($BE33,AF$5:AF$501,0)),INDEX(AF$5:AF$501,MATCH($BE33,AF$5:AF$501,0),1),"")
B34: =IF(ISNUMBER(MATCH(O34,$N$5:$N$1000,0)),MATCH(O34,$N$5:$N$1000,0),"") -> 18 | C34: =IF(ISNUMBER(B34),MAX(C$4:C33)+1,"") -> 21 | D34: =IF(IF(ISNUMBER(B34),"",MAX(D$4:D33)+1)<=D$3,IF(ISNUMBER(B34),"",MAX(D$4:D33)+1),"") | E34: =IF(M34<=D$3,MATCH(M34,D$5:D$1000,0),"") | F34: =IF(ISNUMBER(E34),INDEX($N$5:$N$1000,E34,1),"") | G34: =IF(ISNUMBER(C34),N34,IF(ISTEXT(N34),INDEX($F$5:$F$1000,MATCH(M34,$E$5:$E$1000,0),1),"")) -> obs_uzf_column.csv | H34: =IF(O34="","",IF(ISNUMBER(MATCH(O34,$G$5:$G$1000,0)),"",IF(D34=1,C$3,0)+MAX(H$4:H33)+1)) | I34: =IF(O34="","",IF(ISNUMBER(MATCH(O34,$G$5:$G$1000,0)),"",IF(D34=1,B$4,0)+MAX(I$4:I33)+1)) | J34: =IF(ISNUMBER(MATCH(M34,$I$5:$I$1000,0)),INDEX($O$5:$O$1000,MATCH(M34,$I$5:$I$1000,0),1),"") | K34: =IF(P34="",0,1) -> 1 | M34: =IF(ROW()-ROW(M$4)<=1000,ROW()-ROW(M$4),"") -> 30 | N34: obs_uzf_column.csv | O34: .sfr.bud | P34: =IF(M34<=$B$4,IF(ISTEXT(G34),G34,""),IF(ISTEXT(J34),J34,"")) -> obs_uzf_column.csv | R34: =IF(ROW()-ROW(R$4)<=AH$3,ROW()-ROW(R$4),"") | S34: =IF(ROW()-ROW(S$4)<=AI$3,ROW()-ROW(S$4),"") | T34: =IF(ROW()-ROW(T$4)<=AJ$3,ROW()-ROW(T$4),"") -> 30 | U34: =IF(ROW()-ROW(U$4)<=AK$3,ROW()-ROW(U$4),"") | V34: =IF(ROW()-ROW(V$4)<=AL$3,ROW()-ROW(V$4),"") | W34: =IF(ROW()-ROW(W$4)<=AM$3,ROW()-ROW(W$4),"") | X34: =IF(ROW()-ROW(X$4)<=AN$3,ROW()-ROW(X$4),"") | Z34: =IF(ISNUMBER(R34),INDEX($BE$5:$BE$2999,MATCH(R34,AH$5:AH$2999,0),1),"") | AA34: =IF(ISNUMBER(S34),INDEX($BE$5:$BE$2999,MATCH(S34,AI$5:AI$2999,0),1),"") | AB34: =IF(ISNUMBER(T34),INDEX($BE$5:$BE$2999,MATCH(T34,AJ$5:AJ$2999,0),1),"") -> obs_uzf_column.csv | AC34: =IF(ISNUMBER(U34),INDEX($BE$5:$BE$2999,MATCH(U34,AK$5:AK$2999,0),1),"") | AD34: =IF(ISNUMBER(V34),INDEX($BE$5:$BE$2999,MATCH(V34,AL$5:AL$2999,0),1),"") | AE34: =IF(ISNUMBER(W34),INDEX($BE$5:$BE$2999,MATCH(W34,AM$5:AM$2999,0),1),"") | AF34: =IF(ISNUMBER(X34),INDEX($BE$5:$BE$2999,MATCH(X34,AN$5:AN$2999,0),1),"") | AH34: =IF($BE34="","",IF(ISNUMBER(MATCH($BE34,AP$5:AP$29999,0)),MAX(AH$4:AH33)+1,0)) -> 0 | AI34: =IF($BE34="","",IF(ISNUMBER(MATCH($BE34,AQ$5:AQ$29999,0)),MAX(AI$4:AI33)+1,0)) -> 0 | AJ34: =IF($BE34="","",IF(ISNUMBER(MATCH($BE34,AR$5:AR$29999,0)),MAX(AJ$4:AJ33)+1,0)) -> 0 | AK34: =IF($BE34="","",IF(ISNUMBER(MATCH($BE34,AS$5:AS$29999,0)),MAX(AK$4:AK33)+1,0)) -> 18 | AL34: =IF($BE34="","",IF(ISNUMBER(MATCH($BE34,AT$5:AT$29999,0)),MAX(AL$4:AL33)+1,0)) -> 20 | AM34: =IF($BE34="","",IF(ISNUMBER(MATCH($BE34,AU$5:AU$29999,0)),MAX(AM$4:AM33)+1,0)) -> 0 | AN34: =IF($BE34="","",IF(ISNUMBER(MATCH($BE34,AV$5:AV$29999,0)),MAX(AN$4:AN33)+1,0)) -> 0 | AR34: obs_uzf_column.csv | AW34: .sfr.bud | AY34: .gwf.obs | AZ34: .gwf.obs | BB34: =IF(ISTEXT(AW34),IF(ISNUMBER(MATCH(AW34,$AY$5:$AY$100,0)),0,MAX(BB$4:BB33)+1),"") -> 0 | BC34: =IF(ISTEXT(AY34),MATCH(AY34,$AW$5:$AW$127,0),"") -> 6 | BD34: =IF(ISNUMBER(BC34),AY34,ROW()-SUM($BC$4:$BD$4)) -> .gwf.obs | BE34: =IF(ISTEXT(AW34),IF(ISNUMBER(BC34),AY34,INDEX($AW$5:$AW$140,MATCH(BD34,$BB$5:$BB$185,0),1)),"") -> .gwf.obs | BG34: =IF(ISNUMBER(MATCH($BE34,Z$5:Z$501,0)),INDEX(Z$5:Z$501,MATCH($BE34,Z$5:Z$501,0),1),"") | BH34: =IF(ISNUMBER(MATCH($BE34,AA$5:AA$501,0)),INDEX(AA$5:AA$501,MATCH($BE34,AA$5:AA$501,0),1),"") | BI34: =IF(ISNUMBER(MATCH($BE34,AB$5:AB$501,0)),INDEX(AB$5:AB$501,MATCH($BE34,AB$5:AB$501,0),1),"") | BJ34: =IF(ISNUMBER(MATCH($BE34,AC$5:AC$501,0)),INDEX(AC$5:AC$501,MATCH($BE34,AC$5:AC$501,0),1),"") -> .gwf.obs | BK34: =IF(ISNUMBER(MATCH($BE34,AD$5:AD$501,0)),INDEX(AD$5:AD$501,MATCH($BE34,AD$5:AD$501,0),1),"") -> .gwf.obs | BL34: =IF(ISNUMBER(MATCH($BE34,AE$5:AE$501,0)),INDEX(AE$5:AE$501,MATCH($BE34,AE$5:AE$501,0),1),"") | BM34: =IF(ISNUMBER(MATCH($BE34,AF$5:AF$501,0)),INDEX(AF$5:AF$501,MATCH($BE34,AF$5:AF$501,0),1),"")
B35: =IF(ISNUMBER(MATCH(O35,$N$5:$N$1000,0)),MATCH(O35,$N$5:$N$1000,0),"") -> 19 | C35: =IF(ISNUMBER(B35),MAX(C$4:C34)+1,"") -> 22 | D35: =IF(IF(ISNUMBER(B35),"",MAX(D$4:D34)+1)<=D$3,IF(ISNUMBER(B35),"",MAX(D$4:D34)+1),"") | E35: =IF(M35<=D$3,MATCH(M35,D$5:D$1000,0),"") | F35: =IF(ISNUMBER(E35),INDEX($N$5:$N$1000,E35,1),"") | G35: =IF(ISNUMBER(C35),N35,IF(ISTEXT(N35),INDEX($F$5:$F$1000,MATCH(M35,$E$5:$E$1000,0),1),"")) -> sfr.allreaches.csv | H35: =IF(O35="","",IF(ISNUMBER(MATCH(O35,$G$5:$G$1000,0)),"",IF(D35=1,C$3,0)+MAX(H$4:H34)+1)) | I35: =IF(O35="","",IF(ISNUMBER(MATCH(O35,$G$5:$G$1000,0)),"",IF(D35=1,B$4,0)+MAX(I$4:I34)+1)) | J35: =IF(ISNUMBER(MATCH(M35,$I$5:$I$1000,0)),INDEX($O$5:$O$1000,MATCH(M35,$I$5:$I$1000,0),1),"") | K35: =IF(P35="",0,1) -> 1 | M35: =IF(ROW()-ROW(M$4)<=1000,ROW()-ROW(M$4),"") -> 31 | N35: sfr.allreaches.csv | O35: .sfr.obs | P35: =IF(M35<=$B$4,IF(ISTEXT(G35),G35,""),IF(ISTEXT(J35),J35,"")) -> sfr.allreaches.csv | R35: =IF(ROW()-ROW(R$4)<=AH$3,ROW()-ROW(R$4),"") | S35: =IF(ROW()-ROW(S$4)<=AI$3,ROW()-ROW(S$4),"") | T35: =IF(ROW()-ROW(T$4)<=AJ$3,ROW()-ROW(T$4),"") -> 31 | U35: =IF(ROW()-ROW(U$4)<=AK$3,ROW()-ROW(U$4),"") | V35: =IF(ROW()-ROW(V$4)<=AL$3,ROW()-ROW(V$4),"") | W35: =IF(ROW()-ROW(W$4)<=AM$3,ROW()-ROW(W$4),"") | X35: =IF(ROW()-ROW(X$4)<=AN$3,ROW()-ROW(X$4),"") | Z35: =IF(ISNUMBER(R35),INDEX($BE$5:$BE$2999,MATCH(R35,AH$5:AH$2999,0),1),"") | AA35: =IF(ISNUMBER(S35),INDEX($BE$5:$BE$2999,MATCH(S35,AI$5:AI$2999,0),1),"") | AB35: =IF(ISNUMBER(T35),INDEX($BE$5:$BE$2999,MATCH(T35,AJ$5:AJ$2999,0),1),"") -> sfr.allreaches.csv | AC35: =IF(ISNUMBER(U35),INDEX($BE$5:$BE$2999,MATCH(U35,AK$5:AK$2999,0),1),"") | AD35: =IF(ISNUMBER(V35),INDEX($BE$5:$BE$2999,MATCH(V35,AL$5:AL$2999,0),1),"") | AE35: =IF(ISNUMBER(W35),INDEX($BE$5:$BE$2999,MATCH(W35,AM$5:AM$2999,0),1),"") | AF35: =IF(ISNUMBER(X35),INDEX($BE$5:$BE$2999,MATCH(X35,AN$5:AN$2999,0),1),"") | AH35: =IF($BE35="","",IF(ISNUMBER(MATCH($BE35,AP$5:AP$29999,0)),MAX(AH$4:AH34)+1,0)) -> 0 | AI35: =IF($BE35="","",IF(ISNUMBER(MATCH($BE35,AQ$5:AQ$29999,0)),MAX(AI$4:AI34)+1,0)) -> 0 | AJ35: =IF($BE35="","",IF(ISNUMBER(MATCH($BE35,AR$5:AR$29999,0)),MAX(AJ$4:AJ34)+1,0)) -> 0 | AK35: =IF($BE35="","",IF(ISNUMBER(MATCH($BE35,AS$5:AS$29999,0)),MAX(AK$4:AK34)+1,0)) -> 19 | AL35: =IF($BE35="","",IF(ISNUMBER(MATCH($BE35,AT$5:AT$29999,0)),MAX(AL$4:AL34)+1,0)) -> 21 | AM35: =IF($BE35="","",IF(ISNUMBER(MATCH($BE35,AU$5:AU$29999,0)),MAX(AM$4:AM34)+1,0)) -> 0 | AN35: =IF($BE35="","",IF(ISNUMBER(MATCH($BE35,AV$5:AV$29999,0)),MAX(AN$4:AN34)+1,0)) -> 0 | AR35: sfr.allreaches.csv | AW35: .sfr.obs | AY35: .gwf.obs.csv | AZ35: .gwf.obs.csv | BB35: =IF(ISTEXT(AW35),IF(ISNUMBER(MATCH(AW35,$AY$5:$AY$100,0)),0,MAX(BB$4:BB34)+1),"") -> 0 | BC35: =IF(ISTEXT(AY35),MATCH(AY35,$AW$5:$AW$127,0),"") -> 7 | BD35: =IF(ISNUMBER(BC35),AY35,ROW()-SUM($BC$4:$BD$4)) -> .gwf.obs.csv | BE35: =IF(ISTEXT(AW35),IF(ISNUMBER(BC35),AY35,INDEX($AW$5:$AW$140,MATCH(BD35,$BB$5:$BB$185,0),1)),"") -> .gwf.obs.csv | BG35: =IF(ISNUMBER(MATCH($BE35,Z$5:Z$501,0)),INDEX(Z$5:Z$501,MATCH($BE35,Z$5:Z$501,0),1),"") | BH35: =IF(ISNUMBER(MATCH($BE35,AA$5:AA$501,0)),INDEX(AA$5:AA$501,MATCH($BE35,AA$5:AA$501,0),1),"") | BI35: =IF(ISNUMBER(MATCH($BE35,AB$5:AB$501,0)),INDEX(AB$5:AB$501,MATCH($BE35,AB$5:AB$501,0),1),"") | BJ35: =IF(ISNUMBER(MATCH($BE35,AC$5:AC$501,0)),INDEX(AC$5:AC$501,MATCH($BE35,AC$5:AC$501,0),1),"") -> .gwf.obs.csv | BK35: =IF(ISNUMBER(MATCH($BE35,AD$5:AD$501,0)),INDEX(AD$5:AD$501,MATCH($BE35,AD$5:AD$501,0),1),"") -> .gwf.obs.csv | BL35: =IF(ISNUMBER(MATCH($BE35,AE$5:AE$501,0)),INDEX(AE$5:AE$501,MATCH($BE35,AE$5:AE$501,0),1),"") | BM35: =IF(ISNUMBER(MATCH($BE35,AF$5:AF$501,0)),INDEX(AF$5:AF$501,MATCH($BE35,AF$5:AF$501,0),1),"")
B36: =IF(ISNUMBER(MATCH(O36,$N$5:$N$1000,0)),MATCH(O36,$N$5:$N$1000,0),"") | C36: =IF(ISNUMBER(B36),MAX(C$4:C35)+1,"") | D36: =IF(IF(ISNUMBER(B36),"",MAX(D$4:D35)+1)<=D$3,IF(ISNUMBER(B36),"",MAX(D$4:D35)+1),"") -> 10 | E36: =IF(M36<=D$3,MATCH(M36,D$5:D$1000,0),"") | F36: =IF(ISNUMBER(E36),INDEX($N$5:$N$1000,E36,1),"") | G36: =IF(ISNUMBER(C36),N36,IF(ISTEXT(N36),INDEX($F$5:$F$1000,MATCH(M36,$E$5:$E$1000,0),1),"")) -> sfr.reach01.csv | H36: =IF(O36="","",IF(ISNUMBER(MATCH(O36,$G$5:$G$1000,0)),"",IF(D36=1,C$3,0)+MAX(H$4:H35)+1)) -> 32 | I36: =IF(O36="","",IF(ISNUMBER(MATCH(O36,$G$5:$G$1000,0)),"",IF(D36=1,B$4,0)+MAX(I$4:I35)+1)) -> 46 | J36: =IF(ISNUMBER(MATCH(M36,$I$5:$I$1000,0)),INDEX($O$5:$O$1000,MATCH(M36,$I$5:$I$1000,0),1),"") | K36: =IF(P36="",0,1) -> 1 | M36: =IF(ROW()-ROW(M$4)<=1000,ROW()-ROW(M$4),"") -> 32 | N36: sfr.reach01.csv | O36: .sfr.obs.csv | P36: =IF(M36<=$B$4,IF(ISTEXT(G36),G36,""),IF(ISTEXT(J36),J36,"")) -> sfr.reach01.csv | R36: =IF(ROW()-ROW(R$4)<=AH$3,ROW()-ROW(R$4),"") | S36: =IF(ROW()-ROW(S$4)<=AI$3,ROW()-ROW(S$4),"") | T36: =IF(ROW()-ROW(T$4)<=AJ$3,ROW()-ROW(T$4),"") -> 32 | U36: =IF(ROW()-ROW(U$4)<=AK$3,ROW()-ROW(U$4),"") | V36: =IF(ROW()-ROW(V$4)<=AL$3,ROW()-ROW(V$4),"") | W36: =IF(ROW()-ROW(W$4)<=AM$3,ROW()-ROW(W$4),"") | X36: =IF(ROW()-ROW(X$4)<=AN$3,ROW()-ROW(X$4),"") | Z36: =IF(ISNUMBER(R36),INDEX($BE$5:$BE$2999,MATCH(R36,AH$5:AH$2999,0),1),"") | AA36: =IF(ISNUMBER(S36),INDEX($BE$5:$BE$2999,MATCH(S36,AI$5:AI$2999,0),1),"") | AB36: =IF(ISNUMBER(T36),INDEX($BE$5:$BE$2999,MATCH(T36,AJ$5:AJ$2999,0),1),"") -> sfr.reach01.csv | AC36: =IF(ISNUMBER(U36),INDEX($BE$5:$BE$2999,MATCH(U36,AK$5:AK$2999,0),1),"") | AD36: =IF(ISNUMBER(V36),INDEX($BE$5:$BE$2999,MATCH(V36,AL$5:AL$2999,0),1),"") | AE36: =IF(ISNUMBER(W36),INDEX($BE$5:$BE$2999,MATCH(W36,AM$5:AM$2999,0),1),"") | AF36: =IF(ISNUMBER(X36),INDEX($BE$5:$BE$2999,MATCH(X36,AN$5:AN$2999,0),1),"") | AH36: =IF($BE36="","",IF(ISNUMBER(MATCH($BE36,AP$5:AP$29999,0)),MAX(AH$4:AH35)+1,0)) -> 17 | AI36: =IF($BE36="","",IF(ISNUMBER(MATCH($BE36,AQ$5:AQ$29999,0)),MAX(AI$4:AI35)+1,0)) -> 0 | AJ36: =IF($BE36="","",IF(ISNUMBER(MATCH($BE36,AR$5:AR$29999,0)),MAX(AJ$4:AJ35)+1,0)) -> 24 | AK36: =IF($BE36="","",IF(ISNUMBER(MATCH($BE36,AS$5:AS$29999,0)),MAX(AK$4:AK35)+1,0)) -> 20 | AL36: =IF($BE36="","",IF(ISNUMBER(MATCH($BE36,AT$5:AT$29999,0)),MAX(AL$4:AL35)+1,0)) -> 22 | AM36: =IF($BE36="","",IF(ISNUMBER(MATCH($BE36,AU$5:AU$29999,0)),MAX(AM$4:AM35)+1,0)) -> 0 | AN36: =IF($BE36="","",IF(ISNUMBER(MATCH($BE36,AV$5:AV$29999,0)),MAX(AN$4:AN35)+1,0)) -> 0 | AR36: sfr.reach01.csv | AW36: .sfr.obs.csv | AY36: .cbc | AZ36: .cbc | BB36: =IF(ISTEXT(AW36),IF(ISNUMBER(MATCH(AW36,$AY$5:$AY$100,0)),0,MAX(BB$4:BB35)+1),"") -> 0 | BC36: =IF(ISTEXT(AY36),MATCH(AY36,$AW$5:$AW$127,0),"") -> 1 | BD36: =IF(ISNUMBER(BC36),AY36,ROW()-SUM($BC$4:$BD$4)) -> .cbc | BE36: =IF(ISTEXT(AW36),IF(ISNUMBER(BC36),AY36,INDEX($AW$5:$AW$140,MATCH(BD36,$BB$5:$BB$185,0),1)),"") -> .cbc | BG36: =IF(ISNUMBER(MATCH($BE36,Z$5:Z$501,0)),INDEX(Z$5:Z$501,MATCH($BE36,Z$5:Z$501,0),1),"") -> .cbc | BH36: =IF(ISNUMBER(MATCH($BE36,AA$5:AA$501,0)),INDEX(AA$5:AA$501,MATCH($BE36,AA$5:AA$501,0),1),"") | BI36: =IF(ISNUMBER(MATCH($BE36,AB$5:AB$501,0)),INDEX(AB$5:AB$501,MATCH($BE36,AB$5:AB$501,0),1),"") -> .cbc | BJ36: =IF(ISNUMBER(MATCH($BE36,AC$5:AC$501,0)),INDEX(AC$5:AC$501,MATCH($BE36,AC$5:AC$501,0),1),"") -> .cbc | BK36: =IF(ISNUMBER(MATCH($BE36,AD$5:AD$501,0)),INDEX(AD$5:AD$501,MATCH($BE36,AD$5:AD$501,0),1),"") -> .cbc | BL36: =IF(ISNUMBER(MATCH($BE36,AE$5:AE$501,0)),INDEX(AE$5:AE$501,MATCH($BE36,AE$5:AE$501,0),1),"") | BM36: =IF(ISNUMBER(MATCH($BE36,AF$5:AF$501,0)),INDEX(AF$5:AF$501,MATCH($BE36,AF$5:AF$501,0),1),"")
B37: =IF(ISNUMBER(MATCH(O37,$N$5:$N$1000,0)),MATCH(O37,$N$5:$N$1000,0),"") | C37: =IF(ISNUMBER(B37),MAX(C$4:C36)+1,"") | D37: =IF(IF(ISNUMBER(B37),"",MAX(D$4:D36)+1)<=D$3,IF(ISNUMBER(B37),"",MAX(D$4:D36)+1),"") -> 11 | E37: =IF(M37<=D$3,MATCH(M37,D$5:D$1000,0),"") | F37: =IF(ISNUMBER(E37),INDEX($N$5:$N$1000,E37,1),"") | G37: =IF(ISNUMBER(C37),N37,IF(ISTEXT(N37),INDEX($F$5:$F$1000,MATCH(M37,$E$5:$E$1000,0),1),"")) -> sfr.reach24.csv | H37: =IF(O37="","",IF(ISNUMBER(MATCH(O37,$G$5:$G$1000,0)),"",IF(D37=1,C$3,0)+MAX(H$4:H36)+1)) | I37: =IF(O37="","",IF(ISNUMBER(MATCH(O37,$G$5:$G$1000,0)),"",IF(D37=1,B$4,0)+MAX(I$4:I36)+1)) | J37: =IF(ISNUMBER(MATCH(M37,$I$5:$I$1000,0)),INDEX($O$5:$O$1000,MATCH(M37,$I$5:$I$1000,0),1),"") | K37: =IF(P37="",0,1) -> 1 | M37: =IF(ROW()-ROW(M$4)<=1000,ROW()-ROW(M$4),"") -> 33 | N37: sfr.reach24.csv | P37: =IF(M37<=$B$4,IF(ISTEXT(G37),G37,""),IF(ISTEXT(J37),J37,"")) -> sfr.reach24.csv | R37: =IF(ROW()-ROW(R$4)<=AH$3,ROW()-ROW(R$4),"") | S37: =IF(ROW()-ROW(S$4)<=AI$3,ROW()-ROW(S$4),"") | T37: =IF(ROW()-ROW(T$4)<=AJ$3,ROW()-ROW(T$4),"") -> 33 | U37: =IF(ROW()-ROW(U$4)<=AK$3,ROW()-ROW(U$4),"") | V37: =IF(ROW()-ROW(V$4)<=AL$3,ROW()-ROW(V$4),"") | W37: =IF(ROW()-ROW(W$4)<=AM$3,ROW()-ROW(W$4),"") | X37: =IF(ROW()-ROW(X$4)<=AN$3,ROW()-ROW(X$4),"") | Z37: =IF(ISNUMBER(R37),INDEX($BE$5:$BE$2999,MATCH(R37,AH$5:AH$2999,0),1),"") | AA37: =IF(ISNUMBER(S37),INDEX($BE$5:$BE$2999,MATCH(S37,AI$5:AI$2999,0),1),"") | AB37: =IF(ISNUMBER(T37),INDEX($BE$5:$BE$2999,MATCH(T37,AJ$5:AJ$2999,0),1),"") -> sfr.reach24.csv | AC37: =IF(ISNUMBER(U37),INDEX($BE$5:$BE$2999,MATCH(U37,AK$5:AK$2999,0),1),"") | AD37: =IF(ISNUMBER(V37),INDEX($BE$5:$BE$2999,MATCH(V37,AL$5:AL$2999,0),1),"") | AE37: =IF(ISNUMBER(W37),INDEX($BE$5:$BE$2999,MATCH(W37,AM$5:AM$2999,0),1),"") | AF37: =IF(ISNUMBER(X37),INDEX($BE$5:$BE$2999,MATCH(X37,AN$5:AN$2999,0),1),"") | AH37: =IF($BE37="","",IF(ISNUMBER(MATCH($BE37,AP$5:AP$29999,0)),MAX(AH$4:AH36)+1,0)) -> 18 | AI37: =IF($BE37="","",IF(ISNUMBER(MATCH($BE37,AQ$5:AQ$29999,0)),MAX(AI$4:AI36)+1,0)) -> 0 | AJ37: =IF($BE37="","",IF(ISNUMBER(MATCH($BE37,AR$5:AR$29999,0)),MAX(AJ$4:AJ36)+1,0)) -> 0 | AK37: =IF($BE37="","",IF(ISNUMBER(MATCH($BE37,AS$5:AS$29999,0)),MAX(AK$4:AK36)+1,0)) -> 21 | AL37: =IF($BE37="","",IF(ISNUMBER(MATCH($BE37,AT$5:AT$29999,0)),MAX(AL$4:AL36)+1,0)) -> 23 | AM37: =IF($BE37="","",IF(ISNUMBER(MATCH($BE37,AU$5:AU$29999,0)),MAX(AM$4:AM36)+1,0)) -> 22 | AN37: =IF($BE37="","",IF(ISNUMBER(MATCH($BE37,AV$5:AV$29999,0)),MAX(AN$4:AN36)+1,0)) -> 0 | AR37: sfr.reach24.csv | AW37: .ghb | AY37: .rcha | AZ37: .rcha | BB37: =IF(ISTEXT(AW37),IF(ISNUMBER(MATCH(AW37,$AY$5:$AY$100,0)),0,MAX(BB$4:BB36)+1),"") -> 0 | BC37: =IF(ISTEXT(AY37),MATCH(AY37,$AW$5:$AW$127,0),"") -> 19 | BD37: =IF(ISNUMBER(BC37),AY37,ROW()-SUM($BC$4:$BD$4)) -> .rcha | BE37: =IF(ISTEXT(AW37),IF(ISNUMBER(BC37),AY37,INDEX($AW$5:$AW$140,MATCH(BD37,$BB$5:$BB$185,0),1)),"") -> .rcha | BG37: =IF(ISNUMBER(MATCH($BE37,Z$5:Z$501,0)),INDEX(Z$5:Z$501,MATCH($BE37,Z$5:Z$501,0),1),"") -> .rcha | BH37: =IF(ISNUMBER(MATCH($BE37,AA$5:AA$501,0)),INDEX(AA$5:AA$501,MATCH($BE37,AA$5:AA$501,0),1),"") | BI37: =IF(ISNUMBER(MATCH($BE37,AB$5:AB$501,0)),INDEX(AB$5:AB$501,MATCH($BE37,AB$5:AB$501,0),1),"") | BJ37: =IF(ISNUMBER(MATCH($BE37,AC$5:AC$501,0)),INDEX(AC$5:AC$501,MATCH($BE37,AC$5:AC$501,0),1),"") -> .rcha | BK37: =IF(ISNUMBER(MATCH($BE37,AD$5:AD$501,0)),INDEX(AD$5:AD$501,MATCH($BE37,AD$5:AD$501,0),1),"") -> .rcha | BL37: =IF(ISNUMBER(MATCH($BE37,AE$5:AE$501,0)),INDEX(AE$5:AE$501,MATCH($BE37,AE$5:AE$501,0),1),"") -> .rcha | BM37: =IF(ISNUMBER(MATCH($BE37,AF$5:AF$501,0)),INDEX(AF$5:AF$501,MATCH($BE37,AF$5:AF$501,0),1),"")
B38: =IF(ISNUMBER(MATCH(O38,$N$5:$N$1000,0)),MATCH(O38,$N$5:$N$1000,0),"") | C38: =IF(ISNUMBER(B38),MAX(C$4:C37)+1,"") | D38: =IF(IF(ISNUMBER(B38),"",MAX(D$4:D37)+1)<=D$3,IF(ISNUMBER(B38),"",MAX(D$4:D37)+1),"") -> 12 | E38: =IF(M38<=D$3,MATCH(M38,D$5:D$1000,0),"") | F38: =IF(ISNUMBER(E38),INDEX($N$5:$N$1000,E38,1),"") | G38: =IF(ISNUMBER(C38),N38,IF(ISTEXT(N38),INDEX($F$5:$F$1000,MATCH(M38,$E$5:$E$1000,0),1),"")) -> sfr.reach29.csv | H38: =IF(O38="","",IF(ISNUMBER(MATCH(O38,$G$5:$G$1000,0)),"",IF(D38=1,C$3,0)+MAX(H$4:H37)+1)) | I38: =IF(O38="","",IF(ISNUMBER(MATCH(O38,$G$5:$G$1000,0)),"",IF(D38=1,B$4,0)+MAX(I$4:I37)+1)) | J38: =IF(ISNUMBER(MATCH(M38,$I$5:$I$1000,0)),INDEX($O$5:$O$1000,MATCH(M38,$I$5:$I$1000,0),1),"") | K38: =IF(P38="",0,1) -> 1 | M38: =IF(ROW()-ROW(M$4)<=1000,ROW()-ROW(M$4),"") -> 34 | N38: sfr.reach29.csv | P38: =IF(M38<=$B$4,IF(ISTEXT(G38),G38,""),IF(ISTEXT(J38),J38,"")) -> sfr.reach29.csv | R38: =IF(ROW()-ROW(R$4)<=AH$3,ROW()-ROW(R$4),"") | S38: =IF(ROW()-ROW(S$4)<=AI$3,ROW()-ROW(S$4),"") | T38: =IF(ROW()-ROW(T$4)<=AJ$3,ROW()-ROW(T$4),"") -> 34 | U38: =IF(ROW()-ROW(U$4)<=AK$3,ROW()-ROW(U$4),"") | V38: =IF(ROW()-ROW(V$4)<=AL$3,ROW()-ROW(V$4),"") | W38: =IF(ROW()-ROW(W$4)<=AM$3,ROW()-ROW(W$4),"") | X38: =IF(ROW()-ROW(X$4)<=AN$3,ROW()-ROW(X$4),"") | Z38: =IF(ISNUMBER(R38),INDEX($BE$5:$BE$2999,MATCH(R38,AH$5:AH$2999,0),1),"") | AA38: =IF(ISNUMBER(S38),INDEX($BE$5:$BE$2999,MATCH(S38,AI$5:AI$2999,0),1),"") | AB38: =IF(ISNUMBER(T38),INDEX($BE$5:$BE$2999,MATCH(T38,AJ$5:AJ$2999,0),1),"") -> sfr.reach29.csv | AC38: =IF(ISNUMBER(U38),INDEX($BE$5:$BE$2999,MATCH(U38,AK$5:AK$2999,0),1),"") | AD38: =IF(ISNUMBER(V38),INDEX($BE$5:$BE$2999,MATCH(V38,AL$5:AL$2999,0),1),"") | AE38: =IF(ISNUMBER(W38),INDEX($BE$5:$BE$2999,MATCH(W38,AM$5:AM$2999,0),1),"") | AF38: =IF(ISNUMBER(X38),INDEX($BE$5:$BE$2999,MATCH(X38,AN$5:AN$2999,0),1),"") | AH38: =IF($BE38="","",IF(ISNUMBER(MATCH($BE38,AP$5:AP$29999,0)),MAX(AH$4:AH37)+1,0)) -> 19 | AI38: =IF($BE38="","",IF(ISNUMBER(MATCH($BE38,AQ$5:AQ$29999,0)),MAX(AI$4:AI37)+1,0)) -> 0 | AJ38: =IF($BE38="","",IF(ISNUMBER(MATCH($BE38,AR$5:AR$29999,0)),MAX(AJ$4:AJ37)+1,0)) -> 25 | AK38: =IF($BE38="","",IF(ISNUMBER(MATCH($BE38,AS$5:AS$29999,0)),MAX(AK$4:AK37)+1,0)) -> 22 | AL38: =IF($BE38="","",IF(ISNUMBER(MATCH($BE38,AT$5:AT$29999,0)),MAX(AL$4:AL37)+1,0)) -> 24 | AM38: =IF($BE38="","",IF(ISNUMBER(MATCH($BE38,AU$5:AU$29999,0)),MAX(AM$4:AM37)+1,0)) -> 23 | AN38: =IF($BE38="","",IF(ISNUMBER(MATCH($BE38,AV$5:AV$29999,0)),MAX(AN$4:AN37)+1,0)) -> 0 | AR38: sfr.reach29.csv | AW38: .uzf | AY38: .hds | AZ38: .hds | BB38: =IF(ISTEXT(AW38),IF(ISNUMBER(MATCH(AW38,$AY$5:$AY$100,0)),0,MAX(BB$4:BB37)+1),"") -> 0 | BC38: =IF(ISTEXT(AY38),MATCH(AY38,$AW$5:$AW$127,0),"") -> 8 | BD38: =IF(ISNUMBER(BC38),AY38,ROW()-SUM($BC$4:$BD$4)) -> .hds | BE38: =IF(ISTEXT(AW38),IF(ISNUMBER(BC38),AY38,INDEX($AW$5:$AW$140,MATCH(BD38,$BB$5:$BB$185,0),1)),"") -> .hds | BG38: =IF(ISNUMBER(MATCH($BE38,Z$5:Z$501,0)),INDEX(Z$5:Z$501,MATCH($BE38,Z$5:Z$501,0),1),"") -> .hds | BH38: =IF(ISNUMBER(MATCH($BE38,AA$5:AA$501,0)),INDEX(AA$5:AA$501,MATCH($BE38,AA$5:AA$501,0),1),"") | BI38: =IF(ISNUMBER(MATCH($BE38,AB$5:AB$501,0)),INDEX(AB$5:AB$501,MATCH($BE38,AB$5:AB$501,0),1),"") -> .hds | BJ38: =IF(ISNUMBER(MATCH($BE38,AC$5:AC$501,0)),INDEX(AC$5:AC$501,MATCH($BE38,AC$5:AC$501,0),1),"") -> .hds | BK38: =IF(ISNUMBER(MATCH($BE38,AD$5:AD$501,0)),INDEX(AD$5:AD$501,MATCH($BE38,AD$5:AD$501,0),1),"") -> .hds | BL38: =IF(ISNUMBER(MATCH($BE38,AE$5:AE$501,0)),INDEX(AE$5:AE$501,MATCH($BE38,AE$5:AE$501,0),1),"") -> .hds | BM38: =IF(ISNUMBER(MATCH($BE38,AF$5:AF$501,0)),INDEX(AF$5:AF$501,MATCH($BE38,AF$5:AF$501,0),1),"")
B39: =IF(ISNUMBER(MATCH(O39,$N$5:$N$1000,0)),MATCH(O39,$N$5:$N$1000,0),"") | C39: =IF(ISNUMBER(B39),MAX(C$4:C38)+1,"") | D39: =IF(IF(ISNUMBER(B39),"",MAX(D$4:D38)+1)<=D$3,IF(ISNUMBER(B39),"",MAX(D$4:D38)+1),"") -> 13 | E39: =IF(M39<=D$3,MATCH(M39,D$5:D$1000,0),"") | F39: =IF(ISNUMBER(E39),INDEX($N$5:$N$1000,E39,1),"") | G39: =IF(ISNUMBER(C39),N39,IF(ISTEXT(N39),INDEX($F$5:$F$1000,MATCH(M39,$E$5:$E$1000,0),1),"")) -> sfr.reach31.csv | H39: =IF(O39="","",IF(ISNUMBER(MATCH(O39,$G$5:$G$1000,0)),"",IF(D39=1,C$3,0)+MAX(H$4:H38)+1)) | I39: =IF(O39="","",IF(ISNUMBER(MATCH(O39,$G$5:$G$1000,0)),"",IF(D39=1,B$4,0)+MAX(I$4:I38)+1)) | J39: =IF(ISNUMBER(MATCH(M39,$I$5:$I$1000,0)),INDEX($O$5:$O$1000,MATCH(M39,$I$5:$I$1000,0),1),"") | K39: =IF(P39="",0,1) -> 1 | M39: =IF(ROW()-ROW(M$4)<=1000,ROW()-ROW(M$4),"") -> 35 | N39: sfr.reach31.csv | P39: =IF(M39<=$B$4,IF(ISTEXT(G39),G39,""),IF(ISTEXT(J39),J39,"")) -> sfr.reach31.csv | R39: =IF(ROW()-ROW(R$4)<=AH$3,ROW()-ROW(R$4),"") | S39: =IF(ROW()-ROW(S$4)<=AI$3,ROW()-ROW(S$4),"") | T39: =IF(ROW()-ROW(T$4)<=AJ$3,ROW()-ROW(T$4),"") -> 35 | U39: =IF(ROW()-ROW(U$4)<=AK$3,ROW()-ROW(U$4),"") | V39: =IF(ROW()-ROW(V$4)<=AL$3,ROW()-ROW(V$4),"") | W39: =IF(ROW()-ROW(W$4)<=AM$3,ROW()-ROW(W$4),"") | X39: =IF(ROW()-ROW(X$4)<=AN$3,ROW()-ROW(X$4),"") | Z39: =IF(ISNUMBER(R39),INDEX($BE$5:$BE$2999,MATCH(R39,AH$5:AH$2999,0),1),"") | AA39: =IF(ISNUMBER(S39),INDEX($BE$5:$BE$2999,MATCH(S39,AI$5:AI$2999,0),1),"") | AB39: =IF(ISNUMBER(T39),INDEX($BE$5:$BE$2999,MATCH(T39,AJ$5:AJ$2999,0),1),"") -> sfr.reach31.csv | AC39: =IF(ISNUMBER(U39),INDEX($BE$5:$BE$2999,MATCH(U39,AK$5:AK$2999,0),1),"") | AD39: =IF(ISNUMBER(V39),INDEX($BE$5:$BE$2999,MATCH(V39,AL$5:AL$2999,0),1),"") | AE39: =IF(ISNUMBER(W39),INDEX($BE$5:$BE$2999,MATCH(W39,AM$5:AM$2999,0),1),"") | AF39: =IF(ISNUMBER(X39),INDEX($BE$5:$BE$2999,MATCH(X39,AN$5:AN$2999,0),1),"") | AH39: =IF($BE39="","",IF(ISNUMBER(MATCH($BE39,AP$5:AP$29999,0)),MAX(AH$4:AH38)+1,0)) -> 20 | AI39: =IF($BE39="","",IF(ISNUMBER(MATCH($BE39,AQ$5:AQ$29999,0)),MAX(AI$4:AI38)+1,0)) -> 0 | AJ39: =IF($BE39="","",IF(ISNUMBER(MATCH($BE39,AR$5:AR$29999,0)),MAX(AJ$4:AJ38)+1,0)) -> 26 | AK39: =IF($BE39="","",IF(ISNUMBER(MATCH($BE39,AS$5:AS$29999,0)),MAX(AK$4:AK38)+1,0)) -> 0 | AL39: =IF($BE39="","",IF(ISNUMBER(MATCH($BE39,AT$5:AT$29999,0)),MAX(AL$4:AL38)+1,0)) -> 0 | AM39: =IF($BE39="","",IF(ISNUMBER(MATCH($BE39,AU$5:AU$29999,0)),MAX(AM$4:AM38)+1,0)) -> 0 | AN39: =IF($BE39="","",IF(ISNUMBER(MATCH($BE39,AV$5:AV$29999,0)),MAX(AN$4:AN38)+1,0)) -> 0 | AR39: sfr.reach31.csv | AW39: .uzf.bud | AY39: .wel | AZ39: .bud | BB39: =IF(ISTEXT(AW39),IF(ISNUMBER(MATCH(AW39,$AY$5:$AY$100,0)),0,MAX(BB$4:BB38)+1),"") -> 0 | BC39: =IF(ISTEXT(AY39),MATCH(AY39,$AW$5:$AW$127,0),"") -> 37 | BD39: =IF(ISNUMBER(BC39),AY39,ROW()-SUM($BC$4:$BD$4)) -> .wel | BE39: =IF(ISTEXT(AW39),IF(ISNUMBER(BC39),AY39,INDEX($AW$5:$AW$140,MATCH(BD39,$BB$5:$BB$185,0),1)),"") -> .wel | BG39: =IF(ISNUMBER(MATCH($BE39,Z$5:Z$501,0)),INDEX(Z$5:Z$501,MATCH($BE39,Z$5:Z$501,0),1),"") -> .wel | BH39: =IF(ISNUMBER(MATCH($BE39,AA$5:AA$501,0)),INDEX(AA$5:AA$501,MATCH($BE39,AA$5:AA$501,0),1),"") | BI39: =IF(ISNUMBER(MATCH($BE39,AB$5:AB$501,0)),INDEX(AB$5:AB$501,MATCH($BE39,AB$5:AB$501,0),1),"") -> .wel | BJ39: =IF(ISNUMBER(MATCH($BE39,AC$5:AC$501,0)),INDEX(AC$5:AC$501,MATCH($BE39,AC$5:AC$501,0),1),"") | BK39: =IF(ISNUMBER(MATCH($BE39,AD$5:AD$501,0)),INDEX(AD$5:AD$501,MATCH($BE39,AD$5:AD$501,0),1),"") | BL39: =IF(ISNUMBER(MATCH($BE39,AE$5:AE$501,0)),INDEX(AE$5:AE$501,MATCH($BE39,AE$5:AE$501,0),1),"") | BM39: =IF(ISNUMBER(MATCH($BE39,AF$5:AF$501,0)),INDEX(AF$5:AF$501,MATCH($BE39,AF$5:AF$501,0),1),"")
B40: =IF(ISNUMBER(MATCH(O40,$N$5:$N$1000,0)),MATCH(O40,$N$5:$N$1000,0),"") | C40: =IF(ISNUMBER(B40),MAX(C$4:C39)+1,"") | D40: =IF(IF(ISNUMBER(B40),"",MAX(D$4:D39)+1)<=D$3,IF(ISNUMBER(B40),"",MAX(D$4:D39)+1),"") -> 14 | E40: =IF(M40<=D$3,MATCH(M40,D$5:D$1000,0),"") | F40: =IF(ISNUMBER(E40),INDEX($N$5:$N$1000,E40,1),"") | G40: =IF(ISNUMBER(C40),N40,IF(ISTEXT(N40),INDEX($F$5:$F$1000,MATCH(M40,$E$5:$E$1000,0),1),"")) -> sfr.stage.csv | H40: =IF(O40="","",IF(ISNUMBER(MATCH(O40,$G$5:$G$1000,0)),"",IF(D40=1,C$3,0)+MAX(H$4:H39)+1)) | I40: =IF(O40="","",IF(ISNUMBER(MATCH(O40,$G$5:$G$1000,0)),"",IF(D40=1,B$4,0)+MAX(I$4:I39)+1)) | J40: =IF(ISNUMBER(MATCH(M40,$I$5:$I$1000,0)),INDEX($O$5:$O$1000,MATCH(M40,$I$5:$I$1000,0),1),"") | K40: =IF(P40="",0,1) -> 1 | M40: =IF(ROW()-ROW(M$4)<=1000,ROW()-ROW(M$4),"") -> 36 | N40: sfr.stage.csv | P40: =IF(M40<=$B$4,IF(ISTEXT(G40),G40,""),IF(ISTEXT(J40),J40,"")) -> sfr.stage.csv | R40: =IF(ROW()-ROW(R$4)<=AH$3,ROW()-ROW(R$4),"") | S40: =IF(ROW()-ROW(S$4)<=AI$3,ROW()-ROW(S$4),"") | T40: =IF(ROW()-ROW(T$4)<=AJ$3,ROW()-ROW(T$4),"") -> 36 | U40: =IF(ROW()-ROW(U$4)<=AK$3,ROW()-ROW(U$4),"") | V40: =IF(ROW()-ROW(V$4)<=AL$3,ROW()-ROW(V$4),"") | W40: =IF(ROW()-ROW(W$4)<=AM$3,ROW()-ROW(W$4),"") | X40: =IF(ROW()-ROW(X$4)<=AN$3,ROW()-ROW(X$4),"") | Z40: =IF(ISNUMBER(R40),INDEX($BE$5:$BE$2999,MATCH(R40,AH$5:AH$2999,0),1),"") | AA40: =IF(ISNUMBER(S40),INDEX($BE$5:$BE$2999,MATCH(S40,AI$5:AI$2999,0),1),"") | AB40: =IF(ISNUMBER(T40),INDEX($BE$5:$BE$2999,MATCH(T40,AJ$5:AJ$2999,0),1),"") -> sfr.stage.csv | AC40: =IF(ISNUMBER(U40),INDEX($BE$5:$BE$2999,MATCH(U40,AK$5:AK$2999,0),1),"") | AD40: =IF(ISNUMBER(V40),INDEX($BE$5:$BE$2999,MATCH(V40,AL$5:AL$2999,0),1),"") | AE40: =IF(ISNUMBER(W40),INDEX($BE$5:$BE$2999,MATCH(W40,AM$5:AM$2999,0),1),"") | AF40: =IF(ISNUMBER(X40),INDEX($BE$5:$BE$2999,MATCH(X40,AN$5:AN$2999,0),1),"") | AH40: =IF($BE40="","",IF(ISNUMBER(MATCH($BE40,AP$5:AP$29999,0)),MAX(AH$4:AH39)+1,0)) -> 21 | AI40: =IF($BE40="","",IF(ISNUMBER(MATCH($BE40,AQ$5:AQ$29999,0)),MAX(AI$4:AI39)+1,0)) -> 0 | AJ40: =IF($BE40="","",IF(ISNUMBER(MATCH($BE40,AR$5:AR$29999,0)),MAX(AJ$4:AJ39)+1,0)) -> 27 | AK40: =IF($BE40="","",IF(ISNUMBER(MATCH($BE40,AS$5:AS$29999,0)),MAX(AK$4:AK39)+1,0)) -> 0 | AL40: =IF($BE40="","",IF(ISNUMBER(MATCH($BE40,AT$5:AT$29999,0)),MAX(AL$4:AL39)+1,0)) -> 0 | AM40: =IF($BE40="","",IF(ISNUMBER(MATCH($BE40,AU$5:AU$29999,0)),MAX(AM$4:AM39)+1,0)) -> 0 | AN40: =IF($BE40="","",IF(ISNUMBER(MATCH($BE40,AV$5:AV$29999,0)),MAX(AN$4:AN39)+1,0)) -> 0 | AR40: sfr.stage.csv | AW40: .uzf.obs | AY40: .ghb | AZ40: .ghb | BB40: =IF(ISTEXT(AW40),IF(ISNUMBER(MATCH(AW40,$AY$5:$AY$100,0)),0,MAX(BB$4:BB39)+1),"") -> 0 | BC40: =IF(ISTEXT(AY40),MATCH(AY40,$AW$5:$AW$127,0),"") -> 33 | BD40: =IF(ISNUMBER(BC40),AY40,ROW()-SUM($BC$4:$BD$4)) -> .ghb | BE40: =IF(ISTEXT(AW40),IF(ISNUMBER(BC40),AY40,INDEX($AW$5:$AW$140,MATCH(BD40,$BB$5:$BB$185,0),1)),"") -> .ghb | BG40: =IF(ISNUMBER(MATCH($BE40,Z$5:Z$501,0)),INDEX(Z$5:Z$501,MATCH($BE40,Z$5:Z$501,0),1),"") -> .ghb | BH40: =IF(ISNUMBER(MATCH($BE40,AA$5:AA$501,0)),INDEX(AA$5:AA$501,MATCH($BE40,AA$5:AA$501,0),1),"") | BI40: =IF(ISNUMBER(MATCH($BE40,AB$5:AB$501,0)),INDEX(AB$5:AB$501,MATCH($BE40,AB$5:AB$501,0),1),"") -> .ghb | BJ40: =IF(ISNUMBER(MATCH($BE40,AC$5:AC$501,0)),INDEX(AC$5:AC$501,MATCH($BE40,AC$5:AC$501,0),1),"") | BK40: =IF(ISNUMBER(MATCH($BE40,AD$5:AD$501,0)),INDEX(AD$5:AD$501,MATCH($BE40,AD$5:AD$501,0),1),"") | BL40: =IF(ISNUMBER(MATCH($BE40,AE$5:AE$501,0)),INDEX(AE$5:AE$501,MATCH($BE40,AE$5:AE$501,0),1),"") | BM40: =IF(ISNUMBER(MATCH($BE40,AF$5:AF$501,0)),INDEX(AF$5:AF$501,MATCH($BE40,AF$5:AF$501,0),1),"")
B41: =IF(ISNUMBER(MATCH(O41,$N$5:$N$1000,0)),MATCH(O41,$N$5:$N$1000,0),"") | C41: =IF(ISNUMBER(B41),MAX(C$4:C40)+1,"") | D41: =IF(IF(ISNUMBER(B41),"",MAX(D$4:D40)+1)<=D$3,IF(ISNUMBER(B41),"",MAX(D$4:D40)+1),"") | E41: =IF(M41<=D$3,MATCH(M41,D$5:D$1000,0),"") | F41: =IF(ISNUMBER(E41),INDEX($N$5:$N$1000,E41,1),"") | G41: =IF(ISNUMBER(C41),N41,IF(ISTEXT(N41),INDEX($F$5:$F$1000,MATCH(M41,$E$5:$E$1000,0),1),"")) | H41: =IF(O41="","",IF(ISNUMBER(MATCH(O41,$G$5:$G$1000,0)),"",IF(D41=1,C$3,0)+MAX(H$4:H40)+1)) | I41: =IF(O41="","",IF(ISNUMBER(MATCH(O41,$G$5:$G$1000,0)),"",IF(D41=1,B$4,0)+MAX(I$4:I40)+1)) | J41: =IF(ISNUMBER(MATCH(M41,$I$5:$I$1000,0)),INDEX($O$5:$O$1000,MATCH(M41,$I$5:$I$1000,0),1),"") -> .chd | K41: =IF(P41="",0,1) -> 1 | M41: =IF(ROW()-ROW(M$4)<=1000,ROW()-ROW(M$4),"") -> 37 | P41: =IF(M41<=$B$4,IF(ISTEXT(G41),G41,""),IF(ISTEXT(J41),J41,"")) -> .chd | R41: =IF(ROW()-ROW(R$4)<=AH$3,ROW()-ROW(R$4),"") | S41: =IF(ROW()-ROW(S$4)<=AI$3,ROW()-ROW(S$4),"") | T41: =IF(ROW()-ROW(T$4)<=AJ$3,ROW()-ROW(T$4),"") | U41: =IF(ROW()-ROW(U$4)<=AK$3,ROW()-ROW(U$4),"") | V41: =IF(ROW()-ROW(V$4)<=AL$3,ROW()-ROW(V$4),"") | W41: =IF(ROW()-ROW(W$4)<=AM$3,ROW()-ROW(W$4),"") | X41: =IF(ROW()-ROW(X$4)<=AN$3,ROW()-ROW(X$4),"") | Z41: =IF(ISNUMBER(R41),INDEX($BE$5:$BE$2999,MATCH(R41,AH$5:AH$2999,0),1),"") | AA41: =IF(ISNUMBER(S41),INDEX($BE$5:$BE$2999,MATCH(S41,AI$5:AI$2999,0),1),"") | AB41: =IF(ISNUMBER(T41),INDEX($BE$5:$BE$2999,MATCH(T41,AJ$5:AJ$2999,0),1),"") | AC41: =IF(ISNUMBER(U41),INDEX($BE$5:$BE$2999,MATCH(U41,AK$5:AK$2999,0),1),"") | AD41: =IF(ISNUMBER(V41),INDEX($BE$5:$BE$2999,MATCH(V41,AL$5:AL$2999,0),1),"") | AE41: =IF(ISNUMBER(W41),INDEX($BE$5:$BE$2999,MATCH(W41,AM$5:AM$2999,0),1),"") | AF41: =IF(ISNUMBER(X41),INDEX($BE$5:$BE$2999,MATCH(X41,AN$5:AN$2999,0),1),"") | AH41: =IF($BE41="","",IF(ISNUMBER(MATCH($BE41,AP$5:AP$29999,0)),MAX(AH$4:AH40)+1,0)) -> 0 | AI41: =IF($BE41="","",IF(ISNUMBER(MATCH($BE41,AQ$5:AQ$29999,0)),MAX(AI$4:AI40)+1,0)) -> 0 | AJ41: =IF($BE41="","",IF(ISNUMBER(MATCH($BE41,AR$5:AR$29999,0)),MAX(AJ$4:AJ40)+1,0)) -> 0 | AK41: =IF($BE41="","",IF(ISNUMBER(MATCH($BE41,AS$5:AS$29999,0)),MAX(AK$4:AK40)+1,0)) -> 0 | AL41: =IF($BE41="","",IF(ISNUMBER(MATCH($BE41,AT$5:AT$29999,0)),MAX(AL$4:AL40)+1,0)) -> 0 | AM41: =IF($BE41="","",IF(ISNUMBER(MATCH($BE41,AU$5:AU$29999,0)),MAX(AM$4:AM40)+1,0)) -> 24 | AN41: =IF($BE41="","",IF(ISNUMBER(MATCH($BE41,AV$5:AV$29999,0)),MAX(AN$4:AN40)+1,0)) -> 0 | AW41: .wel | AY41: .bud | AZ41: .wel | BB41: =IF(ISTEXT(AW41),IF(ISNUMBER(MATCH(AW41,$AY$5:$AY$100,0)),0,MAX(BB$4:BB40)+1),"") -> 0 | BC41: =IF(ISTEXT(AY41),MATCH(AY41,$AW$5:$AW$127,0),"") -> 25 | BD41: =IF(ISNUMBER(BC41),AY41,ROW()-SUM($BC$4:$BD$4)) -> .bud | BE41: =IF(ISTEXT(AW41),IF(ISNUMBER(BC41),AY41,INDEX($AW$5:$AW$140,MATCH(BD41,$BB$5:$BB$185,0),1)),"") -> .bud | BG41: =IF(ISNUMBER(MATCH($BE41,Z$5:Z$501,0)),INDEX(Z$5:Z$501,MATCH($BE41,Z$5:Z$501,0),1),"") | BH41: =IF(ISNUMBER(MATCH($BE41,AA$5:AA$501,0)),INDEX(AA$5:AA$501,MATCH($BE41,AA$5:AA$501,0),1),"") | BI41: =IF(ISNUMBER(MATCH($BE41,AB$5:AB$501,0)),INDEX(AB$5:AB$501,MATCH($BE41,AB$5:AB$501,0),1),"") | BJ41: =IF(ISNUMBER(MATCH($BE41,AC$5:AC$501,0)),INDEX(AC$5:AC$501,MATCH($BE41,AC$5:AC$501,0),1),"") | BK41: =IF(ISNUMBER(MATCH($BE41,AD$5:AD$501,0)),INDEX(AD$5:AD$501,MATCH($BE41,AD$5:AD$501,0),1),"") | BL41: =IF(ISNUMBER(MATCH($BE41,AE$5:AE$501,0)),INDEX(AE$5:AE$501,MATCH($BE41,AE$5:AE$501,0),1),"") -> .bud | BM41: =IF(ISNUMBER(MATCH($BE41,AF$5:AF$501,0)),INDEX(AF$5:AF$501,MATCH($BE41,AF$5:AF$501,0),1),"")
B42: =IF(ISNUMBER(MATCH(O42,$N$5:$N$1000,0)),MATCH(O42,$N$5:$N$1000,0),"") | C42: =IF(ISNUMBER(B42),MAX(C$4:C41)+1,"") | D42: =IF(IF(ISNUMBER(B42),"",MAX(D$4:D41)+1)<=D$3,IF(ISNUMBER(B42),"",MAX(D$4:D41)+1),"") | E42: =IF(M42<=D$3,MATCH(M42,D$5:D$1000,0),"") | F42: =IF(ISNUMBER(E42),INDEX($N$5:$N$1000,E42,1),"") | G42: =IF(ISNUMBER(C42),N42,IF(ISTEXT(N42),INDEX($F$5:$F$1000,MATCH(M42,$E$5:$E$1000,0),1),"")) | H42: =IF(O42="","",IF(ISNUMBER(MATCH(O42,$G$5:$G$1000,0)),"",IF(D42=1,C$3,0)+MAX(H$4:H41)+1)) | I42: =IF(O42="","",IF(ISNUMBER(MATCH(O42,$G$5:$G$1000,0)),"",IF(D42=1,B$4,0)+MAX(I$4:I41)+1)) | J42: =IF(ISNUMBER(MATCH(M42,$I$5:$I$1000,0)),INDEX($O$5:$O$1000,MATCH(M42,$I$5:$I$1000,0),1),"") -> .evta | K42: =IF(P42="",0,1) -> 1 | M42: =IF(ROW()-ROW(M$4)<=1000,ROW()-ROW(M$4),"") -> 38 | P42: =IF(M42<=$B$4,IF(ISTEXT(G42),G42,""),IF(ISTEXT(J42),J42,"")) -> .evta | R42: =IF(ROW()-ROW(R$4)<=AH$3,ROW()-ROW(R$4),"") | S42: =IF(ROW()-ROW(S$4)<=AI$3,ROW()-ROW(S$4),"") | T42: =IF(ROW()-ROW(T$4)<=AJ$3,ROW()-ROW(T$4),"") | U42: =IF(ROW()-ROW(U$4)<=AK$3,ROW()-ROW(U$4),"") | V42: =IF(ROW()-ROW(V$4)<=AL$3,ROW()-ROW(V$4),"") | W42: =IF(ROW()-ROW(W$4)<=AM$3,ROW()-ROW(W$4),"") | X42: =IF(ROW()-ROW(X$4)<=AN$3,ROW()-ROW(X$4),"") | Z42: =IF(ISNUMBER(R42),INDEX($BE$5:$BE$2999,MATCH(R42,AH$5:AH$2999,0),1),"") | AA42: =IF(ISNUMBER(S42),INDEX($BE$5:$BE$2999,MATCH(S42,AI$5:AI$2999,0),1),"") | AB42: =IF(ISNUMBER(T42),INDEX($BE$5:$BE$2999,MATCH(T42,AJ$5:AJ$2999,0),1),"") | AC42: =IF(ISNUMBER(U42),INDEX($BE$5:$BE$2999,MATCH(U42,AK$5:AK$2999,0),1),"") | AD42: =IF(ISNUMBER(V42),INDEX($BE$5:$BE$2999,MATCH(V42,AL$5:AL$2999,0),1),"") | AE42: =IF(ISNUMBER(W42),INDEX($BE$5:$BE$2999,MATCH(W42,AM$5:AM$2999,0),1),"") | AF42: =IF(ISNUMBER(X42),INDEX($BE$5:$BE$2999,MATCH(X42,AN$5:AN$2999,0),1),"") | AH42: =IF($BE42="","",IF(ISNUMBER(MATCH($BE42,AP$5:AP$29999,0)),MAX(AH$4:AH41)+1,0)) -> 0 | AI42: =IF($BE42="","",IF(ISNUMBER(MATCH($BE42,AQ$5:AQ$29999,0)),MAX(AI$4:AI41)+1,0)) -> 0 | AJ42: =IF($BE42="","",IF(ISNUMBER(MATCH($BE42,AR$5:AR$29999,0)),MAX(AJ$4:AJ41)+1,0)) -> 28 | AK42: =IF($BE42="","",IF(ISNUMBER(MATCH($BE42,AS$5:AS$29999,0)),MAX(AK$4:AK41)+1,0)) -> 0 | AL42: =IF($BE42="","",IF(ISNUMBER(MATCH($BE42,AT$5:AT$29999,0)),MAX(AL$4:AL41)+1,0)) -> 0 | AM42: =IF($BE42="","",IF(ISNUMBER(MATCH($BE42,AU$5:AU$29999,0)),MAX(AM$4:AM41)+1,0)) -> 0 | AN42: =IF($BE42="","",IF(ISNUMBER(MATCH($BE42,AV$5:AV$29999,0)),MAX(AN$4:AN41)+1,0)) -> 0 | AW42: obs_lak.csv | BB42: =IF(ISTEXT(AW42),IF(ISNUMBER(MATCH(AW42,$AY$5:$AY$100,0)),0,MAX(BB$4:BB41)+1),"") -> 1 | BC42: =IF(ISTEXT(AY42),MATCH(AY42,$AW$5:$AW$127,0),"") | BD42: =IF(ISNUMBER(BC42),AY42,ROW()-SUM($BC$4:$BD$4)) -> 1 | BE42: =IF(ISTEXT(AW42),IF(ISNUMBER(BC42),AY42,INDEX($AW$5:$AW$140,MATCH(BD42,$BB$5:$BB$185,0),1)),"") -> obs_lak.csv | BG42: =IF(ISNUMBER(MATCH($BE42,Z$5:Z$501,0)),INDEX(Z$5:Z$501,MATCH($BE42,Z$5:Z$501,0),1),"") | BH42: =IF(ISNUMBER(MATCH($BE42,AA$5:AA$501,0)),INDEX(AA$5:AA$501,MATCH($BE42,AA$5:AA$501,0),1),"") | BI42: =IF(ISNUMBER(MATCH($BE42,AB$5:AB$501,0)),INDEX(AB$5:AB$501,MATCH($BE42,AB$5:AB$501,0),1),"") -> obs_lak.csv | BJ42: =IF(ISNUMBER(MATCH($BE42,AC$5:AC$501,0)),INDEX(AC$5:AC$501,MATCH($BE42,AC$5:AC$501,0),1),"") | BK42: =IF(ISNUMBER(MATCH($BE42,AD$5:AD$501,0)),INDEX(AD$5:AD$501,MATCH($BE42,AD$5:AD$501,0),1),"") | BL42: =IF(ISNUMBER(MATCH($BE42,AE$5:AE$501,0)),INDEX(AE$5:AE$501,MATCH($BE42,AE$5:AE$501,0),1),"") | BM42: =IF(ISNUMBER(MATCH($BE42,AF$5:AF$501,0)),INDEX(AF$5:AF$501,MATCH($BE42,AF$5:AF$501,0),1),"")
B43: =IF(ISNUMBER(MATCH(O43,$N$5:$N$1000,0)),MATCH(O43,$N$5:$N$1000,0),"") | C43: =IF(ISNUMBER(B43),MAX(C$4:C42)+1,"") | D43: =IF(IF(ISNUMBER(B43),"",MAX(D$4:D42)+1)<=D$3,IF(ISNUMBER(B43),"",MAX(D$4:D42)+1),"") | E43: =IF(M43<=D$3,MATCH(M43,D$5:D$1000,0),"") | F43: =IF(ISNUMBER(E43),INDEX($N$5:$N$1000,E43,1),"") | G43: =IF(ISNUMBER(C43),N43,IF(ISTEXT(N43),INDEX($F$5:$F$1000,MATCH(M43,$E$5:$E$1000,0),1),"")) | H43: =IF(O43="","",IF(ISNUMBER(MATCH(O43,$G$5:$G$1000,0)),"",IF(D43=1,C$3,0)+MAX(H$4:H42)+1)) | I43: =IF(O43="","",IF(ISNUMBER(MATCH(O43,$G$5:$G$1000,0)),"",IF(D43=1,B$4,0)+MAX(I$4:I42)+1)) | J43: =IF(ISNUMBER(MATCH(M43,$I$5:$I$1000,0)),INDEX($O$5:$O$1000,MATCH(M43,$I$5:$I$1000,0),1),"") -> .gwf.obs | K43: =IF(P43="",0,1) -> 1 | M43: =IF(ROW()-ROW(M$4)<=1000,ROW()-ROW(M$4),"") -> 39 | P43: =IF(M43<=$B$4,IF(ISTEXT(G43),G43,""),IF(ISTEXT(J43),J43,"")) -> .gwf.obs | R43: =IF(ROW()-ROW(R$4)<=AH$3,ROW()-ROW(R$4),"") | S43: =IF(ROW()-ROW(S$4)<=AI$3,ROW()-ROW(S$4),"") | T43: =IF(ROW()-ROW(T$4)<=AJ$3,ROW()-ROW(T$4),"") | U43: =IF(ROW()-ROW(U$4)<=AK$3,ROW()-ROW(U$4),"") | V43: =IF(ROW()-ROW(V$4)<=AL$3,ROW()-ROW(V$4),"") | W43: =IF(ROW()-ROW(W$4)<=AM$3,ROW()-ROW(W$4),"") | X43: =IF(ROW()-ROW(X$4)<=AN$3,ROW()-ROW(X$4),"") | Z43: =IF(ISNUMBER(R43),INDEX($BE$5:$BE$2999,MATCH(R43,AH$5:AH$2999,0),1),"") | AA43: =IF(ISNUMBER(S43),INDEX($BE$5:$BE$2999,MATCH(S43,AI$5:AI$2999,0),1),"") | AB43: =IF(ISNUMBER(T43),INDEX($BE$5:$BE$2999,MATCH(T43,AJ$5:AJ$2999,0),1),"") | AC43: =IF(ISNUMBER(U43),INDEX($BE$5:$BE$2999,MATCH(U43,AK$5:AK$2999,0),1),"") | AD43: =IF(ISNUMBER(V43),INDEX($BE$5:$BE$2999,MATCH(V43,AL$5:AL$2999,0),1),"") | AE43: =IF(ISNUMBER(W43),INDEX($BE$5:$BE$2999,MATCH(W43,AM$5:AM$2999,0),1),"") | AF43: =IF(ISNUMBER(X43),INDEX($BE$5:$BE$2999,MATCH(X43,AN$5:AN$2999,0),1),"") | AH43: =IF($BE43="","",IF(ISNUMBER(MATCH($BE43,AP$5:AP$29999,0)),MAX(AH$4:AH42)+1,0)) -> 0 | AI43: =IF($BE43="","",IF(ISNUMBER(MATCH($BE43,AQ$5:AQ$29999,0)),MAX(AI$4:AI42)+1,0)) -> 0 | AJ43: =IF($BE43="","",IF(ISNUMBER(MATCH($BE43,AR$5:AR$29999,0)),MAX(AJ$4:AJ42)+1,0)) -> 29 | AK43: =IF($BE43="","",IF(ISNUMBER(MATCH($BE43,AS$5:AS$29999,0)),MAX(AK$4:AK42)+1,0)) -> 0 | AL43: =IF($BE43="","",IF(ISNUMBER(MATCH($BE43,AT$5:AT$29999,0)),MAX(AL$4:AL42)+1,0)) -> 0 | AM43: =IF($BE43="","",IF(ISNUMBER(MATCH($BE43,AU$5:AU$29999,0)),MAX(AM$4:AM42)+1,0)) -> 0 | AN43: =IF($BE43="","",IF(ISNUMBER(MATCH($BE43,AV$5:AV$29999,0)),MAX(AN$4:AN42)+1,0)) -> 0 | AW43: obs_uzf.csv | BB43: =IF(ISTEXT(AW43),IF(ISNUMBER(MATCH(AW43,$AY$5:$AY$100,0)),0,MAX(BB$4:BB42)+1),"") -> 2 | BC43: =IF(ISTEXT(AY43),MATCH(AY43,$AW$5:$AW$127,0),"") | BD43: =IF(ISNUMBER(BC43),AY43,ROW()-SUM($BC$4:$BD$4)) -> 2 | BE43: =IF(ISTEXT(AW43),IF(ISNUMBER(BC43),AY43,INDEX($AW$5:$AW$140,MATCH(BD43,$BB$5:$BB$185,0),1)),"") -> obs_uzf.csv | BG43: =IF(ISNUMBER(MATCH($BE43,Z$5:Z$501,0)),INDEX(Z$5:Z$501,MATCH($BE43,Z$5:Z$501,0),1),"") | BH43: =IF(ISNUMBER(MATCH($BE43,AA$5:AA$501,0)),INDEX(AA$5:AA$501,MATCH($BE43,AA$5:AA$501,0),1),"") | BI43: =IF(ISNUMBER(MATCH($BE43,AB$5:AB$501,0)),INDEX(AB$5:AB$501,MATCH($BE43,AB$5:AB$501,0),1),"") -> obs_uzf.csv | BJ43: =IF(ISNUMBER(MATCH($BE43,AC$5:AC$501,0)),INDEX(AC$5:AC$501,MATCH($BE43,AC$5:AC$501,0),1),"") | BK43: =IF(ISNUMBER(MATCH($BE43,AD$5:AD$501,0)),INDEX(AD$5:AD$501,MATCH($BE43,AD$5:AD$501,0),1),"") | BL43: =IF(ISNUMBER(MATCH($BE43,AE$5:AE$501,0)),INDEX(AE$5:AE$501,MATCH($BE43,AE$5:AE$501,0),1),"") | BM43: =IF(ISNUMBER(MATCH($BE43,AF$5:AF$501,0)),INDEX(AF$5:AF$501,MATCH($BE43,AF$5:AF$501,0),1),"")
B44: =IF(ISNUMBER(MATCH(O44,$N$5:$N$1000,0)),MATCH(O44,$N$5:$N$1000,0),"") | C44: =IF(ISNUMBER(B44),MAX(C$4:C43)+1,"") | D44: =IF(IF(ISNUMBER(B44),"",MAX(D$4:D43)+1)<=D$3,IF(ISNUMBER(B44),"",MAX(D$4:D43)+1),"") | E44: =IF(M44<=D$3,MATCH(M44,D$5:D$1000,0),"") | F44: =IF(ISNUMBER(E44),INDEX($N$5:$N$1000,E44,1),"") | G44: =IF(ISNUMBER(C44),N44,IF(ISTEXT(N44),INDEX($F$5:$F$1000,MATCH(M44,$E$5:$E$1000,0),1),"")) | H44: =IF(O44="","",IF(ISNUMBER(MATCH(O44,$G$5:$G$1000,0)),"",IF(D44=1,C$3,0)+MAX(H$4:H43)+1)) | I44: =IF(O44="","",IF(ISNUMBER(MATCH(O44,$G$5:$G$1000,0)),"",IF(D44=1,B$4,0)+MAX(I$4:I43)+1)) | J44: =IF(ISNUMBER(MATCH(M44,$I$5:$I$1000,0)),INDEX($O$5:$O$1000,MATCH(M44,$I$5:$I$1000,0),1),"") -> .gwf.obs.csv | K44: =IF(P44="",0,1) -> 1 | M44: =IF(ROW()-ROW(M$4)<=1000,ROW()-ROW(M$4),"") -> 40 | P44: =IF(M44<=$B$4,IF(ISTEXT(G44),G44,""),IF(ISTEXT(J44),J44,"")) -> .gwf.obs.csv | R44: =IF(ROW()-ROW(R$4)<=AH$3,ROW()-ROW(R$4),"") | S44: =IF(ROW()-ROW(S$4)<=AI$3,ROW()-ROW(S$4),"") | T44: =IF(ROW()-ROW(T$4)<=AJ$3,ROW()-ROW(T$4),"") | U44: =IF(ROW()-ROW(U$4)<=AK$3,ROW()-ROW(U$4),"") | V44: =IF(ROW()-ROW(V$4)<=AL$3,ROW()-ROW(V$4),"") | W44: =IF(ROW()-ROW(W$4)<=AM$3,ROW()-ROW(W$4),"") | X44: =IF(ROW()-ROW(X$4)<=AN$3,ROW()-ROW(X$4),"") | Z44: =IF(ISNUMBER(R44),INDEX($BE$5:$BE$2999,MATCH(R44,AH$5:AH$2999,0),1),"") | AA44: =IF(ISNUMBER(S44),INDEX($BE$5:$BE$2999,MATCH(S44,AI$5:AI$2999,0),1),"") | AB44: =IF(ISNUMBER(T44),INDEX($BE$5:$BE$2999,MATCH(T44,AJ$5:AJ$2999,0),1),"") | AC44: =IF(ISNUMBER(U44),INDEX($BE$5:$BE$2999,MATCH(U44,AK$5:AK$2999,0),1),"") | AD44: =IF(ISNUMBER(V44),INDEX($BE$5:$BE$2999,MATCH(V44,AL$5:AL$2999,0),1),"") | AE44: =IF(ISNUMBER(W44),INDEX($BE$5:$BE$2999,MATCH(W44,AM$5:AM$2999,0),1),"") | AF44: =IF(ISNUMBER(X44),INDEX($BE$5:$BE$2999,MATCH(X44,AN$5:AN$2999,0),1),"") | AH44: =IF($BE44="","",IF(ISNUMBER(MATCH($BE44,AP$5:AP$29999,0)),MAX(AH$4:AH43)+1,0)) -> 0 | AI44: =IF($BE44="","",IF(ISNUMBER(MATCH($BE44,AQ$5:AQ$29999,0)),MAX(AI$4:AI43)+1,0)) -> 0 | AJ44: =IF($BE44="","",IF(ISNUMBER(MATCH($BE44,AR$5:AR$29999,0)),MAX(AJ$4:AJ43)+1,0)) -> 30 | AK44: =IF($BE44="","",IF(ISNUMBER(MATCH($BE44,AS$5:AS$29999,0)),MAX(AK$4:AK43)+1,0)) -> 0 | AL44: =IF($BE44="","",IF(ISNUMBER(MATCH($BE44,AT$5:AT$29999,0)),MAX(AL$4:AL43)+1,0)) -> 0 | AM44: =IF($BE44="","",IF(ISNUMBER(MATCH($BE44,AU$5:AU$29999,0)),MAX(AM$4:AM43)+1,0)) -> 0 | AN44: =IF($BE44="","",IF(ISNUMBER(MATCH($BE44,AV$5:AV$29999,0)),MAX(AN$4:AN43)+1,0)) -> 0 | AW44: obs_uzf_column.csv | BB44: =IF(ISTEXT(AW44),IF(ISNUMBER(MATCH(AW44,$AY$5:$AY$100,0)),0,MAX(BB$4:BB43)+1),"") -> 3 | BC44: =IF(ISTEXT(AY44),MATCH(AY44,$AW$5:$AW$127,0),"") | BD44: =IF(ISNUMBER(BC44),AY44,ROW()-SUM($BC$4:$BD$4)) -> 3 | BE44: =IF(ISTEXT(AW44),IF(ISNUMBER(BC44),AY44,INDEX($AW$5:$AW$140,MATCH(BD44,$BB$5:$BB$185,0),1)),"") -> obs_uzf_column.csv | BG44: =IF(ISNUMBER(MATCH($BE44,Z$5:Z$501,0)),INDEX(Z$5:Z$501,MATCH($BE44,Z$5:Z$501,0),1),"") | BH44: =IF(ISNUMBER(MATCH($BE44,AA$5:AA$501,0)),INDEX(AA$5:AA$501,MATCH($BE44,AA$5:AA$501,0),1),"") | BI44: =IF(ISNUMBER(MATCH($BE44,AB$5:AB$501,0)),INDEX(AB$5:AB$501,MATCH($BE44,AB$5:AB$501,0),1),"") -> obs_uzf_column.csv | BJ44: =IF(ISNUMBER(MATCH($BE44,AC$5:AC$501,0)),INDEX(AC$5:AC$501,MATCH($BE44,AC$5:AC$501,0),1),"") | BK44: =IF(ISNUMBER(MATCH($BE44,AD$5:AD$501,0)),INDEX(AD$5:AD$501,MATCH($BE44,AD$5:AD$501,0),1),"") | BL44: =IF(ISNUMBER(MATCH($BE44,AE$5:AE$501,0)),INDEX(AE$5:AE$501,MATCH($BE44,AE$5:AE$501,0),1),"") | BM44: =IF(ISNUMBER(MATCH($BE44,AF$5:AF$501,0)),INDEX(AF$5:AF$501,MATCH($BE44,AF$5:AF$501,0),1),"")
B45: =IF(ISNUMBER(MATCH(O45,$N$5:$N$1000,0)),MATCH(O45,$N$5:$N$1000,0),"") | C45: =IF(ISNUMBER(B45),MAX(C$4:C44)+1,"") | D45: =IF(IF(ISNUMBER(B45),"",MAX(D$4:D44)+1)<=D$3,IF(ISNUMBER(B45),"",MAX(D$4:D44)+1),"") | E45: =IF(M45<=D$3,MATCH(M45,D$5:D$1000,0),"") | F45: =IF(ISNUMBER(E45),INDEX($N$5:$N$1000,E45,1),"") | G45: =IF(ISNUMBER(C45),N45,IF(ISTEXT(N45),INDEX($F$5:$F$1000,MATCH(M45,$E$5:$E$1000,0),1),"")) | H45: =IF(O45="","",IF(ISNUMBER(MATCH(O45,$G$5:$G$1000,0)),"",IF(D45=1,C$3,0)+MAX(H$4:H44)+1)) | I45: =IF(O45="","",IF(ISNUMBER(MATCH(O45,$G$5:$G$1000,0)),"",IF(D45=1,B$4,0)+MAX(I$4:I44)+1)) | J45: =IF(ISNUMBER(MATCH(M45,$I$5:$I$1000,0)),INDEX($O$5:$O$1000,MATCH(M45,$I$5:$I$1000,0),1),"") -> .lak.obs.csv | K45: =IF(P45="",0,1) -> 1 | M45: =IF(ROW()-ROW(M$4)<=1000,ROW()-ROW(M$4),"") -> 41 | P45: =IF(M45<=$B$4,IF(ISTEXT(G45),G45,""),IF(ISTEXT(J45),J45,"")) -> .lak.obs.csv | R45: =IF(ROW()-ROW(R$4)<=AH$3,ROW()-ROW(R$4),"") | S45: =IF(ROW()-ROW(S$4)<=AI$3,ROW()-ROW(S$4),"") | T45: =IF(ROW()-ROW(T$4)<=AJ$3,ROW()-ROW(T$4),"") | U45: =IF(ROW()-ROW(U$4)<=AK$3,ROW()-ROW(U$4),"") | V45: =IF(ROW()-ROW(V$4)<=AL$3,ROW()-ROW(V$4),"") | W45: =IF(ROW()-ROW(W$4)<=AM$3,ROW()-ROW(W$4),"") | X45: =IF(ROW()-ROW(X$4)<=AN$3,ROW()-ROW(X$4),"") | Z45: =IF(ISNUMBER(R45),INDEX($BE$5:$BE$2999,MATCH(R45,AH$5:AH$2999,0),1),"") | AA45: =IF(ISNUMBER(S45),INDEX($BE$5:$BE$2999,MATCH(S45,AI$5:AI$2999,0),1),"") | AB45: =IF(ISNUMBER(T45),INDEX($BE$5:$BE$2999,MATCH(T45,AJ$5:AJ$2999,0),1),"") | AC45: =IF(ISNUMBER(U45),INDEX($BE$5:$BE$2999,MATCH(U45,AK$5:AK$2999,0),1),"") | AD45: =IF(ISNUMBER(V45),INDEX($BE$5:$BE$2999,MATCH(V45,AL$5:AL$2999,0),1),"") | AE45: =IF(ISNUMBER(W45),INDEX($BE$5:$BE$2999,MATCH(W45,AM$5:AM$2999,0),1),"") | AF45: =IF(ISNUMBER(X45),INDEX($BE$5:$BE$2999,MATCH(X45,AN$5:AN$2999,0),1),"") | AH45: =IF($BE45="","",IF(ISNUMBER(MATCH($BE45,AP$5:AP$29999,0)),MAX(AH$4:AH44)+1,0)) -> 0 | AI45: =IF($BE45="","",IF(ISNUMBER(MATCH($BE45,AQ$5:AQ$29999,0)),MAX(AI$4:AI44)+1,0)) -> 0 | AJ45: =IF($BE45="","",IF(ISNUMBER(MATCH($BE45,AR$5:AR$29999,0)),MAX(AJ$4:AJ44)+1,0)) -> 31 | AK45: =IF($BE45="","",IF(ISNUMBER(MATCH($BE45,AS$5:AS$29999,0)),MAX(AK$4:AK44)+1,0)) -> 0 | AL45: =IF($BE45="","",IF(ISNUMBER(MATCH($BE45,AT$5:AT$29999,0)),MAX(AL$4:AL44)+1,0)) -> 0 | AM45: =IF($BE45="","",IF(ISNUMBER(MATCH($BE45,AU$5:AU$29999,0)),MAX(AM$4:AM44)+1,0)) -> 0 | AN45: =IF($BE45="","",IF(ISNUMBER(MATCH($BE45,AV$5:AV$29999,0)),MAX(AN$4:AN44)+1,0)) -> 0 | AW45: sfr.allreaches.csv | BB45: =IF(ISTEXT(AW45),IF(ISNUMBER(MATCH(AW45,$AY$5:$AY$100,0)),0,MAX(BB$4:BB44)+1),"") -> 4 | BC45: =IF(ISTEXT(AY45),MATCH(AY45,$AW$5:$AW$127,0),"") | BD45: =IF(ISNUMBER(BC45),AY45,ROW()-SUM($BC$4:$BD$4)) -> 4 | BE45: =IF(ISTEXT(AW45),IF(ISNUMBER(BC45),AY45,INDEX($AW$5:$AW$140,MATCH(BD45,$BB$5:$BB$185,0),1)),"") -> sfr.allreaches.csv | BG45: =IF(ISNUMBER(MATCH($BE45,Z$5:Z$501,0)),INDEX(Z$5:Z$501,MATCH($BE45,Z$5:Z$501,0),1),"") | BH45: =IF(ISNUMBER(MATCH($BE45,AA$5:AA$501,0)),INDEX(AA$5:AA$501,MATCH($BE45,AA$5:AA$501,0),1),"") | BI45: =IF(ISNUMBER(MATCH($BE45,AB$5:AB$501,0)),INDEX(AB$5:AB$501,MATCH($BE45,AB$5:AB$501,0),1),"") -> sfr.allreaches.csv | BJ45: =IF(ISNUMBER(MATCH($BE45,AC$5:AC$501,0)),INDEX(AC$5:AC$501,MATCH($BE45,AC$5:AC$501,0),1),"") | BK45: =IF(ISNUMBER(MATCH($BE45,AD$5:AD$501,0)),INDEX(AD$5:AD$501,MATCH($BE45,AD$5:AD$501,0),1),"") | BL45: =IF(ISNUMBER(MATCH($BE45,AE$5:AE$501,0)),INDEX(AE$5:AE$501,MATCH($BE45,AE$5:AE$501,0),1),"") | BM45: =IF(ISNUMBER(MATCH($BE45,AF$5:AF$501,0)),INDEX(AF$5:AF$501,MATCH($BE45,AF$5:AF$501,0),1),"")
B46: =IF(ISNUMBER(MATCH(O46,$N$5:$N$1000,0)),MATCH(O46,$N$5:$N$1000,0),"") | C46: =IF(ISNUMBER(B46),MAX(C$4:C45)+1,"") | D46: =IF(IF(ISNUMBER(B46),"",MAX(D$4:D45)+1)<=D$3,IF(ISNUMBER(B46),"",MAX(D$4:D45)+1),"") | E46: =IF(M46<=D$3,MATCH(M46,D$5:D$1000,0),"") | F46: =IF(ISNUMBER(E46),INDEX($N$5:$N$1000,E46,1),"") | G46: =IF(ISNUMBER(C46),N46,IF(ISTEXT(N46),INDEX($F$5:$F$1000,MATCH(M46,$E$5:$E$1000,0),1),"")) | H46: =IF(O46="","",IF(ISNUMBER(MATCH(O46,$G$5:$G$1000,0)),"",IF(D46=1,C$3,0)+MAX(H$4:H45)+1)) | I46: =IF(O46="","",IF(ISNUMBER(MATCH(O46,$G$5:$G$1000,0)),"",IF(D46=1,B$4,0)+MAX(I$4:I45)+1)) | J46: =IF(ISNUMBER(MATCH(M46,$I$5:$I$1000,0)),INDEX($O$5:$O$1000,MATCH(M46,$I$5:$I$1000,0),1),"") -> .rcha | K46: =IF(P46="",0,1) -> 1 | M46: =IF(ROW()-ROW(M$4)<=1000,ROW()-ROW(M$4),"") -> 42 | P46: =IF(M46<=$B$4,IF(ISTEXT(G46),G46,""),IF(ISTEXT(J46),J46,"")) -> .rcha | R46: =IF(ROW()-ROW(R$4)<=AH$3,ROW()-ROW(R$4),"") | S46: =IF(ROW()-ROW(S$4)<=AI$3,ROW()-ROW(S$4),"") | T46: =IF(ROW()-ROW(T$4)<=AJ$3,ROW()-ROW(T$4),"") | U46: =IF(ROW()-ROW(U$4)<=AK$3,ROW()-ROW(U$4),"") | V46: =IF(ROW()-ROW(V$4)<=AL$3,ROW()-ROW(V$4),"") | W46: =IF(ROW()-ROW(W$4)<=AM$3,ROW()-ROW(W$4),"") | X46: =IF(ROW()-ROW(X$4)<=AN$3,ROW()-ROW(X$4),"") | Z46: =IF(ISNUMBER(R46),INDEX($BE$5:$BE$2999,MATCH(R46,AH$5:AH$2999,0),1),"") | AA46: =IF(ISNUMBER(S46),INDEX($BE$5:$BE$2999,MATCH(S46,AI$5:AI$2999,0),1),"") | AB46: =IF(ISNUMBER(T46),INDEX($BE$5:$BE$2999,MATCH(T46,AJ$5:AJ$2999,0),1),"") | AC46: =IF(ISNUMBER(U46),INDEX($BE$5:$BE$2999,MATCH(U46,AK$5:AK$2999,0),1),"") | AD46: =IF(ISNUMBER(V46),INDEX($BE$5:$BE$2999,MATCH(V46,AL$5:AL$2999,0),1),"") | AE46: =IF(ISNUMBER(W46),INDEX($BE$5:$BE$2999,MATCH(W46,AM$5:AM$2999,0),1),"") | AF46: =IF(ISNUMBER(X46),INDEX($BE$5:$BE$2999,MATCH(X46,AN$5:AN$2999,0),1),"") | AH46: =IF($BE46="","",IF(ISNUMBER(MATCH($BE46,AP$5:AP$29999,0)),MAX(AH$4:AH45)+1,0)) -> 0 | AI46: =IF($BE46="","",IF(ISNUMBER(MATCH($BE46,AQ$5:AQ$29999,0)),MAX(AI$4:AI45)+1,0)) -> 0 | AJ46: =IF($BE46="","",IF(ISNUMBER(MATCH($BE46,AR$5:AR$29999,0)),MAX(AJ$4:AJ45)+1,0)) -> 32 | AK46: =IF($BE46="","",IF(ISNUMBER(MATCH($BE46,AS$5:AS$29999,0)),MAX(AK$4:AK45)+1,0)) -> 0 | AL46: =IF($BE46="","",IF(ISNUMBER(MATCH($BE46,AT$5:AT$29999,0)),MAX(AL$4:AL45)+1,0)) -> 0 | AM46: =IF($BE46="","",IF(ISNUMBER(MATCH($BE46,AU$5:AU$29999,0)),MAX(AM$4:AM45)+1,0)) -> 0 | AN46: =IF($BE46="","",IF(ISNUMBER(MATCH($BE46,AV$5:AV$29999,0)),MAX(AN$4:AN45)+1,0)) -> 0 | AW46: sfr.reach01.csv | BB46: =IF(ISTEXT(AW46),IF(ISNUMBER(MATCH(AW46,$AY$5:$AY$100,0)),0,MAX(BB$4:BB45)+1),"") -> 5 | BC46: =IF(ISTEXT(AY46),MATCH(AY46,$AW$5:$AW$127,0),"") | BD46: =IF(ISNUMBER(BC46),AY46,ROW()-SUM($BC$4:$BD$4)) -> 5 | BE46: =IF(ISTEXT(AW46),IF(ISNUMBER(BC46),AY46,INDEX($AW$5:$AW$140,MATCH(BD46,$BB$5:$BB$185,0),1)),"") -> sfr.reach01.csv | BG46: =IF(ISNUMBER(MATCH($BE46,Z$5:Z$501,0)),INDEX(Z$5:Z$501,MATCH($BE46,Z$5:Z$501,0),1),"") | BH46: =IF(ISNUMBER(MATCH($BE46,AA$5:AA$501,0)),INDEX(AA$5:AA$501,MATCH($BE46,AA$5:AA$501,0),1),"") | BI46: =IF(ISNUMBER(MATCH($BE46,AB$5:AB$501,0)),INDEX(AB$5:AB$501,MATCH($BE46,AB$5:AB$501,0),1),"") -> sfr.reach01.csv | BJ46: =IF(ISNUMBER(MATCH($BE46,AC$5:AC$501,0)),INDEX(AC$5:AC$501,MATCH($BE46,AC$5:AC$501,0),1),"") | BK46: =IF(ISNUMBER(MATCH($BE46,AD$5:AD$501,0)),INDEX(AD$5:AD$501,MATCH($BE46,AD$5:AD$501,0),1),"") | BL46: =IF(ISNUMBER(MATCH($BE46,AE$5:AE$501,0)),INDEX(AE$5:AE$501,MATCH($BE46,AE$5:AE$501,0),1),"") | BM46: =IF(ISNUMBER(MATCH($BE46,AF$5:AF$501,0)),INDEX(AF$5:AF$501,MATCH($BE46,AF$5:AF$501,0),1),"")
B47: =IF(ISNUMBER(MATCH(O47,$N$5:$N$1000,0)),MATCH(O47,$N$5:$N$1000,0),"") | C47: =IF(ISNUMBER(B47),MAX(C$4:C46)+1,"") | D47: =IF(IF(ISNUMBER(B47),"",MAX(D$4:D46)+1)<=D$3,IF(ISNUMBER(B47),"",MAX(D$4:D46)+1),"") | E47: =IF(M47<=D$3,MATCH(M47,D$5:D$1000,0),"") | F47: =IF(ISNUMBER(E47),INDEX($N$5:$N$1000,E47,1),"") | G47: =IF(ISNUMBER(C47),N47,IF(ISTEXT(N47),INDEX($F$5:$F$1000,MATCH(M47,$E$5:$E$1000,0),1),"")) | H47: =IF(O47="","",IF(ISNUMBER(MATCH(O47,$G$5:$G$1000,0)),"",IF(D47=1,C$3,0)+MAX(H$4:H46)+1)) | I47: =IF(O47="","",IF(ISNUMBER(MATCH(O47,$G$5:$G$1000,0)),"",IF(D47=1,B$4,0)+MAX(I$4:I46)+1)) | J47: =IF(ISNUMBER(MATCH(M47,$I$5:$I$1000,0)),INDEX($O$5:$O$1000,MATCH(M47,$I$5:$I$1000,0),1),"") -> .bud | K47: =IF(P47="",0,1) -> 1 | M47: =IF(ROW()-ROW(M$4)<=1000,ROW()-ROW(M$4),"") -> 43 | P47: =IF(M47<=$B$4,IF(ISTEXT(G47),G47,""),IF(ISTEXT(J47),J47,"")) -> .bud | R47: =IF(ROW()-ROW(R$4)<=AH$3,ROW()-ROW(R$4),"") | S47: =IF(ROW()-ROW(S$4)<=AI$3,ROW()-ROW(S$4),"") | T47: =IF(ROW()-ROW(T$4)<=AJ$3,ROW()-ROW(T$4),"") | U47: =IF(ROW()-ROW(U$4)<=AK$3,ROW()-ROW(U$4),"") | V47: =IF(ROW()-ROW(V$4)<=AL$3,ROW()-ROW(V$4),"") | W47: =IF(ROW()-ROW(W$4)<=AM$3,ROW()-ROW(W$4),"") | X47: =IF(ROW()-ROW(X$4)<=AN$3,ROW()-ROW(X$4),"") | Z47: =IF(ISNUMBER(R47),INDEX($BE$5:$BE$2999,MATCH(R47,AH$5:AH$2999,0),1),"") | AA47: =IF(ISNUMBER(S47),INDEX($BE$5:$BE$2999,MATCH(S47,AI$5:AI$2999,0),1),"") | AB47: =IF(ISNUMBER(T47),INDEX($BE$5:$BE$2999,MATCH(T47,AJ$5:AJ$2999,0),1),"") | AC47: =IF(ISNUMBER(U47),INDEX($BE$5:$BE$2999,MATCH(U47,AK$5:AK$2999,0),1),"") | AD47: =IF(ISNUMBER(V47),INDEX($BE$5:$BE$2999,MATCH(V47,AL$5:AL$2999,0),1),"") | AE47: =IF(ISNUMBER(W47),INDEX($BE$5:$BE$2999,MATCH(W47,AM$5:AM$2999,0),1),"") | AF47: =IF(ISNUMBER(X47),INDEX($BE$5:$BE$2999,MATCH(X47,AN$5:AN$2999,0),1),"") | AH47: =IF($BE47="","",IF(ISNUMBER(MATCH($BE47,AP$5:AP$29999,0)),MAX(AH$4:AH46)+1,0)) -> 0 | AI47: =IF($BE47="","",IF(ISNUMBER(MATCH($BE47,AQ$5:AQ$29999,0)),MAX(AI$4:AI46)+1,0)) -> 0 | AJ47: =IF($BE47="","",IF(ISNUMBER(MATCH($BE47,AR$5:AR$29999,0)),MAX(AJ$4:AJ46)+1,0)) -> 33 | AK47: =IF($BE47="","",IF(ISNUMBER(MATCH($BE47,AS$5:AS$29999,0)),MAX(AK$4:AK46)+1,0)) -> 0 | AL47: =IF($BE47="","",IF(ISNUMBER(MATCH($BE47,AT$5:AT$29999,0)),MAX(AL$4:AL46)+1,0)) -> 0 | AM47: =IF($BE47="","",IF(ISNUMBER(MATCH($BE47,AU$5:AU$29999,0)),MAX(AM$4:AM46)+1,0)) -> 0 | AN47: =IF($BE47="","",IF(ISNUMBER(MATCH($BE47,AV$5:AV$29999,0)),MAX(AN$4:AN46)+1,0)) -> 0 | AW47: sfr.reach24.csv | BB47: =IF(ISTEXT(AW47),IF(ISNUMBER(MATCH(AW47,$AY$5:$AY$100,0)),0,MAX(BB$4:BB46)+1),"") -> 6 | BC47: =IF(ISTEXT(AY47),MATCH(AY47,$AW$5:$AW$127,0),"") | BD47: =IF(ISNUMBER(BC47),AY47,ROW()-SUM($BC$4:$BD$4)) -> 6 | BE47: =IF(ISTEXT(AW47),IF(ISNUMBER(BC47),AY47,INDEX($AW$5:$AW$140,MATCH(BD47,$BB$5:$BB$185,0),1)),"") -> sfr.reach24.csv | BG47: =IF(ISNUMBER(MATCH($BE47,Z$5:Z$501,0)),INDEX(Z$5:Z$501,MATCH($BE47,Z$5:Z$501,0),1),"") | BH47: =IF(ISNUMBER(MATCH($BE47,AA$5:AA$501,0)),INDEX(AA$5:AA$501,MATCH($BE47,AA$5:AA$501,0),1),"") | BI47: =IF(ISNUMBER(MATCH($BE47,AB$5:AB$501,0)),INDEX(AB$5:AB$501,MATCH($BE47,AB$5:AB$501,0),1),"") -> sfr.reach24.csv | BJ47: =IF(ISNUMBER(MATCH($BE47,AC$5:AC$501,0)),INDEX(AC$5:AC$501,MATCH($BE47,AC$5:AC$501,0),1),"") | BK47: =IF(ISNUMBER(MATCH($BE47,AD$5:AD$501,0)),INDEX(AD$5:AD$501,MATCH($BE47,AD$5:AD$501,0),1),"") | BL47: =IF(ISNUMBER(MATCH($BE47,AE$5:AE$501,0)),INDEX(AE$5:AE$501,MATCH($BE47,AE$5:AE$501,0),1),"") | BM47: =IF(ISNUMBER(MATCH($BE47,AF$5:AF$501,0)),INDEX(AF$5:AF$501,MATCH($BE47,AF$5:AF$501,0),1),"")
B48: =IF(ISNUMBER(MATCH(O48,$N$5:$N$1000,0)),MATCH(O48,$N$5:$N$1000,0),"") | C48: =IF(ISNUMBER(B48),MAX(C$4:C47)+1,"") | D48: =IF(IF(ISNUMBER(B48),"",MAX(D$4:D47)+1)<=D$3,IF(ISNUMBER(B48),"",MAX(D$4:D47)+1),"") | E48: =IF(M48<=D$3,MATCH(M48,D$5:D$1000,0),"") | F48: =IF(ISNUMBER(E48),INDEX($N$5:$N$1000,E48,1),"") | G48: =IF(ISNUMBER(C48),N48,IF(ISTEXT(N48),INDEX($F$5:$F$1000,MATCH(M48,$E$5:$E$1000,0),1),"")) | H48: =IF(O48="","",IF(ISNUMBER(MATCH(O48,$G$5:$G$1000,0)),"",IF(D48=1,C$3,0)+MAX(H$4:H47)+1)) | I48: =IF(O48="","",IF(ISNUMBER(MATCH(O48,$G$5:$G$1000,0)),"",IF(D48=1,B$4,0)+MAX(I$4:I47)+1)) | J48: =IF(ISNUMBER(MATCH(M48,$I$5:$I$1000,0)),INDEX($O$5:$O$1000,MATCH(M48,$I$5:$I$1000,0),1),"") -> .lak.bin | K48: =IF(P48="",0,1) -> 1 | M48: =IF(ROW()-ROW(M$4)<=1000,ROW()-ROW(M$4),"") -> 44 | P48: =IF(M48<=$B$4,IF(ISTEXT(G48),G48,""),IF(ISTEXT(J48),J48,"")) -> .lak.bin | R48: =IF(ROW()-ROW(R$4)<=AH$3,ROW()-ROW(R$4),"") | S48: =IF(ROW()-ROW(S$4)<=AI$3,ROW()-ROW(S$4),"") | T48: =IF(ROW()-ROW(T$4)<=AJ$3,ROW()-ROW(T$4),"") | U48: =IF(ROW()-ROW(U$4)<=AK$3,ROW()-ROW(U$4),"") | V48: =IF(ROW()-ROW(V$4)<=AL$3,ROW()-ROW(V$4),"") | W48: =IF(ROW()-ROW(W$4)<=AM$3,ROW()-ROW(W$4),"") | X48: =IF(ROW()-ROW(X$4)<=AN$3,ROW()-ROW(X$4),"") | Z48: =IF(ISNUMBER(R48),INDEX($BE$5:$BE$2999,MATCH(R48,AH$5:AH$2999,0),1),"") | AA48: =IF(ISNUMBER(S48),INDEX($BE$5:$BE$2999,MATCH(S48,AI$5:AI$2999,0),1),"") | AB48: =IF(ISNUMBER(T48),INDEX($BE$5:$BE$2999,MATCH(T48,AJ$5:AJ$2999,0),1),"") | AC48: =IF(ISNUMBER(U48),INDEX($BE$5:$BE$2999,MATCH(U48,AK$5:AK$2999,0),1),"") | AD48: =IF(ISNUMBER(V48),INDEX($BE$5:$BE$2999,MATCH(V48,AL$5:AL$2999,0),1),"") | AE48: =IF(ISNUMBER(W48),INDEX($BE$5:$BE$2999,MATCH(W48,AM$5:AM$2999,0),1),"") | AF48: =IF(ISNUMBER(X48),INDEX($BE$5:$BE$2999,MATCH(X48,AN$5:AN$2999,0),1),"") | AH48: =IF($BE48="","",IF(ISNUMBER(MATCH($BE48,AP$5:AP$29999,0)),MAX(AH$4:AH47)+1,0)) -> 0 | AI48: =IF($BE48="","",IF(ISNUMBER(MATCH($BE48,AQ$5:AQ$29999,0)),MAX(AI$4:AI47)+1,0)) -> 0 | AJ48: =IF($BE48="","",IF(ISNUMBER(MATCH($BE48,AR$5:AR$29999,0)),MAX(AJ$4:AJ47)+1,0)) -> 34 | AK48: =IF($BE48="","",IF(ISNUMBER(MATCH($BE48,AS$5:AS$29999,0)),MAX(AK$4:AK47)+1,0)) -> 0 | AL48: =IF($BE48="","",IF(ISNUMBER(MATCH($BE48,AT$5:AT$29999,0)),MAX(AL$4:AL47)+1,0)) -> 0 | AM48: =IF($BE48="","",IF(ISNUMBER(MATCH($BE48,AU$5:AU$29999,0)),MAX(AM$4:AM47)+1,0)) -> 0 | AN48: =IF($BE48="","",IF(ISNUMBER(MATCH($BE48,AV$5:AV$29999,0)),MAX(AN$4:AN47)+1,0)) -> 0 | AW48: sfr.reach29.csv | BB48: =IF(ISTEXT(AW48),IF(ISNUMBER(MATCH(AW48,$AY$5:$AY$100,0)),0,MAX(BB$4:BB47)+1),"") -> 7 | BC48: =IF(ISTEXT(AY48),MATCH(AY48,$AW$5:$AW$127,0),"") | BD48: =IF(ISNUMBER(BC48),AY48,ROW()-SUM($BC$4:$BD$4)) -> 7 | BE48: =IF(ISTEXT(AW48),IF(ISNUMBER(BC48),AY48,INDEX($AW$5:$AW$140,MATCH(BD48,$BB$5:$BB$185,0),1)),"") -> sfr.reach29.csv | BG48: =IF(ISNUMBER(MATCH($BE48,Z$5:Z$501,0)),INDEX(Z$5:Z$501,MATCH($BE48,Z$5:Z$501,0),1),"") | BH48: =IF(ISNUMBER(MATCH($BE48,AA$5:AA$501,0)),INDEX(AA$5:AA$501,MATCH($BE48,AA$5:AA$501,0),1),"") | BI48: =IF(ISNUMBER(MATCH($BE48,AB$5:AB$501,0)),INDEX(AB$5:AB$501,MATCH($BE48,AB$5:AB$501,0),1),"") -> sfr.reach29.csv | BJ48: =IF(ISNUMBER(MATCH($BE48,AC$5:AC$501,0)),INDEX(AC$5:AC$501,MATCH($BE48,AC$5:AC$501,0),1),"") | BK48: =IF(ISNUMBER(MATCH($BE48,AD$5:AD$501,0)),INDEX(AD$5:AD$501,MATCH($BE48,AD$5:AD$501,0),1),"") | BL48: =IF(ISNUMBER(MATCH($BE48,AE$5:AE$501,0)),INDEX(AE$5:AE$501,MATCH($BE48,AE$5:AE$501,0),1),"") | BM48: =IF(ISNUMBER(MATCH($BE48,AF$5:AF$501,0)),INDEX(AF$5:AF$501,MATCH($BE48,AF$5:AF$501,0),1),"")
B49: =IF(ISNUMBER(MATCH(O49,$N$5:$N$1000,0)),MATCH(O49,$N$5:$N$1000,0),"") | C49: =IF(ISNUMBER(B49),MAX(C$4:C48)+1,"") | D49: =IF(IF(ISNUMBER(B49),"",MAX(D$4:D48)+1)<=D$3,IF(ISNUMBER(B49),"",MAX(D$4:D48)+1),"") | E49: =IF(M49<=D$3,MATCH(M49,D$5:D$1000,0),"") | F49: =IF(ISNUMBER(E49),INDEX($N$5:$N$1000,E49,1),"") | G49: =IF(ISNUMBER(C49),N49,IF(ISTEXT(N49),INDEX($F$5:$F$1000,MATCH(M49,$E$5:$E$1000,0),1),"")) | H49: =IF(O49="","",IF(ISNUMBER(MATCH(O49,$G$5:$G$1000,0)),"",IF(D49=1,C$3,0)+MAX(H$4:H48)+1)) | I49: =IF(O49="","",IF(ISNUMBER(MATCH(O49,$G$5:$G$1000,0)),"",IF(D49=1,B$4,0)+MAX(I$4:I48)+1)) | J49: =IF(ISNUMBER(MATCH(M49,$I$5:$I$1000,0)),INDEX($O$5:$O$1000,MATCH(M49,$I$5:$I$1000,0),1),"") -> .sfr.bin | K49: =IF(P49="",0,1) -> 1 | M49: =IF(ROW()-ROW(M$4)<=1000,ROW()-ROW(M$4),"") -> 45 | P49: =IF(M49<=$B$4,IF(ISTEXT(G49),G49,""),IF(ISTEXT(J49),J49,"")) -> .sfr.bin | R49: =IF(ROW()-ROW(R$4)<=AH$3,ROW()-ROW(R$4),"") | S49: =IF(ROW()-ROW(S$4)<=AI$3,ROW()-ROW(S$4),"") | T49: =IF(ROW()-ROW(T$4)<=AJ$3,ROW()-ROW(T$4),"") | U49: =IF(ROW()-ROW(U$4)<=AK$3,ROW()-ROW(U$4),"") | V49: =IF(ROW()-ROW(V$4)<=AL$3,ROW()-ROW(V$4),"") | W49: =IF(ROW()-ROW(W$4)<=AM$3,ROW()-ROW(W$4),"") | X49: =IF(ROW()-ROW(X$4)<=AN$3,ROW()-ROW(X$4),"") | Z49: =IF(ISNUMBER(R49),INDEX($BE$5:$BE$2999,MATCH(R49,AH$5:AH$2999,0),1),"") | AA49: =IF(ISNUMBER(S49),INDEX($BE$5:$BE$2999,MATCH(S49,AI$5:AI$2999,0),1),"") | AB49: =IF(ISNUMBER(T49),INDEX($BE$5:$BE$2999,MATCH(T49,AJ$5:AJ$2999,0),1),"") | AC49: =IF(ISNUMBER(U49),INDEX($BE$5:$BE$2999,MATCH(U49,AK$5:AK$2999,0),1),"") | AD49: =IF(ISNUMBER(V49),INDEX($BE$5:$BE$2999,MATCH(V49,AL$5:AL$2999,0),1),"") | AE49: =IF(ISNUMBER(W49),INDEX($BE$5:$BE$2999,MATCH(W49,AM$5:AM$2999,0),1),"") | AF49: =IF(ISNUMBER(X49),INDEX($BE$5:$BE$2999,MATCH(X49,AN$5:AN$2999,0),1),"") | AH49: =IF($BE49="","",IF(ISNUMBER(MATCH($BE49,AP$5:AP$29999,0)),MAX(AH$4:AH48)+1,0)) -> 0 | AI49: =IF($BE49="","",IF(ISNUMBER(MATCH($BE49,AQ$5:AQ$29999,0)),MAX(AI$4:AI48)+1,0)) -> 0 | AJ49: =IF($BE49="","",IF(ISNUMBER(MATCH($BE49,AR$5:AR$29999,0)),MAX(AJ$4:AJ48)+1,0)) -> 35 | AK49: =IF($BE49="","",IF(ISNUMBER(MATCH($BE49,AS$5:AS$29999,0)),MAX(AK$4:AK48)+1,0)) -> 0 | AL49: =IF($BE49="","",IF(ISNUMBER(MATCH($BE49,AT$5:AT$29999,0)),MAX(AL$4:AL48)+1,0)) -> 0 | AM49: =IF($BE49="","",IF(ISNUMBER(MATCH($BE49,AU$5:AU$29999,0)),MAX(AM$4:AM48)+1,0)) -> 0 | AN49: =IF($BE49="","",IF(ISNUMBER(MATCH($BE49,AV$5:AV$29999,0)),MAX(AN$4:AN48)+1,0)) -> 0 | AW49: sfr.reach31.csv | BB49: =IF(ISTEXT(AW49),IF(ISNUMBER(MATCH(AW49,$AY$5:$AY$100,0)),0,MAX(BB$4:BB48)+1),"") -> 8 | BC49: =IF(ISTEXT(AY49),MATCH(AY49,$AW$5:$AW$127,0),"") | BD49: =IF(ISNUMBER(BC49),AY49,ROW()-SUM($BC$4:$BD$4)) -> 8 | BE49: =IF(ISTEXT(AW49),IF(ISNUMBER(BC49),AY49,INDEX($AW$5:$AW$140,MATCH(BD49,$BB$5:$BB$185,0),1)),"") -> sfr.reach31.csv | BG49: =IF(ISNUMBER(MATCH($BE49,Z$5:Z$501,0)),INDEX(Z$5:Z$501,MATCH($BE49,Z$5:Z$501,0),1),"") | BH49: =IF(ISNUMBER(MATCH($BE49,AA$5:AA$501,0)),INDEX(AA$5:AA$501,MATCH($BE49,AA$5:AA$501,0),1),"") | BI49: =IF(ISNUMBER(MATCH($BE49,AB$5:AB$501,0)),INDEX(AB$5:AB$501,MATCH($BE49,AB$5:AB$501,0),1),"") -> sfr.reach31.csv | BJ49: =IF(ISNUMBER(MATCH($BE49,AC$5:AC$501,0)),INDEX(AC$5:AC$501,MATCH($BE49,AC$5:AC$501,0),1),"") | BK49: =IF(ISNUMBER(MATCH($BE49,AD$5:AD$501,0)),INDEX(AD$5:AD$501,MATCH($BE49,AD$5:AD$501,0),1),"") | BL49: =IF(ISNUMBER(MATCH($BE49,AE$5:AE$501,0)),INDEX(AE$5:AE$501,MATCH($BE49,AE$5:AE$501,0),1),"") | BM49: =IF(ISNUMBER(MATCH($BE49,AF$5:AF$501,0)),INDEX(AF$5:AF$501,MATCH($BE49,AF$5:AF$501,0),1),"")
B50: =IF(ISNUMBER(MATCH(O50,$N$5:$N$1000,0)),MATCH(O50,$N$5:$N$1000,0),"") | C50: =IF(ISNUMBER(B50),MAX(C$4:C49)+1,"") | D50: =IF(IF(ISNUMBER(B50),"",MAX(D$4:D49)+1)<=D$3,IF(ISNUMBER(B50),"",MAX(D$4:D49)+1),"") | E50: =IF(M50<=D$3,MATCH(M50,D$5:D$1000,0),"") | F50: =IF(ISNUMBER(E50),INDEX($N$5:$N$1000,E50,1),"") | G50: =IF(ISNUMBER(C50),N50,IF(ISTEXT(N50),INDEX($F$5:$F$1000,MATCH(M50,$E$5:$E$1000,0),1),"")) | H50: =IF(O50="","",IF(ISNUMBER(MATCH(O50,$G$5:$G$1000,0)),"",IF(D50=1,C$3,0)+MAX(H$4:H49)+1)) | I50: =IF(O50="","",IF(ISNUMBER(MATCH(O50,$G$5:$G$1000,0)),"",IF(D50=1,B$4,0)+MAX(I$4:I49)+1)) | J50: =IF(ISNUMBER(MATCH(M50,$I$5:$I$1000,0)),INDEX($O$5:$O$1000,MATCH(M50,$I$5:$I$1000,0),1),"") -> .sfr.obs.csv | K50: =IF(P50="",0,1) -> 1 | M50: =IF(ROW()-ROW(M$4)<=1000,ROW()-ROW(M$4),"") -> 46 | P50: =IF(M50<=$B$4,IF(ISTEXT(G50),G50,""),IF(ISTEXT(J50),J50,"")) -> .sfr.obs.csv | R50: =IF(ROW()-ROW(R$4)<=AH$3,ROW()-ROW(R$4),"") | S50: =IF(ROW()-ROW(S$4)<=AI$3,ROW()-ROW(S$4),"") | T50: =IF(ROW()-ROW(T$4)<=AJ$3,ROW()-ROW(T$4),"") | U50: =IF(ROW()-ROW(U$4)<=AK$3,ROW()-ROW(U$4),"") | V50: =IF(ROW()-ROW(V$4)<=AL$3,ROW()-ROW(V$4),"") | W50: =IF(ROW()-ROW(W$4)<=AM$3,ROW()-ROW(W$4),"") | X50: =IF(ROW()-ROW(X$4)<=AN$3,ROW()-ROW(X$4),"") | Z50: =IF(ISNUMBER(R50),INDEX($BE$5:$BE$2999,MATCH(R50,AH$5:AH$2999,0),1),"") | AA50: =IF(ISNUMBER(S50),INDEX($BE$5:$BE$2999,MATCH(S50,AI$5:AI$2999,0),1),"") | AB50: =IF(ISNUMBER(T50),INDEX($BE$5:$BE$2999,MATCH(T50,AJ$5:AJ$2999,0),1),"") | AC50: =IF(ISNUMBER(U50),INDEX($BE$5:$BE$2999,MATCH(U50,AK$5:AK$2999,0),1),"") | AD50: =IF(ISNUMBER(V50),INDEX($BE$5:$BE$2999,MATCH(V50,AL$5:AL$2999,0),1),"") | AE50: =IF(ISNUMBER(W50),INDEX($BE$5:$BE$2999,MATCH(W50,AM$5:AM$2999,0),1),"") | AF50: =IF(ISNUMBER(X50),INDEX($BE$5:$BE$2999,MATCH(X50,AN$5:AN$2999,0),1),"") | AH50: =IF($BE50="","",IF(ISNUMBER(MATCH($BE50,AP$5:AP$29999,0)),MAX(AH$4:AH49)+1,0)) -> 0 | AI50: =IF($BE50="","",IF(ISNUMBER(MATCH($BE50,AQ$5:AQ$29999,0)),MAX(AI$4:AI49)+1,0)) -> 0 | AJ50: =IF($BE50="","",IF(ISNUMBER(MATCH($BE50,AR$5:AR$29999,0)),MAX(AJ$4:AJ49)+1,0)) -> 36 | AK50: =IF($BE50="","",IF(ISNUMBER(MATCH($BE50,AS$5:AS$29999,0)),MAX(AK$4:AK49)+1,0)) -> 0 | AL50: =IF($BE50="","",IF(ISNUMBER(MATCH($BE50,AT$5:AT$29999,0)),MAX(AL$4:AL49)+1,0)) -> 0 | AM50: =IF($BE50="","",IF(ISNUMBER(MATCH($BE50,AU$5:AU$29999,0)),MAX(AM$4:AM49)+1,0)) -> 0 | AN50: =IF($BE50="","",IF(ISNUMBER(MATCH($BE50,AV$5:AV$29999,0)),MAX(AN$4:AN49)+1,0)) -> 0 | AW50: sfr.stage.csv | BB50: =IF(ISTEXT(AW50),IF(ISNUMBER(MATCH(AW50,$AY$5:$AY$100,0)),0,MAX(BB$4:BB49)+1),"") -> 9 | BC50: =IF(ISTEXT(AY50),MATCH(AY50,$AW$5:$AW$127,0),"") | BD50: =IF(ISNUMBER(BC50),AY50,ROW()-SUM($BC$4:$BD$4)) -> 9 | BE50: =IF(ISTEXT(AW50),IF(ISNUMBER(BC50),AY50,INDEX($AW$5:$AW$140,MATCH(BD50,$BB$5:$BB$185,0),1)),"") -> sfr.stage.csv | BG50: =IF(ISNUMBER(MATCH($BE50,Z$5:Z$501,0)),INDEX(Z$5:Z$501,MATCH($BE50,Z$5:Z$501,0),1),"") | BH50: =IF(ISNUMBER(MATCH($BE50,AA$5:AA$501,0)),INDEX(AA$5:AA$501,MATCH($BE50,AA$5:AA$501,0),1),"") | BI50: =IF(ISNUMBER(MATCH($BE50,AB$5:AB$501,0)),INDEX(AB$5:AB$501,MATCH($BE50,AB$5:AB$501,0),1),"") -> sfr.stage.csv | BJ50: =IF(ISNUMBER(MATCH($BE50,AC$5:AC$501,0)),INDEX(AC$5:AC$501,MATCH($BE50,AC$5:AC$501,0),1),"") | BK50: =IF(ISNUMBER(MATCH($BE50,AD$5:AD$501,0)),INDEX(AD$5:AD$501,MATCH($BE50,AD$5:AD$501,0),1),"") | BL50: =IF(ISNUMBER(MATCH($BE50,AE$5:AE$501,0)),INDEX(AE$5:AE$501,MATCH($BE50,AE$5:AE$501,0),1),"") | BM50: =IF(ISNUMBER(MATCH($BE50,AF$5:AF$501,0)),INDEX(AF$5:AF$501,MATCH($BE50,AF$5:AF$501,0),1),"")
B51: =IF(ISNUMBER(MATCH(O51,$N$5:$N$1000,0)),MATCH(O51,$N$5:$N$1000,0),"") | C51: =IF(ISNUMBER(B51),MAX(C$4:C50)+1,"") | D51: =IF(IF(ISNUMBER(B51),"",MAX(D$4:D50)+1)<=D$3,IF(ISNUMBER(B51),"",MAX(D$4:D50)+1),"") | E51: =IF(M51<=D$3,MATCH(M51,D$5:D$1000,0),"") | F51: =IF(ISNUMBER(E51),INDEX($N$5:$N$1000,E51,1),"") | G51: =IF(ISNUMBER(C51),N51,IF(ISTEXT(N51),INDEX($F$5:$F$1000,MATCH(M51,$E$5:$E$1000,0),1),"")) | H51: =IF(O51="","",IF(ISNUMBER(MATCH(O51,$G$5:$G$1000,0)),"",IF(D51=1,C$3,0)+MAX(H$4:H50)+1)) | I51: =IF(O51="","",IF(ISNUMBER(MATCH(O51,$G$5:$G$1000,0)),"",IF(D51=1,B$4,0)+MAX(I$4:I50)+1)) | J51: =IF(ISNUMBER(MATCH(M51,$I$5:$I$1000,0)),INDEX($O$5:$O$1000,MATCH(M51,$I$5:$I$1000,0),1),"") | K51: =IF(P51="",0,1) -> 0 | M51: =IF(ROW()-ROW(M$4)<=1000,ROW()-ROW(M$4),"") -> 47 | P51: =IF(M51<=$B$4,IF(ISTEXT(G51),G51,""),IF(ISTEXT(J51),J51,"")) | R51: =IF(ROW()-ROW(R$4)<=AH$3,ROW()-ROW(R$4),"") | S51: =IF(ROW()-ROW(S$4)<=AI$3,ROW()-ROW(S$4),"") | T51: =IF(ROW()-ROW(T$4)<=AJ$3,ROW()-ROW(T$4),"") | U51: =IF(ROW()-ROW(U$4)<=AK$3,ROW()-ROW(U$4),"") | V51: =IF(ROW()-ROW(V$4)<=AL$3,ROW()-ROW(V$4),"") | W51: =IF(ROW()-ROW(W$4)<=AM$3,ROW()-ROW(W$4),"") | X51: =IF(ROW()-ROW(X$4)<=AN$3,ROW()-ROW(X$4),"") | Z51: =IF(ISNUMBER(R51),INDEX($BE$5:$BE$2999,MATCH(R51,AH$5:AH$2999,0),1),"") | AA51: =IF(ISNUMBER(S51),INDEX($BE$5:$BE$2999,MATCH(S51,AI$5:AI$2999,0),1),"") | AB51: =IF(ISNUMBER(T51),INDEX($BE$5:$BE$2999,MATCH(T51,AJ$5:AJ$2999,0),1),"") | AC51: =IF(ISNUMBER(U51),INDEX($BE$5:$BE$2999,MATCH(U51,AK$5:AK$2999,0),1),"") | AD51: =IF(ISNUMBER(V51),INDEX($BE$5:$BE$2999,MATCH(V51,AL$5:AL$2999,0),1),"") | AE51: =IF(ISNUMBER(W51),INDEX($BE$5:$BE$2999,MATCH(W51,AM$5:AM$2999,0),1),"") | AF51: =IF(ISNUMBER(X51),INDEX($BE$5:$BE$2999,MATCH(X51,AN$5:AN$2999,0),1),"") | AH51: =IF($BE51="","",IF(ISNUMBER(MATCH($BE51,AP$5:AP$29999,0)),MAX(AH$4:AH50)+1,0)) | AI51: =IF($BE51="","",IF(ISNUMBER(MATCH($BE51,AQ$5:AQ$29999,0)),MAX(AI$4:AI50)+1,0)) | AJ51: =IF($BE51="","",IF(ISNUMBER(MATCH($BE51,AR$5:AR$29999,0)),MAX(AJ$4:AJ50)+1,0)) | AK51: =IF($BE51="","",IF(ISNUMBER(MATCH($BE51,AS$5:AS$29999,0)),MAX(AK$4:AK50)+1,0)) | AL51: =IF($BE51="","",IF(ISNUMBER(MATCH($BE51,AT$5:AT$29999,0)),MAX(AL$4:AL50)+1,0)) | AM51: =IF($BE51="","",IF(ISNUMBER(MATCH($BE51,AU$5:AU$29999,0)),MAX(AM$4:AM50)+1,0)) | AN51: =IF($BE51="","",IF(ISNUMBER(MATCH($BE51,AV$5:AV$29999,0)),MAX(AN$4:AN50)+1,0)) | BB51: =IF(ISTEXT(AW51),IF(ISNUMBER(MATCH(AW51,$AY$5:$AY$100,0)),0,MAX(BB$4:BB50)+1),"") | BC51: =IF(ISTEXT(AY51),MATCH(AY51,$AW$5:$AW$127,0),"") | BD51: =IF(ISNUMBER(BC51),AY51,ROW()-SUM($BC$4:$BD$4)) -> 10 | BG51: =IF(ISNUMBER(MATCH($BE51,Z$5:Z$501,0)),INDEX(Z$5:Z$501,MATCH($BE51,Z$5:Z$501,0),1),"") | BH51: =IF(ISNUMBER(MATCH($BE51,AA$5:AA$501,0)),INDEX(AA$5:AA$501,MATCH($BE51,AA$5:AA$501,0),1),"") | BI51: =IF(ISNUMBER(MATCH($BE51,AB$5:AB$501,0)),INDEX(AB$5:AB$501,MATCH($BE51,AB$5:AB$501,0),1),"") | BJ51: =IF(ISNUMBER(MATCH($BE51,AC$5:AC$501,0)),INDEX(AC$5:AC$501,MATCH($BE51,AC$5:AC$501,0),1),"") | BK51: =IF(ISNUMBER(MATCH($BE51,AD$5:AD$501,0)),INDEX(AD$5:AD$501,MATCH($BE51,AD$5:AD$501,0),1),"") | BL51: =IF(ISNUMBER(MATCH($BE51,AE$5:AE$501,0)),INDEX(AE$5:AE$501,MATCH($BE51,AE$5:AE$501,0),1),"") | BM51: =IF(ISNUMBER(MATCH($BE51,AF$5:AF$501,0)),INDEX(AF$5:AF$501,MATCH($BE51,AF$5:AF$501,0),1),"")
B52: =IF(ISNUMBER(MATCH(O52,$N$5:$N$1000,0)),MATCH(O52,$N$5:$N$1000,0),"") | C52: =IF(ISNUMBER(B52),MAX(C$4:C51)+1,"") | D52: =IF(IF(ISNUMBER(B52),"",MAX(D$4:D51)+1)<=D$3,IF(ISNUMBER(B52),"",MAX(D$4:D51)+1),"") | E52: =IF(M52<=D$3,MATCH(M52,D$5:D$1000,0),"") | F52: =IF(ISNUMBER(E52),INDEX($N$5:$N$1000,E52,1),"") | G52: =IF(ISNUMBER(C52),N52,IF(ISTEXT(N52),INDEX($F$5:$F$1000,MATCH(M52,$E$5:$E$1000,0),1),"")) | H52: =IF(O52="","",IF(ISNUMBER(MATCH(O52,$G$5:$G$1000,0)),"",IF(D52=1,C$3,0)+MAX(H$4:H51)+1)) | I52: =IF(O52="","",IF(ISNUMBER(MATCH(O52,$G$5:$G$1000,0)),"",IF(D52=1,B$4,0)+MAX(I$4:I51)+1)) | J52: =IF(ISNUMBER(MATCH(M52,$I$5:$I$1000,0)),INDEX($O$5:$O$1000,MATCH(M52,$I$5:$I$1000,0),1),"") | K52: =IF(P52="",0,1) -> 0 | M52: =IF(ROW()-ROW(M$4)<=1000,ROW()-ROW(M$4),"") -> 48 | P52: =IF(M52<=$B$4,IF(ISTEXT(G52),G52,""),IF(ISTEXT(J52),J52,"")) | R52: =IF(ROW()-ROW(R$4)<=AH$3,ROW()-ROW(R$4),"") | S52: =IF(ROW()-ROW(S$4)<=AI$3,ROW()-ROW(S$4),"") | T52: =IF(ROW()-ROW(T$4)<=AJ$3,ROW()-ROW(T$4),"") | U52: =IF(ROW()-ROW(U$4)<=AK$3,ROW()-ROW(U$4),"") | V52: =IF(ROW()-ROW(V$4)<=AL$3,ROW()-ROW(V$4),"") | W52: =IF(ROW()-ROW(W$4)<=AM$3,ROW()-ROW(W$4),"") | X52: =IF(ROW()-ROW(X$4)<=AN$3,ROW()-ROW(X$4),"") | Z52: =IF(ISNUMBER(R52),INDEX($BE$5:$BE$2999,MATCH(R52,AH$5:AH$2999,0),1),"") | AA52: =IF(ISNUMBER(S52),INDEX($BE$5:$BE$2999,MATCH(S52,AI$5:AI$2999,0),1),"") | AB52: =IF(ISNUMBER(T52),INDEX($BE$5:$BE$2999,MATCH(T52,AJ$5:AJ$2999,0),1),"") | AC52: =IF(ISNUMBER(U52),INDEX($BE$5:$BE$2999,MATCH(U52,AK$5:AK$2999,0),1),"") | AD52: =IF(ISNUMBER(V52),INDEX($BE$5:$BE$2999,MATCH(V52,AL$5:AL$2999,0),1),"") | AE52: =IF(ISNUMBER(W52),INDEX($BE$5:$BE$2999,MATCH(W52,AM$5:AM$2999,0),1),"") | AF52: =IF(ISNUMBER(X52),INDEX($BE$5:$BE$2999,MATCH(X52,AN$5:AN$2999,0),1),"") | AH52: =IF($BE52="","",IF(ISNUMBER(MATCH($BE52,AP$5:AP$29999,0)),MAX(AH$4:AH51)+1,0)) | AI52: =IF($BE52="","",IF(ISNUMBER(MATCH($BE52,AQ$5:AQ$29999,0)),MAX(AI$4:AI51)+1,0)) | AJ52: =IF($BE52="","",IF(ISNUMBER(MATCH($BE52,AR$5:AR$29999,0)),MAX(AJ$4:AJ51)+1,0)) | AK52: =IF($BE52="","",IF(ISNUMBER(MATCH($BE52,AS$5:AS$29999,0)),MAX(AK$4:AK51)+1,0)) | AL52: =IF($BE52="","",IF(ISNUMBER(MATCH($BE52,AT$5:AT$29999,0)),MAX(AL$4:AL51)+1,0)) | AM52: =IF($BE52="","",IF(ISNUMBER(MATCH($BE52,AU$5:AU$29999,0)),MAX(AM$4:AM51)+1,0)) | AN52: =IF($BE52="","",IF(ISNUMBER(MATCH($BE52,AV$5:AV$29999,0)),MAX(AN$4:AN51)+1,0)) | BB52: =IF(ISTEXT(AW52),IF(ISNUMBER(MATCH(AW52,$AY$5:$AY$100,0)),0,MAX(BB$4:BB51)+1),"") | BC52: =IF(ISTEXT(AY52),MATCH(AY52,$AW$5:$AW$127,0),"") | BD52: =IF(ISNUMBER(BC52),AY52,ROW()-SUM($BC$4:$BD$4)) -> 11 | BG52: =IF(ISNUMBER(MATCH($BE52,Z$5:Z$501,0)),INDEX(Z$5:Z$501,MATCH($BE52,Z$5:Z$501,0),1),"") | BH52: =IF(ISNUMBER(MATCH($BE52,AA$5:AA$501,0)),INDEX(AA$5:AA$501,MATCH($BE52,AA$5:AA$501,0),1),"") | BI52: =IF(ISNUMBER(MATCH($BE52,AB$5:AB$501,0)),INDEX(AB$5:AB$501,MATCH($BE52,AB$5:AB$501,0),1),"") | BJ52: =IF(ISNUMBER(MATCH($BE52,AC$5:AC$501,0)),INDEX(AC$5:AC$501,MATCH($BE52,AC$5:AC$501,0),1),"") | BK52: =IF(ISNUMBER(MATCH($BE52,AD$5:AD$501,0)),INDEX(AD$5:AD$501,MATCH($BE52,AD$5:AD$501,0),1),"") | BL52: =IF(ISNUMBER(MATCH($BE52,AE$5:AE$501,0)),INDEX(AE$5:AE$501,MATCH($BE52,AE$5:AE$501,0),1),"") | BM52: =IF(ISNUMBER(MATCH($BE52,AF$5:AF$501,0)),INDEX(AF$5:AF$501,MATCH($BE52,AF$5:AF$501,0),1),"")
B53: =IF(ISNUMBER(MATCH(O53,$N$5:$N$1000,0)),MATCH(O53,$N$5:$N$1000,0),"") | C53: =IF(ISNUMBER(B53),MAX(C$4:C52)+1,"") | D53: =IF(IF(ISNUMBER(B53),"",MAX(D$4:D52)+1)<=D$3,IF(ISNUMBER(B53),"",MAX(D$4:D52)+1),"") | E53: =IF(M53<=D$3,MATCH(M53,D$5:D$1000,0),"") | F53: =IF(ISNUMBER(E53),INDEX($N$5:$N$1000,E53,1),"") | G53: =IF(ISNUMBER(C53),N53,IF(ISTEXT(N53),INDEX($F$5:$F$1000,MATCH(M53,$E$5:$E$1000,0),1),"")) | H53: =IF(O53="","",IF(ISNUMBER(MATCH(O53,$G$5:$G$1000,0)),"",IF(D53=1,C$3,0)+MAX(H$4:H52)+1)) | I53: =IF(O53="","",IF(ISNUMBER(MATCH(O53,$G$5:$G$1000,0)),"",IF(D53=1,B$4,0)+MAX(I$4:I52)+1)) | J53: =IF(ISNUMBER(MATCH(M53,$I$5:$I$1000,0)),INDEX($O$5:$O$1000,MATCH(M53,$I$5:$I$1000,0),1),"") | M53: =IF(ROW()-ROW(M$4)<=1000,ROW()-ROW(M$4),"") -> 49 | P53: =IF(M53<=$B$4,IF(ISTEXT(G53),G53,""),IF(ISTEXT(J53),J53,"")) | R53: =IF(ROW()-ROW(R$4)<=AH$3,ROW()-ROW(R$4),"") | S53: =IF(ROW()-ROW(S$4)<=AI$3,ROW()-ROW(S$4),"") | T53: =IF(ROW()-ROW(T$4)<=AJ$3,ROW()-ROW(T$4),"") | U53: =IF(ROW()-ROW(U$4)<=AK$3,ROW()-ROW(U$4),"") | V53: =IF(ROW()-ROW(V$4)<=AL$3,ROW()-ROW(V$4),"") | W53: =IF(ROW()-ROW(W$4)<=AM$3,ROW()-ROW(W$4),"") | X53: =IF(ROW()-ROW(X$4)<=AN$3,ROW()-ROW(X$4),"") | Z53: =IF(ISNUMBER(R53),INDEX($BE$5:$BE$2999,MATCH(R53,AH$5:AH$2999,0),1),"") | AA53: =IF(ISNUMBER(S53),INDEX($BE$5:$BE$2999,MATCH(S53,AI$5:AI$2999,0),1),"") | AB53: =IF(ISNUMBER(T53),INDEX($BE$5:$BE$2999,MATCH(T53,AJ$5:AJ$2999,0),1),"") | AC53: =IF(ISNUMBER(U53),INDEX($BE$5:$BE$2999,MATCH(U53,AK$5:AK$2999,0),1),"") | AD53: =IF(ISNUMBER(V53),INDEX($BE$5:$BE$2999,MATCH(V53,AL$5:AL$2999,0),1),"") | AE53: =IF(ISNUMBER(W53),INDEX($BE$5:$BE$2999,MATCH(W53,AM$5:AM$2999,0),1),"") | AF53: =IF(ISNUMBER(X53),INDEX($BE$5:$BE$2999,MATCH(X53,AN$5:AN$2999,0),1),"") | AH53: =IF($BE53="","",IF(ISNUMBER(MATCH($BE53,AP$5:AP$29999,0)),MAX(AH$4:AH52)+1,0)) | AI53: =IF($BE53="","",IF(ISNUMBER(MATCH($BE53,AQ$5:AQ$29999,0)),MAX(AI$4:AI52)+1,0)) | AJ53: =IF($BE53="","",IF(ISNUMBER(MATCH($BE53,AR$5:AR$29999,0)),MAX(AJ$4:AJ52)+1,0)) | AK53: =IF($BE53="","",IF(ISNUMBER(MATCH($BE53,AS$5:AS$29999,0)),MAX(AK$4:AK52)+1,0)) | AL53: =IF($BE53="","",IF(ISNUMBER(MATCH($BE53,AT$5:AT$29999,0)),MAX(AL$4:AL52)+1,0)) | AM53: =IF($BE53="","",IF(ISNUMBER(MATCH($BE53,AU$5:AU$29999,0)),MAX(AM$4:AM52)+1,0)) | AN53: =IF($BE53="","",IF(ISNUMBER(MATCH($BE53,AV$5:AV$29999,0)),MAX(AN$4:AN52)+1,0)) | BB53: =IF(ISTEXT(AW53),IF(ISNUMBER(MATCH(AW53,$AY$5:$AY$100,0)),0,MAX(BB$4:BB52)+1),"") | BC53: =IF(ISTEXT(AY53),MATCH(AY53,$AW$5:$AW$127,0),"") | BD53: =IF(ISNUMBER(BC53),AY53,ROW()-SUM($BC$4:$BD$4)) -> 12 | BG53: =IF(ISNUMBER(MATCH($BE53,Z$5:Z$501,0)),INDEX(Z$5:Z$501,MATCH($BE53,Z$5:Z$501,0),1),"") | BH53: =IF(ISNUMBER(MATCH($BE53,AA$5:AA$501,0)),INDEX(AA$5:AA$501,MATCH($BE53,AA$5:AA$501,0),1),"") | BI53: =IF(ISNUMBER(MATCH($BE53,AB$5:AB$501,0)),INDEX(AB$5:AB$501,MATCH($BE53,AB$5:AB$501,0),1),"") | BJ53: =IF(ISNUMBER(MATCH($BE53,AC$5:AC$501,0)),INDEX(AC$5:AC$501,MATCH($BE53,AC$5:AC$501,0),1),"") | BK53: =IF(ISNUMBER(MATCH($BE53,AD$5:AD$501,0)),INDEX(AD$5:AD$501,MATCH($BE53,AD$5:AD$501,0),1),"") | BL53: =IF(ISNUMBER(MATCH($BE53,AE$5:AE$501,0)),INDEX(AE$5:AE$501,MATCH($BE53,AE$5:AE$501,0),1),"") | BM53: =IF(ISNUMBER(MATCH($BE53,AF$5:AF$501,0)),INDEX(AF$5:AF$501,MATCH($BE53,AF$5:AF$501,0),1),"")
B54: =IF(ISNUMBER(MATCH(O54,$N$5:$N$1000,0)),MATCH(O54,$N$5:$N$1000,0),"") | C54: =IF(ISNUMBER(B54),MAX(C$4:C53)+1,"") | D54: =IF(IF(ISNUMBER(B54),"",MAX(D$4:D53)+1)<=D$3,IF(ISNUMBER(B54),"",MAX(D$4:D53)+1),"") | E54: =IF(M54<=D$3,MATCH(M54,D$5:D$1000,0),"") | F54: =IF(ISNUMBER(E54),INDEX($N$5:$N$1000,E54,1),"") | G54: =IF(ISNUMBER(C54),N54,IF(ISTEXT(N54),INDEX($F$5:$F$1000,MATCH(M54,$E$5:$E$1000,0),1),"")) | H54: =IF(O54="","",IF(ISNUMBER(MATCH(O54,$G$5:$G$1000,0)),"",IF(D54=1,C$3,0)+MAX(H$4:H53)+1)) | I54: =IF(O54="","",IF(ISNUMBER(MATCH(O54,$G$5:$G$1000,0)),"",IF(D54=1,B$4,0)+MAX(I$4:I53)+1)) | J54: =IF(ISNUMBER(MATCH(M54,$I$5:$I$1000,0)),INDEX($O$5:$O$1000,MATCH(M54,$I$5:$I$1000,0),1),"") | M54: =IF(ROW()-ROW(M$4)<=1000,ROW()-ROW(M$4),"") -> 50 | P54: =IF(M54<=$B$4,IF(ISTEXT(G54),G54,""),IF(ISTEXT(J54),J54,"")) | R54: =IF(ROW()-ROW(R$4)<=AH$3,ROW()-ROW(R$4),"") | S54: =IF(ROW()-ROW(S$4)<=AI$3,ROW()-ROW(S$4),"") | T54: =IF(ROW()-ROW(T$4)<=AJ$3,ROW()-ROW(T$4),"") | U54: =IF(ROW()-ROW(U$4)<=AK$3,ROW()-ROW(U$4),"") | V54: =IF(ROW()-ROW(V$4)<=AL$3,ROW()-ROW(V$4),"") | W54: =IF(ROW()-ROW(W$4)<=AM$3,ROW()-ROW(W$4),"") | X54: =IF(ROW()-ROW(X$4)<=AN$3,ROW()-ROW(X$4),"") | Z54: =IF(ISNUMBER(R54),INDEX($BE$5:$BE$2999,MATCH(R54,AH$5:AH$2999,0),1),"") | AA54: =IF(ISNUMBER(S54),INDEX($BE$5:$BE$2999,MATCH(S54,AI$5:AI$2999,0),1),"") | AB54: =IF(ISNUMBER(T54),INDEX($BE$5:$BE$2999,MATCH(T54,AJ$5:AJ$2999,0),1),"") | AC54: =IF(ISNUMBER(U54),INDEX($BE$5:$BE$2999,MATCH(U54,AK$5:AK$2999,0),1),"") | AD54: =IF(ISNUMBER(V54),INDEX($BE$5:$BE$2999,MATCH(V54,AL$5:AL$2999,0),1),"") | AE54: =IF(ISNUMBER(W54),INDEX($BE$5:$BE$2999,MATCH(W54,AM$5:AM$2999,0),1),"") | AF54: =IF(ISNUMBER(X54),INDEX($BE$5:$BE$2999,MATCH(X54,AN$5:AN$2999,0),1),"") | AH54: =IF($BE54="","",IF(ISNUMBER(MATCH($BE54,AP$5:AP$29999,0)),MAX(AH$4:AH53)+1,0)) | AI54: =IF($BE54="","",IF(ISNUMBER(MATCH($BE54,AQ$5:AQ$29999,0)),MAX(AI$4:AI53)+1,0)) | AJ54: =IF($BE54="","",IF(ISNUMBER(MATCH($BE54,AR$5:AR$29999,0)),MAX(AJ$4:AJ53)+1,0)) | AK54: =IF($BE54="","",IF(ISNUMBER(MATCH($BE54,AS$5:AS$29999,0)),MAX(AK$4:AK53)+1,0)) | AL54: =IF($BE54="","",IF(ISNUMBER(MATCH($BE54,AT$5:AT$29999,0)),MAX(AL$4:AL53)+1,0)) | AM54: =IF($BE54="","",IF(ISNUMBER(MATCH($BE54,AU$5:AU$29999,0)),MAX(AM$4:AM53)+1,0)) | AN54: =IF($BE54="","",IF(ISNUMBER(MATCH($BE54,AV$5:AV$29999,0)),MAX(AN$4:AN53)+1,0)) | BB54: =IF(ISTEXT(AW54),IF(ISNUMBER(MATCH(AW54,$AY$5:$AY$100,0)),0,MAX(BB$4:BB53)+1),"") | BC54: =IF(ISTEXT(AY54),MATCH(AY54,$AW$5:$AW$127,0),"") | BD54: =IF(ISNUMBER(BC54),AY54,ROW()-SUM($BC$4:$BD$4)) -> 13 | BG54: =IF(ISNUMBER(MATCH($BE54,Z$5:Z$501,0)),INDEX(Z$5:Z$501,MATCH($BE54,Z$5:Z$501,0),1),"") | BH54: =IF(ISNUMBER(MATCH($BE54,AA$5:AA$501,0)),INDEX(AA$5:AA$501,MATCH($BE54,AA$5:AA$501,0),1),"") | BI54: =IF(ISNUMBER(MATCH($BE54,AB$5:AB$501,0)),INDEX(AB$5:AB$501,MATCH($BE54,AB$5:AB$501,0),1),"") | BJ54: =IF(ISNUMBER(MATCH($BE54,AC$5:AC$501,0)),INDEX(AC$5:AC$501,MATCH($BE54,AC$5:AC$501,0),1),"") | BK54: =IF(ISNUMBER(MATCH($BE54,AD$5:AD$501,0)),INDEX(AD$5:AD$501,MATCH($BE54,AD$5:AD$501,0),1),"") | BL54: =IF(ISNUMBER(MATCH($BE54,AE$5:AE$501,0)),INDEX(AE$5:AE$501,MATCH($BE54,AE$5:AE$501,0),1),"") | BM54: =IF(ISNUMBER(MATCH($BE54,AF$5:AF$501,0)),INDEX(AF$5:AF$501,MATCH($BE54,AF$5:AF$501,0),1),"")
B55: =IF(ISNUMBER(MATCH(O55,$N$5:$N$1000,0)),MATCH(O55,$N$5:$N$1000,0),"") | C55: =IF(ISNUMBER(B55),MAX(C$4:C54)+1,"") | D55: =IF(IF(ISNUMBER(B55),"",MAX(D$4:D54)+1)<=D$3,IF(ISNUMBER(B55),"",MAX(D$4:D54)+1),"") | E55: =IF(M55<=D$3,MATCH(M55,D$5:D$1000,0),"") | F55: =IF(ISNUMBER(E55),INDEX($N$5:$N$1000,E55,1),"") | G55: =IF(ISNUMBER(C55),N55,IF(ISTEXT(N55),INDEX($F$5:$F$1000,MATCH(M55,$E$5:$E$1000,0),1),"")) | H55: =IF(O55="","",IF(ISNUMBER(MATCH(O55,$G$5:$G$1000,0)),"",IF(D55=1,C$3,0)+MAX(H$4:H54)+1)) | I55: =IF(O55="","",IF(ISNUMBER(MATCH(O55,$G$5:$G$1000,0)),"",IF(D55=1,B$4,0)+MAX(I$4:I54)+1)) | J55: =IF(ISNUMBER(MATCH(M55,$I$5:$I$1000,0)),INDEX($O$5:$O$1000,MATCH(M55,$I$5:$I$1000,0),1),"") | M55: =IF(ROW()-ROW(M$4)<=1000,ROW()-ROW(M$4),"") -> 51 | P55: =IF(M55<=$B$4,IF(ISTEXT(G55),G55,""),IF(ISTEXT(J55),J55,"")) | R55: =IF(ROW()-ROW(R$4)<=AH$3,ROW()-ROW(R$4),"") | S55: =IF(ROW()-ROW(S$4)<=AI$3,ROW()-ROW(S$4),"") | T55: =IF(ROW()-ROW(T$4)<=AJ$3,ROW()-ROW(T$4),"") | U55: =IF(ROW()-ROW(U$4)<=AK$3,ROW()-ROW(U$4),"") | V55: =IF(ROW()-ROW(V$4)<=AL$3,ROW()-ROW(V$4),"") | W55: =IF(ROW()-ROW(W$4)<=AM$3,ROW()-ROW(W$4),"") | X55: =IF(ROW()-ROW(X$4)<=AN$3,ROW()-ROW(X$4),"") | Z55: =IF(ISNUMBER(R55),INDEX($BE$5:$BE$2999,MATCH(R55,AH$5:AH$2999,0),1),"") | AA55: =IF(ISNUMBER(S55),INDEX($BE$5:$BE$2999,MATCH(S55,AI$5:AI$2999,0),1),"") | AB55: =IF(ISNUMBER(T55),INDEX($BE$5:$BE$2999,MATCH(T55,AJ$5:AJ$2999,0),1),"") | AC55: =IF(ISNUMBER(U55),INDEX($BE$5:$BE$2999,MATCH(U55,AK$5:AK$2999,0),1),"") | AD55: =IF(ISNUMBER(V55),INDEX($BE$5:$BE$2999,MATCH(V55,AL$5:AL$2999,0),1),"") | AE55: =IF(ISNUMBER(W55),INDEX($BE$5:$BE$2999,MATCH(W55,AM$5:AM$2999,0),1),"") | AF55: =IF(ISNUMBER(X55),INDEX($BE$5:$BE$2999,MATCH(X55,AN$5:AN$2999,0),1),"") | AH55: =IF($BE55="","",IF(ISNUMBER(MATCH($BE55,AP$5:AP$29999,0)),MAX(AH$4:AH54)+1,0)) | AI55: =IF($BE55="","",IF(ISNUMBER(MATCH($BE55,AQ$5:AQ$29999,0)),MAX(AI$4:AI54)+1,0)) | AJ55: =IF($BE55="","",IF(ISNUMBER(MATCH($BE55,AR$5:AR$29999,0)),MAX(AJ$4:AJ54)+1,0)) | AK55: =IF($BE55="","",IF(ISNUMBER(MATCH($BE55,AS$5:AS$29999,0)),MAX(AK$4:AK54)+1,0)) | AL55: =IF($BE55="","",IF(ISNUMBER(MATCH($BE55,AT$5:AT$29999,0)),MAX(AL$4:AL54)+1,0)) | AM55: =IF($BE55="","",IF(ISNUMBER(MATCH($BE55,AU$5:AU$29999,0)),MAX(AM$4:AM54)+1,0)) | AN55: =IF($BE55="","",IF(ISNUMBER(MATCH($BE55,AV$5:AV$29999,0)),MAX(AN$4:AN54)+1,0)) | BB55: =IF(ISTEXT(AW55),IF(ISNUMBER(MATCH(AW55,$AY$5:$AY$100,0)),0,MAX(BB$4:BB54)+1),"") | BC55: =IF(ISTEXT(AY55),MATCH(AY55,$AW$5:$AW$127,0),"") | BD55: =IF(ISNUMBER(BC55),AY55,ROW()-SUM($BC$4:$BD$4)) -> 14 | BG55: =IF(ISNUMBER(MATCH($BE55,Z$5:Z$501,0)),INDEX(Z$5:Z$501,MATCH($BE55,Z$5:Z$501,0),1),"") | BH55: =IF(ISNUMBER(MATCH($BE55,AA$5:AA$501,0)),INDEX(AA$5:AA$501,MATCH($BE55,AA$5:AA$501,0),1),"") | BI55: =IF(ISNUMBER(MATCH($BE55,AB$5:AB$501,0)),INDEX(AB$5:AB$501,MATCH($BE55,AB$5:AB$501,0),1),"") | BJ55: =IF(ISNUMBER(MATCH($BE55,AC$5:AC$501,0)),INDEX(AC$5:AC$501,MATCH($BE55,AC$5:AC$501,0),1),"") | BK55: =IF(ISNUMBER(MATCH($BE55,AD$5:AD$501,0)),INDEX(AD$5:AD$501,MATCH($BE55,AD$5:AD$501,0),1),"") | BL55: =IF(ISNUMBER(MATCH($BE55,AE$5:AE$501,0)),INDEX(AE$5:AE$501,MATCH($BE55,AE$5:AE$501,0),1),"") | BM55: =IF(ISNUMBER(MATCH($BE55,AF$5:AF$501,0)),INDEX(AF$5:AF$501,MATCH($BE55,AF$5:AF$501,0),1),"")
B56: =IF(ISNUMBER(MATCH(O56,$N$5:$N$1000,0)),MATCH(O56,$N$5:$N$1000,0),"") | C56: =IF(ISNUMBER(B56),MAX(C$4:C55)+1,"") | D56: =IF(IF(ISNUMBER(B56),"",MAX(D$4:D55)+1)<=D$3,IF(ISNUMBER(B56),"",MAX(D$4:D55)+1),"") | E56: =IF(M56<=D$3,MATCH(M56,D$5:D$1000,0),"") | F56: =IF(ISNUMBER(E56),INDEX($N$5:$N$1000,E56,1),"") | G56: =IF(ISNUMBER(C56),N56,IF(ISTEXT(N56),INDEX($F$5:$F$1000,MATCH(M56,$E$5:$E$1000,0),1),"")) | H56: =IF(O56="","",IF(ISNUMBER(MATCH(O56,$G$5:$G$1000,0)),"",IF(D56=1,C$3,0)+MAX(H$4:H55)+1)) | I56: =IF(O56="","",IF(ISNUMBER(MATCH(O56,$G$5:$G$1000,0)),"",IF(D56=1,B$4,0)+MAX(I$4:I55)+1)) | J56: =IF(ISNUMBER(MATCH(M56,$I$5:$I$1000,0)),INDEX($O$5:$O$1000,MATCH(M56,$I$5:$I$1000,0),1),"") | M56: =IF(ROW()-ROW(M$4)<=1000,ROW()-ROW(M$4),"") -> 52 | P56: =IF(M56<=$B$4,IF(ISTEXT(G56),G56,""),IF(ISTEXT(J56),J56,"")) | R56: =IF(ROW()-ROW(R$4)<=AH$3,ROW()-ROW(R$4),"") | S56: =IF(ROW()-ROW(S$4)<=AI$3,ROW()-ROW(S$4),"") | T56: =IF(ROW()-ROW(T$4)<=AJ$3,ROW()-ROW(T$4),"") | U56: =IF(ROW()-ROW(U$4)<=AK$3,ROW()-ROW(U$4),"") | V56: =IF(ROW()-ROW(V$4)<=AL$3,ROW()-ROW(V$4),"") | W56: =IF(ROW()-ROW(W$4)<=AM$3,ROW()-ROW(W$4),"") | X56: =IF(ROW()-ROW(X$4)<=AN$3,ROW()-ROW(X$4),"") | Z56: =IF(ISNUMBER(R56),INDEX($BE$5:$BE$2999,MATCH(R56,AH$5:AH$2999,0),1),"") | AA56: =IF(ISNUMBER(S56),INDEX($BE$5:$BE$2999,MATCH(S56,AI$5:AI$2999,0),1),"") | AB56: =IF(ISNUMBER(T56),INDEX($BE$5:$BE$2999,MATCH(T56,AJ$5:AJ$2999,0),1),"") | AC56: =IF(ISNUMBER(U56),INDEX($BE$5:$BE$2999,MATCH(U56,AK$5:AK$2999,0),1),"") | AD56: =IF(ISNUMBER(V56),INDEX($BE$5:$BE$2999,MATCH(V56,AL$5:AL$2999,0),1),"") | AE56: =IF(ISNUMBER(W56),INDEX($BE$5:$BE$2999,MATCH(W56,AM$5:AM$2999,0),1),"") | AF56: =IF(ISNUMBER(X56),INDEX($BE$5:$BE$2999,MATCH(X56,AN$5:AN$2999,0),1),"") | AH56: =IF($BE56="","",IF(ISNUMBER(MATCH($BE56,AP$5:AP$29999,0)),MAX(AH$4:AH55)+1,0)) | AI56: =IF($BE56="","",IF(ISNUMBER(MATCH($BE56,AQ$5:AQ$29999,0)),MAX(AI$4:AI55)+1,0)) | AJ56: =IF($BE56="","",IF(ISNUMBER(MATCH($BE56,AR$5:AR$29999,0)),MAX(AJ$4:AJ55)+1,0)) | AK56: =IF($BE56="","",IF(ISNUMBER(MATCH($BE56,AS$5:AS$29999,0)),MAX(AK$4:AK55)+1,0)) | AL56: =IF($BE56="","",IF(ISNUMBER(MATCH($BE56,AT$5:AT$29999,0)),MAX(AL$4:AL55)+1,0)) | AM56: =IF($BE56="","",IF(ISNUMBER(MATCH($BE56,AU$5:AU$29999,0)),MAX(AM$4:AM55)+1,0)) | AN56: =IF($BE56="","",IF(ISNUMBER(MATCH($BE56,AV$5:AV$29999,0)),MAX(AN$4:AN55)+1,0)) | BB56: =IF(ISTEXT(AW56),IF(ISNUMBER(MATCH(AW56,$AY$5:$AY$100,0)),0,MAX(BB$4:BB55)+1),"") | BC56: =IF(ISTEXT(AY56),MATCH(AY56,$AW$5:$AW$127,0),"") | BD56: =IF(ISNUMBER(BC56),AY56,ROW()-SUM($BC$4:$BD$4)) -> 15 | BG56: =IF(ISNUMBER(MATCH($BE56,Z$5:Z$501,0)),INDEX(Z$5:Z$501,MATCH($BE56,Z$5:Z$501,0),1),"") | BH56: =IF(ISNUMBER(MATCH($BE56,AA$5:AA$501,0)),INDEX(AA$5:AA$501,MATCH($BE56,AA$5:AA$501,0),1),"") | BI56: =IF(ISNUMBER(MATCH($BE56,AB$5:AB$501,0)),INDEX(AB$5:AB$501,MATCH($BE56,AB$5:AB$501,0),1),"") | BJ56: =IF(ISNUMBER(MATCH($BE56,AC$5:AC$501,0)),INDEX(AC$5:AC$501,MATCH($BE56,AC$5:AC$501,0),1),"") | BK56: =IF(ISNUMBER(MATCH($BE56,AD$5:AD$501,0)),INDEX(AD$5:AD$501,MATCH($BE56,AD$5:AD$501,0),1),"") | BL56: =IF(ISNUMBER(MATCH($BE56,AE$5:AE$501,0)),INDEX(AE$5:AE$501,MATCH($BE56,AE$5:AE$501,0),1),"") | BM56: =IF(ISNUMBER(MATCH($BE56,AF$5:AF$501,0)),INDEX(AF$5:AF$501,MATCH($BE56,AF$5:AF$501,0),1),"")
B57: =IF(ISNUMBER(MATCH(O57,$N$5:$N$1000,0)),MATCH(O57,$N$5:$N$1000,0),"") | C57: =IF(ISNUMBER(B57),MAX(C$4:C56)+1,"") | D57: =IF(IF(ISNUMBER(B57),"",MAX(D$4:D56)+1)<=D$3,IF(ISNUMBER(B57),"",MAX(D$4:D56)+1),"") | E57: =IF(M57<=D$3,MATCH(M57,D$5:D$1000,0),"") | F57: =IF(ISNUMBER(E57),INDEX($N$5:$N$1000,E57,1),"") | G57: =IF(ISNUMBER(C57),N57,IF(ISTEXT(N57),INDEX($F$5:$F$1000,MATCH(M57,$E$5:$E$1000,0),1),"")) | H57: =IF(O57="","",IF(ISNUMBER(MATCH(O57,$G$5:$G$1000,0)),"",IF(D57=1,C$3,0)+MAX(H$4:H56)+1)) | I57: =IF(O57="","",IF(ISNUMBER(MATCH(O57,$G$5:$G$1000,0)),"",IF(D57=1,B$4,0)+MAX(I$4:I56)+1)) | J57: =IF(ISNUMBER(MATCH(M57,$I$5:$I$1000,0)),INDEX($O$5:$O$1000,MATCH(M57,$I$5:$I$1000,0),1),"") | M57: =IF(ROW()-ROW(M$4)<=1000,ROW()-ROW(M$4),"") -> 53 | P57: =IF(M57<=$B$4,IF(ISTEXT(G57),G57,""),IF(ISTEXT(J57),J57,"")) | R57: =IF(ROW()-ROW(R$4)<=AH$3,ROW()-ROW(R$4),"") | S57: =IF(ROW()-ROW(S$4)<=AI$3,ROW()-ROW(S$4),"") | T57: =IF(ROW()-ROW(T$4)<=AJ$3,ROW()-ROW(T$4),"") | U57: =IF(ROW()-ROW(U$4)<=AK$3,ROW()-ROW(U$4),"") | V57: =IF(ROW()-ROW(V$4)<=AL$3,ROW()-ROW(V$4),"") | W57: =IF(ROW()-ROW(W$4)<=AM$3,ROW()-ROW(W$4),"") | X57: =IF(ROW()-ROW(X$4)<=AN$3,ROW()-ROW(X$4),"") | Z57: =IF(ISNUMBER(R57),INDEX($BE$5:$BE$2999,MATCH(R57,AH$5:AH$2999,0),1),"") | AA57: =IF(ISNUMBER(S57),INDEX($BE$5:$BE$2999,MATCH(S57,AI$5:AI$2999,0),1),"") | AB57: =IF(ISNUMBER(T57),INDEX($BE$5:$BE$2999,MATCH(T57,AJ$5:AJ$2999,0),1),"") | AC57: =IF(ISNUMBER(U57),INDEX($BE$5:$BE$2999,MATCH(U57,AK$5:AK$2999,0),1),"") | AD57: =IF(ISNUMBER(V57),INDEX($BE$5:$BE$2999,MATCH(V57,AL$5:AL$2999,0),1),"") | AE57: =IF(ISNUMBER(W57),INDEX($BE$5:$BE$2999,MATCH(W57,AM$5:AM$2999,0),1),"") | AF57: =IF(ISNUMBER(X57),INDEX($BE$5:$BE$2999,MATCH(X57,AN$5:AN$2999,0),1),"") | AH57: =IF($BE57="","",IF(ISNUMBER(MATCH($BE57,AP$5:AP$29999,0)),MAX(AH$4:AH56)+1,0)) | AI57: =IF($BE57="","",IF(ISNUMBER(MATCH($BE57,AQ$5:AQ$29999,0)),MAX(AI$4:AI56)+1,0)) | AJ57: =IF($BE57="","",IF(ISNUMBER(MATCH($BE57,AR$5:AR$29999,0)),MAX(AJ$4:AJ56)+1,0)) | AK57: =IF($BE57="","",IF(ISNUMBER(MATCH($BE57,AS$5:AS$29999,0)),MAX(AK$4:AK56)+1,0)) | AL57: =IF($BE57="","",IF(ISNUMBER(MATCH($BE57,AT$5:AT$29999,0)),MAX(AL$4:AL56)+1,0)) | AM57: =IF($BE57="","",IF(ISNUMBER(MATCH($BE57,AU$5:AU$29999,0)),MAX(AM$4:AM56)+1,0)) | AN57: =IF($BE57="","",IF(ISNUMBER(MATCH($BE57,AV$5:AV$29999,0)),MAX(AN$4:AN56)+1,0)) | BB57: =IF(ISTEXT(AW57),IF(ISNUMBER(MATCH(AW57,$AY$5:$AY$100,0)),0,MAX(BB$4:BB56)+1),"") | BC57: =IF(ISTEXT(AY57),MATCH(AY57,$AW$5:$AW$127,0),"") | BD57: =IF(ISNUMBER(BC57),AY57,ROW()-SUM($BC$4:$BD$4)) -> 16 | BG57: =IF(ISNUMBER(MATCH($BE57,Z$5:Z$501,0)),INDEX(Z$5:Z$501,MATCH($BE57,Z$5:Z$501,0),1),"") | BH57: =IF(ISNUMBER(MATCH($BE57,AA$5:AA$501,0)),INDEX(AA$5:AA$501,MATCH($BE57,AA$5:AA$501,0),1),"") | BI57: =IF(ISNUMBER(MATCH($BE57,AB$5:AB$501,0)),INDEX(AB$5:AB$501,MATCH($BE57,AB$5:AB$501,0),1),"") | BJ57: =IF(ISNUMBER(MATCH($BE57,AC$5:AC$501,0)),INDEX(AC$5:AC$501,MATCH($BE57,AC$5:AC$501,0),1),"") | BK57: =IF(ISNUMBER(MATCH($BE57,AD$5:AD$501,0)),INDEX(AD$5:AD$501,MATCH($BE57,AD$5:AD$501,0),1),"") | BL57: =IF(ISNUMBER(MATCH($BE57,AE$5:AE$501,0)),INDEX(AE$5:AE$501,MATCH($BE57,AE$5:AE$501,0),1),"") | BM57: =IF(ISNUMBER(MATCH($BE57,AF$5:AF$501,0)),INDEX(AF$5:AF$501,MATCH($BE57,AF$5:AF$501,0),1),"")
B58: =IF(ISNUMBER(MATCH(O58,$N$5:$N$1000,0)),MATCH(O58,$N$5:$N$1000,0),"") | C58: =IF(ISNUMBER(B58),MAX(C$4:C57)+1,"") | D58: =IF(IF(ISNUMBER(B58),"",MAX(D$4:D57)+1)<=D$3,IF(ISNUMBER(B58),"",MAX(D$4:D57)+1),"") | E58: =IF(M58<=D$3,MATCH(M58,D$5:D$1000,0),"") | F58: =IF(ISNUMBER(E58),INDEX($N$5:$N$1000,E58,1),"") | G58: =IF(ISNUMBER(C58),N58,IF(ISTEXT(N58),INDEX($F$5:$F$1000,MATCH(M58,$E$5:$E$1000,0),1),"")) | H58: =IF(O58="","",IF(ISNUMBER(MATCH(O58,$G$5:$G$1000,0)),"",IF(D58=1,C$3,0)+MAX(H$4:H57)+1)) | I58: =IF(O58="","",IF(ISNUMBER(MATCH(O58,$G$5:$G$1000,0)),"",IF(D58=1,B$4,0)+MAX(I$4:I57)+1)) | J58: =IF(ISNUMBER(MATCH(M58,$I$5:$I$1000,0)),INDEX($O$5:$O$1000,MATCH(M58,$I$5:$I$1000,0),1),"") | M58: =IF(ROW()-ROW(M$4)<=1000,ROW()-ROW(M$4),"") -> 54 | P58: =IF(M58<=$B$4,IF(ISTEXT(G58),G58,""),IF(ISTEXT(J58),J58,"")) | R58: =IF(ROW()-ROW(R$4)<=AH$3,ROW()-ROW(R$4),"") | S58: =IF(ROW()-ROW(S$4)<=AI$3,ROW()-ROW(S$4),"") | T58: =IF(ROW()-ROW(T$4)<=AJ$3,ROW()-ROW(T$4),"") | U58: =IF(ROW()-ROW(U$4)<=AK$3,ROW()-ROW(U$4),"") | V58: =IF(ROW()-ROW(V$4)<=AL$3,ROW()-ROW(V$4),"") | W58: =IF(ROW()-ROW(W$4)<=AM$3,ROW()-ROW(W$4),"") | X58: =IF(ROW()-ROW(X$4)<=AN$3,ROW()-ROW(X$4),"") | Z58: =IF(ISNUMBER(R58),INDEX($BE$5:$BE$2999,MATCH(R58,AH$5:AH$2999,0),1),"") | AA58: =IF(ISNUMBER(S58),INDEX($BE$5:$BE$2999,MATCH(S58,AI$5:AI$2999,0),1),"") | AB58: =IF(ISNUMBER(T58),INDEX($BE$5:$BE$2999,MATCH(T58,AJ$5:AJ$2999,0),1),"") | AC58: =IF(ISNUMBER(U58),INDEX($BE$5:$BE$2999,MATCH(U58,AK$5:AK$2999,0),1),"") | AD58: =IF(ISNUMBER(V58),INDEX($BE$5:$BE$2999,MATCH(V58,AL$5:AL$2999,0),1),"") | AE58: =IF(ISNUMBER(W58),INDEX($BE$5:$BE$2999,MATCH(W58,AM$5:AM$2999,0),1),"") | AF58: =IF(ISNUMBER(X58),INDEX($BE$5:$BE$2999,MATCH(X58,AN$5:AN$2999,0),1),"") | AH58: =IF($BE58="","",IF(ISNUMBER(MATCH($BE58,AP$5:AP$29999,0)),MAX(AH$4:AH57)+1,0)) | AI58: =IF($BE58="","",IF(ISNUMBER(MATCH($BE58,AQ$5:AQ$29999,0)),MAX(AI$4:AI57)+1,0)) | AJ58: =IF($BE58="","",IF(ISNUMBER(MATCH($BE58,AR$5:AR$29999,0)),MAX(AJ$4:AJ57)+1,0)) | AK58: =IF($BE58="","",IF(ISNUMBER(MATCH($BE58,AS$5:AS$29999,0)),MAX(AK$4:AK57)+1,0)) | AL58: =IF($BE58="","",IF(ISNUMBER(MATCH($BE58,AT$5:AT$29999,0)),MAX(AL$4:AL57)+1,0)) | AM58: =IF($BE58="","",IF(ISNUMBER(MATCH($BE58,AU$5:AU$29999,0)),MAX(AM$4:AM57)+1,0)) | AN58: =IF($BE58="","",IF(ISNUMBER(MATCH($BE58,AV$5:AV$29999,0)),MAX(AN$4:AN57)+1,0)) | BB58: =IF(ISTEXT(AW58),IF(ISNUMBER(MATCH(AW58,$AY$5:$AY$100,0)),0,MAX(BB$4:BB57)+1),"") | BC58: =IF(ISTEXT(AY58),MATCH(AY58,$AW$5:$AW$127,0),"") | BD58: =IF(ISNUMBER(BC58),AY58,ROW()-SUM($BC$4:$BD$4)) -> 17 | BG58: =IF(ISNUMBER(MATCH($BE58,Z$5:Z$501,0)),INDEX(Z$5:Z$501,MATCH($BE58,Z$5:Z$501,0),1),"") | BH58: =IF(ISNUMBER(MATCH($BE58,AA$5:AA$501,0)),INDEX(AA$5:AA$501,MATCH($BE58,AA$5:AA$501,0),1),"") | BI58: =IF(ISNUMBER(MATCH($BE58,AB$5:AB$501,0)),INDEX(AB$5:AB$501,MATCH($BE58,AB$5:AB$501,0),1),"") | BJ58: =IF(ISNUMBER(MATCH($BE58,AC$5:AC$501,0)),INDEX(AC$5:AC$501,MATCH($BE58,AC$5:AC$501,0),1),"") | BK58: =IF(ISNUMBER(MATCH($BE58,AD$5:AD$501,0)),INDEX(AD$5:AD$501,MATCH($BE58,AD$5:AD$501,0),1),"") | BL58: =IF(ISNUMBER(MATCH($BE58,AE$5:AE$501,0)),INDEX(AE$5:AE$501,MATCH($BE58,AE$5:AE$501,0),1),"") | BM58: =IF(ISNUMBER(MATCH($BE58,AF$5:AF$501,0)),INDEX(AF$5:AF$501,MATCH($BE58,AF$5:AF$501,0),1),"")
B59: =IF(ISNUMBER(MATCH(O59,$N$5:$N$1000,0)),MATCH(O59,$N$5:$N$1000,0),"") | C59: =IF(ISNUMBER(B59),MAX(C$4:C58)+1,"") | D59: =IF(IF(ISNUMBER(B59),"",MAX(D$4:D58)+1)<=D$3,IF(ISNUMBER(B59),"",MAX(D$4:D58)+1),"") | E59: =IF(M59<=D$3,MATCH(M59,D$5:D$1000,0),"") | F59: =IF(ISNUMBER(E59),INDEX($N$5:$N$1000,E59,1),"") | G59: =IF(ISNUMBER(C59),N59,IF(ISTEXT(N59),INDEX($F$5:$F$1000,MATCH(M59,$E$5:$E$1000,0),1),"")) | H59: =IF(O59="","",IF(ISNUMBER(MATCH(O59,$G$5:$G$1000,0)),"",IF(D59=1,C$3,0)+MAX(H$4:H58)+1)) | I59: =IF(O59="","",IF(ISNUMBER(MATCH(O59,$G$5:$G$1000,0)),"",IF(D59=1,B$4,0)+MAX(I$4:I58)+1)) | J59: =IF(ISNUMBER(MATCH(M59,$I$5:$I$1000,0)),INDEX($O$5:$O$1000,MATCH(M59,$I$5:$I$1000,0),1),"") | M59: =IF(ROW()-ROW(M$4)<=1000,ROW()-ROW(M$4),"") -> 55 | P59: =IF(M59<=$B$4,IF(ISTEXT(G59),G59,""),IF(ISTEXT(J59),J59,"")) | R59: =IF(ROW()-ROW(R$4)<=AH$3,ROW()-ROW(R$4),"") | S59: =IF(ROW()-ROW(S$4)<=AI$3,ROW()-ROW(S$4),"") | T59: =IF(ROW()-ROW(T$4)<=AJ$3,ROW()-ROW(T$4),"") | U59: =IF(ROW()-ROW(U$4)<=AK$3,ROW()-ROW(U$4),"") | V59: =IF(ROW()-ROW(V$4)<=AL$3,ROW()-ROW(V$4),"") | W59: =IF(ROW()-ROW(W$4)<=AM$3,ROW()-ROW(W$4),"") | X59: =IF(ROW()-ROW(X$4)<=AN$3,ROW()-ROW(X$4),"") | Z59: =IF(ISNUMBER(R59),INDEX($BE$5:$BE$2999,MATCH(R59,AH$5:AH$2999,0),1),"") | AA59: =IF(ISNUMBER(S59),INDEX($BE$5:$BE$2999,MATCH(S59,AI$5:AI$2999,0),1),"") | AB59: =IF(ISNUMBER(T59),INDEX($BE$5:$BE$2999,MATCH(T59,AJ$5:AJ$2999,0),1),"") | AC59: =IF(ISNUMBER(U59),INDEX($BE$5:$BE$2999,MATCH(U59,AK$5:AK$2999,0),1),"") | AD59: =IF(ISNUMBER(V59),INDEX($BE$5:$BE$2999,MATCH(V59,AL$5:AL$2999,0),1),"") | AE59: =IF(ISNUMBER(W59),INDEX($BE$5:$BE$2999,MATCH(W59,AM$5:AM$2999,0),1),"") | AF59: =IF(ISNUMBER(X59),INDEX($BE$5:$BE$2999,MATCH(X59,AN$5:AN$2999,0),1),"") | AH59: =IF($BE59="","",IF(ISNUMBER(MATCH($BE59,AP$5:AP$29999,0)),MAX(AH$4:AH58)+1,0)) | AI59: =IF($BE59="","",IF(ISNUMBER(MATCH($BE59,AQ$5:AQ$29999,0)),MAX(AI$4:AI58)+1,0)) | AJ59: =IF($BE59="","",IF(ISNUMBER(MATCH($BE59,AR$5:AR$29999,0)),MAX(AJ$4:AJ58)+1,0)) | AK59: =IF($BE59="","",IF(ISNUMBER(MATCH($BE59,AS$5:AS$29999,0)),MAX(AK$4:AK58)+1,0)) | AL59: =IF($BE59="","",IF(ISNUMBER(MATCH($BE59,AT$5:AT$29999,0)),MAX(AL$4:AL58)+1,0)) | AM59: =IF($BE59="","",IF(ISNUMBER(MATCH($BE59,AU$5:AU$29999,0)),MAX(AM$4:AM58)+1,0)) | AN59: =IF($BE59="","",IF(ISNUMBER(MATCH($BE59,AV$5:AV$29999,0)),MAX(AN$4:AN58)+1,0)) | BB59: =IF(ISTEXT(AW59),IF(ISNUMBER(MATCH(AW59,$AY$5:$AY$100,0)),0,MAX(BB$4:BB58)+1),"") | BC59: =IF(ISTEXT(AY59),MATCH(AY59,$AW$5:$AW$127,0),"") | BD59: =IF(ISNUMBER(BC59),AY59,ROW()-SUM($BC$4:$BD$4)) -> 18 | BG59: =IF(ISNUMBER(MATCH($BE59,Z$5:Z$501,0)),INDEX(Z$5:Z$501,MATCH($BE59,Z$5:Z$501,0),1),"") | BH59: =IF(ISNUMBER(MATCH($BE59,AA$5:AA$501,0)),INDEX(AA$5:AA$501,MATCH($BE59,AA$5:AA$501,0),1),"") | BI59: =IF(ISNUMBER(MATCH($BE59,AB$5:AB$501,0)),INDEX(AB$5:AB$501,MATCH($BE59,AB$5:AB$501,0),1),"") | BJ59: =IF(ISNUMBER(MATCH($BE59,AC$5:AC$501,0)),INDEX(AC$5:AC$501,MATCH($BE59,AC$5:AC$501,0),1),"") | BK59: =IF(ISNUMBER(MATCH($BE59,AD$5:AD$501,0)),INDEX(AD$5:AD$501,MATCH($BE59,AD$5:AD$501,0),1),"") | BL59: =IF(ISNUMBER(MATCH($BE59,AE$5:AE$501,0)),INDEX(AE$5:AE$501,MATCH($BE59,AE$5:AE$501,0),1),"") | BM59: =IF(ISNUMBER(MATCH($BE59,AF$5:AF$501,0)),INDEX(AF$5:AF$501,MATCH($BE59,AF$5:AF$501,0),1),"")
B60: =IF(ISNUMBER(MATCH(O60,$N$5:$N$1000,0)),MATCH(O60,$N$5:$N$1000,0),"") | C60: =IF(ISNUMBER(B60),MAX(C$4:C59)+1,"") | D60: =IF(IF(ISNUMBER(B60),"",MAX(D$4:D59)+1)<=D$3,IF(ISNUMBER(B60),"",MAX(D$4:D59)+1),"") | E60: =IF(M60<=D$3,MATCH(M60,D$5:D$1000,0),"") | F60: =IF(ISNUMBER(E60),INDEX($N$5:$N$1000,E60,1),"") | G60: =IF(ISNUMBER(C60),N60,IF(ISTEXT(N60),INDEX($F$5:$F$1000,MATCH(M60,$E$5:$E$1000,0),1),"")) | H60: =IF(O60="","",IF(ISNUMBER(MATCH(O60,$G$5:$G$1000,0)),"",IF(D60=1,C$3,0)+MAX(H$4:H59)+1)) | I60: =IF(O60="","",IF(ISNUMBER(MATCH(O60,$G$5:$G$1000,0)),"",IF(D60=1,B$4,0)+MAX(I$4:I59)+1)) | J60: =IF(ISNUMBER(MATCH(M60,$I$5:$I$1000,0)),INDEX($O$5:$O$1000,MATCH(M60,$I$5:$I$1000,0),1),"") | M60: =IF(ROW()-ROW(M$4)<=1000,ROW()-ROW(M$4),"") -> 56 | P60: =IF(M60<=$B$4,IF(ISTEXT(G60),G60,""),IF(ISTEXT(J60),J60,"")) | R60: =IF(ROW()-ROW(R$4)<=AH$3,ROW()-ROW(R$4),"") | S60: =IF(ROW()-ROW(S$4)<=AI$3,ROW()-ROW(S$4),"") | T60: =IF(ROW()-ROW(T$4)<=AJ$3,ROW()-ROW(T$4),"") | U60: =IF(ROW()-ROW(U$4)<=AK$3,ROW()-ROW(U$4),"") | V60: =IF(ROW()-ROW(V$4)<=AL$3,ROW()-ROW(V$4),"") | W60: =IF(ROW()-ROW(W$4)<=AM$3,ROW()-ROW(W$4),"") | X60: =IF(ROW()-ROW(X$4)<=AN$3,ROW()-ROW(X$4),"") | Z60: =IF(ISNUMBER(R60),INDEX($BE$5:$BE$2999,MATCH(R60,AH$5:AH$2999,0),1),"") | AA60: =IF(ISNUMBER(S60),INDEX($BE$5:$BE$2999,MATCH(S60,AI$5:AI$2999,0),1),"") | AB60: =IF(ISNUMBER(T60),INDEX($BE$5:$BE$2999,MATCH(T60,AJ$5:AJ$2999,0),1),"") | AC60: =IF(ISNUMBER(U60),INDEX($BE$5:$BE$2999,MATCH(U60,AK$5:AK$2999,0),1),"") | AD60: =IF(ISNUMBER(V60),INDEX($BE$5:$BE$2999,MATCH(V60,AL$5:AL$2999,0),1),"") | AE60: =IF(ISNUMBER(W60),INDEX($BE$5:$BE$2999,MATCH(W60,AM$5:AM$2999,0),1),"") | AF60: =IF(ISNUMBER(X60),INDEX($BE$5:$BE$2999,MATCH(X60,AN$5:AN$2999,0),1),"") | AH60: =IF($BE60="","",IF(ISNUMBER(MATCH($BE60,AP$5:AP$29999,0)),MAX(AH$4:AH59)+1,0)) | AI60: =IF($BE60="","",IF(ISNUMBER(MATCH($BE60,AQ$5:AQ$29999,0)),MAX(AI$4:AI59)+1,0)) | AJ60: =IF($BE60="","",IF(ISNUMBER(MATCH($BE60,AR$5:AR$29999,0)),MAX(AJ$4:AJ59)+1,0)) | AK60: =IF($BE60="","",IF(ISNUMBER(MATCH($BE60,AS$5:AS$29999,0)),MAX(AK$4:AK59)+1,0)) | AL60: =IF($BE60="","",IF(ISNUMBER(MATCH($BE60,AT$5:AT$29999,0)),MAX(AL$4:AL59)+1,0)) | AM60: =IF($BE60="","",IF(ISNUMBER(MATCH($BE60,AU$5:AU$29999,0)),MAX(AM$4:AM59)+1,0)) | AN60: =IF($BE60="","",IF(ISNUMBER(MATCH($BE60,AV$5:AV$29999,0)),MAX(AN$4:AN59)+1,0)) | BB60: =IF(ISTEXT(AW60),IF(ISNUMBER(MATCH(AW60,$AY$5:$AY$100,0)),0,MAX(BB$4:BB59)+1),"") | BC60: =IF(ISTEXT(AY60),MATCH(AY60,$AW$5:$AW$127,0),"") | BD60: =IF(ISNUMBER(BC60),AY60,ROW()-SUM($BC$4:$BD$4)) -> 19 | BG60: =IF(ISNUMBER(MATCH($BE60,Z$5:Z$501,0)),INDEX(Z$5:Z$501,MATCH($BE60,Z$5:Z$501,0),1),"") | BH60: =IF(ISNUMBER(MATCH($BE60,AA$5:AA$501,0)),INDEX(AA$5:AA$501,MATCH($BE60,AA$5:AA$501,0),1),"") | BI60: =IF(ISNUMBER(MATCH($BE60,AB$5:AB$501,0)),INDEX(AB$5:AB$501,MATCH($BE60,AB$5:AB$501,0),1),"") | BJ60: =IF(ISNUMBER(MATCH($BE60,AC$5:AC$501,0)),INDEX(AC$5:AC$501,MATCH($BE60,AC$5:AC$501,0),1),"") | BK60: =IF(ISNUMBER(MATCH($BE60,AD$5:AD$501,0)),INDEX(AD$5:AD$501,MATCH($BE60,AD$5:AD$501,0),1),"") | BL60: =IF(ISNUMBER(MATCH($BE60,AE$5:AE$501,0)),INDEX(AE$5:AE$501,MATCH($BE60,AE$5:AE$501,0),1),"") | BM60: =IF(ISNUMBER(MATCH($BE60,AF$5:AF$501,0)),INDEX(AF$5:AF$501,MATCH($BE60,AF$5:AF$501,0),1),"")
B61: =IF(ISNUMBER(MATCH(O61,$N$5:$N$1000,0)),MATCH(O61,$N$5:$N$1000,0),"") | C61: =IF(ISNUMBER(B61),MAX(C$4:C60)+1,"") | D61: =IF(IF(ISNUMBER(B61),"",MAX(D$4:D60)+1)<=D$3,IF(ISNUMBER(B61),"",MAX(D$4:D60)+1),"") | E61: =IF(M61<=D$3,MATCH(M61,D$5:D$1000,0),"") | F61: =IF(ISNUMBER(E61),INDEX($N$5:$N$1000,E61,1),"") | G61: =IF(ISNUMBER(C61),N61,IF(ISTEXT(N61),INDEX($F$5:$F$1000,MATCH(M61,$E$5:$E$1000,0),1),"")) | H61: =IF(O61="","",IF(ISNUMBER(MATCH(O61,$G$5:$G$1000,0)),"",IF(D61=1,C$3,0)+MAX(H$4:H60)+1)) | I61: =IF(O61="","",IF(ISNUMBER(MATCH(O61,$G$5:$G$1000,0)),"",IF(D61=1,B$4,0)+MAX(I$4:I60)+1)) | J61: =IF(ISNUMBER(MATCH(M61,$I$5:$I$1000,0)),INDEX($O$5:$O$1000,MATCH(M61,$I$5:$I$1000,0),1),"") | M61: =IF(ROW()-ROW(M$4)<=1000,ROW()-ROW(M$4),"") -> 57 | P61: =IF(M61<=$B$4,IF(ISTEXT(G61),G61,""),IF(ISTEXT(J61),J61,"")) | R61: =IF(ROW()-ROW(R$4)<=AH$3,ROW()-ROW(R$4),"") | S61: =IF(ROW()-ROW(S$4)<=AI$3,ROW()-ROW(S$4),"") | T61: =IF(ROW()-ROW(T$4)<=AJ$3,ROW()-ROW(T$4),"") | U61: =IF(ROW()-ROW(U$4)<=AK$3,ROW()-ROW(U$4),"") | V61: =IF(ROW()-ROW(V$4)<=AL$3,ROW()-ROW(V$4),"") | W61: =IF(ROW()-ROW(W$4)<=AM$3,ROW()-ROW(W$4),"") | X61: =IF(ROW()-ROW(X$4)<=AN$3,ROW()-ROW(X$4),"") | Z61: =IF(ISNUMBER(R61),INDEX($BE$5:$BE$2999,MATCH(R61,AH$5:AH$2999,0),1),"") | AA61: =IF(ISNUMBER(S61),INDEX($BE$5:$BE$2999,MATCH(S61,AI$5:AI$2999,0),1),"") | AB61: =IF(ISNUMBER(T61),INDEX($BE$5:$BE$2999,MATCH(T61,AJ$5:AJ$2999,0),1),"") | AC61: =IF(ISNUMBER(U61),INDEX($BE$5:$BE$2999,MATCH(U61,AK$5:AK$2999,0),1),"") | AD61: =IF(ISNUMBER(V61),INDEX($BE$5:$BE$2999,MATCH(V61,AL$5:AL$2999,0),1),"") | AE61: =IF(ISNUMBER(W61),INDEX($BE$5:$BE$2999,MATCH(W61,AM$5:AM$2999,0),1),"") | AF61: =IF(ISNUMBER(X61),INDEX($BE$5:$BE$2999,MATCH(X61,AN$5:AN$2999,0),1),"") | AH61: =IF($BE61="","",IF(ISNUMBER(MATCH($BE61,AP$5:AP$29999,0)),MAX(AH$4:AH60)+1,0)) | AI61: =IF($BE61="","",IF(ISNUMBER(MATCH($BE61,AQ$5:AQ$29999,0)),MAX(AI$4:AI60)+1,0)) | AJ61: =IF($BE61="","",IF(ISNUMBER(MATCH($BE61,AR$5:AR$29999,0)),MAX(AJ$4:AJ60)+1,0)) | AK61: =IF($BE61="","",IF(ISNUMBER(MATCH($BE61,AS$5:AS$29999,0)),MAX(AK$4:AK60)+1,0)) | AL61: =IF($BE61="","",IF(ISNUMBER(MATCH($BE61,AT$5:AT$29999,0)),MAX(AL$4:AL60)+1,0)) | AM61: =IF($BE61="","",IF(ISNUMBER(MATCH($BE61,AU$5:AU$29999,0)),MAX(AM$4:AM60)+1,0)) | AN61: =IF($BE61="","",IF(ISNUMBER(MATCH($BE61,AV$5:AV$29999,0)),MAX(AN$4:AN60)+1,0)) | BB61: =IF(ISTEXT(AW61),IF(ISNUMBER(MATCH(AW61,$AY$5:$AY$100,0)),0,MAX(BB$4:BB60)+1),"") | BC61: =IF(ISTEXT(AY61),MATCH(AY61,$AW$5:$AW$127,0),"") | BD61: =IF(ISNUMBER(BC61),AY61,ROW()-SUM($BC$4:$BD$4)) -> 20 | BG61: =IF(ISNUMBER(MATCH($BE61,Z$5:Z$501,0)),INDEX(Z$5:Z$501,MATCH($BE61,Z$5:Z$501,0),1),"") | BH61: =IF(ISNUMBER(MATCH($BE61,AA$5:AA$501,0)),INDEX(AA$5:AA$501,MATCH($BE61,AA$5:AA$501,0),1),"") | BI61: =IF(ISNUMBER(MATCH($BE61,AB$5:AB$501,0)),INDEX(AB$5:AB$501,MATCH($BE61,AB$5:AB$501,0),1),"") | BJ61: =IF(ISNUMBER(MATCH($BE61,AC$5:AC$501,0)),INDEX(AC$5:AC$501,MATCH($BE61,AC$5:AC$501,0),1),"") | BK61: =IF(ISNUMBER(MATCH($BE61,AD$5:AD$501,0)),INDEX(AD$5:AD$501,MATCH($BE61,AD$5:AD$501,0),1),"") | BL61: =IF(ISNUMBER(MATCH($BE61,AE$5:AE$501,0)),INDEX(AE$5:AE$501,MATCH($BE61,AE$5:AE$501,0),1),"") | BM61: =IF(ISNUMBER(MATCH($BE61,AF$5:AF$501,0)),INDEX(AF$5:AF$501,MATCH($BE61,AF$5:AF$501,0),1),"")
