Workbook
Name a: #REF!
Name ai: #REF!
Name aq: #REF!
Name AV: #REF!
Name baa: #REF!
Name Coord: #REF!
Name CS: #REF!
Name CZ: #REF!
Name DG: #REF!
Name earlier: #REF!
Name EG: #REF!
Name EI: #REF!
Name HLinst: #REF!
Name HP: #REF!
Name I: #REF!
Name JA: #REF!
Name Mean_A: #REF!
Name mean_X: #REF!
Name mean_X.: #REF!
Name mean_Y: #REF!
Name mean_Y.: #REF!
Name mu: #REF!
Name mu_A: #REF!
Name mu_B: #REF!
Name P1_A: #REF!
Name P2_A: #REF!
Name P3_A: #REF!
Name P4_A: #REF!
Name P5_A: #REF!
Name Rot: #REF!
Name SD_A: #REF!
Name SD_X: #REF!
Name SD_Y: #REF!
Name sigma: #REF!
Name sigma_AB: #REF!
Name sigma2_A: #REF!
Name sigma2_B: #REF!
Name Tab.43: #REF!
Name Tab.44: #REF!
Name Target_P: #REF!
Name Total_Mass: #REF!
Name Variance_A: #REF!
Name X: #REF!
Name x_A: #REF!
Name x_B: #REF!
Name Xo: #REF!
Name Yo.1: #REF!
Name Yo.2: #REF!
Name yt: #REF!

Sheet Jocope
B1: out_toCSV | G1: =COUNT(Jocope!AZ6:AZ25) -> 20
B2: - | C2: 1 | D2: 2 | E2: 3 | G2: =COUNT(Jocope!BB5:CO5) -> 40 | CQ2: a5_temp | CR2: 1 | CS2: Tidal | CU2: 3 | CV2: 60 | CW2: Madson | CY2: Madson | DA2: Jacope
B3: ↓ | D3: ↓ | G3: =MAX(B6:B29)+1 -> 20 | CQ3: 1 | CR3: 120 | CS3: =SUM(CR$2:CR3) -> 121 | CU3: 58 | CV3: 60 | CW3: =CW107 -> 60 | CY3: II
B4: y Z | C4: i2 | D4: x | E4: va | G4: =MAX(D6:D29)+1 -> 40 | AZ4: K | CQ4: 2 | CR4: 120 | CS4: =SUM(CR$2:CR4) -> 241 | CU4: =CU2*CV2 -> 180 | CV4: =COUNT(CV6:CV108) -> 102 | CW4: MIN | CY4: cm/s | DB4: dia
B5: 0 | C5: 1 | D5: 2 | E5: 3 | I5: XY | J5: =J27 -> 1 | K5: =J5+1 -> 2 | L5: =K5+1 -> 3 | M5: =L5+1 -> 4 | N5: =M5+1 -> 5 | O5: =N5+1 -> 6 | P5: =O5+1 -> 7 | Q5: =P5+1 -> 8 | R5: =Q5+1 -> 9 | ... AW5: =AV5+1 -> 40 | AX5: 0 | AZ5: XY | BA5: =BA27 -> 0 | BB5: =BA5+1 -> 1 | BC5: =BB5+1 -> 2 | BD5: =BC5+1 -> 3 | BE5: =BD5+1 -> 4 | BF5: =BE5+1 -> 5 | BG5: =BF5+1 -> 6 | BH5: =BG5+1 -> 7 | BI5: =BH5+1 -> 8 | ... CN5: =CM5+1 -> 39 | CO5: 0 | CQ5: 3 | CR5: 120 | CS5: =SUM(CR$2:CR5) -> 361 | CU5: =CU3*CV3 -> 3480 | CW5: 60 | DB5: =60*60*24 -> 86400
A6: 1 | B6: 1 | C6: 0 | D6: 0 | E6: 0 | G6: =_xlfn.CONCAT(D6+1,",",B6+1) -> 1,2 | I6: 1 | J6: =IF(ISNUMBER(MATCH(J29,$G$25:$G$29,0)),$D$2,IF(ISNUMBER(MATCH(J29,$G$32:$G$33,0)),$E$2,IF(ISNUMBER(MATCH(J29,$G$6:$G$24,0)),$C$2,$B$2))) -> - | K6: =IF(ISNUMBER(MATCH(K29,$G$25:$G$29,0)),$D$2,IF(ISNUMBER(MATCH(K29,$G$32:$G$33,0)),$E$2,IF(ISNUMBER(MATCH(K29,$G$6:$G$24,0)),$C$2,$B$2))) -> - | L6: =IF(ISNUMBER(MATCH(L29,$G$25:$G$29,0)),$D$2,IF(ISNUMBER(MATCH(L29,$G$32:$G$33,0)),$E$2,IF(ISNUMBER(MATCH(L29,$G$6:$G$24,0)),$C$2,$B$2))) -> - | M6: =IF(ISNUMBER(MATCH(M29,$G$25:$G$29,0)),$D$2,IF(ISNUMBER(MATCH(M29,$G$32:$G$33,0)),$E$2,IF(ISNUMBER(MATCH(M29,$G$6:$G$24,0)),$C$2,$B$2))) -> - | N6: =IF(ISNUMBER(MATCH(N29,$G$25:$G$29,0)),$D$2,IF(ISNUMBER(MATCH(N29,$G$32:$G$33,0)),$E$2,IF(ISNUMBER(MATCH(N29,$G$6:$G$24,0)),$C$2,$B$2))) -> - | O6: =IF(ISNUMBER(MATCH(O29,$G$25:$G$29,0)),$D$2,IF(ISNUMBER(MATCH(O29,$G$32:$G$33,0)),$E$2,IF(ISNUMBER(MATCH(O29,$G$6:$G$24,0)),$C$2,$B$2))) -> - | P6: =IF(ISNUMBER(MATCH(P29,$G$25:$G$29,0)),$D$2,IF(ISNUMBER(MATCH(P29,$G$32:$G$33,0)),$E$2,IF(ISNUMBER(MATCH(P29,$G$6:$G$24,0)),$C$2,$B$2))) -> - | Q6: =IF(ISNUMBER(MATCH(Q29,$G$25:$G$29,0)),$D$2,IF(ISNUMBER(MATCH(Q29,$G$32:$G$33,0)),$E$2,IF(ISNUMBER(MATCH(Q29,$G$6:$G$24,0)),$C$2,$B$2))) -> - | ... AW6: =IF(ISNUMBER(MATCH(AW29,$G$25:$G$29,0)),$D$2,IF(ISNUMBER(MATCH(AW29,$G$32:$G$33,0)),$E$2,IF(ISNUMBER(MATCH(AW29,$G$6:$G$24,0)),$C$2,$B$2))) -> - | AX6: =AX5+1 -> 1 | AZ6: 0 | BA6: -2e+20 | BB6: -2e+20 | BC6: -2e+20 | BD6: -2e+20 | BE6: -2e+20 | BF6: -2e+20 | BG6: -2e+20 | BH6: -2e+20 | BI6: -2e+20 | BJ6: -2e+20 | BK6: -2e+20 | BL6: -2e+20 | BM6: -2e+20 | BN6: -2e+20 | BO6: -2e+20 | BP6: -2e+20 | BQ6: -2e+20 | BR6: -2e+20 | BS6: -2e+20 | BT6: -2e+20 | BU6: -2e+20 | BV6: -2e+20 | BW6: -2e+20 | BX6: -2e+20 | BY6: -2e+20 | BZ6: -2e+20 | CA6: -2e+20 | CB6: -2e+20 | CC6: -2e+20 | CD6: -2e+20 | CE6: -2e+20 | CF6: -2e+20 | CG6: -2e+20 | CH6: -2e+20 | CI6: -2e+20 | CJ6: -2e+20 | CK6: -2e+20 | CL6: -2e+20 | CM6: -2e+20 | CN6: -2e+20 | CO6: -2e+20 | CQ6: =_xlfn.IFS(CR6<=$CS$3,1,CR6<=$CS$4,2,CR6<=$CS$5,3) -> 1 | CR6: 1 | CS6: 1 | CU6: =IF(CV6<=CU$4,1,2) -> 1 | CV6: 0 | CW6: =IF(CV6=0,0,(CV6/CW$5)-1) -> 0 | CY6: 30 | DA6: 1 | DB6: 1 | 0 | DD6: 10800 | DE6: =Jocope!$DA$8/Jocope!DD6 -> 233760
A7: =A6+1 -> 2 | B7: 2 | C7: 0 | D7: 0 | E7: 0 | G7: =_xlfn.CONCAT(D7+1,",",B7+1) -> 1,3 | I7: =I6+1 -> 2 | J7: =IF(ISNUMBER(MATCH(J30,$G$25:$G$29,0)),$D$2,IF(ISNUMBER(MATCH(J30,$G$32:$G$33,0)),$E$2,IF(ISNUMBER(MATCH(J30,$G$6:$G$24,0)),$C$2,$B$2))) -> 1 | K7: =IF(ISNUMBER(MATCH(K30,$G$25:$G$29,0)),$D$2,IF(ISNUMBER(MATCH(K30,$G$32:$G$33,0)),$E$2,IF(ISNUMBER(MATCH(K30,$G$6:$G$24,0)),$C$2,$B$2))) -> - | L7: =IF(ISNUMBER(MATCH(L30,$G$25:$G$29,0)),$D$2,IF(ISNUMBER(MATCH(L30,$G$32:$G$33,0)),$E$2,IF(ISNUMBER(MATCH(L30,$G$6:$G$24,0)),$C$2,$B$2))) -> - | M7: =IF(ISNUMBER(MATCH(M30,$G$25:$G$29,0)),$D$2,IF(ISNUMBER(MATCH(M30,$G$32:$G$33,0)),$E$2,IF(ISNUMBER(MATCH(M30,$G$6:$G$24,0)),$C$2,$B$2))) -> - | N7: =IF(ISNUMBER(MATCH(N30,$G$25:$G$29,0)),$D$2,IF(ISNUMBER(MATCH(N30,$G$32:$G$33,0)),$E$2,IF(ISNUMBER(MATCH(N30,$G$6:$G$24,0)),$C$2,$B$2))) -> - | O7: =IF(ISNUMBER(MATCH(O30,$G$25:$G$29,0)),$D$2,IF(ISNUMBER(MATCH(O30,$G$32:$G$33,0)),$E$2,IF(ISNUMBER(MATCH(O30,$G$6:$G$24,0)),$C$2,$B$2))) -> - | P7: =IF(ISNUMBER(MATCH(P30,$G$25:$G$29,0)),$D$2,IF(ISNUMBER(MATCH(P30,$G$32:$G$33,0)),$E$2,IF(ISNUMBER(MATCH(P30,$G$6:$G$24,0)),$C$2,$B$2))) -> - | Q7: =IF(ISNUMBER(MATCH(Q30,$G$25:$G$29,0)),$D$2,IF(ISNUMBER(MATCH(Q30,$G$32:$G$33,0)),$E$2,IF(ISNUMBER(MATCH(Q30,$G$6:$G$24,0)),$C$2,$B$2))) -> - | ... AW7: =IF(ISNUMBER(MATCH(AW30,$G$25:$G$29,0)),$D$2,IF(ISNUMBER(MATCH(AW30,$G$32:$G$33,0)),$E$2,IF(ISNUMBER(MATCH(AW30,$G$6:$G$24,0)),$C$2,$B$2))) -> - | AX7: =AX6+1 -> 2 | AZ7: 1 | BA7: 500 | BB7: 498.99866 | BC7: 497.94836 | BD7: 496.87592 | BE7: 495.8187 | BF7: 494.91412 | BG7: -2e+20 | BH7: -2e+20 | BI7: -2e+20 | BJ7: -2e+20 | BK7: -2e+20 | BL7: -2e+20 | BM7: -2e+20 | BN7: -2e+20 | BO7: -2e+20 | BP7: -2e+20 | BQ7: -2e+20 | BR7: -2e+20 | BS7: -2e+20 | BT7: -2e+20 | BU7: -2e+20 | BV7: -2e+20 | BW7: -2e+20 | BX7: -2e+20 | BY7: -2e+20 | BZ7: -2e+20 | CA7: -2e+20 | CB7: -2e+20 | CC7: -2e+20 | CD7: -2e+20 | CE7: -2e+20 | CF7: -2e+20 | CG7: -2e+20 | CH7: -2e+20 | CI7: -2e+20 | CJ7: -2e+20 | CK7: -2e+20 | CL7: -2e+20 | CM7: -2e+20 | CN7: -2e+20 | CO7: -2e+20 | CQ7: =_xlfn.IFS(CR7<=$CS$3,1,CR7<=$CS$4,2,CR7<=$CS$5,3) -> 1 | CR7: =CR6+1 -> 2 | CS7: 1.0833333 | CU7: =IF(CV7<=CU$4,1,2) -> 1 | CV7: 36.6 | CW7: =IF(CV7=0,0,(CV7/CW$5)-1) -> -0.39 | CY7: 60 | DA7: 864001 | DB7: =DA7/DB$5 -> 10.000012 | DD7: 1728000 | DE7: =Jocope!$DA$8/Jocope!DD7 -> 1461
A8: =A7+1 -> 3 | B8: 3 | C8: 0 | D8: 0 | E8: 0 | G8: =_xlfn.CONCAT(D8+1,",",B8+1) -> 1,4 | I8: =I7+1 -> 3 | J8: =IF(ISNUMBER(MATCH(J31,$G$25:$G$29,0)),$D$2,IF(ISNUMBER(MATCH(J31,$G$32:$G$33,0)),$E$2,IF(ISNUMBER(MATCH(J31,$G$6:$G$24,0)),$C$2,$B$2))) -> 1 | K8: =IF(ISNUMBER(MATCH(K31,$G$25:$G$29,0)),$D$2,IF(ISNUMBER(MATCH(K31,$G$32:$G$33,0)),$E$2,IF(ISNUMBER(MATCH(K31,$G$6:$G$24,0)),$C$2,$B$2))) -> - | L8: =IF(ISNUMBER(MATCH(L31,$G$25:$G$29,0)),$D$2,IF(ISNUMBER(MATCH(L31,$G$32:$G$33,0)),$E$2,IF(ISNUMBER(MATCH(L31,$G$6:$G$24,0)),$C$2,$B$2))) -> - | M8: =IF(ISNUMBER(MATCH(M31,$G$25:$G$29,0)),$D$2,IF(ISNUMBER(MATCH(M31,$G$32:$G$33,0)),$E$2,IF(ISNUMBER(MATCH(M31,$G$6:$G$24,0)),$C$2,$B$2))) -> - | N8: =IF(ISNUMBER(MATCH(N31,$G$25:$G$29,0)),$D$2,IF(ISNUMBER(MATCH(N31,$G$32:$G$33,0)),$E$2,IF(ISNUMBER(MATCH(N31,$G$6:$G$24,0)),$C$2,$B$2))) -> - | O8: =IF(ISNUMBER(MATCH(O31,$G$25:$G$29,0)),$D$2,IF(ISNUMBER(MATCH(O31,$G$32:$G$33,0)),$E$2,IF(ISNUMBER(MATCH(O31,$G$6:$G$24,0)),$C$2,$B$2))) -> - | P8: =IF(ISNUMBER(MATCH(P31,$G$25:$G$29,0)),$D$2,IF(ISNUMBER(MATCH(P31,$G$32:$G$33,0)),$E$2,IF(ISNUMBER(MATCH(P31,$G$6:$G$24,0)),$C$2,$B$2))) -> - | Q8: =IF(ISNUMBER(MATCH(Q31,$G$25:$G$29,0)),$D$2,IF(ISNUMBER(MATCH(Q31,$G$32:$G$33,0)),$E$2,IF(ISNUMBER(MATCH(Q31,$G$6:$G$24,0)),$C$2,$B$2))) -> - | ... AW8: =IF(ISNUMBER(MATCH(AW31,$G$25:$G$29,0)),$D$2,IF(ISNUMBER(MATCH(AW31,$G$32:$G$33,0)),$E$2,IF(ISNUMBER(MATCH(AW31,$G$6:$G$24,0)),$C$2,$B$2))) -> - | AX8: =AX7+1 -> 3 | AZ8: 2 | BA8: 500 | BB8: 498.93973 | BC8: 497.86237 | BD8: 496.771 | BE8: 495.67285 | BF8: 494.5547 | BG8: 493.1801 | BH8: 491.91226 | BI8: 490.7233 | BJ8: 489.60666 | BK8: 488.56424 | BL8: 487.73605 | BM8: -2e+20 | BN8: -2e+20 | BO8: -2e+20 | BP8: -2e+20 | BQ8: -2e+20 | BR8: -2e+20 | BS8: -2e+20 | BT8: -2e+20 | BU8: -2e+20 | BV8: -2e+20 | BW8: -2e+20 | BX8: -2e+20 | BY8: -2e+20 | BZ8: -2e+20 | CA8: -2e+20 | CB8: -2e+20 | CC8: -2e+20 | CD8: -2e+20 | CE8: -2e+20 | CF8: -2e+20 | CG8: -2e+20 | CH8: -2e+20 | CI8: -2e+20 | CJ8: -2e+20 | CK8: -2e+20 | CL8: -2e+20 | CM8: -2e+20 | CN8: -2e+20 | CO8: -2e+20 | CQ8: =_xlfn.IFS(CR8<=$CS$3,1,CR8<=$CS$4,2,CR8<=$CS$5,3) -> 1 | CR8: =CR7+1 -> 3 | CS8: 1.1666667 | CU8: =IF(CV8<=CU$4,1,2) -> 1 | CV8: 73.2 | CW8: =IF(CV8=0,0,(CV8/CW$5)-1) -> 0.22 | CY8: 90 | DA8: 2524608000 | DB8: =DA8/DB$5 -> 29220 | DD8: 4320000 | DE8: =Jocope!$DA$8/Jocope!DD8 -> 584.4
A9: =A8+1 -> 4 | B9: 4 | C9: 0 | D9: 0 | E9: 0 | G9: =_xlfn.CONCAT(D9+1,",",B9+1) -> 1,5 | I9: =I8+1 -> 4 | J9: =IF(ISNUMBER(MATCH(J32,$G$25:$G$29,0)),$D$2,IF(ISNUMBER(MATCH(J32,$G$32:$G$33,0)),$E$2,IF(ISNUMBER(MATCH(J32,$G$6:$G$24,0)),$C$2,$B$2))) -> 1 | K9: =IF(ISNUMBER(MATCH(K32,$G$25:$G$29,0)),$D$2,IF(ISNUMBER(MATCH(K32,$G$32:$G$33,0)),$E$2,IF(ISNUMBER(MATCH(K32,$G$6:$G$24,0)),$C$2,$B$2))) -> - | L9: =IF(ISNUMBER(MATCH(L32,$G$25:$G$29,0)),$D$2,IF(ISNUMBER(MATCH(L32,$G$32:$G$33,0)),$E$2,IF(ISNUMBER(MATCH(L32,$G$6:$G$24,0)),$C$2,$B$2))) -> - | M9: =IF(ISNUMBER(MATCH(M32,$G$25:$G$29,0)),$D$2,IF(ISNUMBER(MATCH(M32,$G$32:$G$33,0)),$E$2,IF(ISNUMBER(MATCH(M32,$G$6:$G$24,0)),$C$2,$B$2))) -> - | N9: =IF(ISNUMBER(MATCH(N32,$G$25:$G$29,0)),$D$2,IF(ISNUMBER(MATCH(N32,$G$32:$G$33,0)),$E$2,IF(ISNUMBER(MATCH(N32,$G$6:$G$24,0)),$C$2,$B$2))) -> - | O9: =IF(ISNUMBER(MATCH(O32,$G$25:$G$29,0)),$D$2,IF(ISNUMBER(MATCH(O32,$G$32:$G$33,0)),$E$2,IF(ISNUMBER(MATCH(O32,$G$6:$G$24,0)),$C$2,$B$2))) -> - | P9: =IF(ISNUMBER(MATCH(P32,$G$25:$G$29,0)),$D$2,IF(ISNUMBER(MATCH(P32,$G$32:$G$33,0)),$E$2,IF(ISNUMBER(MATCH(P32,$G$6:$G$24,0)),$C$2,$B$2))) -> - | Q9: =IF(ISNUMBER(MATCH(Q32,$G$25:$G$29,0)),$D$2,IF(ISNUMBER(MATCH(Q32,$G$32:$G$33,0)),$E$2,IF(ISNUMBER(MATCH(Q32,$G$6:$G$24,0)),$C$2,$B$2))) -> - | ... AW9: =IF(ISNUMBER(MATCH(AW32,$G$25:$G$29,0)),$D$2,IF(ISNUMBER(MATCH(AW32,$G$32:$G$33,0)),$E$2,IF(ISNUMBER(MATCH(AW32,$G$6:$G$24,0)),$C$2,$B$2))) -> - | AX9: =AX8+1 -> 4 | AZ9: 3 | BA9: 500 | BB9: 498.89484 | BC9: 497.78058 | BD9: 496.65338 | BE9: 495.5085 | BF9: 494.3291 | BG9: 493.0734 | BH9: 491.8334 | BI9: 490.6285 | BJ9: 489.45935 | BK9: 488.31296 | BL9: 487.139 | BM9: 485.6169 | BN9: 484.25302 | BO9: 483.0116 | BP9: 481.92758 | BQ9: 481.14746 | BR9: -2e+20 | BS9: -2e+20 | BT9: -2e+20 | BU9: -2e+20 | BV9: -2e+20 | BW9: -2e+20 | BX9: -2e+20 | BY9: -2e+20 | BZ9: -2e+20 | CA9: -2e+20 | CB9: -2e+20 | CC9: -2e+20 | CD9: -2e+20 | CE9: -2e+20 | CF9: -2e+20 | CG9: -2e+20 | CH9: -2e+20 | CI9: -2e+20 | CJ9: -2e+20 | CK9: -2e+20 | CL9: -2e+20 | CM9: -2e+20 | CN9: -2e+20 | CO9: -2e+20 | CQ9: =_xlfn.IFS(CR9<=$CS$3,1,CR9<=$CS$4,2,CR9<=$CS$5,3) -> 1 | CR9: =CR8+1 -> 4 | CS9: 1.25 | CU9: =IF(CV9<=CU$4,1,2) -> 1 | CV9: 109.8 | CW9: =IF(CV9=0,0,(CV9/CW$5)-1) -> 0.83 | CY9: 120 | DD9: 7776000 | DE9: =Jocope!$DA$8/Jocope!DD9 -> 324.66667
A10: =A9+1 -> 5 | B10: 5 | C10: 0 | D10: 0 | E10: 0 | G10: =_xlfn.CONCAT(D10+1,",",B10+1) -> 1,6 | I10: =I9+1 -> 5 | J10: =IF(ISNUMBER(MATCH(J33,$G$25:$G$29,0)),$D$2,IF(ISNUMBER(MATCH(J33,$G$32:$G$33,0)),$E$2,IF(ISNUMBER(MATCH(J33,$G$6:$G$24,0)),$C$2,$B$2))) -> 1 | K10: =IF(ISNUMBER(MATCH(K33,$G$25:$G$29,0)),$D$2,IF(ISNUMBER(MATCH(K33,$G$32:$G$33,0)),$E$2,IF(ISNUMBER(MATCH(K33,$G$6:$G$24,0)),$C$2,$B$2))) -> - | L10: =IF(ISNUMBER(MATCH(L33,$G$25:$G$29,0)),$D$2,IF(ISNUMBER(MATCH(L33,$G$32:$G$33,0)),$E$2,IF(ISNUMBER(MATCH(L33,$G$6:$G$24,0)),$C$2,$B$2))) -> - | M10: =IF(ISNUMBER(MATCH(M33,$G$25:$G$29,0)),$D$2,IF(ISNUMBER(MATCH(M33,$G$32:$G$33,0)),$E$2,IF(ISNUMBER(MATCH(M33,$G$6:$G$24,0)),$C$2,$B$2))) -> - | N10: =IF(ISNUMBER(MATCH(N33,$G$25:$G$29,0)),$D$2,IF(ISNUMBER(MATCH(N33,$G$32:$G$33,0)),$E$2,IF(ISNUMBER(MATCH(N33,$G$6:$G$24,0)),$C$2,$B$2))) -> - | O10: =IF(ISNUMBER(MATCH(O33,$G$25:$G$29,0)),$D$2,IF(ISNUMBER(MATCH(O33,$G$32:$G$33,0)),$E$2,IF(ISNUMBER(MATCH(O33,$G$6:$G$24,0)),$C$2,$B$2))) -> - | P10: =IF(ISNUMBER(MATCH(P33,$G$25:$G$29,0)),$D$2,IF(ISNUMBER(MATCH(P33,$G$32:$G$33,0)),$E$2,IF(ISNUMBER(MATCH(P33,$G$6:$G$24,0)),$C$2,$B$2))) -> - | Q10: =IF(ISNUMBER(MATCH(Q33,$G$25:$G$29,0)),$D$2,IF(ISNUMBER(MATCH(Q33,$G$32:$G$33,0)),$E$2,IF(ISNUMBER(MATCH(Q33,$G$6:$G$24,0)),$C$2,$B$2))) -> - | ... AW10: =IF(ISNUMBER(MATCH(AW33,$G$25:$G$29,0)),$D$2,IF(ISNUMBER(MATCH(AW33,$G$32:$G$33,0)),$E$2,IF(ISNUMBER(MATCH(AW33,$G$6:$G$24,0)),$C$2,$B$2))) -> - | AX10: =AX9+1 -> 5 | AZ10: 4 | BA10: 500 | BB10: 498.85898 | BC10: 497.71176 | BD10: 496.55344 | BE10: 495.3787 | BF10: 494.17975 | BG10: 492.951 | BH10: 491.71945 | BI10: 490.49805 | BJ10: 489.28625 | BK10: 488.06985 | BL10: 486.81393 | BM10: 485.45868 | BN10: 484.13055 | BO10: 482.85416 | BP10: 481.62372 | BQ10: 480.3673 | BR10: 478.70035 | BS10: 477.20154 | BT10: 475.81226 | BU10: 474.53064 | BV10: 473.4053 | BW10: 472.59357 | BX10: -2e+20 | BY10: -2e+20 | BZ10: -2e+20 | CA10: -2e+20 | CB10: -2e+20 | CC10: -2e+20 | CD10: -2e+20 | CE10: -2e+20 | CF10: -2e+20 | CG10: -2e+20 | CH10: -2e+20 | CI10: -2e+20 | CJ10: -2e+20 | CK10: -2e+20 | CL10: -2e+20 | CM10: -2e+20 | CN10: -2e+20 | CO10: -2e+20 | CQ10: =_xlfn.IFS(CR10<=$CS$3,1,CR10<=$CS$4,2,CR10<=$CS$5,3) -> 1 | CR10: =CR9+1 -> 5 | CS10: 1.3333333 | CU10: =IF(CV10<=CU$4,1,2) -> 1 | CV10: 146.4 | CW10: =IF(CV10=0,0,(CV10/CW$5)-1) -> 1.44 | CY10: 150 | DD10: 15552000 | DE10: =Jocope!$DA$8/Jocope!DD10 -> 162.33333
A11: =A10+1 -> 6 | B11: 6 | C11: 0 | D11: 0 | E11: 0 | G11: =_xlfn.CONCAT(D11+1,",",B11+1) -> 1,7 | I11: =I10+1 -> 6 | J11: =IF(ISNUMBER(MATCH(J34,$G$25:$G$29,0)),$D$2,IF(ISNUMBER(MATCH(J34,$G$32:$G$33,0)),$E$2,IF(ISNUMBER(MATCH(J34,$G$6:$G$24,0)),$C$2,$B$2))) -> 1 | K11: =IF(ISNUMBER(MATCH(K34,$G$25:$G$29,0)),$D$2,IF(ISNUMBER(MATCH(K34,$G$32:$G$33,0)),$E$2,IF(ISNUMBER(MATCH(K34,$G$6:$G$24,0)),$C$2,$B$2))) -> - | L11: =IF(ISNUMBER(MATCH(L34,$G$25:$G$29,0)),$D$2,IF(ISNUMBER(MATCH(L34,$G$32:$G$33,0)),$E$2,IF(ISNUMBER(MATCH(L34,$G$6:$G$24,0)),$C$2,$B$2))) -> - | M11: =IF(ISNUMBER(MATCH(M34,$G$25:$G$29,0)),$D$2,IF(ISNUMBER(MATCH(M34,$G$32:$G$33,0)),$E$2,IF(ISNUMBER(MATCH(M34,$G$6:$G$24,0)),$C$2,$B$2))) -> - | N11: =IF(ISNUMBER(MATCH(N34,$G$25:$G$29,0)),$D$2,IF(ISNUMBER(MATCH(N34,$G$32:$G$33,0)),$E$2,IF(ISNUMBER(MATCH(N34,$G$6:$G$24,0)),$C$2,$B$2))) -> - | O11: =IF(ISNUMBER(MATCH(O34,$G$25:$G$29,0)),$D$2,IF(ISNUMBER(MATCH(O34,$G$32:$G$33,0)),$E$2,IF(ISNUMBER(MATCH(O34,$G$6:$G$24,0)),$C$2,$B$2))) -> - | P11: =IF(ISNUMBER(MATCH(P34,$G$25:$G$29,0)),$D$2,IF(ISNUMBER(MATCH(P34,$G$32:$G$33,0)),$E$2,IF(ISNUMBER(MATCH(P34,$G$6:$G$24,0)),$C$2,$B$2))) -> - | Q11: =IF(ISNUMBER(MATCH(Q34,$G$25:$G$29,0)),$D$2,IF(ISNUMBER(MATCH(Q34,$G$32:$G$33,0)),$E$2,IF(ISNUMBER(MATCH(Q34,$G$6:$G$24,0)),$C$2,$B$2))) -> - | ... AW11: =IF(ISNUMBER(MATCH(AW34,$G$25:$G$29,0)),$D$2,IF(ISNUMBER(MATCH(AW34,$G$32:$G$33,0)),$E$2,IF(ISNUMBER(MATCH(AW34,$G$6:$G$24,0)),$C$2,$B$2))) -> - | AX11: =AX10+1 -> 6 | AZ11: 5 | BA11: 500 | BB11: 498.8293 | BC11: 497.65402 | BD11: 496.4699 | BE11: 495.2731 | BF11: 494.06024 | BG11: 492.83136 | BH11: 491.5954 | BI11: 490.35794 | BJ11: 489.1178 | BK11: 487.8662 | BL11: 486.5882 | BM11: 485.2733 | BN11: 483.9564 | BO11: 482.6508 | BP11: 481.3458 | BQ11: 479.99777 | BR11: 478.53214 | BS11: 477.09204 | BT11: 475.7046 | BU11: 474.37433 | BV11: 473.0917 | BW11: 471.78183 | BX11: 470.04443 | BY11: 468.48282 | BZ11: 467.03653 | CA11: 465.70392 | CB11: 464.53574 | CC11: 463.6947 | CD11: -2e+20 | CE11: -2e+20 | CF11: -2e+20 | CG11: -2e+20 | CH11: -2e+20 | CI11: -2e+20 | CJ11: -2e+20 | CK11: -2e+20 | CL11: -2e+20 | CM11: -2e+20 | CN11: -2e+20 | CO11: -2e+20 | CQ11: =_xlfn.IFS(CR11<=$CS$3,1,CR11<=$CS$4,2,CR11<=$CS$5,3) -> 1 | CR11: =CR10+1 -> 6 | CS11: 1.4166667 | CU11: =IF(CV11<=CU$4,1,2) -> 1 | CV11: 180 | CW11: =IF(CV11=0,0,(CV11/CW$5)-1) -> 2 | CY11: 180 | DA11: ? | DB11: 365 | DD11: 31536000 | DE11: =Jocope!$DA$8/Jocope!DD11 -> 80.054795
A12: =A11+1 -> 7 | B12: 7 | C12: 0 | D12: 0 | E12: 0 | G12: =_xlfn.CONCAT(D12+1,",",B12+1) -> 1,8 | I12: =I11+1 -> 7 | J12: =IF(ISNUMBER(MATCH(J35,$G$25:$G$29,0)),$D$2,IF(ISNUMBER(MATCH(J35,$G$32:$G$33,0)),$E$2,IF(ISNUMBER(MATCH(J35,$G$6:$G$24,0)),$C$2,$B$2))) -> 1 | K12: =IF(ISNUMBER(MATCH(K35,$G$25:$G$29,0)),$D$2,IF(ISNUMBER(MATCH(K35,$G$32:$G$33,0)),$E$2,IF(ISNUMBER(MATCH(K35,$G$6:$G$24,0)),$C$2,$B$2))) -> - | L12: =IF(ISNUMBER(MATCH(L35,$G$25:$G$29,0)),$D$2,IF(ISNUMBER(MATCH(L35,$G$32:$G$33,0)),$E$2,IF(ISNUMBER(MATCH(L35,$G$6:$G$24,0)),$C$2,$B$2))) -> - | M12: =IF(ISNUMBER(MATCH(M35,$G$25:$G$29,0)),$D$2,IF(ISNUMBER(MATCH(M35,$G$32:$G$33,0)),$E$2,IF(ISNUMBER(MATCH(M35,$G$6:$G$24,0)),$C$2,$B$2))) -> - | N12: =IF(ISNUMBER(MATCH(N35,$G$25:$G$29,0)),$D$2,IF(ISNUMBER(MATCH(N35,$G$32:$G$33,0)),$E$2,IF(ISNUMBER(MATCH(N35,$G$6:$G$24,0)),$C$2,$B$2))) -> - | O12: =IF(ISNUMBER(MATCH(O35,$G$25:$G$29,0)),$D$2,IF(ISNUMBER(MATCH(O35,$G$32:$G$33,0)),$E$2,IF(ISNUMBER(MATCH(O35,$G$6:$G$24,0)),$C$2,$B$2))) -> - | P12: =IF(ISNUMBER(MATCH(P35,$G$25:$G$29,0)),$D$2,IF(ISNUMBER(MATCH(P35,$G$32:$G$33,0)),$E$2,IF(ISNUMBER(MATCH(P35,$G$6:$G$24,0)),$C$2,$B$2))) -> - | Q12: =IF(ISNUMBER(MATCH(Q35,$G$25:$G$29,0)),$D$2,IF(ISNUMBER(MATCH(Q35,$G$32:$G$33,0)),$E$2,IF(ISNUMBER(MATCH(Q35,$G$6:$G$24,0)),$C$2,$B$2))) -> - | ... AW12: =IF(ISNUMBER(MATCH(AW35,$G$25:$G$29,0)),$D$2,IF(ISNUMBER(MATCH(AW35,$G$32:$G$33,0)),$E$2,IF(ISNUMBER(MATCH(AW35,$G$6:$G$24,0)),$C$2,$B$2))) -> - | AX12: =AX11+1 -> 7 | AZ12: 6 | BA12: 500 | BB12: 498.8043 | BC12: 497.60507 | BD12: 496.39908 | BE12: 495.18356 | BF12: 493.95673 | BG12: 492.71884 | BH12: 491.4728 | BI12: 490.22055 | BJ12: 488.96082 | BK12: 487.68906 | BL12: 486.3993 | BM12: 485.0899 | BN12: 483.77094 | BO12: 482.44684 | BP12: 481.1109 | BQ12: 479.7458 | BR12: 478.33847 | BS12: 476.92984 | BT12: 475.53976 | BU12: 474.17035 | BV12: 472.80542 | BW12: 471.39758 | BX12: 469.86865 | BY12: 468.36752 | BZ12: 466.92282 | CA12: 465.53955 | CB12: 464.20853 | CC12: 462.8537 | CD12: 461.065 | CE12: 459.47372 | CF12: 458.03204 | CG12: 456.77722 | CH12: 455.87616 | CI12: -2e+20 | CJ12: -2e+20 | CK12: -2e+20 | CL12: -2e+20 | CM12: -2e+20 | CN12: -2e+20 | CO12: -2e+20 | CQ12: =_xlfn.IFS(CR12<=$CS$3,1,CR12<=$CS$4,2,CR12<=$CS$5,3) -> 1 | CR12: =CR11+1 -> 7 | CS12: 1.5 | CU12: =IF(CV12<=CU$4,1,2) -> 2 | CV12: 183 | CW12: =IF(CV12=0,0,(CV12/CW$5)-1) -> 2.05 | CY12: 216.25 | DA12: =DA8/DA7 -> 2921.9966 | DB12: =DB8/DB11 -> 80.054795 | DD12: 94672800 | DE12: =Jocope!$DA$8/Jocope!DD12 -> 26.666667
A13: =A12+1 -> 8 | B13: 8 | C13: 0 | D13: 0 | E13: 0 | G13: =_xlfn.CONCAT(D13+1,",",B13+1) -> 1,9 | I13: =I12+1 -> 8 | J13: =IF(ISNUMBER(MATCH(J36,$G$25:$G$29,0)),$D$2,IF(ISNUMBER(MATCH(J36,$G$32:$G$33,0)),$E$2,IF(ISNUMBER(MATCH(J36,$G$6:$G$24,0)),$C$2,$B$2))) -> 1 | K13: =IF(ISNUMBER(MATCH(K36,$G$25:$G$29,0)),$D$2,IF(ISNUMBER(MATCH(K36,$G$32:$G$33,0)),$E$2,IF(ISNUMBER(MATCH(K36,$G$6:$G$24,0)),$C$2,$B$2))) -> - | L13: =IF(ISNUMBER(MATCH(L36,$G$25:$G$29,0)),$D$2,IF(ISNUMBER(MATCH(L36,$G$32:$G$33,0)),$E$2,IF(ISNUMBER(MATCH(L36,$G$6:$G$24,0)),$C$2,$B$2))) -> - | M13: =IF(ISNUMBER(MATCH(M36,$G$25:$G$29,0)),$D$2,IF(ISNUMBER(MATCH(M36,$G$32:$G$33,0)),$E$2,IF(ISNUMBER(MATCH(M36,$G$6:$G$24,0)),$C$2,$B$2))) -> - | N13: =IF(ISNUMBER(MATCH(N36,$G$25:$G$29,0)),$D$2,IF(ISNUMBER(MATCH(N36,$G$32:$G$33,0)),$E$2,IF(ISNUMBER(MATCH(N36,$G$6:$G$24,0)),$C$2,$B$2))) -> - | O13: =IF(ISNUMBER(MATCH(O36,$G$25:$G$29,0)),$D$2,IF(ISNUMBER(MATCH(O36,$G$32:$G$33,0)),$E$2,IF(ISNUMBER(MATCH(O36,$G$6:$G$24,0)),$C$2,$B$2))) -> - | P13: =IF(ISNUMBER(MATCH(P36,$G$25:$G$29,0)),$D$2,IF(ISNUMBER(MATCH(P36,$G$32:$G$33,0)),$E$2,IF(ISNUMBER(MATCH(P36,$G$6:$G$24,0)),$C$2,$B$2))) -> - | Q13: =IF(ISNUMBER(MATCH(Q36,$G$25:$G$29,0)),$D$2,IF(ISNUMBER(MATCH(Q36,$G$32:$G$33,0)),$E$2,IF(ISNUMBER(MATCH(Q36,$G$6:$G$24,0)),$C$2,$B$2))) -> - | ... AW13: =IF(ISNUMBER(MATCH(AW36,$G$25:$G$29,0)),$D$2,IF(ISNUMBER(MATCH(AW36,$G$32:$G$33,0)),$E$2,IF(ISNUMBER(MATCH(AW36,$G$6:$G$24,0)),$C$2,$B$2))) -> - | AX13: =AX12+1 -> 8 | AZ13: 7 | BA13: 500 | BB13: 498.7828 | BC13: 497.5629 | BD13: 496.33774 | BE13: 495.10532 | BF13: 493.86432 | BG13: 492.61444 | BH13: 491.35645 | BI13: 490.09058 | BJ13: 488.81586 | BK13: 487.52985 | BL13: 486.23007 | BM13: 484.91605 | BN13: 483.5906 | BO13: 482.25473 | BP13: 480.90515 | BQ13: 479.536 | BR13: 478.14615 | BS13: 476.74908 | BT13: 475.35425 | BU13: 473.96194 | BV13: 472.56195 | BW13: 471.1345 | BX13: 469.66504 | BY13: 468.19586 | BZ13: 466.74765 | CA13: 465.32288 | CB13: 463.90518 | CC13: 462.44653 | CD13: 460.86758 | CE13: 459.3241 | CF13: 457.8452 | CG13: 456.42346 | CH13: 454.97507 | CI13: 453.0561 | CJ13: 451.3337 | CK13: 449.7392 | CL13: 448.26962 | CM13: 446.98007 | CN13: 446.0503 | CO13: -2e+20 | CQ13: =_xlfn.IFS(CR13<=$CS$3,1,CR13<=$CS$4,2,CR13<=$CS$5,3) -> 1 | CR13: =CR12+1 -> 8 | CS13: 1.5833333 | CU13: =IF(CV13<=CU$4,1,2) -> 2 | CV13: 219.6 | CW13: =IF(CV13=0,0,(CV13/CW$5)-1) -> 2.66 | CY13: 252.5 | DD13: 157788000 | DE13: =Jocope!$DA$8/Jocope!DD13 -> 16
A14: =A13+1 -> 9 | B14: 9 | C14: 0 | D14: 0 | E14: 0 | G14: =_xlfn.CONCAT(D14+1,",",B14+1) -> 1,10 | I14: =I13+1 -> 9 | J14: =IF(ISNUMBER(MATCH(J37,$G$25:$G$29,0)),$D$2,IF(ISNUMBER(MATCH(J37,$G$32:$G$33,0)),$E$2,IF(ISNUMBER(MATCH(J37,$G$6:$G$24,0)),$C$2,$B$2))) -> 1 | K14: =IF(ISNUMBER(MATCH(K37,$G$25:$G$29,0)),$D$2,IF(ISNUMBER(MATCH(K37,$G$32:$G$33,0)),$E$2,IF(ISNUMBER(MATCH(K37,$G$6:$G$24,0)),$C$2,$B$2))) -> - | L14: =IF(ISNUMBER(MATCH(L37,$G$25:$G$29,0)),$D$2,IF(ISNUMBER(MATCH(L37,$G$32:$G$33,0)),$E$2,IF(ISNUMBER(MATCH(L37,$G$6:$G$24,0)),$C$2,$B$2))) -> - | M14: =IF(ISNUMBER(MATCH(M37,$G$25:$G$29,0)),$D$2,IF(ISNUMBER(MATCH(M37,$G$32:$G$33,0)),$E$2,IF(ISNUMBER(MATCH(M37,$G$6:$G$24,0)),$C$2,$B$2))) -> - | N14: =IF(ISNUMBER(MATCH(N37,$G$25:$G$29,0)),$D$2,IF(ISNUMBER(MATCH(N37,$G$32:$G$33,0)),$E$2,IF(ISNUMBER(MATCH(N37,$G$6:$G$24,0)),$C$2,$B$2))) -> - | O14: =IF(ISNUMBER(MATCH(O37,$G$25:$G$29,0)),$D$2,IF(ISNUMBER(MATCH(O37,$G$32:$G$33,0)),$E$2,IF(ISNUMBER(MATCH(O37,$G$6:$G$24,0)),$C$2,$B$2))) -> - | P14: =IF(ISNUMBER(MATCH(P37,$G$25:$G$29,0)),$D$2,IF(ISNUMBER(MATCH(P37,$G$32:$G$33,0)),$E$2,IF(ISNUMBER(MATCH(P37,$G$6:$G$24,0)),$C$2,$B$2))) -> - | Q14: =IF(ISNUMBER(MATCH(Q37,$G$25:$G$29,0)),$D$2,IF(ISNUMBER(MATCH(Q37,$G$32:$G$33,0)),$E$2,IF(ISNUMBER(MATCH(Q37,$G$6:$G$24,0)),$C$2,$B$2))) -> - | ... AW14: =IF(ISNUMBER(MATCH(AW37,$G$25:$G$29,0)),$D$2,IF(ISNUMBER(MATCH(AW37,$G$32:$G$33,0)),$E$2,IF(ISNUMBER(MATCH(AW37,$G$6:$G$24,0)),$C$2,$B$2))) -> - | AX14: =AX13+1 -> 9 | AZ14: 8 | BA14: 500 | BB14: 498.76404 | BC14: 497.52594 | BD14: 496.28372 | BE14: 495.03568 | BF14: 493.7807 | BG14: 492.5182 | BH14: 491.24792 | BI14: 489.96954 | BJ14: 488.68216 | BK14: 487.38443 | BL14: 486.07504 | BM14: 484.75363 | BN14: 483.42075 | BO14: 482.07632 | BP14: 480.719 | BQ14: 479.34695 | BR14: 477.96097 | BS14: 476.56607 | BT14: 475.16623 | BU14: 473.7612 | BV14: 472.346 | BW14: 470.91333 | BX14: 469.46115 | BY14: 468.0032 | BZ14: 466.54907 | CA14: 465.0991 | CB14: 463.6428 | CC14: 462.15973 | CD14: 460.6347 | CE14: 459.10986 | CF14: 457.60126 | CG14: 456.09637 | CH14: 454.5446 | CI14: 452.85953 | CJ14: 451.20584 | CK14: 449.6143 | CL14: 448.08957 | CM14: 446.62033 | CN14: 445.12048 | CO14: 443.1315 | CQ14: =_xlfn.IFS(CR14<=$CS$3,1,CR14<=$CS$4,2,CR14<=$CS$5,3) -> 1 | CR14: =CR13+1 -> 9 | CS14: 1.6666667 | CU14: =IF(CV14<=CU$4,1,2) -> 2 | CV14: 256.2 | CW14: =IF(CV14=0,0,(CV14/CW$5)-1) -> 3.27 | CY14: 288.75 | DD14: 220903200 | DE14: =Jocope!$DA$8/Jocope!DD14 -> 11.428571
A15: =A14+1 -> 10 | B15: 10 | C15: 0 | D15: 0 | E15: 0 | G15: =_xlfn.CONCAT(D15+1,",",B15+1) -> 1,11 | I15: =I14+1 -> 10 | J15: =IF(ISNUMBER(MATCH(J38,$G$25:$G$29,0)),$D$2,IF(ISNUMBER(MATCH(J38,$G$32:$G$33,0)),$E$2,IF(ISNUMBER(MATCH(J38,$G$6:$G$24,0)),$C$2,$B$2))) -> 1 | K15: =IF(ISNUMBER(MATCH(K38,$G$25:$G$29,0)),$D$2,IF(ISNUMBER(MATCH(K38,$G$32:$G$33,0)),$E$2,IF(ISNUMBER(MATCH(K38,$G$6:$G$24,0)),$C$2,$B$2))) -> - | L15: =IF(ISNUMBER(MATCH(L38,$G$25:$G$29,0)),$D$2,IF(ISNUMBER(MATCH(L38,$G$32:$G$33,0)),$E$2,IF(ISNUMBER(MATCH(L38,$G$6:$G$24,0)),$C$2,$B$2))) -> - | M15: =IF(ISNUMBER(MATCH(M38,$G$25:$G$29,0)),$D$2,IF(ISNUMBER(MATCH(M38,$G$32:$G$33,0)),$E$2,IF(ISNUMBER(MATCH(M38,$G$6:$G$24,0)),$C$2,$B$2))) -> - | N15: =IF(ISNUMBER(MATCH(N38,$G$25:$G$29,0)),$D$2,IF(ISNUMBER(MATCH(N38,$G$32:$G$33,0)),$E$2,IF(ISNUMBER(MATCH(N38,$G$6:$G$24,0)),$C$2,$B$2))) -> - | O15: =IF(ISNUMBER(MATCH(O38,$G$25:$G$29,0)),$D$2,IF(ISNUMBER(MATCH(O38,$G$32:$G$33,0)),$E$2,IF(ISNUMBER(MATCH(O38,$G$6:$G$24,0)),$C$2,$B$2))) -> - | P15: =IF(ISNUMBER(MATCH(P38,$G$25:$G$29,0)),$D$2,IF(ISNUMBER(MATCH(P38,$G$32:$G$33,0)),$E$2,IF(ISNUMBER(MATCH(P38,$G$6:$G$24,0)),$C$2,$B$2))) -> - | Q15: =IF(ISNUMBER(MATCH(Q38,$G$25:$G$29,0)),$D$2,IF(ISNUMBER(MATCH(Q38,$G$32:$G$33,0)),$E$2,IF(ISNUMBER(MATCH(Q38,$G$6:$G$24,0)),$C$2,$B$2))) -> - | ... AW15: =IF(ISNUMBER(MATCH(AW38,$G$25:$G$29,0)),$D$2,IF(ISNUMBER(MATCH(AW38,$G$32:$G$33,0)),$E$2,IF(ISNUMBER(MATCH(AW38,$G$6:$G$24,0)),$C$2,$B$2))) -> - | AX15: =AX14+1 -> 10 | AZ15: 9 | BA15: 500 | BB15: 498.74744 | BC15: 497.49313 | BD15: 496.23544 | BE15: 494.973 | BF15: 493.70468 | BG15: 492.4297 | BH15: 491.1475 | BI15: 489.85745 | BJ15: 488.55884 | BK15: 487.25064 | BL15: 485.9321 | BM15: 484.60272 | BN15: 483.2624 | BO15: 481.91086 | BP15: 480.54752 | BQ15: 479.1719 | BR15: 477.78473 | BS15: 476.38803 | BT15: 474.9834 | BU15: 473.57065 | BV15: 472.14758 | BW15: 470.71167 | BX15: 469.26306 | BY15: 467.80667 | BZ15: 466.34637 | CA15: 464.88165 | CB15: 463.40717 | CC15: 461.91483 | CD15: 460.4016 | CE15: 458.8794 | CF15: 457.35352 | CG15: 455.81622 | CH15: 454.24734 | CI15: 452.6316 | CJ15: 451.01578 | CK15: 449.42255 | CL15: 447.854 | CM15: 446.29123 | CN15: 444.67984 | CO15: 442.93 | CQ15: =_xlfn.IFS(CR15<=$CS$3,1,CR15<=$CS$4,2,CR15<=$CS$5,3) -> 1 | CR15: =CR14+1 -> 10 | CS15: 1.75 | CU15: =IF(CV15<=CU$4,1,2) -> 2 | CV15: 292.8 | CW15: =IF(CV15=0,0,(CV15/CW$5)-1) -> 3.88 | CY15: 325 | DD15: 946728000 | DE15: =Jocope!$DA$8/Jocope!DD15 -> 2.6666667
A16: =A15+1 -> 11 | B16: 11 | C16: 0 | D16: 0 | E16: 0 | G16: =_xlfn.CONCAT(D16+1,",",B16+1) -> 1,12 | I16: =I15+1 -> 11 | J16: =IF(ISNUMBER(MATCH(J39,$G$25:$G$29,0)),$D$2,IF(ISNUMBER(MATCH(J39,$G$32:$G$33,0)),$E$2,IF(ISNUMBER(MATCH(J39,$G$6:$G$24,0)),$C$2,$B$2))) -> 1 | K16: =IF(ISNUMBER(MATCH(K39,$G$25:$G$29,0)),$D$2,IF(ISNUMBER(MATCH(K39,$G$32:$G$33,0)),$E$2,IF(ISNUMBER(MATCH(K39,$G$6:$G$24,0)),$C$2,$B$2))) -> - | L16: =IF(ISNUMBER(MATCH(L39,$G$25:$G$29,0)),$D$2,IF(ISNUMBER(MATCH(L39,$G$32:$G$33,0)),$E$2,IF(ISNUMBER(MATCH(L39,$G$6:$G$24,0)),$C$2,$B$2))) -> - | M16: =IF(ISNUMBER(MATCH(M39,$G$25:$G$29,0)),$D$2,IF(ISNUMBER(MATCH(M39,$G$32:$G$33,0)),$E$2,IF(ISNUMBER(MATCH(M39,$G$6:$G$24,0)),$C$2,$B$2))) -> - | N16: =IF(ISNUMBER(MATCH(N39,$G$25:$G$29,0)),$D$2,IF(ISNUMBER(MATCH(N39,$G$32:$G$33,0)),$E$2,IF(ISNUMBER(MATCH(N39,$G$6:$G$24,0)),$C$2,$B$2))) -> - | O16: =IF(ISNUMBER(MATCH(O39,$G$25:$G$29,0)),$D$2,IF(ISNUMBER(MATCH(O39,$G$32:$G$33,0)),$E$2,IF(ISNUMBER(MATCH(O39,$G$6:$G$24,0)),$C$2,$B$2))) -> - | P16: =IF(ISNUMBER(MATCH(P39,$G$25:$G$29,0)),$D$2,IF(ISNUMBER(MATCH(P39,$G$32:$G$33,0)),$E$2,IF(ISNUMBER(MATCH(P39,$G$6:$G$24,0)),$C$2,$B$2))) -> - | Q16: =IF(ISNUMBER(MATCH(Q39,$G$25:$G$29,0)),$D$2,IF(ISNUMBER(MATCH(Q39,$G$32:$G$33,0)),$E$2,IF(ISNUMBER(MATCH(Q39,$G$6:$G$24,0)),$C$2,$B$2))) -> - | ... AW16: =IF(ISNUMBER(MATCH(AW39,$G$25:$G$29,0)),$D$2,IF(ISNUMBER(MATCH(AW39,$G$32:$G$33,0)),$E$2,IF(ISNUMBER(MATCH(AW39,$G$6:$G$24,0)),$C$2,$B$2))) -> - | AX16: =AX15+1 -> 11 | AZ16: 10 | BA16: 500 | BB16: 498.73257 | BC16: 497.4637 | BD16: 496.192 | BE16: 494.9162 | BF16: 493.63528 | BG16: 492.34842 | BH16: 491.0549 | BI16: 489.754 | BJ16: 488.44504 | BK16: 487.12723 | BL16: 485.79996 | BM16: 484.4627 | BN16: 483.11523 | BO16: 481.75717 | BP16: 480.38828 | BQ16: 479.0084 | BR16: 477.61798 | BS16: 476.2179 | BT16: 474.80872 | BU16: 473.39038 | BV16: 471.96198 | BW16: 470.52267 | BX16: 469.07278 | BY16: 467.6141 | BZ16: 466.14804 | CA16: 464.674 | CB16: 463.18936 | CC16: 461.69086 | CD16: 460.17752 | CE16: 458.6526 | CF16: 457.11722 | CG16: 455.56766 | CH16: 453.99698 | CI16: 452.4037 | CJ16: 450.8032 | CK16: 449.20615 | CL16: 447.61264 | CM16: 446.01077 | CN16: 444.3777 | CO16: 442.69656 | CQ16: =_xlfn.IFS(CR16<=$CS$3,1,CR16<=$CS$4,2,CR16<=$CS$5,3) -> 1 | CR16: =CR15+1 -> 11 | CS16: 1.8333333 | CU16: =IF(CV16<=CU$4,1,2) -> 2 | CV16: 329.4 | CW16: =IF(CV16=0,0,(CV16/CW$5)-1) -> 4.49 | CY16: 361.25 | DD16: 1105000000 | DE16: =Jocope!$DA$8/Jocope!DD16 -> 2.2847131
A17: =A16+1 -> 12 | B17: 12 | C17: 0 | D17: 0 | E17: 0 | G17: =_xlfn.CONCAT(D17+1,",",B17+1) -> 1,13 | I17: =I16+1 -> 12 | J17: =IF(ISNUMBER(MATCH(J40,$G$25:$G$29,0)),$D$2,IF(ISNUMBER(MATCH(J40,$G$32:$G$33,0)),$E$2,IF(ISNUMBER(MATCH(J40,$G$6:$G$24,0)),$C$2,$B$2))) -> 1 | K17: =IF(ISNUMBER(MATCH(K40,$G$25:$G$29,0)),$D$2,IF(ISNUMBER(MATCH(K40,$G$32:$G$33,0)),$E$2,IF(ISNUMBER(MATCH(K40,$G$6:$G$24,0)),$C$2,$B$2))) -> - | L17: =IF(ISNUMBER(MATCH(L40,$G$25:$G$29,0)),$D$2,IF(ISNUMBER(MATCH(L40,$G$32:$G$33,0)),$E$2,IF(ISNUMBER(MATCH(L40,$G$6:$G$24,0)),$C$2,$B$2))) -> - | M17: =IF(ISNUMBER(MATCH(M40,$G$25:$G$29,0)),$D$2,IF(ISNUMBER(MATCH(M40,$G$32:$G$33,0)),$E$2,IF(ISNUMBER(MATCH(M40,$G$6:$G$24,0)),$C$2,$B$2))) -> - | N17: =IF(ISNUMBER(MATCH(N40,$G$25:$G$29,0)),$D$2,IF(ISNUMBER(MATCH(N40,$G$32:$G$33,0)),$E$2,IF(ISNUMBER(MATCH(N40,$G$6:$G$24,0)),$C$2,$B$2))) -> - | O17: =IF(ISNUMBER(MATCH(O40,$G$25:$G$29,0)),$D$2,IF(ISNUMBER(MATCH(O40,$G$32:$G$33,0)),$E$2,IF(ISNUMBER(MATCH(O40,$G$6:$G$24,0)),$C$2,$B$2))) -> - | P17: =IF(ISNUMBER(MATCH(P40,$G$25:$G$29,0)),$D$2,IF(ISNUMBER(MATCH(P40,$G$32:$G$33,0)),$E$2,IF(ISNUMBER(MATCH(P40,$G$6:$G$24,0)),$C$2,$B$2))) -> - | Q17: =IF(ISNUMBER(MATCH(Q40,$G$25:$G$29,0)),$D$2,IF(ISNUMBER(MATCH(Q40,$G$32:$G$33,0)),$E$2,IF(ISNUMBER(MATCH(Q40,$G$6:$G$24,0)),$C$2,$B$2))) -> - | ... AW17: =IF(ISNUMBER(MATCH(AW40,$G$25:$G$29,0)),$D$2,IF(ISNUMBER(MATCH(AW40,$G$32:$G$33,0)),$E$2,IF(ISNUMBER(MATCH(AW40,$G$6:$G$24,0)),$C$2,$B$2))) -> - | AX17: =AX16+1 -> 12 | AZ17: 11 | BA17: 500 | BB17: 498.71918 | BC17: 497.4371 | BD17: 496.1526 | BE17: 494.86447 | BF17: 493.57184 | BG17: 492.27383 | BH17: 490.96967 | BI17: 489.65863 | BJ17: 488.34006 | BK17: 487.0133 | BL17: 485.67776 | BM17: 484.333 | BN17: 482.97864 | BO17: 481.61438 | BP17: 480.24 | BQ17: 478.85547 | BR17: 477.46094 | BS17: 476.0568 | BT17: 474.64322 | BU17: 473.22018 | BV17: 471.7873 | BW17: 470.34427 | BX17: 468.89127 | BY17: 467.42896 | BZ17: 465.95767 | CA17: 464.47696 | CB17: 462.98544 | CC17: 461.4817 | CD17: 459.96506 | CE17: 458.43622 | CF17: 456.89514 | CG17: 455.34018 | CH17: 453.76923 | CI17: 452.18298 | CJ17: 450.58716 | CK17: 448.98618 | CL17: 447.3796 | CM17: 445.76157 | CN17: 444.1235 | CO17: 442.46298 | CQ17: =_xlfn.IFS(CR17<=$CS$3,1,CR17<=$CS$4,2,CR17<=$CS$5,3) -> 1 | CR17: =CR16+1 -> 12 | CS17: 1.9166667 | CU17: =IF(CV17<=CU$4,1,2) -> 2 | CV17: 366 | CW17: =IF(CV17=0,0,(CV17/CW$5)-1) -> 5.1 | CY17: 397.5 | DD17: 1578000000 | DE17: =Jocope!$DA$8/Jocope!DD17 -> 1.5998783
A18: =A17+1 -> 13 | B18: 13 | C18: 0 | D18: 0 | E18: 0 | G18: =_xlfn.CONCAT(D18+1,",",B18+1) -> 1,14 | I18: =I17+1 -> 13 | J18: =IF(ISNUMBER(MATCH(J41,$G$25:$G$29,0)),$D$2,IF(ISNUMBER(MATCH(J41,$G$32:$G$33,0)),$E$2,IF(ISNUMBER(MATCH(J41,$G$6:$G$24,0)),$C$2,$B$2))) -> 1 | K18: =IF(ISNUMBER(MATCH(K41,$G$25:$G$29,0)),$D$2,IF(ISNUMBER(MATCH(K41,$G$32:$G$33,0)),$E$2,IF(ISNUMBER(MATCH(K41,$G$6:$G$24,0)),$C$2,$B$2))) -> - | L18: =IF(ISNUMBER(MATCH(L41,$G$25:$G$29,0)),$D$2,IF(ISNUMBER(MATCH(L41,$G$32:$G$33,0)),$E$2,IF(ISNUMBER(MATCH(L41,$G$6:$G$24,0)),$C$2,$B$2))) -> - | M18: =IF(ISNUMBER(MATCH(M41,$G$25:$G$29,0)),$D$2,IF(ISNUMBER(MATCH(M41,$G$32:$G$33,0)),$E$2,IF(ISNUMBER(MATCH(M41,$G$6:$G$24,0)),$C$2,$B$2))) -> - | N18: =IF(ISNUMBER(MATCH(N41,$G$25:$G$29,0)),$D$2,IF(ISNUMBER(MATCH(N41,$G$32:$G$33,0)),$E$2,IF(ISNUMBER(MATCH(N41,$G$6:$G$24,0)),$C$2,$B$2))) -> - | O18: =IF(ISNUMBER(MATCH(O41,$G$25:$G$29,0)),$D$2,IF(ISNUMBER(MATCH(O41,$G$32:$G$33,0)),$E$2,IF(ISNUMBER(MATCH(O41,$G$6:$G$24,0)),$C$2,$B$2))) -> - | P18: =IF(ISNUMBER(MATCH(P41,$G$25:$G$29,0)),$D$2,IF(ISNUMBER(MATCH(P41,$G$32:$G$33,0)),$E$2,IF(ISNUMBER(MATCH(P41,$G$6:$G$24,0)),$C$2,$B$2))) -> - | Q18: =IF(ISNUMBER(MATCH(Q41,$G$25:$G$29,0)),$D$2,IF(ISNUMBER(MATCH(Q41,$G$32:$G$33,0)),$E$2,IF(ISNUMBER(MATCH(Q41,$G$6:$G$24,0)),$C$2,$B$2))) -> - | ... AW18: =IF(ISNUMBER(MATCH(AW41,$G$25:$G$29,0)),$D$2,IF(ISNUMBER(MATCH(AW41,$G$32:$G$33,0)),$E$2,IF(ISNUMBER(MATCH(AW41,$G$6:$G$24,0)),$C$2,$B$2))) -> - | AX18: =AX17+1 -> 13 | AZ18: 12 | BA18: 500 | BB18: 498.70703 | BC18: 497.41296 | BD18: 496.11673 | BE18: 494.81732 | BF18: 493.51382 | BG18: 492.20538 | BH18: 490.8913 | BI18: 489.5708 | BJ18: 488.2433 | BK18: 486.90814 | BL18: 485.56482 | BM18: 484.2129 | BN18: 482.85193 | BO18: 481.48166 | BP18: 480.1019 | BQ18: 478.71252 | BR18: 477.31354 | BS18: 475.9051 | BT18: 474.4872 | BU18: 473.0598 | BV18: 471.6227 | BW18: 470.1758 | BX18: 468.7191 | BY18: 467.25275 | BZ18: 465.77673 | CA18: 464.29068 | CB18: 462.79382 | CC18: 461.28534 | CD18: 459.7648 | CE18: 458.2321 | CF18: 456.68695 | CG18: 455.12866 | CH18: 453.55673 | CI18: 451.97186 | CJ18: 450.37628 | CK18: 448.77182 | CL18: 447.15805 | CM18: 445.53238 | CN18: 443.89178 | CO18: 442.23633 | CQ18: =_xlfn.IFS(CR18<=$CS$3,1,CR18<=$CS$4,2,CR18<=$CS$5,3) -> 1 | CR18: =CR17+1 -> 13 | CS18: 2 | CU18: =IF(CV18<=CU$4,1,2) -> 2 | CV18: 402.6 | CW18: =IF(CV18=0,0,(CV18/CW$5)-1) -> 5.71 | CY18: 433.75
A19: =A18+1 -> 14 | B19: 14 | C19: 0 | D19: 0 | E19: 0 | G19: =_xlfn.CONCAT(D19+1,",",B19+1) -> 1,15 | I19: =I18+1 -> 14 | J19: =IF(ISNUMBER(MATCH(J42,$G$25:$G$29,0)),$D$2,IF(ISNUMBER(MATCH(J42,$G$32:$G$33,0)),$E$2,IF(ISNUMBER(MATCH(J42,$G$6:$G$24,0)),$C$2,$B$2))) -> 1 | K19: =IF(ISNUMBER(MATCH(K42,$G$25:$G$29,0)),$D$2,IF(ISNUMBER(MATCH(K42,$G$32:$G$33,0)),$E$2,IF(ISNUMBER(MATCH(K42,$G$6:$G$24,0)),$C$2,$B$2))) -> - | L19: =IF(ISNUMBER(MATCH(L42,$G$25:$G$29,0)),$D$2,IF(ISNUMBER(MATCH(L42,$G$32:$G$33,0)),$E$2,IF(ISNUMBER(MATCH(L42,$G$6:$G$24,0)),$C$2,$B$2))) -> - | M19: =IF(ISNUMBER(MATCH(M42,$G$25:$G$29,0)),$D$2,IF(ISNUMBER(MATCH(M42,$G$32:$G$33,0)),$E$2,IF(ISNUMBER(MATCH(M42,$G$6:$G$24,0)),$C$2,$B$2))) -> - | N19: =IF(ISNUMBER(MATCH(N42,$G$25:$G$29,0)),$D$2,IF(ISNUMBER(MATCH(N42,$G$32:$G$33,0)),$E$2,IF(ISNUMBER(MATCH(N42,$G$6:$G$24,0)),$C$2,$B$2))) -> - | O19: =IF(ISNUMBER(MATCH(O42,$G$25:$G$29,0)),$D$2,IF(ISNUMBER(MATCH(O42,$G$32:$G$33,0)),$E$2,IF(ISNUMBER(MATCH(O42,$G$6:$G$24,0)),$C$2,$B$2))) -> - | P19: =IF(ISNUMBER(MATCH(P42,$G$25:$G$29,0)),$D$2,IF(ISNUMBER(MATCH(P42,$G$32:$G$33,0)),$E$2,IF(ISNUMBER(MATCH(P42,$G$6:$G$24,0)),$C$2,$B$2))) -> - | Q19: =IF(ISNUMBER(MATCH(Q42,$G$25:$G$29,0)),$D$2,IF(ISNUMBER(MATCH(Q42,$G$32:$G$33,0)),$E$2,IF(ISNUMBER(MATCH(Q42,$G$6:$G$24,0)),$C$2,$B$2))) -> - | ... AW19: =IF(ISNUMBER(MATCH(AW42,$G$25:$G$29,0)),$D$2,IF(ISNUMBER(MATCH(AW42,$G$32:$G$33,0)),$E$2,IF(ISNUMBER(MATCH(AW42,$G$6:$G$24,0)),$C$2,$B$2))) -> - | AX19: =AX18+1 -> 14 | AZ19: 13 | BA19: 500 | BB19: 498.69598 | BC19: 497.391 | BD19: 496.08405 | BE19: 494.77423 | BF19: 493.4607 | BG19: 492.1426 | BH19: 490.81927 | BI19: 489.49 | BJ19: 488.15417 | BK19: 486.81116 | BL19: 485.4605 | BM19: 484.10175 | BN19: 482.7345 | BO19: 481.35846 | BP19: 479.9734 | BQ19: 478.57913 | BR19: 477.17563 | BS19: 475.76285 | BT19: 474.3407 | BU19: 472.90915 | BV19: 471.468 | BW19: 470.01715 | BX19: 468.55658 | BY19: 467.08618 | BZ19: 465.60583 | CA19: 464.1152 | CB19: 462.6138 | CC19: 461.1011 | CD19: 459.57672 | CE19: 458.0404 | CF19: 456.49188 | CG19: 454.93085 | CH19: 453.3572 | CI19: 451.7714 | CJ19: 450.17435 | CK19: 448.56674 | CL19: 446.94836 | CM19: 445.3181 | CN19: 443.67493 | CO19: 442.01904 | CQ19: =_xlfn.IFS(CR19<=$CS$3,1,CR19<=$CS$4,2,CR19<=$CS$5,3) -> 1 | CR19: =CR18+1 -> 14 | CS19: 2.0833333 | CU19: =IF(CV19<=CU$4,1,2) -> 2 | CV19: 439.2 | CW19: =IF(CV19=0,0,(CV19/CW$5)-1) -> 6.32 | CY19: 470
A20: =A19+1 -> 15 | B20: 15 | C20: 0 | D20: 0 | E20: 0 | G20: =_xlfn.CONCAT(D20+1,",",B20+1) -> 1,16 | I20: =I19+1 -> 15 | J20: =IF(ISNUMBER(MATCH(J43,$G$25:$G$29,0)),$D$2,IF(ISNUMBER(MATCH(J43,$G$32:$G$33,0)),$E$2,IF(ISNUMBER(MATCH(J43,$G$6:$G$24,0)),$C$2,$B$2))) -> 1 | K20: =IF(ISNUMBER(MATCH(K43,$G$25:$G$29,0)),$D$2,IF(ISNUMBER(MATCH(K43,$G$32:$G$33,0)),$E$2,IF(ISNUMBER(MATCH(K43,$G$6:$G$24,0)),$C$2,$B$2))) -> - | L20: =IF(ISNUMBER(MATCH(L43,$G$25:$G$29,0)),$D$2,IF(ISNUMBER(MATCH(L43,$G$32:$G$33,0)),$E$2,IF(ISNUMBER(MATCH(L43,$G$6:$G$24,0)),$C$2,$B$2))) -> - | M20: =IF(ISNUMBER(MATCH(M43,$G$25:$G$29,0)),$D$2,IF(ISNUMBER(MATCH(M43,$G$32:$G$33,0)),$E$2,IF(ISNUMBER(MATCH(M43,$G$6:$G$24,0)),$C$2,$B$2))) -> - | N20: =IF(ISNUMBER(MATCH(N43,$G$25:$G$29,0)),$D$2,IF(ISNUMBER(MATCH(N43,$G$32:$G$33,0)),$E$2,IF(ISNUMBER(MATCH(N43,$G$6:$G$24,0)),$C$2,$B$2))) -> - | O20: =IF(ISNUMBER(MATCH(O43,$G$25:$G$29,0)),$D$2,IF(ISNUMBER(MATCH(O43,$G$32:$G$33,0)),$E$2,IF(ISNUMBER(MATCH(O43,$G$6:$G$24,0)),$C$2,$B$2))) -> - | P20: =IF(ISNUMBER(MATCH(P43,$G$25:$G$29,0)),$D$2,IF(ISNUMBER(MATCH(P43,$G$32:$G$33,0)),$E$2,IF(ISNUMBER(MATCH(P43,$G$6:$G$24,0)),$C$2,$B$2))) -> - | Q20: =IF(ISNUMBER(MATCH(Q43,$G$25:$G$29,0)),$D$2,IF(ISNUMBER(MATCH(Q43,$G$32:$G$33,0)),$E$2,IF(ISNUMBER(MATCH(Q43,$G$6:$G$24,0)),$C$2,$B$2))) -> - | ... AW20: =IF(ISNUMBER(MATCH(AW43,$G$25:$G$29,0)),$D$2,IF(ISNUMBER(MATCH(AW43,$G$32:$G$33,0)),$E$2,IF(ISNUMBER(MATCH(AW43,$G$6:$G$24,0)),$C$2,$B$2))) -> - | AX20: =AX19+1 -> 15 | AZ20: 14 | BA20: 500 | BB20: 498.68594 | BC20: 497.371 | BD20: 496.05426 | BE20: 494.7349 | BF20: 493.4121 | BG20: 492.0851 | BH20: 490.7532 | BI20: 489.41577 | BJ20: 488.07217 | BK20: 486.72186 | BL20: 485.36432 | BM20: 483.9991 | BN20: 482.6259 | BO20: 481.2443 | BP20: 479.85406 | BQ20: 478.45502 | BR20: 477.04703 | BS20: 475.62994 | BT20: 474.20364 | BU20: 472.76804 | BV20: 471.32294 | BW20: 469.86826 | BX20: 468.40384 | BY20: 466.92957 | BZ20: 465.44522 | CA20: 463.9505 | CB20: 462.44507 | CC20: 460.92853 | CD20: 459.40057 | CE20: 457.8609 | CF20: 456.30933 | CG20: 454.74564 | CH20: 453.16986 | CI20: 451.58215 | CJ20: 449.98294 | CK20: 448.37247 | CL20: 446.75058 | CM20: 445.1168 | CN20: 443.47073 | CO20: 441.8125 | CQ20: =_xlfn.IFS(CR20<=$CS$3,1,CR20<=$CS$4,2,CR20<=$CS$5,3) -> 1 | CR20: =CR19+1 -> 15 | CS20: 2.1666667 | CU20: =IF(CV20<=CU$4,1,2) -> 2 | CV20: 475.8 | CW20: =IF(CV20=0,0,(CV20/CW$5)-1) -> 6.93 | CY20: 506.25
A21: =A20+1 -> 16 | B21: 16 | C21: 0 | D21: 0 | E21: 0 | G21: =_xlfn.CONCAT(D21+1,",",B21+1) -> 1,17 | I21: =I20+1 -> 16 | J21: =IF(ISNUMBER(MATCH(J44,$G$25:$G$29,0)),$D$2,IF(ISNUMBER(MATCH(J44,$G$32:$G$33,0)),$E$2,IF(ISNUMBER(MATCH(J44,$G$6:$G$24,0)),$C$2,$B$2))) -> 1 | K21: =IF(ISNUMBER(MATCH(K44,$G$25:$G$29,0)),$D$2,IF(ISNUMBER(MATCH(K44,$G$32:$G$33,0)),$E$2,IF(ISNUMBER(MATCH(K44,$G$6:$G$24,0)),$C$2,$B$2))) -> - | L21: =IF(ISNUMBER(MATCH(L44,$G$25:$G$29,0)),$D$2,IF(ISNUMBER(MATCH(L44,$G$32:$G$33,0)),$E$2,IF(ISNUMBER(MATCH(L44,$G$6:$G$24,0)),$C$2,$B$2))) -> - | M21: =IF(ISNUMBER(MATCH(M44,$G$25:$G$29,0)),$D$2,IF(ISNUMBER(MATCH(M44,$G$32:$G$33,0)),$E$2,IF(ISNUMBER(MATCH(M44,$G$6:$G$24,0)),$C$2,$B$2))) -> - | N21: =IF(ISNUMBER(MATCH(N44,$G$25:$G$29,0)),$D$2,IF(ISNUMBER(MATCH(N44,$G$32:$G$33,0)),$E$2,IF(ISNUMBER(MATCH(N44,$G$6:$G$24,0)),$C$2,$B$2))) -> - | O21: =IF(ISNUMBER(MATCH(O44,$G$25:$G$29,0)),$D$2,IF(ISNUMBER(MATCH(O44,$G$32:$G$33,0)),$E$2,IF(ISNUMBER(MATCH(O44,$G$6:$G$24,0)),$C$2,$B$2))) -> - | P21: =IF(ISNUMBER(MATCH(P44,$G$25:$G$29,0)),$D$2,IF(ISNUMBER(MATCH(P44,$G$32:$G$33,0)),$E$2,IF(ISNUMBER(MATCH(P44,$G$6:$G$24,0)),$C$2,$B$2))) -> - | Q21: =IF(ISNUMBER(MATCH(Q44,$G$25:$G$29,0)),$D$2,IF(ISNUMBER(MATCH(Q44,$G$32:$G$33,0)),$E$2,IF(ISNUMBER(MATCH(Q44,$G$6:$G$24,0)),$C$2,$B$2))) -> - | ... AW21: =IF(ISNUMBER(MATCH(AW44,$G$25:$G$29,0)),$D$2,IF(ISNUMBER(MATCH(AW44,$G$32:$G$33,0)),$E$2,IF(ISNUMBER(MATCH(AW44,$G$6:$G$24,0)),$C$2,$B$2))) -> 2 | AX21: =AX20+1 -> 16 | AZ21: 15 | BA21: 500 | BB21: 498.6768 | BC21: 497.35278 | BD21: 496.0271 | BE21: 494.69897 | BF21: 493.3677 | BG21: 492.0325 | BH21: 490.6927 | BI21: 489.3477 | BJ21: 487.9969 | BK21: 486.63974 | BL21: 485.2758 | BM21: 483.90454 | BN21: 482.52563 | BO21: 481.13873 | BP21: 479.74356 | BQ21: 478.33987 | BR21: 476.9275 | BS21: 475.50623 | BT21: 474.0759 | BU21: 472.63638 | BV21: 471.1875 | BW21: 469.7291 | BX21: 468.26102 | BY21: 466.78302 | BZ21: 465.29495 | CA21: 463.79654 | CB21: 462.28745 | CC21: 460.7674 | CD21: 459.23608 | CE21: 457.69333 | CF21: 456.13885 | CG21: 454.57257 | CH21: 452.99442 | CI21: 451.40445 | CJ21: 449.80283 | CK21: 448.1896 | CL21: 446.56467 | CM21: 444.92776 | CN21: 443.27872 | CO21: 441.6175 | CQ21: =_xlfn.IFS(CR21<=$CS$3,1,CR21<=$CS$4,2,CR21<=$CS$5,3) -> 1 | CR21: =CR20+1 -> 16 | CS21: 2.25 | CU21: =IF(CV21<=CU$4,1,2) -> 2 | CV21: 512.4 | CW21: =IF(CV21=0,0,(CV21/CW$5)-1) -> 7.54 | CY21: 542.5
A22: =A21+1 -> 17 | B22: 17 | C22: 0 | D22: 0 | E22: 0 | G22: =_xlfn.CONCAT(D22+1,",",B22+1) -> 1,18 | I22: =I21+1 -> 17 | J22: =IF(ISNUMBER(MATCH(J45,$G$25:$G$29,0)),$D$2,IF(ISNUMBER(MATCH(J45,$G$32:$G$33,0)),$E$2,IF(ISNUMBER(MATCH(J45,$G$6:$G$24,0)),$C$2,$B$2))) -> 3 | K22: =IF(ISNUMBER(MATCH(K45,$G$25:$G$29,0)),$D$2,IF(ISNUMBER(MATCH(K45,$G$32:$G$33,0)),$E$2,IF(ISNUMBER(MATCH(K45,$G$6:$G$24,0)),$C$2,$B$2))) -> - | L22: =IF(ISNUMBER(MATCH(L45,$G$25:$G$29,0)),$D$2,IF(ISNUMBER(MATCH(L45,$G$32:$G$33,0)),$E$2,IF(ISNUMBER(MATCH(L45,$G$6:$G$24,0)),$C$2,$B$2))) -> - | M22: =IF(ISNUMBER(MATCH(M45,$G$25:$G$29,0)),$D$2,IF(ISNUMBER(MATCH(M45,$G$32:$G$33,0)),$E$2,IF(ISNUMBER(MATCH(M45,$G$6:$G$24,0)),$C$2,$B$2))) -> - | N22: =IF(ISNUMBER(MATCH(N45,$G$25:$G$29,0)),$D$2,IF(ISNUMBER(MATCH(N45,$G$32:$G$33,0)),$E$2,IF(ISNUMBER(MATCH(N45,$G$6:$G$24,0)),$C$2,$B$2))) -> - | O22: =IF(ISNUMBER(MATCH(O45,$G$25:$G$29,0)),$D$2,IF(ISNUMBER(MATCH(O45,$G$32:$G$33,0)),$E$2,IF(ISNUMBER(MATCH(O45,$G$6:$G$24,0)),$C$2,$B$2))) -> - | P22: =IF(ISNUMBER(MATCH(P45,$G$25:$G$29,0)),$D$2,IF(ISNUMBER(MATCH(P45,$G$32:$G$33,0)),$E$2,IF(ISNUMBER(MATCH(P45,$G$6:$G$24,0)),$C$2,$B$2))) -> - | Q22: =IF(ISNUMBER(MATCH(Q45,$G$25:$G$29,0)),$D$2,IF(ISNUMBER(MATCH(Q45,$G$32:$G$33,0)),$E$2,IF(ISNUMBER(MATCH(Q45,$G$6:$G$24,0)),$C$2,$B$2))) -> - | ... AW22: =IF(ISNUMBER(MATCH(AW45,$G$25:$G$29,0)),$D$2,IF(ISNUMBER(MATCH(AW45,$G$32:$G$33,0)),$E$2,IF(ISNUMBER(MATCH(AW45,$G$6:$G$24,0)),$C$2,$B$2))) -> 2 | AX22: =AX21+1 -> 17 | AZ22: 16 | BA22: 500 | BB22: 498.6685 | BC22: 497.33618 | BD22: 496.00235 | BE22: 494.66626 | BF22: 493.3272 | BG22: 491.98447 | BH22: 490.6374 | BI22: 489.28543 | BJ22: 487.92795 | BK22: 486.56448 | BL22: 485.19452 | BM22: 483.8176 | BN22: 482.43338 | BO22: 481.04147 | BP22: 479.64157 | BQ22: 478.23346 | BR22: 476.81683 | BS22: 475.39154 | BT22: 473.95737 | BU22: 472.51413 | BV22: 471.0616 | BW22: 469.59964 | BX22: 468.12802 | BY22: 466.64658 | BZ22: 465.15506 | CA22: 463.65323 | CB22: 462.14078 | CC22: 460.61752 | CD22: 459.08313 | CE22: 457.5374 | CF22: 455.9802 | CG22: 454.41135 | CH22: 452.83075 | CI22: 451.2384 | CJ22: 449.63434 | CK22: 448.01846 | CL22: 446.39072 | CM22: 444.75092 | CN22: 443.09888 | CO22: 441.43454 | CQ22: =_xlfn.IFS(CR22<=$CS$3,1,CR22<=$CS$4,2,CR22<=$CS$5,3) -> 1 | CR22: =CR21+1 -> 17 | CS22: 2.3333333 | CU22: =IF(CV22<=CU$4,1,2) -> 2 | CV22: 549 | CW22: =IF(CV22=0,0,(CV22/CW$5)-1) -> 8.15 | CY22: 578.75
A23: =A22+1 -> 18 | B23: 18 | C23: 0 | D23: 0 | E23: 0 | G23: =_xlfn.CONCAT(D23+1,",",B23+1) -> 1,19 | I23: =I22+1 -> 18 | J23: =IF(ISNUMBER(MATCH(J46,$G$25:$G$29,0)),$D$2,IF(ISNUMBER(MATCH(J46,$G$32:$G$33,0)),$E$2,IF(ISNUMBER(MATCH(J46,$G$6:$G$24,0)),$C$2,$B$2))) -> 3 | K23: =IF(ISNUMBER(MATCH(K46,$G$25:$G$29,0)),$D$2,IF(ISNUMBER(MATCH(K46,$G$32:$G$33,0)),$E$2,IF(ISNUMBER(MATCH(K46,$G$6:$G$24,0)),$C$2,$B$2))) -> - | L23: =IF(ISNUMBER(MATCH(L46,$G$25:$G$29,0)),$D$2,IF(ISNUMBER(MATCH(L46,$G$32:$G$33,0)),$E$2,IF(ISNUMBER(MATCH(L46,$G$6:$G$24,0)),$C$2,$B$2))) -> - | M23: =IF(ISNUMBER(MATCH(M46,$G$25:$G$29,0)),$D$2,IF(ISNUMBER(MATCH(M46,$G$32:$G$33,0)),$E$2,IF(ISNUMBER(MATCH(M46,$G$6:$G$24,0)),$C$2,$B$2))) -> - | N23: =IF(ISNUMBER(MATCH(N46,$G$25:$G$29,0)),$D$2,IF(ISNUMBER(MATCH(N46,$G$32:$G$33,0)),$E$2,IF(ISNUMBER(MATCH(N46,$G$6:$G$24,0)),$C$2,$B$2))) -> - | O23: =IF(ISNUMBER(MATCH(O46,$G$25:$G$29,0)),$D$2,IF(ISNUMBER(MATCH(O46,$G$32:$G$33,0)),$E$2,IF(ISNUMBER(MATCH(O46,$G$6:$G$24,0)),$C$2,$B$2))) -> - | P23: =IF(ISNUMBER(MATCH(P46,$G$25:$G$29,0)),$D$2,IF(ISNUMBER(MATCH(P46,$G$32:$G$33,0)),$E$2,IF(ISNUMBER(MATCH(P46,$G$6:$G$24,0)),$C$2,$B$2))) -> - | Q23: =IF(ISNUMBER(MATCH(Q46,$G$25:$G$29,0)),$D$2,IF(ISNUMBER(MATCH(Q46,$G$32:$G$33,0)),$E$2,IF(ISNUMBER(MATCH(Q46,$G$6:$G$24,0)),$C$2,$B$2))) -> - | ... AW23: =IF(ISNUMBER(MATCH(AW46,$G$25:$G$29,0)),$D$2,IF(ISNUMBER(MATCH(AW46,$G$32:$G$33,0)),$E$2,IF(ISNUMBER(MATCH(AW46,$G$6:$G$24,0)),$C$2,$B$2))) -> 2 | AX23: =AX22+1 -> 18 | AZ23: 17 | BA23: 500 | BB23: 498.66092 | BC23: 497.32114 | BD23: 495.9799 | BE23: 494.63654 | BF23: 493.29037 | BG23: 491.94073 | BH23: 490.587 | BI23: 489.22864 | BJ23: 487.86505 | BK23: 486.49573 | BL23: 485.12018 | BM23: 483.738 | BN23: 482.3488 | BO23: 480.95218 | BP23: 479.54782 | BQ23: 478.1355 | BR23: 476.71487 | BS23: 475.28577 | BT23: 473.8479 | BU23: 472.4011 | BV23: 470.94513 | BW23: 469.47983 | BX23: 468.0049 | BY23: 466.5202 | BZ23: 465.02548 | CA23: 463.52048 | CB23: 462.00497 | CC23: 460.47873 | CD23: 458.94147 | CE23: 457.39304 | CF23: 455.8332 | CG23: 454.26184 | CH23: 452.67883 | CI23: 451.0841 | CJ23: 449.4776 | CK23: 447.8592 | CL23: 446.2288 | CM23: 444.58624 | CN23: 442.93137 | CO23: 441.264 | CQ23: =_xlfn.IFS(CR23<=$CS$3,1,CR23<=$CS$4,2,CR23<=$CS$5,3) -> 1 | CR23: =CR22+1 -> 18 | CS23: 2.4166667 | CU23: =IF(CV23<=CU$4,1,2) -> 2 | CV23: 585.6 | CW23: =IF(CV23=0,0,(CV23/CW$5)-1) -> 8.76 | CY23: 615
A24: =A23+1 -> 19 | B24: 19 | C24: 0 | D24: 0 | E24: 0 | G24: =_xlfn.CONCAT(D24+1,",",B24+1) -> 1,20 | I24: =I23+1 -> 19 | J24: =IF(ISNUMBER(MATCH(J47,$G$25:$G$29,0)),$D$2,IF(ISNUMBER(MATCH(J47,$G$32:$G$33,0)),$E$2,IF(ISNUMBER(MATCH(J47,$G$6:$G$24,0)),$C$2,$B$2))) -> 1 | K24: =IF(ISNUMBER(MATCH(K47,$G$25:$G$29,0)),$D$2,IF(ISNUMBER(MATCH(K47,$G$32:$G$33,0)),$E$2,IF(ISNUMBER(MATCH(K47,$G$6:$G$24,0)),$C$2,$B$2))) -> - | L24: =IF(ISNUMBER(MATCH(L47,$G$25:$G$29,0)),$D$2,IF(ISNUMBER(MATCH(L47,$G$32:$G$33,0)),$E$2,IF(ISNUMBER(MATCH(L47,$G$6:$G$24,0)),$C$2,$B$2))) -> - | M24: =IF(ISNUMBER(MATCH(M47,$G$25:$G$29,0)),$D$2,IF(ISNUMBER(MATCH(M47,$G$32:$G$33,0)),$E$2,IF(ISNUMBER(MATCH(M47,$G$6:$G$24,0)),$C$2,$B$2))) -> - | N24: =IF(ISNUMBER(MATCH(N47,$G$25:$G$29,0)),$D$2,IF(ISNUMBER(MATCH(N47,$G$32:$G$33,0)),$E$2,IF(ISNUMBER(MATCH(N47,$G$6:$G$24,0)),$C$2,$B$2))) -> - | O24: =IF(ISNUMBER(MATCH(O47,$G$25:$G$29,0)),$D$2,IF(ISNUMBER(MATCH(O47,$G$32:$G$33,0)),$E$2,IF(ISNUMBER(MATCH(O47,$G$6:$G$24,0)),$C$2,$B$2))) -> - | P24: =IF(ISNUMBER(MATCH(P47,$G$25:$G$29,0)),$D$2,IF(ISNUMBER(MATCH(P47,$G$32:$G$33,0)),$E$2,IF(ISNUMBER(MATCH(P47,$G$6:$G$24,0)),$C$2,$B$2))) -> - | Q24: =IF(ISNUMBER(MATCH(Q47,$G$25:$G$29,0)),$D$2,IF(ISNUMBER(MATCH(Q47,$G$32:$G$33,0)),$E$2,IF(ISNUMBER(MATCH(Q47,$G$6:$G$24,0)),$C$2,$B$2))) -> - | ... AW24: =IF(ISNUMBER(MATCH(AW47,$G$25:$G$29,0)),$D$2,IF(ISNUMBER(MATCH(AW47,$G$32:$G$33,0)),$E$2,IF(ISNUMBER(MATCH(AW47,$G$6:$G$24,0)),$C$2,$B$2))) -> 2 | AX24: =AX23+1 -> 19 | AZ24: 18 | BA24: 500 | BB24: 498.65408 | BC24: 497.30753 | BD24: 495.95956 | BE24: 494.60962 | BF24: 493.257 | BG24: 491.9011 | BH24: 490.5413 | BI24: 489.17706 | BJ24: 487.80786 | BK24: 486.43314 | BL24: 485.0525 | BM24: 483.66544 | BN24: 482.2716 | BO24: 480.8706 | BP24: 479.4621 | BQ24: 478.0458 | BR24: 476.62143 | BS24: 475.1887 | BT24: 473.74738 | BU24: 472.29724 | BV24: 470.83804 | BW24: 469.36957 | BX24: 467.89157 | BY24: 466.40387 | BZ24: 464.90616 | CA24: 463.3983 | CB24: 461.87994 | CC24: 460.35092 | CD24: 458.81104 | CE24: 457.26 | CF24: 455.69772 | CG24: 454.12396 | CH24: 452.53864 | CI24: 450.94162 | CJ24: 449.33276 | CK24: 447.71194 | CL24: 446.07904 | CM24: 444.4339 | CN24: 442.77634 | CO24: 441.10617 | CQ24: =_xlfn.IFS(CR24<=$CS$3,1,CR24<=$CS$4,2,CR24<=$CS$5,3) -> 1 | CR24: =CR23+1 -> 19 | CS24: 2.5 | CU24: =IF(CV24<=CU$4,1,2) -> 2 | CV24: 622.2 | CW24: =IF(CV24=0,0,(CV24/CW$5)-1) -> 9.37 | CY24: 651.25
A25: =A24+1 -> 20 | B25: 15 | C25: 0 | D25: 39 | E25: -0.2 | G25: =_xlfn.CONCAT(D25+1,",",B25+1) -> 40,16 | I25: =I24+1 -> 20 | J25: =IF(ISNUMBER(MATCH(J48,$G$25:$G$29,0)),$D$2,IF(ISNUMBER(MATCH(J48,$G$32:$G$33,0)),$E$2,IF(ISNUMBER(MATCH(J48,$G$6:$G$24,0)),$C$2,$B$2))) -> 1 | K25: =IF(ISNUMBER(MATCH(K48,$G$25:$G$29,0)),$D$2,IF(ISNUMBER(MATCH(K48,$G$32:$G$33,0)),$E$2,IF(ISNUMBER(MATCH(K48,$G$6:$G$24,0)),$C$2,$B$2))) -> - | L25: =IF(ISNUMBER(MATCH(L48,$G$25:$G$29,0)),$D$2,IF(ISNUMBER(MATCH(L48,$G$32:$G$33,0)),$E$2,IF(ISNUMBER(MATCH(L48,$G$6:$G$24,0)),$C$2,$B$2))) -> - | M25: =IF(ISNUMBER(MATCH(M48,$G$25:$G$29,0)),$D$2,IF(ISNUMBER(MATCH(M48,$G$32:$G$33,0)),$E$2,IF(ISNUMBER(MATCH(M48,$G$6:$G$24,0)),$C$2,$B$2))) -> - | N25: =IF(ISNUMBER(MATCH(N48,$G$25:$G$29,0)),$D$2,IF(ISNUMBER(MATCH(N48,$G$32:$G$33,0)),$E$2,IF(ISNUMBER(MATCH(N48,$G$6:$G$24,0)),$C$2,$B$2))) -> - | O25: =IF(ISNUMBER(MATCH(O48,$G$25:$G$29,0)),$D$2,IF(ISNUMBER(MATCH(O48,$G$32:$G$33,0)),$E$2,IF(ISNUMBER(MATCH(O48,$G$6:$G$24,0)),$C$2,$B$2))) -> - | P25: =IF(ISNUMBER(MATCH(P48,$G$25:$G$29,0)),$D$2,IF(ISNUMBER(MATCH(P48,$G$32:$G$33,0)),$E$2,IF(ISNUMBER(MATCH(P48,$G$6:$G$24,0)),$C$2,$B$2))) -> - | Q25: =IF(ISNUMBER(MATCH(Q48,$G$25:$G$29,0)),$D$2,IF(ISNUMBER(MATCH(Q48,$G$32:$G$33,0)),$E$2,IF(ISNUMBER(MATCH(Q48,$G$6:$G$24,0)),$C$2,$B$2))) -> - | ... AW25: =IF(ISNUMBER(MATCH(AW48,$G$25:$G$29,0)),$D$2,IF(ISNUMBER(MATCH(AW48,$G$32:$G$33,0)),$E$2,IF(ISNUMBER(MATCH(AW48,$G$6:$G$24,0)),$C$2,$B$2))) -> 2 | AX25: =AX24+1 -> 20 | AZ25: 19 | BA25: 500 | BB25: 498.64795 | BC25: 497.29526 | BD25: 495.94125 | BE25: 494.58536 | BF25: 493.2269 | BG25: 491.86533 | BH25: 490.50003 | BI25: 489.1305 | BJ25: 487.75616 | BK25: 486.37656 | BL25: 484.99118 | BM25: 483.59967 | BN25: 482.20157 | BO25: 480.7965 | BP25: 479.38416 | BQ25: 477.9642 | BR25: 476.53632 | BS25: 475.10022 | BT25: 473.6557 | BU25: 472.20245 | BV25: 470.74023 | BW25: 469.26883 | BX25: 467.788 | BY25: 466.2975 | BZ25: 464.79706 | CA25: 463.2865 | CB25: 461.76556 | CC25: 460.23404 | CD25: 458.69168 | CE25: 457.1383 | CF25: 455.5737 | CG25: 453.9977 | CH25: 452.41016 | CI25: 450.8109 | CJ25: 449.19986 | CK25: 447.57678 | CL25: 445.94156 | CM25: 444.294 | CN25: 442.63394 | CO25: 440.96115 | CQ25: =_xlfn.IFS(CR25<=$CS$3,1,CR25<=$CS$4,2,CR25<=$CS$5,3) -> 1 | CR25: =CR24+1 -> 20 | CS25: 2.5833333 | CU25: =IF(CV25<=CU$4,1,2) -> 2 | CV25: 658.8 | CW25: =IF(CV25=0,0,(CV25/CW$5)-1) -> 9.98 | CY25: 687.5
A26: =A25+1 -> 21 | B26: 16 | C26: 0 | D26: 39 | E26: -0.2 | G26: =_xlfn.CONCAT(D26+1,",",B26+1) -> 40,17 | CQ26: =_xlfn.IFS(CR26<=$CS$3,1,CR26<=$CS$4,2,CR26<=$CS$5,3) -> 1 | CR26: =CR25+1 -> 21 | CS26: 2.6666667 | CU26: =IF(CV26<=CU$4,1,2) -> 2 | CV26: 695.4 | CW26: =IF(CV26=0,0,(CV26/CW$5)-1) -> 10.59 | CY26: 723.75
A27: =A26+1 -> 22 | B27: 17 | C27: 0 | D27: 39 | E27: -0.2 | G27: =_xlfn.CONCAT(D27+1,",",B27+1) -> 40,18 | I27: =COUNT(J5:AW5) -> 40 | J27: 1 | K27: =IF(ISNUMBER(K28),J27+1,"") -> 2 | L27: =IF(ISNUMBER(L28),K27+1,"") -> 3 | M27: =IF(ISNUMBER(M28),L27+1,"") -> 4 | N27: =IF(ISNUMBER(N28),M27+1,"") -> 5 | O27: =IF(ISNUMBER(O28),N27+1,"") -> 6 | P27: =IF(ISNUMBER(P28),O27+1,"") -> 7 | Q27: =IF(ISNUMBER(Q28),P27+1,"") -> 8 | R27: =IF(ISNUMBER(R28),Q27+1,"") -> 9 | ... AW27: =IF(ISNUMBER(AW28),AV27+1,"") -> 40 | AZ27: K | CQ27: =_xlfn.IFS(CR27<=$CS$3,1,CR27<=$CS$4,2,CR27<=$CS$5,3) -> 1 | CR27: =CR26+1 -> 22 | CS27: 2.75 | CU27: =IF(CV27<=CU$4,1,2) -> 2 | CV27: 732 | CW27: =IF(CV27=0,0,(CV27/CW$5)-1) -> 11.2 | CY27: 760
A28: =A27+1 -> 23 | B28: 18 | C28: 0 | D28: 39 | E28: -0.2 | G28: =_xlfn.CONCAT(D28+1,",",B28+1) -> 40,19 | I28: =COUNT(I6:I25) -> 20 | J28: =ROW() -> 28 | K28: =ROW() -> 28 | L28: =ROW() -> 28 | M28: =ROW() -> 28 | N28: =ROW() -> 28 | O28: =ROW() -> 28 | P28: =ROW() -> 28 | Q28: =ROW() -> 28 | ... AW28: =ROW() -> 28 | AZ28: XY | BA28: =BA50 -> 0 | BB28: =BA28+1 -> 1 | BC28: =BB28+1 -> 2 | BD28: =BC28+1 -> 3 | BE28: =BD28+1 -> 4 | BF28: =BE28+1 -> 5 | BG28: =BF28+1 -> 6 | BH28: =BG28+1 -> 7 | BI28: =BH28+1 -> 8 | ... CN28: =CM28+1 -> 39 | CO28: 0 | CQ28: =_xlfn.IFS(CR28<=$CS$3,1,CR28<=$CS$4,2,CR28<=$CS$5,3) -> 1 | CR28: =CR27+1 -> 23 | CS28: 2.8333333 | CU28: =IF(CV28<=CU$4,1,2) -> 2 | CV28: 768.6 | CW28: =IF(CV28=0,0,(CV28/CW$5)-1) -> 11.81 | CY28: 796.25
A29: =A28+1 -> 24 | B29: 19 | C29: 0 | D29: 39 | E29: -0.2 | G29: =_xlfn.CONCAT(D29+1,",",B29+1) -> 40,20 | I29: =COLUMN() -> 9 | J29: =_xlfn.CONCAT(COLUMN()-$I29,",",ROW()-J$28) -> 1,1 | K29: =_xlfn.CONCAT(COLUMN()-$I29,",",ROW()-K$28) -> 2,1 | L29: =_xlfn.CONCAT(COLUMN()-$I29,",",ROW()-L$28) -> 3,1 | M29: =_xlfn.CONCAT(COLUMN()-$I29,",",ROW()-M$28) -> 4,1 | N29: =_xlfn.CONCAT(COLUMN()-$I29,",",ROW()-N$28) -> 5,1 | O29: =_xlfn.CONCAT(COLUMN()-$I29,",",ROW()-O$28) -> 6,1 | P29: =_xlfn.CONCAT(COLUMN()-$I29,",",ROW()-P$28) -> 7,1 | Q29: =_xlfn.CONCAT(COLUMN()-$I29,",",ROW()-Q$28) -> 8,1 | ... AW29: =_xlfn.CONCAT(COLUMN()-$I29,",",ROW()-AW$28) -> 40,1 | AX29: =AX28+1 -> 1 | AZ29: 0 | BA29: 0 | BB29: 0 | BC29: 0 | BD29: 0 | BE29: 0 | BF29: 0 | BG29: 0 | BH29: 0 | BI29: 0 | BJ29: 0 | BK29: 0 | BL29: 0 | BM29: 0 | BN29: 0 | BO29: 0 | BP29: 0 | BQ29: 0 | BR29: 0 | BS29: 0 | BT29: 0 | BU29: 0 | BV29: 0 | BW29: 0 | BX29: 0 | BY29: 0 | BZ29: 0 | CA29: 0 | CB29: 0 | CC29: 0 | CD29: 0 | CE29: 0 | CF29: 0 | CG29: 0 | CH29: 0 | CI29: 0 | CJ29: 0 | CK29: 0 | CL29: 0 | CM29: 0 | CN29: 0 | CO29: 0 | CQ29: =_xlfn.IFS(CR29<=$CS$3,1,CR29<=$CS$4,2,CR29<=$CS$5,3) -> 1 | CR29: =CR28+1 -> 24 | CS29: 2.9166667 | CU29: =IF(CV29<=CU$4,1,2) -> 2 | CV29: 805.2 | CW29: =IF(CV29=0,0,(CV29/CW$5)-1) -> 12.42 | CY29: 832.5
B30: =B29+1 -> 20 | E30: =_xlfn.CONCAT("[",B29,",",C29,",",D29,",",E29,"]") -> [19,0,39,-0.2] | I30: =COLUMN() -> 9 | J30: =_xlfn.CONCAT(COLUMN()-$I30,",",ROW()-J$28) -> 1,2 | K30: =_xlfn.CONCAT(COLUMN()-$I30,",",ROW()-K$28) -> 2,2 | L30: =_xlfn.CONCAT(COLUMN()-$I30,",",ROW()-L$28) -> 3,2 | M30: =_xlfn.CONCAT(COLUMN()-$I30,",",ROW()-M$28) -> 4,2 | N30: =_xlfn.CONCAT(COLUMN()-$I30,",",ROW()-N$28) -> 5,2 | O30: =_xlfn.CONCAT(COLUMN()-$I30,",",ROW()-O$28) -> 6,2 | P30: =_xlfn.CONCAT(COLUMN()-$I30,",",ROW()-P$28) -> 7,2 | Q30: =_xlfn.CONCAT(COLUMN()-$I30,",",ROW()-Q$28) -> 8,2 | ... AW30: =_xlfn.CONCAT(COLUMN()-$I30,",",ROW()-AW$28) -> 40,2 | AX30: =AX29+1 -> 2 | AZ30: 1 | BA30: 0.948572 | BB30: 0.88655335 | BC30: 0.79074395 | BD30: 0.66638976 | BE30: 0.48199278 | BF30: 0 | BG30: 0 | BH30: 0 | BI30: 0 | BJ30: 0 | BK30: 0 | BL30: 0 | BM30: 0 | BN30: 0 | BO30: 0 | BP30: 0 | BQ30: 0 | BR30: 0 | BS30: 0 | BT30: 0 | BU30: 0 | BV30: 0 | BW30: 0 | BX30: 0 | BY30: 0 | BZ30: 0 | CA30: 0 | CB30: 0 | CC30: 0 | CD30: 0 | CE30: 0 | CF30: 0 | CG30: 0 | CH30: 0 | CI30: 0 | CJ30: 0 | CK30: 0 | CL30: 0 | CM30: 0 | CN30: 0 | CO30: 0 | CQ30: =_xlfn.IFS(CR30<=$CS$3,1,CR30<=$CS$4,2,CR30<=$CS$5,3) -> 1 | CR30: =CR29+1 -> 25 | CS30: 3 | CU30: =IF(CV30<=CU$4,1,2) -> 2 | CV30: 841.8 | CW30: =IF(CV30=0,0,(CV30/CW$5)-1) -> 13.03 | CY30: 868.75
E31: AT("[",B29,",",C29,",",D29,",",E29,"]") | I31: =COLUMN() -> 9 | J31: =_xlfn.CONCAT(COLUMN()-$I31,",",ROW()-J$28) -> 1,3 | K31: =_xlfn.CONCAT(COLUMN()-$I31,",",ROW()-K$28) -> 2,3 | L31: =_xlfn.CONCAT(COLUMN()-$I31,",",ROW()-L$28) -> 3,3 | M31: =_xlfn.CONCAT(COLUMN()-$I31,",",ROW()-M$28) -> 4,3 | N31: =_xlfn.CONCAT(COLUMN()-$I31,",",ROW()-N$28) -> 5,3 | O31: =_xlfn.CONCAT(COLUMN()-$I31,",",ROW()-O$28) -> 6,3 | P31: =_xlfn.CONCAT(COLUMN()-$I31,",",ROW()-P$28) -> 7,3 | Q31: =_xlfn.CONCAT(COLUMN()-$I31,",",ROW()-Q$28) -> 8,3 | ... AW31: =_xlfn.CONCAT(COLUMN()-$I31,",",ROW()-AW$28) -> 40,3 | AX31: =AX30+1 -> 3 | AZ31: 2 | BA31: 1.0602626 | BB31: 1.0773662 | BC31: 1.091384 | BD31: 1.0981272 | BE31: 1.1181705 | BF31: 1.3745644 | BG31: 1.267848 | BH31: 1.1889902 | BI31: 1.0942284 | BJ31: 0.9439585 | BK31: 0.673248 | BL31: 0 | BM31: 0 | BN31: 0 | BO31: 0 | BP31: 0 | BQ31: 0 | BR31: 0 | BS31: 0 | BT31: 0 | BU31: 0 | BV31: 0 | BW31: 0 | BX31: 0 | BY31: 0 | BZ31: 0 | CA31: 0 | CB31: 0 | CC31: 0 | CD31: 0 | CE31: 0 | CF31: 0 | CG31: 0 | CH31: 0 | CI31: 0 | CJ31: 0 | CK31: 0 | CL31: 0 | CM31: 0 | CN31: 0 | CO31: 0 | CQ31: =_xlfn.IFS(CR31<=$CS$3,1,CR31<=$CS$4,2,CR31<=$CS$5,3) -> 1 | CR31: =CR30+1 -> 26 | CS31: 3.0833333 | CU31: =IF(CV31<=CU$4,1,2) -> 2 | CV31: 878.4 | CW31: =IF(CV31=0,0,(CV31/CW$5)-1) -> 13.64 | CY31: 905
G32: =G21 -> 1,17 | I32: =COLUMN() -> 9 | J32: =_xlfn.CONCAT(COLUMN()-$I32,",",ROW()-J$28) -> 1,4 | K32: =_xlfn.CONCAT(COLUMN()-$I32,",",ROW()-K$28) -> 2,4 | L32: =_xlfn.CONCAT(COLUMN()-$I32,",",ROW()-L$28) -> 3,4 | M32: =_xlfn.CONCAT(COLUMN()-$I32,",",ROW()-M$28) -> 4,4 | N32: =_xlfn.CONCAT(COLUMN()-$I32,",",ROW()-N$28) -> 5,4 | O32: =_xlfn.CONCAT(COLUMN()-$I32,",",ROW()-O$28) -> 6,4 | P32: =_xlfn.CONCAT(COLUMN()-$I32,",",ROW()-P$28) -> 7,4 | Q32: =_xlfn.CONCAT(COLUMN()-$I32,",",ROW()-Q$28) -> 8,4 | ... AR32: =_xlfn.CONCAT(COLUMN()-$I32,",",ROW()-AR$28) -> 35,4 | AT32: =_xlfn.CONCAT(COLUMN()-$I32,",",ROW()-AT$28) -> 37,4 | AU32: =_xlfn.CONCAT(COLUMN()-$I32,",",ROW()-AU$28) -> 38,4 | AV32: =_xlfn.CONCAT(COLUMN()-$I32,",",ROW()-AV$28) -> 39,4 | AW32: =_xlfn.CONCAT(COLUMN()-$I32,",",ROW()-AW$28) -> 40,4 | AX32: =AX31+1 -> 4 | AZ32: 3 | BA32: 1.1051775 | BB32: 1.1142429 | BC32: 1.1272035 | BD32: 1.1448698 | BE32: 1.1794158 | BF32: 1.2556818 | BG32: 1.2399895 | BH32: 1.2048945 | BI32: 1.1691822 | BJ32: 1.1463714 | BK32: 1.1739556 | BL32: 1.5221155 | BM32: 1.3638835 | BN32: 1.241428 | BO32: 1.0840049 | BP32: 0.7801348 | BQ32: 0 | BR32: 0 | BS32: 0 | BT32: 0 | BU32: 0 | BV32: 0 | BW32: 0 | BX32: 0 | BY32: 0 | BZ32: 0 | CA32: 0 | CB32: 0 | CC32: 0 | CD32: 0 | CE32: 0 | CF32: 0 | CG32: 0 | CH32: 0 | CI32: 0 | CJ32: 0 | CK32: 0 | CL32: 0 | CM32: 0 | CN32: 0 | CO32: 0 | CQ32: =_xlfn.IFS(CR32<=$CS$3,1,CR32<=$CS$4,2,CR32<=$CS$5,3) -> 1 | CR32: =CR31+1 -> 27 | CS32: 3.1666667 | CU32: =IF(CV32<=CU$4,1,2) -> 2 | CV32: 915 | CW32: =IF(CV32=0,0,(CV32/CW$5)-1) -> 14.25 | CY32: 941.25
G33: =G22 -> 1,18 | I33: =COLUMN() -> 9 | J33: =_xlfn.CONCAT(COLUMN()-$I33,",",ROW()-J$28) -> 1,5 | K33: =_xlfn.CONCAT(COLUMN()-$I33,",",ROW()-K$28) -> 2,5 | L33: =_xlfn.CONCAT(COLUMN()-$I33,",",ROW()-L$28) -> 3,5 | M33: =_xlfn.CONCAT(COLUMN()-$I33,",",ROW()-M$28) -> 4,5 | N33: =_xlfn.CONCAT(COLUMN()-$I33,",",ROW()-N$28) -> 5,5 | O33: =_xlfn.CONCAT(COLUMN()-$I33,",",ROW()-O$28) -> 6,5 | P33: =_xlfn.CONCAT(COLUMN()-$I33,",",ROW()-P$28) -> 7,5 | Q33: =_xlfn.CONCAT(COLUMN()-$I33,",",ROW()-Q$28) -> 8,5 | ... AW33: =_xlfn.CONCAT(COLUMN()-$I33,",",ROW()-AW$28) -> 40,5 | AX33: =AX32+1 -> 5 | AZ33: 4 | BA33: 1.141027 | BB33: 1.1472244 | BC33: 1.1583171 | BD33: 1.1747329 | BE33: 1.1989415 | BF33: 1.2287571 | BG33: 1.2315336 | BH33: 1.2214161 | BI33: 1.2117884 | BJ33: 1.216417 | BK33: 1.2559175 | BL33: 1.3552593 | BM33: 1.3281069 | BN33: 1.2763958 | BO33: 1.2304517 | BP33: 1.2563995 | BQ33: 1.6669804 | BR33: 1.4987962 | BS33: 1.3892868 | BT33: 1.2816262 | BU33: 1.1253238 | BV33: 0.8117372 | BW33: 0 | BX33: 0 | BY33: 0 | BZ33: 0 | CA33: 0 | CB33: 0 | CC33: 0 | CD33: 0 | CE33: 0 | CF33: 0 | CG33: 0 | CH33: 0 | CI33: 0 | CJ33: 0 | CK33: 0 | CL33: 0 | CM33: 0 | CN33: 0 | CO33: 0 | CQ33: =_xlfn.IFS(CR33<=$CS$3,1,CR33<=$CS$4,2,CR33<=$CS$5,3) -> 1 | CR33: =CR32+1 -> 28 | CS33: 3.25 | CU33: =IF(CV33<=CU$4,1,2) -> 2 | CV33: 951.6 | CW33: =IF(CV33=0,0,(CV33/CW$5)-1) -> 14.86 | CY33: 977.5
B34: 0 | C34: 1 | D34: 2 | I34: =COLUMN() -> 9 | J34: =_xlfn.CONCAT(COLUMN()-$I34,",",ROW()-J$28) -> 1,6 | K34: =_xlfn.CONCAT(COLUMN()-$I34,",",ROW()-K$28) -> 2,6 | L34: =_xlfn.CONCAT(COLUMN()-$I34,",",ROW()-L$28) -> 3,6 | M34: =_xlfn.CONCAT(COLUMN()-$I34,",",ROW()-M$28) -> 4,6 | N34: =_xlfn.CONCAT(COLUMN()-$I34,",",ROW()-N$28) -> 5,6 | O34: =_xlfn.CONCAT(COLUMN()-$I34,",",ROW()-O$28) -> 6,6 | P34: =_xlfn.CONCAT(COLUMN()-$I34,",",ROW()-P$28) -> 7,6 | Q34: =_xlfn.CONCAT(COLUMN()-$I34,",",ROW()-Q$28) -> 8,6 | ... AW34: =_xlfn.CONCAT(COLUMN()-$I34,",",ROW()-AW$28) -> 40,6 | AX34: =AX33+1 -> 6 | AZ34: 5 | BA34: 1.1706791 | BB34: 1.1753106 | BC34: 1.1841074 | BD34: 1.1968032 | BE34: 1.2128597 | BF34: 1.2288717 | BG34: 1.235972 | BH34: 1.2374477 | BI34: 1.2401385 | BJ34: 1.2515904 | BK34: 1.2780384 | BL34: 1.3148973 | BM34: 1.316889 | BN34: 1.3055966 | BO34: 1.3050066 | BP34: 1.3480313 | BQ34: 1.4656106 | BR34: 1.4401215 | BS34: 1.3874379 | BT34: 1.3302683 | BU34: 1.2826079 | BV34: 1.3098876 | BW34: 1.7373896 | BX34: 1.5616033 | BY34: 1.446308 | BZ34: 1.3325962 | CA34: 1.1682037 | CB34: 0.8410142 | CC34: 0 | CD34: 0 | CE34: 0 | CF34: 0 | CG34: 0 | CH34: 0 | CI34: 0 | CJ34: 0 | CK34: 0 | CL34: 0 | CM34: 0 | CN34: 0 | CO34: 0 | CQ34: =_xlfn.IFS(CR34<=$CS$3,1,CR34<=$CS$4,2,CR34<=$CS$5,3) -> 1 | CR34: =CR33+1 -> 29 | CS34: 3.3333333 | CU34: =IF(CV34<=CU$4,1,2) -> 2 | CV34: 988.2 | CW34: =IF(CV34=0,0,(CV34/CW$5)-1) -> 15.47 | CY34: 1013.75
B35: [1, 0, 0, 500.0, 500.0] | C35: [1, 0, 0, 500.0, 500.0] | D35: [1, 0, 0, 500.0, 500.0] | I35: =COLUMN() -> 9 | J35: =_xlfn.CONCAT(COLUMN()-$I35,",",ROW()-J$28) -> 1,7 | K35: =_xlfn.CONCAT(COLUMN()-$I35,",",ROW()-K$28) -> 2,7 | L35: =_xlfn.CONCAT(COLUMN()-$I35,",",ROW()-L$28) -> 3,7 | M35: =_xlfn.CONCAT(COLUMN()-$I35,",",ROW()-M$28) -> 4,7 | N35: =_xlfn.CONCAT(COLUMN()-$I35,",",ROW()-N$28) -> 5,7 | O35: =_xlfn.CONCAT(COLUMN()-$I35,",",ROW()-O$28) -> 6,7 | P35: =_xlfn.CONCAT(COLUMN()-$I35,",",ROW()-P$28) -> 7,7 | Q35: =_xlfn.CONCAT(COLUMN()-$I35,",",ROW()-Q$28) -> 8,7 | ... AW35: =_xlfn.CONCAT(COLUMN()-$I35,",",ROW()-AW$28) -> 40,7 | AX35: =AX34+1 -> 7 | AZ35: 6 | BA35: 1.1956997 | BB35: 1.1992315 | BC35: 1.205999 | BD35: 1.2155125 | BE35: 1.2268227 | BF35: 1.2378979 | BG35: 1.2460351 | BH35: 1.2522645 | BI35: 1.2597274 | BJ35: 1.2717679 | BK35: 1.2897481 | BL35: 1.3094025 | BM35: 1.3189555 | BN35: 1.3240948 | BO35: 1.3359469 | BP35: 1.3651084 | BQ35: 1.4073093 | BR35: 1.4086412 | BS35: 1.3900751 | BT35: 1.3694007 | BU35: 1.3649521 | BV35: 1.4078159 | BW35: 1.5289406 | BX35: 1.5011123 | BY35: 1.4447247 | BZ35: 1.3832767 | CA35: 1.3310007 | CB35: 1.3548388 | CC35: 1.7887002 | CD35: 1.591284 | CE35: 1.4416618 | CF35: 1.2548254 | CG35: 0.90107405 | CH35: 0 | CI35: 0 | CJ35: 0 | CK35: 0 | CL35: 0 | CM35: 0 | CN35: 0 | CO35: 0 | CQ35: =_xlfn.IFS(CR35<=$CS$3,1,CR35<=$CS$4,2,CR35<=$CS$5,3) -> 1 | CR35: =CR34+1 -> 30 | CS35: 3.4166667 | CU35: =IF(CV35<=CU$4,1,2) -> 2 | CV35: 1024.8 | CW35: =IF(CV35=0,0,(CV35/CW$5)-1) -> 16.08 | CY35: 1050
B36: [2, 0, 0, 500.0, 500.0] | C36: [2, 0, 0, 500.0, 500.0] | D36: [2, 0, 0, 500.0, 500.0] | I36: =COLUMN() -> 9 | J36: =_xlfn.CONCAT(COLUMN()-$I36,",",ROW()-J$28) -> 1,8 | K36: =_xlfn.CONCAT(COLUMN()-$I36,",",ROW()-K$28) -> 2,8 | L36: =_xlfn.CONCAT(COLUMN()-$I36,",",ROW()-L$28) -> 3,8 | M36: =_xlfn.CONCAT(COLUMN()-$I36,",",ROW()-M$28) -> 4,8 | N36: =_xlfn.CONCAT(COLUMN()-$I36,",",ROW()-N$28) -> 5,8 | O36: =_xlfn.CONCAT(COLUMN()-$I36,",",ROW()-O$28) -> 6,8 | P36: =_xlfn.CONCAT(COLUMN()-$I36,",",ROW()-P$28) -> 7,8 | Q36: =_xlfn.CONCAT(COLUMN()-$I36,",",ROW()-Q$28) -> 8,8 | ... AW36: =_xlfn.CONCAT(COLUMN()-$I36,",",ROW()-AW$28) -> 40,8 | AX36: =AX35+1 -> 8 | AZ36: 7 | BA36: 1.2171886 | BB36: 1.2199167 | BC36: 1.2251445 | BD36: 1.2324252 | BE36: 1.2410209 | BF36: 1.249862 | BG36: 1.2580059 | BH36: 1.2658478 | BI36: 1.2747386 | BJ36: 1.2860057 | BK36: 1.2997836 | BL36: 1.3140092 | BM36: 1.3254356 | BN36: 1.3358803 | BO36: 1.349578 | BP36: 1.3691458 | BQ36: 1.3898768 | BR36: 1.3970592 | BS36: 1.3948205 | BT36: 1.3923076 | BU36: 1.3999839 | BV36: 1.4274837 | BW36: 1.4694443 | BX36: 1.4691806 | BY36: 1.4482019 | BZ36: 1.4247854 | CA36: 1.4176836 | CB36: 1.4586402 | CC36: 1.5789638 | CD36: 1.54349 | CE36: 1.4788761 | CF36: 1.4217403 | CG36: 1.4483967 | CH36: 1.9189728 | CI36: 1.7223918 | CJ36: 1.5945071 | CK36: 1.4695885 | CL36: 1.2895329 | CM36: 0.92979455 | CN36: 0 | CO36: 0 | CQ36: =_xlfn.IFS(CR36<=$CS$3,1,CR36<=$CS$4,2,CR36<=$CS$5,3) -> 1 | CR36: =CR35+1 -> 31 | CS36: 3.5 | CU36: =IF(CV36<=CU$4,1,2) -> 2 | CV36: 1061.4 | CW36: =IF(CV36=0,0,(CV36/CW$5)-1) -> 16.69 | CY36: 1086.25
B37: [3, 0, 0, 500.0, 500.0] | C37: [3, 0, 0, 500.0, 500.0] | D37: [3, 0, 0, 500.0, 500.0] | I37: =COLUMN() -> 9 | J37: =_xlfn.CONCAT(COLUMN()-$I37,",",ROW()-J$28) -> 1,9 | K37: =_xlfn.CONCAT(COLUMN()-$I37,",",ROW()-K$28) -> 2,9 | L37: =_xlfn.CONCAT(COLUMN()-$I37,",",ROW()-L$28) -> 3,9 | M37: =_xlfn.CONCAT(COLUMN()-$I37,",",ROW()-M$28) -> 4,9 | N37: =_xlfn.CONCAT(COLUMN()-$I37,",",ROW()-N$28) -> 5,9 | O37: =_xlfn.CONCAT(COLUMN()-$I37,",",ROW()-O$28) -> 6,9 | P37: =_xlfn.CONCAT(COLUMN()-$I37,",",ROW()-P$28) -> 7,9 | Q37: =_xlfn.CONCAT(COLUMN()-$I37,",",ROW()-Q$28) -> 8,9 | ... AW37: =_xlfn.CONCAT(COLUMN()-$I37,",",ROW()-AW$28) -> 40,9 | AX37: =AX36+1 -> 9 | AZ37: 8 | BA37: 1.2359494 | BB37: 1.238102 | BC37: 1.2422373 | BD37: 1.2480229 | BE37: 1.2549736 | BF37: 1.2625232 | BG37: 1.2702788 | BH37: 1.2783822 | BI37: 1.2873732 | BJ37: 1.2977328 | BK37: 1.3093712 | BL37: 1.321415 | BM37: 1.3328975 | BN37: 1.3444126 | BO37: 1.3573389 | BP37: 1.37202 | BQ37: 1.3859932 | BR37: 1.394898 | BS37: 1.3998399 | BT37: 1.4050256 | BU37: 1.4151919 | BV37: 1.4326905 | BW37: 1.4521723 | BX37: 1.457964 | BY37: 1.4541167 | BZ37: 1.4499793 | CA37: 1.4563079 | CB37: 1.4830748 | CC37: 1.5250244 | CD37: 1.5248361 | CE37: 1.5086124 | CF37: 1.504863 | CG37: 1.5517997 | CH37: 1.6850559 | CI37: 1.6536957 | CJ37: 1.591541 | CK37: 1.5247254 | CL37: 1.4692158 | CM37: 1.4998506 | CN37: 1.9890001 | CO37: 1.787493 | CQ37: =_xlfn.IFS(CR37<=$CS$3,1,CR37<=$CS$4,2,CR37<=$CS$5,3) -> 1 | CR37: =CR36+1 -> 32 | CS37: 3.5833333 | CU37: =IF(CV37<=CU$4,1,2) -> 2 | CV37: 1098 | CW37: =IF(CV37=0,0,(CV37/CW$5)-1) -> 17.3 | CY37: 1122.5
B38: [4, 0, 0, 500.0, 500.0] | C38: [4, 0, 0, 500.0, 500.0] | D38: [4, 0, 0, 500.0, 500.0] | I38: =COLUMN() -> 9 | J38: =_xlfn.CONCAT(COLUMN()-$I38,",",ROW()-J$28) -> 1,10 | K38: =_xlfn.CONCAT(COLUMN()-$I38,",",ROW()-K$28) -> 2,10 | L38: =_xlfn.CONCAT(COLUMN()-$I38,",",ROW()-L$28) -> 3,10 | M38: =_xlfn.CONCAT(COLUMN()-$I38,",",ROW()-M$28) -> 4,10 | N38: =_xlfn.CONCAT(COLUMN()-$I38,",",ROW()-N$28) -> 5,10 | O38: =_xlfn.CONCAT(COLUMN()-$I38,",",ROW()-O$28) -> 6,10 | P38: =_xlfn.CONCAT(COLUMN()-$I38,",",ROW()-P$28) -> 7,10 | Q38: =_xlfn.CONCAT(COLUMN()-$I38,",",ROW()-Q$28) -> 8,10 | ... AW38: =_xlfn.CONCAT(COLUMN()-$I38,",",ROW()-AW$28) -> 40,10 | AX38: =AX37+1 -> 10 | AZ38: 9 | BA38: 1.2525575 | BB38: 1.2543046 | BC38: 1.2576797 | BD38: 1.2624557 | BE38: 1.2683274 | BF38: 1.2749782 | BG38: 1.2822042 | BH38: 1.2900289 | BI38: 1.2986393 | BJ38: 1.3081812 | BK38: 1.3185536 | BL38: 1.3293821 | BM38: 1.3403271 | BN38: 1.3515335 | BO38: 1.3633453 | BP38: 1.375602 | BQ38: 1.3871782 | BR38: 1.3967001 | BS38: 1.4046152 | BT38: 1.4127629 | BU38: 1.4230678 | BV38: 1.435914 | BW38: 1.4485904 | BX38: 1.4563863 | BY38: 1.4603217 | BZ38: 1.4647071 | CA38: 1.4744941 | CB38: 1.4923267 | CC38: 1.513223 | CD38: 1.5222175 | CE38: 1.5258743 | CF38: 1.5372998 | CG38: 1.5688828 | CH38: 1.6157554 | CI38: 1.6157938 | CJ38: 1.5932361 | CK38: 1.5685562 | CL38: 1.5627539 | CM38: 1.6113924 | CN38: 1.7498622 | CO38: 1.7179545 | CQ38: =_xlfn.IFS(CR38<=$CS$3,1,CR38<=$CS$4,2,CR38<=$CS$5,3) -> 1 | CR38: =CR37+1 -> 33 | CS38: 3.6666667 | CU38: =IF(CV38<=CU$4,1,2) -> 2 | CV38: 1134.6 | CW38: =IF(CV38=0,0,(CV38/CW$5)-1) -> 17.91 | CY38: 1158.75
B39: [5, 0, 0, 500.0, 500.0] | C39: [5, 0, 0, 500.0, 500.0] | D39: [5, 0, 0, 500.0, 500.0] | I39: =COLUMN() -> 9 | J39: =_xlfn.CONCAT(COLUMN()-$I39,",",ROW()-J$28) -> 1,11 | K39: =_xlfn.CONCAT(COLUMN()-$I39,",",ROW()-K$28) -> 2,11 | L39: =_xlfn.CONCAT(COLUMN()-$I39,",",ROW()-L$28) -> 3,11 | M39: =_xlfn.CONCAT(COLUMN()-$I39,",",ROW()-M$28) -> 4,11 | N39: =_xlfn.CONCAT(COLUMN()-$I39,",",ROW()-N$28) -> 5,11 | O39: =_xlfn.CONCAT(COLUMN()-$I39,",",ROW()-O$28) -> 6,11 | P39: =_xlfn.CONCAT(COLUMN()-$I39,",",ROW()-P$28) -> 7,11 | Q39: =_xlfn.CONCAT(COLUMN()-$I39,",",ROW()-Q$28) -> 8,11 | ... AW39: =_xlfn.CONCAT(COLUMN()-$I39,",",ROW()-AW$28) -> 40,11 | AX39: =AX38+1 -> 11 | AZ39: 10 | BA39: 1.2674185 | BB39: 1.2688795 | BC39: 1.2717209 | BD39: 1.2757927 | BE39: 1.2809021 | BF39: 1.2868581 | BG39: 1.2935306 | BH39: 1.30089 | BI39: 1.3089739 | BJ39: 1.3177991 | BK39: 1.3272797 | BL39: 1.3372325 | BM39: 1.3474952 | BN39: 1.3580493 | BO39: 1.3689065 | BP39: 1.3798645 | BQ39: 1.3904175 | BR39: 1.400109 | BS39: 1.4091578 | BT39: 1.4183431 | BU39: 1.4284024 | BV39: 1.4393077 | BW39: 1.4498888 | BX39: 1.4586692 | BY39: 1.4660766 | BZ39: 1.4740335 | CA39: 1.4846344 | CB39: 1.4985149 | CC39: 1.5133238 | CD39: 1.5249366 | CE39: 1.5353675 | CF39: 1.5495788 | CG39: 1.5706767 | CH39: 1.5932893 | CI39: 1.600488 | CJ39: 1.5970535 | CK39: 1.5935094 | CL39: 1.6018515 | CM39: 1.6331027 | CN39: 1.6811017 | CO39: 1.6809229 | CQ39: =_xlfn.IFS(CR39<=$CS$3,1,CR39<=$CS$4,2,CR39<=$CS$5,3) -> 1 | CR39: =CR38+1 -> 34 | CS39: 3.75 | CU39: =IF(CV39<=CU$4,1,2) -> 2 | CV39: 1171.2 | CW39: =IF(CV39=0,0,(CV39/CW$5)-1) -> 18.52 | CY39: 1195
B40: [6, 0, 0, 500.0, 500.0] | C40: [6, 0, 0, 500.0, 500.0] | D40: [6, 0, 0, 500.0, 500.0] | I40: =COLUMN() -> 9 | J40: =_xlfn.CONCAT(COLUMN()-$I40,",",ROW()-J$28) -> 1,12 | K40: =_xlfn.CONCAT(COLUMN()-$I40,",",ROW()-K$28) -> 2,12 | L40: =_xlfn.CONCAT(COLUMN()-$I40,",",ROW()-L$28) -> 3,12 | M40: =_xlfn.CONCAT(COLUMN()-$I40,",",ROW()-M$28) -> 4,12 | N40: =_xlfn.CONCAT(COLUMN()-$I40,",",ROW()-N$28) -> 5,12 | O40: =_xlfn.CONCAT(COLUMN()-$I40,",",ROW()-O$28) -> 6,12 | P40: =_xlfn.CONCAT(COLUMN()-$I40,",",ROW()-P$28) -> 7,12 | Q40: =_xlfn.CONCAT(COLUMN()-$I40,",",ROW()-Q$28) -> 8,12 | ... AW40: =_xlfn.CONCAT(COLUMN()-$I40,",",ROW()-AW$28) -> 40,12 | AX40: =AX39+1 -> 12 | AZ40: 11 | BA40: 1.2808183 | BB40: 1.2820742 | BC40: 1.2845318 | BD40: 1.2880923 | BE40: 1.2926302 | BF40: 1.2980212 | BG40: 1.3041703 | BH40: 1.3110265 | BI40: 1.3185675 | BJ40: 1.3267614 | BK40: 1.3355337 | BL40: 1.344773 | BM40: 1.3543721 | BN40: 1.3642616 | BO40: 1.374367 | BP40: 1.3845317 | BQ40: 1.3945181 | BR40: 1.4041606 | BS40: 1.413564 | BT40: 1.4230493 | BU40: 1.432891 | BV40: 1.4430254 | BW40: 1.4529881 | BX40: 1.4623251 | BY40: 1.471282 | BZ40: 1.4807159 | CA40: 1.4914951 | CB40: 1.5037749 | CC40: 1.5166206 | CD40: 1.5288373 | CE40: 1.5410802 | CF40: 1.5549712 | CG40: 1.5709559 | CH40: 1.5862368 | CI40: 1.5958152 | CJ40: 1.6009805 | CK40: 1.6065763 | CL40: 1.6180401 | CM40: 1.638065 | CN40: 1.660519 | CO40: 1.6674465 | CQ40: =_xlfn.IFS(CR40<=$CS$3,1,CR40<=$CS$4,2,CR40<=$CS$5,3) -> 1 | CR40: =CR39+1 -> 35 | CS40: 3.8333333 | CU40: =IF(CV40<=CU$4,1,2) -> 2 | CV40: 1207.8 | CW40: =IF(CV40=0,0,(CV40/CW$5)-1) -> 19.13 | CY40: 1231.25
B41: [7, 0, 0, 500.0, 500.0] | C41: [7, 0, 0, 500.0, 500.0] | D41: [7, 0, 0, 500.0, 500.0] | I41: =COLUMN() -> 9 | J41: =_xlfn.CONCAT(COLUMN()-$I41,",",ROW()-J$28) -> 1,13 | K41: =_xlfn.CONCAT(COLUMN()-$I41,",",ROW()-K$28) -> 2,13 | L41: =_xlfn.CONCAT(COLUMN()-$I41,",",ROW()-L$28) -> 3,13 | M41: =_xlfn.CONCAT(COLUMN()-$I41,",",ROW()-M$28) -> 4,13 | N41: =_xlfn.CONCAT(COLUMN()-$I41,",",ROW()-N$28) -> 5,13 | O41: =_xlfn.CONCAT(COLUMN()-$I41,",",ROW()-O$28) -> 6,13 | P41: =_xlfn.CONCAT(COLUMN()-$I41,",",ROW()-P$28) -> 7,13 | Q41: =_xlfn.CONCAT(COLUMN()-$I41,",",ROW()-Q$28) -> 8,13 | ... AW41: =_xlfn.CONCAT(COLUMN()-$I41,",",ROW()-AW$28) -> 40,13 | AX41: =AX40+1 -> 13 | AZ41: 12 | BA41: 1.2929624 | BB41: 1.294067 | BC41: 1.2962399 | BD41: 1.2994142 | BE41: 1.3035054 | BF41: 1.3084265 | BG41: 1.3141026 | BH41: 1.3204781 | BI41: 1.3275084 | BJ41: 1.3351449 | BK41: 1.343321 | BL41: 1.3519539 | BM41: 1.3609587 | BN41: 1.3702582 | BO41: 1.3797681 | BP41: 1.3893775 | BQ41: 1.3989626 | BR41: 1.4084517 | BS41: 1.4178878 | BT41: 1.4273994 | BU41: 1.4370869 | BV41: 1.4469144 | BW41: 1.4567131 | BX41: 1.466361 | BY41: 1.4760107 | BZ41: 1.4860526 | CA41: 1.4968553 | CB41: 1.5084689 | CC41: 1.5205463 | CD41: 1.532712 | CE41: 1.5451449 | CF41: 1.55827 | CG41: 1.5719388 | CH41: 1.5848868 | CI41: 1.5955558 | CJ41: 1.6044768 | CK41: 1.6137754 | CL41: 1.6256675 | CM41: 1.6405982 | CN41: 1.6554629 | CO41: 1.6648648 | CQ41: =_xlfn.IFS(CR41<=$CS$3,1,CR41<=$CS$4,2,CR41<=$CS$5,3) -> 1 | CR41: =CR40+1 -> 36 | CS41: 3.9166667 | CU41: =IF(CV41<=CU$4,1,2) -> 2 | CV41: 1244.4 | CW41: =IF(CV41=0,0,(CV41/CW$5)-1) -> 19.74 | CY41: 1267.5
B42: [8, 0, 0, 500.0, 500.0] | C42: [8, 0, 0, 500.0, 500.0] | D42: [8, 0, 0, 500.0, 500.0] | I42: =COLUMN() -> 9 | J42: =_xlfn.CONCAT(COLUMN()-$I42,",",ROW()-J$28) -> 1,14 | K42: =_xlfn.CONCAT(COLUMN()-$I42,",",ROW()-K$28) -> 2,14 | L42: =_xlfn.CONCAT(COLUMN()-$I42,",",ROW()-L$28) -> 3,14 | M42: =_xlfn.CONCAT(COLUMN()-$I42,",",ROW()-M$28) -> 4,14 | N42: =_xlfn.CONCAT(COLUMN()-$I42,",",ROW()-N$28) -> 5,14 | O42: =_xlfn.CONCAT(COLUMN()-$I42,",",ROW()-O$28) -> 6,14 | P42: =_xlfn.CONCAT(COLUMN()-$I42,",",ROW()-P$28) -> 7,14 | Q42: =_xlfn.CONCAT(COLUMN()-$I42,",",ROW()-Q$28) -> 8,14 | ... AW42: =_xlfn.CONCAT(COLUMN()-$I42,",",ROW()-AW$28) -> 40,14 | AX42: =AX41+1 -> 14 | AZ42: 13 | BA42: 1.3040019 | BB42: 1.3049917 | BC42: 1.3069463 | BD42: 1.3098192 | BE42: 1.3135507 | BF42: 1.3180766 | BG42: 1.3233359 | BH42: 1.3292747 | BI42: 1.3358431 | BJ42: 1.342989 | BK42: 1.3506515 | BL42: 1.3587625 | BM42: 1.3672504 | BN42: 1.3760444 | BO42: 1.38507 | BP42: 1.3942474 | BQ42: 1.4035031 | BR42: 1.4127955 | BS42: 1.4221364 | BT42: 1.4315733 | BU42: 1.4411432 | BV42: 1.4508324 | BW42: 1.4605888 | BX42: 1.4703954 | BY42: 1.480347 | BZ42: 1.4906287 | CA42: 1.5014045 | CB42: 1.5126991 | CC42: 1.524384 | CD42: 1.5363193 | CE42: 1.5485173 | CF42: 1.5610253 | CG42: 1.5736424 | CH42: 1.585816 | CI42: 1.597044 | CJ42: 1.6075959 | CK42: 1.6183809 | CL42: 1.6302562 | CM42: 1.6431977 | CN42: 1.6558692 | CO42: 1.6665815 | CQ42: =_xlfn.IFS(CR42<=$CS$3,1,CR42<=$CS$4,2,CR42<=$CS$5,3) -> 1 | CR42: =CR41+1 -> 37 | CS42: 4 | CU42: =IF(CV42<=CU$4,1,2) -> 2 | CV42: 1281 | CW42: =IF(CV42=0,0,(CV42/CW$5)-1) -> 20.35 | CY42: 1303.75
B43: [9, 0, 0, 500.0, 500.0] | C43: [9, 0, 0, 500.0, 500.0] | D43: [9, 0, 0, 500.0, 500.0] | I43: =COLUMN() -> 9 | J43: =_xlfn.CONCAT(COLUMN()-$I43,",",ROW()-J$28) -> 1,15 | K43: =_xlfn.CONCAT(COLUMN()-$I43,",",ROW()-K$28) -> 2,15 | L43: =_xlfn.CONCAT(COLUMN()-$I43,",",ROW()-L$28) -> 3,15 | M43: =_xlfn.CONCAT(COLUMN()-$I43,",",ROW()-M$28) -> 4,15 | N43: =_xlfn.CONCAT(COLUMN()-$I43,",",ROW()-N$28) -> 5,15 | O43: =_xlfn.CONCAT(COLUMN()-$I43,",",ROW()-O$28) -> 6,15 | P43: =_xlfn.CONCAT(COLUMN()-$I43,",",ROW()-P$28) -> 7,15 | Q43: =_xlfn.CONCAT(COLUMN()-$I43,",",ROW()-Q$28) -> 8,15 | ... AW43: =_xlfn.CONCAT(COLUMN()-$I43,",",ROW()-AW$28) -> 40,15 | AX43: =AX42+1 -> 15 | AZ43: 14 | BA43: 1.3140515 | BB43: 1.3149518 | BC43: 1.3167342 | BD43: 1.3193656 | BE43: 1.3228018 | BF43: 1.3269933 | BG43: 1.3318895 | BH43: 1.3374414 | BI43: 1.3436005 | BJ43: 1.3503162 | BK43: 1.3575337 | BL43: 1.3651942 | BM43: 1.3732364 | BN43: 1.3815988 | BO43: 1.3902198 | BP43: 1.3990393 | BQ43: 1.4080065 | BR43: 1.4170911 | BS43: 1.426289 | BT43: 1.4356142 | BU43: 1.4450798 | BV43: 1.4546832 | BW43: 1.4644144 | BX43: 1.4742849 | BY43: 1.4843531 | BZ43: 1.4947109 | CA43: 1.5054349 | CB43: 1.516539 | CC43: 1.5279711 | CD43: 1.5396638 | CE43: 1.5515801 | CF43: 1.5636711 | CG43: 1.5757897 | CH43: 1.5876908 | CI43: 1.5992084 | CJ43: 1.6104817 | CK43: 1.6218961 | CL43: 1.6337788 | CM43: 1.6460668 | CN43: 1.6582353 | CO43: 1.6697682 | CQ43: =_xlfn.IFS(CR43<=$CS$3,1,CR43<=$CS$4,2,CR43<=$CS$5,3) -> 1 | CR43: =CR42+1 -> 38 | CS43: 4.0833333 | CU43: =IF(CV43<=CU$4,1,2) -> 2 | CV43: 1317.6 | CW43: =IF(CV43=0,0,(CV43/CW$5)-1) -> 20.96 | CY43: 1340
B44: [10, 0, 0, 500.0, 500.0] | C44: [10, 0, 0, 500.0, 500.0] | D44: [10, 0, 0, 500.0, 500.0] | I44: =COLUMN() -> 9 | J44: =_xlfn.CONCAT(COLUMN()-$I44,",",ROW()-J$28) -> 1,16 | K44: =_xlfn.CONCAT(COLUMN()-$I44,",",ROW()-K$28) -> 2,16 | L44: =_xlfn.CONCAT(COLUMN()-$I44,",",ROW()-L$28) -> 3,16 | M44: =_xlfn.CONCAT(COLUMN()-$I44,",",ROW()-M$28) -> 4,16 | N44: =_xlfn.CONCAT(COLUMN()-$I44,",",ROW()-N$28) -> 5,16 | O44: =_xlfn.CONCAT(COLUMN()-$I44,",",ROW()-O$28) -> 6,16 | P44: =_xlfn.CONCAT(COLUMN()-$I44,",",ROW()-P$28) -> 7,16 | Q44: =_xlfn.CONCAT(COLUMN()-$I44,",",ROW()-Q$28) -> 8,16 | ... AW44: =_xlfn.CONCAT(COLUMN()-$I44,",",ROW()-AW$28) -> 40,16 | AX44: =AX43+1 -> 16 | AZ44: 15 | BA44: 1.323201 | BB44: 1.3240294 | BC44: 1.3256732 | BD44: 1.3281072 | BE44: 1.3312978 | BF44: 1.3352053 | BG44: 1.3397876 | BH44: 1.3450011 | BI44: 1.3508012 | BJ44: 1.3571416 | BK44: 1.3639729 | BL44: 1.3712441 | BM44: 1.3789022 | BN44: 1.386895 | BO44: 1.395171 | BP44: 1.4036834 | BQ44: 1.4123929 | BR44: 1.4212735 | BS44: 1.4303141 | BT44: 1.4395149 | BU44: 1.4488786 | BV44: 1.4584063 | BW44: 1.4681005 | BX44: 1.4779766 | BY44: 1.4880697 | BZ44: 1.4984269 | CA44: 1.5090852 | CB44: 1.5200508 | CC44: 1.5312978 | CD44: 1.5427848 | CE44: 1.554468 | CF44: 1.5662893 | CG44: 1.5781542 | CH44: 1.5899494 | CI44: 1.6016169 | CJ44: 1.6132265 | CK44: 1.624943 | CL44: 1.6368961 | CM44: 1.6490555 | CN44: 1.6612368 | CO44: 1.6733067 | CQ44: =_xlfn.IFS(CR44<=$CS$3,1,CR44<=$CS$4,2,CR44<=$CS$5,3) -> 1 | CR44: =CR43+1 -> 39 | CS44: 4.1666667 | CU44: =IF(CV44<=CU$4,1,2) -> 2 | CV44: 1354.2 | CW44: =IF(CV44=0,0,(CV44/CW$5)-1) -> 21.57 | CY44: 1376.25
B45: [11, 0, 0, 500.0, 500.0] | C45: [11, 0, 0, 500.0, 500.0] | D45: [11, 0, 0, 500.0, 500.0] | I45: =COLUMN() -> 9 | J45: =_xlfn.CONCAT(COLUMN()-$I45,",",ROW()-J$28) -> 1,17 | K45: =_xlfn.CONCAT(COLUMN()-$I45,",",ROW()-K$28) -> 2,17 | L45: =_xlfn.CONCAT(COLUMN()-$I45,",",ROW()-L$28) -> 3,17 | M45: =_xlfn.CONCAT(COLUMN()-$I45,",",ROW()-M$28) -> 4,17 | N45: =_xlfn.CONCAT(COLUMN()-$I45,",",ROW()-N$28) -> 5,17 | O45: =_xlfn.CONCAT(COLUMN()-$I45,",",ROW()-O$28) -> 6,17 | P45: =_xlfn.CONCAT(COLUMN()-$I45,",",ROW()-P$28) -> 7,17 | Q45: =_xlfn.CONCAT(COLUMN()-$I45,",",ROW()-Q$28) -> 8,17 | ... AW45: =_xlfn.CONCAT(COLUMN()-$I45,",",ROW()-AW$28) -> 40,17 | AX45: =AX44+1 -> 17 | AZ45: 16 | BA45: 1.331522 | BB45: 1.332292 | BC45: 1.3338219 | BD45: 1.3360922 | BE45: 1.3390765 | BF45: 1.3427424 | BG45: 1.3470544 | BH45: 1.3519741 | BI45: 1.3574619 | BJ45: 1.3634759 | BK45: 1.3699725 | BL45: 1.3769069 | BM45: 1.3842335 | BN45: 1.3919075 | BO45: 1.399886 | BP45: 1.4081303 | BQ45: 1.416608 | BR45: 1.4252956 | BS45: 1.4341792 | BT45: 1.4432524 | BU45: 1.4525135 | BV45: 1.4619628 | BW45: 1.4716048 | BX45: 1.481451 | BY45: 1.4915221 | BZ45: 1.501842 | CA45: 1.5124279 | CB45: 1.5232811 | CC45: 1.5343847 | CD45: 1.5457094 | CE45: 1.5572181 | CF45: 1.568864 | CG45: 1.5805886 | CH45: 1.5923357 | CI45: 1.604083 | CJ45: 1.6158646 | CK45: 1.6277535 | CL45: 1.639807 | CM45: 1.6520224 | CN45: 1.6643497 | CO45: 1.6767776 | CQ45: =_xlfn.IFS(CR45<=$CS$3,1,CR45<=$CS$4,2,CR45<=$CS$5,3) -> 1 | CR45: =CR44+1 -> 40 | CS45: 4.25 | CU45: =IF(CV45<=CU$4,1,2) -> 2 | CV45: 1390.8 | CW45: =IF(CV45=0,0,(CV45/CW$5)-1) -> 22.18 | CY45: 1412.5
B46: [12, 0, 0, 500.0, 500.0] | C46: [12, 0, 0, 500.0, 500.0] | D46: [12, 0, 0, 500.0, 500.0] | I46: =COLUMN() -> 9 | J46: =_xlfn.CONCAT(COLUMN()-$I46,",",ROW()-J$28) -> 1,18 | K46: =_xlfn.CONCAT(COLUMN()-$I46,",",ROW()-K$28) -> 2,18 | L46: =_xlfn.CONCAT(COLUMN()-$I46,",",ROW()-L$28) -> 3,18 | M46: =_xlfn.CONCAT(COLUMN()-$I46,",",ROW()-M$28) -> 4,18 | N46: =_xlfn.CONCAT(COLUMN()-$I46,",",ROW()-N$28) -> 5,18 | O46: =_xlfn.CONCAT(COLUMN()-$I46,",",ROW()-O$28) -> 6,18 | P46: =_xlfn.CONCAT(COLUMN()-$I46,",",ROW()-P$28) -> 7,18 | Q46: =_xlfn.CONCAT(COLUMN()-$I46,",",ROW()-Q$28) -> 8,18 | ... AW46: =_xlfn.CONCAT(COLUMN()-$I46,",",ROW()-AW$28) -> 40,18 | AX46: =AX45+1 -> 18 | AZ46: 17 | BA46: 1.339073 | BB46: 1.3397946 | BC46: 1.3412299 | BD46: 1.3433635 | BE46: 1.3461736 | BF46: 1.3496337 | BG46: 1.3537133 | BH46: 1.3583792 | BI46: 1.3635963 | BJ46: 1.3693275 | BK46: 1.3755343 | BL46: 1.3821774 | BM46: 1.3892173 | BN46: 1.3966154 | BO46: 1.4043353 | BP46: 1.4123439 | BQ46: 1.4206133 | BR46: 1.4291219 | BS46: 1.4378545 | BT46: 1.4468023 | BU46: 1.4559602 | BV46: 1.4653269 | BW46: 1.4749048 | BX46: 1.4847008 | BY46: 1.4947257 | BZ46: 1.504991 | CA46: 1.5155035 | CB46: 1.526261 | CC46: 1.5372504 | CD46: 1.54845 | CE46: 1.559831 | CF46: 1.57136 | CG46: 1.5830002 | CH46: 1.5947219 | CI46: 1.6065147 | CJ46: 1.6183956 | CK46: 1.6303991 | CL46: 1.6425562 | CM46: 1.6548772 | CN46: 1.6673621 | CO46: 1.6800332 | CQ46: =_xlfn.IFS(CR46<=$CS$3,1,CR46<=$CS$4,2,CR46<=$CS$5,3) -> 1 | CR46: =CR45+1 -> 41 | CS46: 4.3333333 | CU46: =IF(CV46<=CU$4,1,2) -> 2 | CV46: 1427.4 | CW46: =IF(CV46=0,0,(CV46/CW$5)-1) -> 22.79 | CY46: 1448.75
... B48: [14, 0, 0, 500.0, 500.0] | C48: [14, 0, 0, 500.0, 500.0] | D48: [14, 0, 0, 500.0, 500.0] | I48: =COLUMN() -> 9 | J48: =_xlfn.CONCAT(COLUMN()-$I48,",",ROW()-J$28) -> 1,20 | K48: =_xlfn.CONCAT(COLUMN()-$I48,",",ROW()-K$28) -> 2,20 | L48: =_xlfn.CONCAT(COLUMN()-$I48,",",ROW()-L$28) -> 3,20 | M48: =_xlfn.CONCAT(COLUMN()-$I48,",",ROW()-M$28) -> 4,20 | N48: =_xlfn.CONCAT(COLUMN()-$I48,",",ROW()-N$28) -> 5,20 | O48: =_xlfn.CONCAT(COLUMN()-$I48,",",ROW()-O$28) -> 6,20 | P48: =_xlfn.CONCAT(COLUMN()-$I48,",",ROW()-P$28) -> 7,20 | Q48: =_xlfn.CONCAT(COLUMN()-$I48,",",ROW()-Q$28) -> 8,20 | ... AW48: =_xlfn.CONCAT(COLUMN()-$I48,",",ROW()-AW$28) -> 40,20 | AX48: =AX47+1 -> 20 | AZ48: 19 | BA48: 1.3520503 | BB48: 1.3526977 | BC48: 1.3539873 | BD48: 1.3559086 | BE48: 1.3584462 | BF48: 1.3615813 | BG48: 1.3652914 | BH48: 1.3695512 | BI48: 1.3743337 | BJ48: 1.3796101 | BK48: 1.3853503 | BL48: 1.3915243 | BM48: 1.3981014 | BN48: 1.4050527 | BO48: 1.4123498 | BP48: 1.4199677 | BQ48: 1.4278837 | BR48: 1.4360793 | BS48: 1.4445393 | BT48: 1.4532522 | BU48: 1.4622099 | BV48: 1.471407 | BW48: 1.4808409 | BX48: 1.4905103 | BY48: 1.5004157 | BZ48: 1.5105568 | CA48: 1.5209316 | CB48: 1.5315344 | CC48: 1.542356 | CD48: 1.5533832 | CE48: 1.5646006 | CF48: 1.5759913 | CG48: 1.5875404 | CH48: 1.5992372 | CI48: 1.6110784 | CJ48: 1.6230693 | CK48: 1.6352214 | CL48: 1.6475489 | CM48: 1.6600672 | CN48: 1.6727936 | CO48: 1.685753 | CQ48: =_xlfn.IFS(CR48<=$CS$3,1,CR48<=$CS$4,2,CR48<=$CS$5,3) -> 1 | CR48: =CR47+1 -> 43 | CS48: 4.5 | CU48: =IF(CV48<=CU$4,1,2) -> 2 | CV48: 1500.6 | CW48: =IF(CV48=0,0,(CV48/CW$5)-1) -> 24.01 | CY48: 1521.25
B49: [15, 0, 0, 500.0, 500.0] | C49: [15, 0, 0, 500.0, 500.0] | D49: [15, 0, 0, 500.0, 500.0] | CQ49: =_xlfn.IFS(CR49<=$CS$3,1,CR49<=$CS$4,2,CR49<=$CS$5,3) -> 1 | CR49: =CR48+1 -> 44 | CS49: 4.5833333 | CU49: =IF(CV49<=CU$4,1,2) -> 2 | CV49: 1537.2 | CW49: =IF(CV49=0,0,(CV49/CW$5)-1) -> 24.62 | CY49: 1557.5
B50: [16, 0, 0, 500.0, 500.0] | C50: [16, 0, 0, 500.0, 500.0] | D50: [16, 0, 0, 500.0, 500.0] | CQ50: =_xlfn.IFS(CR50<=$CS$3,1,CR50<=$CS$4,2,CR50<=$CS$5,3) -> 1 | CR50: =CR49+1 -> 45 | CS50: 4.6666667 | CU50: =IF(CV50<=CU$4,1,2) -> 2 | CV50: 1573.8 | CW50: =IF(CV50=0,0,(CV50/CW$5)-1) -> 25.23 | CY50: 1593.75
B51: [17, 0, 0, 500.0, 500.0] | C51: [17, 0, 0, 500.0, 500.0] | D51: [17, 0, 0, 500.0, 500.0] | CQ51: =_xlfn.IFS(CR51<=$CS$3,1,CR51<=$CS$4,2,CR51<=$CS$5,3) -> 1 | CR51: =CR50+1 -> 46 | CS51: 4.75 | CU51: =IF(CV51<=CU$4,1,2) -> 2 | CV51: 1610.4 | CW51: =IF(CV51=0,0,(CV51/CW$5)-1) -> 25.84 | CY51: 1630
B52: [18, 0, 0, 500.0, 500.0] | C52: [18, 0, 0, 500.0, 500.0] | D52: [18, 0, 0, 500.0, 500.0] | CQ52: =_xlfn.IFS(CR52<=$CS$3,1,CR52<=$CS$4,2,CR52<=$CS$5,3) -> 1 | CR52: =CR51+1 -> 47 | CS52: 4.8333333 | CU52: =IF(CV52<=CU$4,1,2) -> 2 | CV52: 1647 | CW52: =IF(CV52=0,0,(CV52/CW$5)-1) -> 26.45 | CY52: 1666.25
B53: [19, 0, 0, 500.0, 500.0] | C53: [19, 0, 0, 500.0, 500.0] | D53: [19, 0, 0, 500.0, 500.0] | CQ53: =_xlfn.IFS(CR53<=$CS$3,1,CR53<=$CS$4,2,CR53<=$CS$5,3) -> 1 | CR53: =CR52+1 -> 48 | CS53: 4.9166667 | CU53: =IF(CV53<=CU$4,1,2) -> 2 | CV53: 1683.6 | CW53: =IF(CV53=0,0,(CV53/CW$5)-1) -> 27.06 | CY53: 1702.5
B54: [20, 0, 0, 500.0, 500.0] | C54: [20, 0, 0, 500.0, 500.0] | D54: [20, 0, 0, 500.0, 500.0] | CQ54: =_xlfn.IFS(CR54<=$CS$3,1,CR54<=$CS$4,2,CR54<=$CS$5,3) -> 1 | CR54: =CR53+1 -> 49 | CS54: 5 | CU54: =IF(CV54<=CU$4,1,2) -> 2 | CV54: 1720.2 | CW54: =IF(CV54=0,0,(CV54/CW$5)-1) -> 27.67 | CY54: 1738.75
B55: [21, 0, 0, 500.0, 500.0] | C55: [21, 0, 0, 500.0, 500.0] | D55: [21, 0, 0, 500.0, 500.0] | CQ55: =_xlfn.IFS(CR55<=$CS$3,1,CR55<=$CS$4,2,CR55<=$CS$5,3) -> 1 | CR55: =CR54+1 -> 50 | CS55: 5.0833333 | CU55: =IF(CV55<=CU$4,1,2) -> 2 | CV55: 1756.8 | CW55: =IF(CV55=0,0,(CV55/CW$5)-1) -> 28.28 | CY55: 1775
B56: [22, 0, 0, 500.0, 500.0] | C56: [22, 0, 0, 500.0, 500.0] | D56: [22, 0, 0, 500.0, 500.0] | CQ56: =_xlfn.IFS(CR56<=$CS$3,1,CR56<=$CS$4,2,CR56<=$CS$5,3) -> 1 | CR56: =CR55+1 -> 51 | CS56: 5.1666667 | CU56: =IF(CV56<=CU$4,1,2) -> 2 | CV56: 1793.4 | CW56: =IF(CV56=0,0,(CV56/CW$5)-1) -> 28.89 | CY56: 1811.25
B57: [23, 0, 0, 500.0, 500.0] | C57: [23, 0, 0, 500.0, 500.0] | D57: [23, 0, 0, 500.0, 500.0] | CQ57: =_xlfn.IFS(CR57<=$CS$3,1,CR57<=$CS$4,2,CR57<=$CS$5,3) -> 1 | CR57: =CR56+1 -> 52 | CS57: 5.25 | CU57: =IF(CV57<=CU$4,1,2) -> 2 | CV57: 1830 | CW57: =IF(CV57=0,0,(CV57/CW$5)-1) -> 29.5 | CY57: 1847.5
B58: [24, 0, 0, 500.0, 500.0] | C58: [24, 0, 0, 500.0, 500.0] | D58: [24, 0, 0, 500.0, 500.0] | CQ58: =_xlfn.IFS(CR58<=$CS$3,1,CR58<=$CS$4,2,CR58<=$CS$5,3) -> 1 | CR58: =CR57+1 -> 53 | CS58: 5.3333333 | CU58: =IF(CV58<=CU$4,1,2) -> 2 | CV58: 1866.6 | CW58: =IF(CV58=0,0,(CV58/CW$5)-1) -> 30.11 | CY58: 1883.75
B59: [25, 0, 0, 500.0, 500.0] | C59: [25, 0, 0, 500.0, 500.0] | D59: [25, 0, 0, 500.0, 500.0] | CQ59: =_xlfn.IFS(CR59<=$CS$3,1,CR59<=$CS$4,2,CR59<=$CS$5,3) -> 1 | CR59: =CR58+1 -> 54 | CS59: 5.4166667 | CU59: =IF(CV59<=CU$4,1,2) -> 2 | CV59: 1903.2 | CW59: =IF(CV59=0,0,(CV59/CW$5)-1) -> 30.72 | CY59: 1920
B60: [26, 0, 0, 500.0, 500.0] | C60: [26, 0, 0, 500.0, 500.0] | D60: [26, 0, 0, 500.0, 500.0] | CQ60: =_xlfn.IFS(CR60<=$CS$3,1,CR60<=$CS$4,2,CR60<=$CS$5,3) -> 1 | CR60: =CR59+1 -> 55 | CS60: 5.5 | CU60: =IF(CV60<=CU$4,1,2) -> 2 | CV60: 1939.8 | CW60: =IF(CV60=0,0,(CV60/CW$5)-1) -> 31.33 | CY60: 1956.25
CQ61: =_xlfn.IFS(CR61<=$CS$3,1,CR61<=$CS$4,2,CR61<=$CS$5,3) -> 1 | CR61: =CR60+1 -> 56 | CS61: 5.5833333 | CU61: =IF(CV61<=CU$4,1,2) -> 2 | CV61: 1976.4 | CW61: =IF(CV61=0,0,(CV61/CW$5)-1) -> 31.94 | CY61: 1992.5
CQ62: =_xlfn.IFS(CR62<=$CS$3,1,CR62<=$CS$4,2,CR62<=$CS$5,3) -> 1 | CR62: =CR61+1 -> 57 | CS62: 5.6666667 | CU62: =IF(CV62<=CU$4,1,2) -> 2 | CV62: 2013 | CW62: =IF(CV62=0,0,(CV62/CW$5)-1) -> 32.55 | CY62: 2028.75
CQ63: =_xlfn.IFS(CR63<=$CS$3,1,CR63<=$CS$4,2,CR63<=$CS$5,3) -> 1 | CR63: =CR62+1 -> 58 | CS63: 5.75 | CU63: =IF(CV63<=CU$4,1,2) -> 2 | CV63: 2049.6 | CW63: =IF(CV63=0,0,(CV63/CW$5)-1) -> 33.16 | CY63: 2065
CQ64: =_xlfn.IFS(CR64<=$CS$3,1,CR64<=$CS$4,2,CR64<=$CS$5,3) -> 1 | CR64: =CR63+1 -> 59 | CS64: 5.8333333 | CU64: =IF(CV64<=CU$4,1,2) -> 2 | CV64: 2086.2 | CW64: =IF(CV64=0,0,(CV64/CW$5)-1) -> 33.77 | CY64: 2101.25
CQ65: =_xlfn.IFS(CR65<=$CS$3,1,CR65<=$CS$4,2,CR65<=$CS$5,3) -> 1 | CR65: =CR64+1 -> 60 | CS65: 5.9166667 | CU65: =IF(CV65<=CU$4,1,2) -> 2 | CV65: 2122.8 | CW65: =IF(CV65=0,0,(CV65/CW$5)-1) -> 34.38 | CY65: 2137.5
CQ66: =_xlfn.IFS(CR66<=$CS$3,1,CR66<=$CS$4,2,CR66<=$CS$5,3) -> 1 | CR66: =CR65+1 -> 61 | CS66: 6 | CU66: =IF(CV66<=CU$4,1,2) -> 2 | CV66: 2159.4 | CW66: =IF(CV66=0,0,(CV66/CW$5)-1) -> 34.99 | CY66: 2173.75
CQ67: =_xlfn.IFS(CR67<=$CS$3,1,CR67<=$CS$4,2,CR67<=$CS$5,3) -> 1 | CR67: =CR66+1 -> 62 | CS67: 6.0833333 | CU67: =IF(CV67<=CU$4,1,2) -> 2 | CV67: 2196 | CW67: =IF(CV67=0,0,(CV67/CW$5)-1) -> 35.6 | CY67: 2210
CQ68: =_xlfn.IFS(CR68<=$CS$3,1,CR68<=$CS$4,2,CR68<=$CS$5,3) -> 1 | CR68: =CR67+1 -> 63 | CS68: 6.1666667 | CU68: =IF(CV68<=CU$4,1,2) -> 2 | CV68: 2232.6 | CW68: =IF(CV68=0,0,(CV68/CW$5)-1) -> 36.21 | CY68: 2246.25
CQ69: =_xlfn.IFS(CR69<=$CS$3,1,CR69<=$CS$4,2,CR69<=$CS$5,3) -> 1 | CR69: =CR68+1 -> 64 | CS69: 6.25 | CU69: =IF(CV69<=CU$4,1,2) -> 2 | CV69: 2269.2 | CW69: =IF(CV69=0,0,(CV69/CW$5)-1) -> 36.82 | CY69: 2282.5
CQ70: =_xlfn.IFS(CR70<=$CS$3,1,CR70<=$CS$4,2,CR70<=$CS$5,3) -> 1 | CR70: =CR69+1 -> 65 | CS70: 6.3333333 | CU70: =IF(CV70<=CU$4,1,2) -> 2 | CV70: 2305.8 | CW70: =IF(CV70=0,0,(CV70/CW$5)-1) -> 37.43 | CY70: 2318.75
CQ71: =_xlfn.IFS(CR71<=$CS$3,1,CR71<=$CS$4,2,CR71<=$CS$5,3) -> 1 | CR71: =CR70+1 -> 66 | CS71: 6.4166667 | CU71: =IF(CV71<=CU$4,1,2) -> 2 | CV71: 2342.4 | CW71: =IF(CV71=0,0,(CV71/CW$5)-1) -> 38.04 | CY71: 2355
CQ72: =_xlfn.IFS(CR72<=$CS$3,1,CR72<=$CS$4,2,CR72<=$CS$5,3) -> 1 | CR72: =CR71+1 -> 67 | CS72: 6.5 | CU72: =IF(CV72<=CU$4,1,2) -> 2 | CV72: 2379 | CW72: =IF(CV72=0,0,(CV72/CW$5)-1) -> 38.65 | CY72: 2391.25
... CQ107: =_xlfn.IFS(CR107<=$CS$3,1,CR107<=$CS$4,2,CR107<=$CS$5,3) -> 1 | CR107: =CR106+1 -> 102 | CS107: 9.4166667 | CU107: =IF(CV107<=CU$4,1,2) -> 2 | CV107: 3660 | CW107: =IF(CV107=0,0,(CV107/CW$5)-1) -> 60 | CY107: 3660
CQ108: =_xlfn.IFS(CR108<=$CS$3,1,CR108<=$CS$4,2,CR108<=$CS$5,3) -> 1 | CR108: =CR107+1 -> 103 | CS108: 9.5
CQ109: =_xlfn.IFS(CR109<=$CS$3,1,CR109<=$CS$4,2,CR109<=$CS$5,3) -> 1 | CR109: =CR108+1 -> 104 | CS109: 9.5833333
CQ110: =_xlfn.IFS(CR110<=$CS$3,1,CR110<=$CS$4,2,CR110<=$CS$5,3) -> 1 | CR110: =CR109+1 -> 105 | CS110: 9.6666667
CQ111: =_xlfn.IFS(CR111<=$CS$3,1,CR111<=$CS$4,2,CR111<=$CS$5,3) -> 1 | CR111: =CR110+1 -> 106 | CS111: 9.75
CQ112: =_xlfn.IFS(CR112<=$CS$3,1,CR112<=$CS$4,2,CR112<=$CS$5,3) -> 1 | CR112: =CR111+1 -> 107 | CS112: 9.8333333
CQ113: =_xlfn.IFS(CR113<=$CS$3,1,CR113<=$CS$4,2,CR113<=$CS$5,3) -> 1 | CR113: =CR112+1 -> 108 | CS113: 9.9166667
CQ114: =_xlfn.IFS(CR114<=$CS$3,1,CR114<=$CS$4,2,CR114<=$CS$5,3) -> 1 | CR114: =CR113+1 -> 109 | CS114: 10
CQ115: =_xlfn.IFS(CR115<=$CS$3,1,CR115<=$CS$4,2,CR115<=$CS$5,3) -> 1 | CR115: =CR114+1 -> 110 | CS115: 10.083333
CQ116: =_xlfn.IFS(CR116<=$CS$3,1,CR116<=$CS$4,2,CR116<=$CS$5,3) -> 1 | CR116: =CR115+1 -> 111 | CS116: 10.166667
CQ117: =_xlfn.IFS(CR117<=$CS$3,1,CR117<=$CS$4,2,CR117<=$CS$5,3) -> 1 | CR117: =CR116+1 -> 112 | CS117: 10.25
CQ118: =_xlfn.IFS(CR118<=$CS$3,1,CR118<=$CS$4,2,CR118<=$CS$5,3) -> 1 | CR118: =CR117+1 -> 113 | CS118: 10.333333
CQ119: =_xlfn.IFS(CR119<=$CS$3,1,CR119<=$CS$4,2,CR119<=$CS$5,3) -> 1 | CR119: =CR118+1 -> 114 | CS119: 10.416667
... CQ151: =_xlfn.IFS(CR151<=$CS$3,1,CR151<=$CS$4,2,CR151<=$CS$5,3) -> 2 | CR151: =CR150+1 -> 146 | CS151: 13.083333
CQ152: =_xlfn.IFS(CR152<=$CS$3,1,CR152<=$CS$4,2,CR152<=$CS$5,3) -> 2 | CR152: =CR151+1 -> 147 | CS152: 13.166667 | DL152: =IF(DL151+'44_Beta'!FQ$3*'44_Beta'!FR$3>'44_Beta'!$FP$5,"",DL151+'44_Beta'!FQ$3*'44_Beta'!FR$3) -> 365
CQ153: =_xlfn.IFS(CR153<=$CS$3,1,CR153<=$CS$4,2,CR153<=$CS$5,3) -> 2 | CR153: =CR152+1 -> 148 | CS153: 13.25
CQ154: =_xlfn.IFS(CR154<=$CS$3,1,CR154<=$CS$4,2,CR154<=$CS$5,3) -> 2 | CR154: =CR153+1 -> 149 | CS154: 13.333333
CQ155: =_xlfn.IFS(CR155<=$CS$3,1,CR155<=$CS$4,2,CR155<=$CS$5,3) -> 2 | CR155: =CR154+1 -> 150 | CS155: 13.416667
CQ156: =_xlfn.IFS(CR156<=$CS$3,1,CR156<=$CS$4,2,CR156<=$CS$5,3) -> 2 | CR156: =CR155+1 -> 151 | CS156: 13.5
CQ157: =_xlfn.IFS(CR157<=$CS$3,1,CR157<=$CS$4,2,CR157<=$CS$5,3) -> 2 | CR157: =CR156+1 -> 152 | CS157: 13.583333
CQ158: =_xlfn.IFS(CR158<=$CS$3,1,CR158<=$CS$4,2,CR158<=$CS$5,3) -> 2 | CR158: =CR157+1 -> 153 | CS158: 13.666667
CQ159: =_xlfn.IFS(CR159<=$CS$3,1,CR159<=$CS$4,2,CR159<=$CS$5,3) -> 2 | CR159: =CR158+1 -> 154 | CS159: 13.75
CQ160: =_xlfn.IFS(CR160<=$CS$3,1,CR160<=$CS$4,2,CR160<=$CS$5,3) -> 2 | CR160: =CR159+1 -> 155 | CS160: 13.833333
CQ161: =_xlfn.IFS(CR161<=$CS$3,1,CR161<=$CS$4,2,CR161<=$CS$5,3) -> 2 | CR161: =CR160+1 -> 156 | CS161: 13.916667
CQ162: =_xlfn.IFS(CR162<=$CS$3,1,CR162<=$CS$4,2,CR162<=$CS$5,3) -> 2 | CR162: =CR161+1 -> 157 | CS162: 14
CQ163: =_xlfn.IFS(CR163<=$CS$3,1,CR163<=$CS$4,2,CR163<=$CS$5,3) -> 2 | CR163: =CR162+1 -> 158 | CS163: 14.083333
CQ164: =_xlfn.IFS(CR164<=$CS$3,1,CR164<=$CS$4,2,CR164<=$CS$5,3) -> 2 | CR164: =CR163+1 -> 159 | CS164: 14.166667
... CQ366: =_xlfn.IFS(CR366<=$CS$3,1,CR366<=$CS$4,2,CR366<=$CS$5,3) -> 3 | CR366: =CR365+1 -> 361 | CS366: 31

Sheet 44_Beta
B1: chdspd | D1: ... to CSV
B2: - | C2: 1 | D2: -1 | E2: 3 | H2: E:\15_REPOS\02_Beta-Me\data\Krig\Beta03 | FI2: perlen | FJ2: 1095 | FK2: nper | FO2: tdis | FQ2: nstp
B3: ↓ | D3: ↓ | E3: ↓ | H3: =MAX(B6:B49)+1 -> 30 | DI3: 04_strt | FI3: 1 | FJ3: 365 | FK3: =COUNT(FJ3:FJ4) -> 2 | FL3: =FQ3/FP3 -> 1 | FN3: 1 | FO3: 0 | FP3: =FI3*FJ3 -> 365 | FQ3: =FN3*FJ3 -> 365 | FR3: 1
B4: y Z | C4: i2 | D4: x | E4: va | H4: =MAX(D6:D49)+1 -> 100 | FI4: 4 | FJ4: 365 | FL4: =FQ4/FP4 -> 0.5 | FN4: 2 | FO4: 1 | FP4: =FI4*FJ4 -> 1460 | FQ4: =FN4*FJ4 -> 730 | FR4: 1
B5: 0 | C5: 1 | D5: 2 | E5: 3 | F5: 4 | J5: XY | K5: 0 | L5: =K5+1 -> 1 | M5: =L5+1 -> 2 | N5: =M5+1 -> 3 | O5: =N5+1 -> 4 | P5: =O5+1 -> 5 | Q5: =P5+1 -> 6 | R5: =Q5+1 -> 7 | S5: =R5+1 -> 8 | ... DF5: =DE5+1 -> 99 | DG5: 0 | DI5: 0 | DJ5: 1 | DK5: 2 | DL5: 3 | DM5: 4 | DN5: 5 | DO5: 6 | DP5: 7 | DQ5: 8 | DR5: 9 | DS5: 10 | DT5: 11 | DU5: 12 | DV5: 13 | DW5: 14 | DX5: 15 | DY5: 16 | DZ5: 17 | EA5: 18 | EB5: 19 | EC5: 20 | ED5: 21 | EE5: 22 | EF5: 23 | EG5: 24 | EH5: 25 | EI5: 26 | EJ5: 27 | EK5: 28 | EL5: 29 | EM5: 30 | EN5: 31 | EO5: 32 | EP5: 33 | EQ5: 34 | ER5: 35 | ES5: 36 | ET5: 37 | EU5: 38 | EV5: 39 | EW5: 40 | EX5: 41 | EY5: 42 | EZ5: 43 | FA5: 44 | FB5: 45 | FC5: 46 | FD5: 47 | FE5: 48 | FF5: 49 | FJ5: 03_REC | FN5: temp_08 | FP5: =FP4+FP3 -> 1825 | FQ5: =SUM(FQ3:FQ4) -> 1095
A6: 1 | B6: 1 | C6: 0 | D6: 0 | E6: 500 | F6: 0 | G6: - | H6: =_xlfn.CONCAT(D6+1,",",B6+1) -> 1,2 | J6: 1 | K6: =IF(ISNUMBER(MATCH(K40,$H$35:$H$49,0)),$D$2,IF(ISNUMBER(MATCH(K40,$H$55:$H$62,0)),$E$2,IF(ISNUMBER(MATCH(K40,$H$6:$H$34,0)),$C$2,$B$2))) -> - | L6: =IF(ISNUMBER(MATCH(L40,$H$35:$H$49,0)),$D$2,IF(ISNUMBER(MATCH(L40,$H$55:$H$62,0)),$E$2,IF(ISNUMBER(MATCH(L40,$H$6:$H$34,0)),$C$2,$B$2))) -> - | M6: =IF(ISNUMBER(MATCH(M40,$H$35:$H$49,0)),$D$2,IF(ISNUMBER(MATCH(M40,$H$55:$H$62,0)),$E$2,IF(ISNUMBER(MATCH(M40,$H$6:$H$34,0)),$C$2,$B$2))) -> - | N6: =IF(ISNUMBER(MATCH(N40,$H$35:$H$49,0)),$D$2,IF(ISNUMBER(MATCH(N40,$H$55:$H$62,0)),$E$2,IF(ISNUMBER(MATCH(N40,$H$6:$H$34,0)),$C$2,$B$2))) -> - | O6: =IF(ISNUMBER(MATCH(O40,$H$35:$H$49,0)),$D$2,IF(ISNUMBER(MATCH(O40,$H$55:$H$62,0)),$E$2,IF(ISNUMBER(MATCH(O40,$H$6:$H$34,0)),$C$2,$B$2))) -> - | P6: =IF(ISNUMBER(MATCH(P40,$H$35:$H$49,0)),$D$2,IF(ISNUMBER(MATCH(P40,$H$55:$H$62,0)),$E$2,IF(ISNUMBER(MATCH(P40,$H$6:$H$34,0)),$C$2,$B$2))) -> - | Q6: =IF(ISNUMBER(MATCH(Q40,$H$35:$H$49,0)),$D$2,IF(ISNUMBER(MATCH(Q40,$H$55:$H$62,0)),$E$2,IF(ISNUMBER(MATCH(Q40,$H$6:$H$34,0)),$C$2,$B$2))) -> - | R6: =IF(ISNUMBER(MATCH(R40,$H$35:$H$49,0)),$D$2,IF(ISNUMBER(MATCH(R40,$H$55:$H$62,0)),$E$2,IF(ISNUMBER(MATCH(R40,$H$6:$H$34,0)),$C$2,$B$2))) -> - | ... DF6: =IF(ISNUMBER(MATCH(DF40,$H$35:$H$49,0)),$D$2,IF(ISNUMBER(MATCH(DF40,$H$55:$H$62,0)),$E$2,IF(ISNUMBER(MATCH(DF40,$H$6:$H$34,0)),$C$2,$B$2))) -> - | DG6: =DG5+1 -> 1 | DI6: 6.66845 | DJ6: 6.6681 | DK6: 6.66739 | DL6: 6.66632 | DM6: 6.6649 | DN6: 6.66312 | DO6: 6.66099 | DP6: 6.6585 | DQ6: 6.65566 | DR6: 6.65246 | DS6: 6.64891 | DT6: 6.645 | DU6: 6.64073 | DV6: 6.63611 | DW6: 6.63112 | DX6: 6.62579 | DY6: 6.62009 | DZ6: 6.61404 | EA6: 6.60763 | EB6: 6.60087 | EC6: 6.59374 | ED6: 6.58621 | EE6: 6.57793 | EF6: 6.56548 | EG6: 6.52173 | FG6: =FG5+1 -> 1 | FK6: CONCENTRATION
A7: =A6+1 -> 2 | B7: 2 | C7: 0 | D7: =D6 -> 0 | E7: =E6 -> 500 | F7: 0 | G7: - | H7: =_xlfn.CONCAT(D7+1,",",B7+1) -> 1,3 | J7: =J6+1 -> 2 | K7: =IF(ISNUMBER(MATCH(K41,$H$35:$H$49,0)),$D$2,IF(ISNUMBER(MATCH(K41,$H$55:$H$62,0)),$E$2,IF(ISNUMBER(MATCH(K41,$H$6:$H$34,0)),$C$2,$B$2))) -> 1 | L7: =IF(ISNUMBER(MATCH(L41,$H$35:$H$49,0)),$D$2,IF(ISNUMBER(MATCH(L41,$H$55:$H$62,0)),$E$2,IF(ISNUMBER(MATCH(L41,$H$6:$H$34,0)),$C$2,$B$2))) -> - | M7: =IF(ISNUMBER(MATCH(M41,$H$35:$H$49,0)),$D$2,IF(ISNUMBER(MATCH(M41,$H$55:$H$62,0)),$E$2,IF(ISNUMBER(MATCH(M41,$H$6:$H$34,0)),$C$2,$B$2))) -> - | N7: =IF(ISNUMBER(MATCH(N41,$H$35:$H$49,0)),$D$2,IF(ISNUMBER(MATCH(N41,$H$55:$H$62,0)),$E$2,IF(ISNUMBER(MATCH(N41,$H$6:$H$34,0)),$C$2,$B$2))) -> - | O7: =IF(ISNUMBER(MATCH(O41,$H$35:$H$49,0)),$D$2,IF(ISNUMBER(MATCH(O41,$H$55:$H$62,0)),$E$2,IF(ISNUMBER(MATCH(O41,$H$6:$H$34,0)),$C$2,$B$2))) -> - | P7: =IF(ISNUMBER(MATCH(P41,$H$35:$H$49,0)),$D$2,IF(ISNUMBER(MATCH(P41,$H$55:$H$62,0)),$E$2,IF(ISNUMBER(MATCH(P41,$H$6:$H$34,0)),$C$2,$B$2))) -> - | Q7: =IF(ISNUMBER(MATCH(Q41,$H$35:$H$49,0)),$D$2,IF(ISNUMBER(MATCH(Q41,$H$55:$H$62,0)),$E$2,IF(ISNUMBER(MATCH(Q41,$H$6:$H$34,0)),$C$2,$B$2))) -> - | R7: =IF(ISNUMBER(MATCH(R41,$H$35:$H$49,0)),$D$2,IF(ISNUMBER(MATCH(R41,$H$55:$H$62,0)),$E$2,IF(ISNUMBER(MATCH(R41,$H$6:$H$34,0)),$C$2,$B$2))) -> - | ... DF7: =IF(ISNUMBER(MATCH(DF41,$H$35:$H$49,0)),$D$2,IF(ISNUMBER(MATCH(DF41,$H$55:$H$62,0)),$E$2,IF(ISNUMBER(MATCH(DF41,$H$6:$H$34,0)),$C$2,$B$2))) -> - | DG7: =DG6+1 -> 2 | DI7: 6.66829 | DJ7: 6.66794 | DK7: 6.66723 | DL7: 6.66616 | DM7: 6.66474 | DN7: 6.66297 | DO7: 6.66083 | DP7: 6.65835 | DQ7: 6.6555 | DR7: 6.6523 | DS7: 6.64875 | DT7: 6.64484 | DU7: 6.64057 | DV7: 6.63595 | DW7: 6.63097 | DX7: 6.62563 | DY7: 6.61994 | DZ7: 6.61388 | EA7: 6.60747 | EB7: 6.60071 | EC7: 6.59358 | ED7: 6.58605 | EE7: 6.57777 | EF7: 6.56533 | EG7: 6.52156 | EH7: 6.46176 | EI7: 6.39766 | EJ7: 6.33024 | EK7: 6.25907 | FG7: =FG6+1 -> 2 | FK7: STEPS | FQ7: 365
A8: =A7+1 -> 3 | B8: 3 | C8: 0 | D8: =D7 -> 0 | E8: =E7 -> 500 | F8: 0 | G8: - | H8: =_xlfn.CONCAT(D8+1,",",B8+1) -> 1,4 | J8: =J7+1 -> 3 | K8: =IF(ISNUMBER(MATCH(K42,$H$35:$H$49,0)),$D$2,IF(ISNUMBER(MATCH(K42,$H$55:$H$62,0)),$E$2,IF(ISNUMBER(MATCH(K42,$H$6:$H$34,0)),$C$2,$B$2))) -> 1 | L8: =IF(ISNUMBER(MATCH(L42,$H$35:$H$49,0)),$D$2,IF(ISNUMBER(MATCH(L42,$H$55:$H$62,0)),$E$2,IF(ISNUMBER(MATCH(L42,$H$6:$H$34,0)),$C$2,$B$2))) -> - | M8: =IF(ISNUMBER(MATCH(M42,$H$35:$H$49,0)),$D$2,IF(ISNUMBER(MATCH(M42,$H$55:$H$62,0)),$E$2,IF(ISNUMBER(MATCH(M42,$H$6:$H$34,0)),$C$2,$B$2))) -> - | N8: =IF(ISNUMBER(MATCH(N42,$H$35:$H$49,0)),$D$2,IF(ISNUMBER(MATCH(N42,$H$55:$H$62,0)),$E$2,IF(ISNUMBER(MATCH(N42,$H$6:$H$34,0)),$C$2,$B$2))) -> - | O8: =IF(ISNUMBER(MATCH(O42,$H$35:$H$49,0)),$D$2,IF(ISNUMBER(MATCH(O42,$H$55:$H$62,0)),$E$2,IF(ISNUMBER(MATCH(O42,$H$6:$H$34,0)),$C$2,$B$2))) -> - | P8: =IF(ISNUMBER(MATCH(P42,$H$35:$H$49,0)),$D$2,IF(ISNUMBER(MATCH(P42,$H$55:$H$62,0)),$E$2,IF(ISNUMBER(MATCH(P42,$H$6:$H$34,0)),$C$2,$B$2))) -> - | Q8: =IF(ISNUMBER(MATCH(Q42,$H$35:$H$49,0)),$D$2,IF(ISNUMBER(MATCH(Q42,$H$55:$H$62,0)),$E$2,IF(ISNUMBER(MATCH(Q42,$H$6:$H$34,0)),$C$2,$B$2))) -> - | R8: =IF(ISNUMBER(MATCH(R42,$H$35:$H$49,0)),$D$2,IF(ISNUMBER(MATCH(R42,$H$55:$H$62,0)),$E$2,IF(ISNUMBER(MATCH(R42,$H$6:$H$34,0)),$C$2,$B$2))) -> - | ... DF8: =IF(ISNUMBER(MATCH(DF42,$H$35:$H$49,0)),$D$2,IF(ISNUMBER(MATCH(DF42,$H$55:$H$62,0)),$E$2,IF(ISNUMBER(MATCH(DF42,$H$6:$H$34,0)),$C$2,$B$2))) -> - | DG8: =DG7+1 -> 3 | DI8: 6.66814 | DJ8: 6.66778 | DK8: 6.66707 | DL8: 6.66601 | DM8: 6.66458 | DN8: 6.66281 | DO8: 6.66068 | DP8: 6.65819 | DQ8: 6.65535 | DR8: 6.65215 | DS8: 6.64859 | DT8: 6.64468 | DU8: 6.64041 | DV8: 6.63579 | DW8: 6.63081 | DX8: 6.62547 | DY8: 6.61978 | DZ8: 6.61373 | EA8: 6.60732 | EB8: 6.60055 | EC8: 6.59342 | ED8: 6.5859 | EE8: 6.57762 | EF8: 6.56525 | EG8: 6.52142 | EH8: 6.46157 | EI8: 6.39746 | EJ8: 6.33003 | EK8: 6.2589 | EL8: 6.18485 | EM8: 6.10729 | EN8: 6.02566 | FG8: =FG7+1 -> 3 | FI8: =IF(ISNUMBER(MATCH(FJ8,$FP$8:$FP$13,0)),MAX(FI$7:FI7)+1,0) -> 0 | FJ8: =FJ3/FL8 -> 36.5 | FK8: =FJ8 -> 36.5 | FL8: 10 | FN8: 0 | FO8: =IF(ISNUMBER(FP8),IF(FP8<FP$3,1,2),"") -> 1 | FP8: 0 | FQ8: =IF(ISNUMBER(FP8),FP8/$FQ$7,"") -> 0
A9: =A8+1 -> 4 | B9: 4 | C9: 0 | D9: =D8 -> 0 | E9: =E8 -> 500 | F9: 0 | G9: - | H9: =_xlfn.CONCAT(D9+1,",",B9+1) -> 1,5 | J9: =J8+1 -> 4 | K9: =IF(ISNUMBER(MATCH(K43,$H$35:$H$49,0)),$D$2,IF(ISNUMBER(MATCH(K43,$H$55:$H$62,0)),$E$2,IF(ISNUMBER(MATCH(K43,$H$6:$H$34,0)),$C$2,$B$2))) -> 1 | L9: =IF(ISNUMBER(MATCH(L43,$H$35:$H$49,0)),$D$2,IF(ISNUMBER(MATCH(L43,$H$55:$H$62,0)),$E$2,IF(ISNUMBER(MATCH(L43,$H$6:$H$34,0)),$C$2,$B$2))) -> - | M9: =IF(ISNUMBER(MATCH(M43,$H$35:$H$49,0)),$D$2,IF(ISNUMBER(MATCH(M43,$H$55:$H$62,0)),$E$2,IF(ISNUMBER(MATCH(M43,$H$6:$H$34,0)),$C$2,$B$2))) -> - | N9: =IF(ISNUMBER(MATCH(N43,$H$35:$H$49,0)),$D$2,IF(ISNUMBER(MATCH(N43,$H$55:$H$62,0)),$E$2,IF(ISNUMBER(MATCH(N43,$H$6:$H$34,0)),$C$2,$B$2))) -> - | O9: =IF(ISNUMBER(MATCH(O43,$H$35:$H$49,0)),$D$2,IF(ISNUMBER(MATCH(O43,$H$55:$H$62,0)),$E$2,IF(ISNUMBER(MATCH(O43,$H$6:$H$34,0)),$C$2,$B$2))) -> - | P9: =IF(ISNUMBER(MATCH(P43,$H$35:$H$49,0)),$D$2,IF(ISNUMBER(MATCH(P43,$H$55:$H$62,0)),$E$2,IF(ISNUMBER(MATCH(P43,$H$6:$H$34,0)),$C$2,$B$2))) -> - | Q9: =IF(ISNUMBER(MATCH(Q43,$H$35:$H$49,0)),$D$2,IF(ISNUMBER(MATCH(Q43,$H$55:$H$62,0)),$E$2,IF(ISNUMBER(MATCH(Q43,$H$6:$H$34,0)),$C$2,$B$2))) -> - | R9: =IF(ISNUMBER(MATCH(R43,$H$35:$H$49,0)),$D$2,IF(ISNUMBER(MATCH(R43,$H$55:$H$62,0)),$E$2,IF(ISNUMBER(MATCH(R43,$H$6:$H$34,0)),$C$2,$B$2))) -> - | ... DF9: =IF(ISNUMBER(MATCH(DF43,$H$35:$H$49,0)),$D$2,IF(ISNUMBER(MATCH(DF43,$H$55:$H$62,0)),$E$2,IF(ISNUMBER(MATCH(DF43,$H$6:$H$34,0)),$C$2,$B$2))) -> - | DG9: =DG8+1 -> 4 | DI9: 6.66798 | DJ9: 6.66762 | DK9: 6.66691 | DL9: 6.66585 | DM9: 6.66443 | DN9: 6.66265 | DO9: 6.66052 | DP9: 6.65803 | DQ9: 6.65519 | DR9: 6.65199 | DS9: 6.64844 | DT9: 6.64452 | DU9: 6.64026 | DV9: 6.63563 | DW9: 6.63065 | DX9: 6.62532 | DY9: 6.61962 | DZ9: 6.61357 | EA9: 6.60716 | EB9: 6.60039 | EC9: 6.59327 | ED9: 6.58574 | EE9: 6.57749 | EF9: 6.56526 | EG9: 6.52131 | EH9: 6.4614 | EI9: 6.39727 | EJ9: 6.32982 | EK9: 6.25871 | EL9: 6.18464 | EM9: 6.10706 | EN9: 6.02546 | EO9: 5.94032 | EP9: 5.85143 | EQ9: 5.75744 | FG9: =FG8+1 -> 4 | FI9: =IF(ISNUMBER(MATCH(FJ9,$FP$8:$FP$13,0)),MAX(FI$7:FI8)+1,0) -> 0 | FJ9: =IF(FJ8="","",IF(FJ8+FL9<MAX($FP$9:$FP$29),FJ8+FL9,"")) -> 73 | FK9: =IF(FK8="","",IF(FK8+FL9<MAX($FP$9:$FP$29),ROUND(FK8+FL9,0),"")) -> 73 | FL9: =FJ8 -> 36.5 | FN9: =IF(ISNUMBER(FP9),FN8+1,"") -> 1 | FO9: =IF(ISNUMBER(FP9),IF(FP9<FP$3,1,2),"") -> 2 | FP9: =IF(FP8="","",IF(FP8+FQ$3*FR$3>$FP$5,"",FP8+FQ$3*FR$3)) -> 365 | FQ9: =IF(ISNUMBER(FP9),FP9/$FQ$7,"") -> 1
A10: =A9+1 -> 5 | B10: 5 | C10: 0 | D10: =D9 -> 0 | E10: =E9 -> 500 | F10: 0 | G10: - | H10: =_xlfn.CONCAT(D10+1,",",B10+1) -> 1,6 | J10: =J9+1 -> 5 | K10: =IF(ISNUMBER(MATCH(K44,$H$35:$H$49,0)),$D$2,IF(ISNUMBER(MATCH(K44,$H$55:$H$62,0)),$E$2,IF(ISNUMBER(MATCH(K44,$H$6:$H$34,0)),$C$2,$B$2))) -> 1 | L10: =IF(ISNUMBER(MATCH(L44,$H$35:$H$49,0)),$D$2,IF(ISNUMBER(MATCH(L44,$H$55:$H$62,0)),$E$2,IF(ISNUMBER(MATCH(L44,$H$6:$H$34,0)),$C$2,$B$2))) -> - | M10: =IF(ISNUMBER(MATCH(M44,$H$35:$H$49,0)),$D$2,IF(ISNUMBER(MATCH(M44,$H$55:$H$62,0)),$E$2,IF(ISNUMBER(MATCH(M44,$H$6:$H$34,0)),$C$2,$B$2))) -> - | N10: =IF(ISNUMBER(MATCH(N44,$H$35:$H$49,0)),$D$2,IF(ISNUMBER(MATCH(N44,$H$55:$H$62,0)),$E$2,IF(ISNUMBER(MATCH(N44,$H$6:$H$34,0)),$C$2,$B$2))) -> - | O10: =IF(ISNUMBER(MATCH(O44,$H$35:$H$49,0)),$D$2,IF(ISNUMBER(MATCH(O44,$H$55:$H$62,0)),$E$2,IF(ISNUMBER(MATCH(O44,$H$6:$H$34,0)),$C$2,$B$2))) -> - | P10: =IF(ISNUMBER(MATCH(P44,$H$35:$H$49,0)),$D$2,IF(ISNUMBER(MATCH(P44,$H$55:$H$62,0)),$E$2,IF(ISNUMBER(MATCH(P44,$H$6:$H$34,0)),$C$2,$B$2))) -> - | Q10: =IF(ISNUMBER(MATCH(Q44,$H$35:$H$49,0)),$D$2,IF(ISNUMBER(MATCH(Q44,$H$55:$H$62,0)),$E$2,IF(ISNUMBER(MATCH(Q44,$H$6:$H$34,0)),$C$2,$B$2))) -> - | R10: =IF(ISNUMBER(MATCH(R44,$H$35:$H$49,0)),$D$2,IF(ISNUMBER(MATCH(R44,$H$55:$H$62,0)),$E$2,IF(ISNUMBER(MATCH(R44,$H$6:$H$34,0)),$C$2,$B$2))) -> - | ... DF10: =IF(ISNUMBER(MATCH(DF44,$H$35:$H$49,0)),$D$2,IF(ISNUMBER(MATCH(DF44,$H$55:$H$62,0)),$E$2,IF(ISNUMBER(MATCH(DF44,$H$6:$H$34,0)),$C$2,$B$2))) -> - | DG10: =DG9+1 -> 5 | DI10: 6.66782 | DJ10: 6.66747 | DK10: 6.66676 | DL10: 6.66569 | DM10: 6.66427 | DN10: 6.6625 | DO10: 6.66037 | DP10: 6.65788 | DQ10: 6.65503 | DR10: 6.65184 | DS10: 6.64828 | DT10: 6.64437 | DU10: 6.6401 | DV10: 6.63548 | DW10: 6.6305 | DX10: 6.62516 | DY10: 6.61946 | DZ10: 6.61341 | EA10: 6.607 | EB10: 6.60024 | EC10: 6.59311 | ED10: 6.58559 | EE10: 6.57736 | EF10: 6.56534 | EG10: 6.52125 | EH10: 6.46124 | EI10: 6.39708 | EJ10: 6.32962 | EK10: 6.25853 | EL10: 6.18444 | EM10: 6.10684 | EN10: 6.02525 | EO10: 5.9401 | EP10: 5.85117 | EQ10: 5.75727 | ER10: 5.6609 | ES10: 5.5845 | ET10: 5.56712 | EU10: 5.55307 | EV10: 5.53884 | EW10: 5.52424 | EX10: 5.50927 | FG10: =FG9+1 -> 5 | FI10: =IF(ISNUMBER(MATCH(FJ10,$FP$8:$FP$13,0)),MAX(FI$7:FI9)+1,0) -> 0 | FJ10: =IF(FJ9="","",IF(FJ9+FL10<MAX($FP$9:$FP$29),FJ9+FL10,"")) -> 109.5 | FK10: =IF(FK9="","",IF(FK9+FL10<MAX($FP$9:$FP$29),ROUND(FK9+FL10,0),"")) -> 110 | FL10: =FL9 -> 36.5 | FN10: =IF(ISNUMBER(FP10),FN9+1,"") -> 2 | FO10: =IF(ISNUMBER(FP10),IF(FP10<FP$3,1,2),"") -> 2 | FP10: =IF(FP9="","",IF(FP9+FQ$3*FR$3>$FP$5,"",FP9+FQ$3*FR$3)) -> 730 | FQ10: =IF(ISNUMBER(FP10),FP10/$FQ$7,"") -> 2
A11: =A10+1 -> 6 | B11: 6 | C11: 0 | D11: =D10 -> 0 | E11: =E10 -> 500 | F11: 0 | G11: - | H11: =_xlfn.CONCAT(D11+1,",",B11+1) -> 1,7 | J11: =J10+1 -> 6 | K11: =IF(ISNUMBER(MATCH(K45,$H$35:$H$49,0)),$D$2,IF(ISNUMBER(MATCH(K45,$H$55:$H$62,0)),$E$2,IF(ISNUMBER(MATCH(K45,$H$6:$H$34,0)),$C$2,$B$2))) -> 1 | L11: =IF(ISNUMBER(MATCH(L45,$H$35:$H$49,0)),$D$2,IF(ISNUMBER(MATCH(L45,$H$55:$H$62,0)),$E$2,IF(ISNUMBER(MATCH(L45,$H$6:$H$34,0)),$C$2,$B$2))) -> - | M11: =IF(ISNUMBER(MATCH(M45,$H$35:$H$49,0)),$D$2,IF(ISNUMBER(MATCH(M45,$H$55:$H$62,0)),$E$2,IF(ISNUMBER(MATCH(M45,$H$6:$H$34,0)),$C$2,$B$2))) -> - | N11: =IF(ISNUMBER(MATCH(N45,$H$35:$H$49,0)),$D$2,IF(ISNUMBER(MATCH(N45,$H$55:$H$62,0)),$E$2,IF(ISNUMBER(MATCH(N45,$H$6:$H$34,0)),$C$2,$B$2))) -> - | O11: =IF(ISNUMBER(MATCH(O45,$H$35:$H$49,0)),$D$2,IF(ISNUMBER(MATCH(O45,$H$55:$H$62,0)),$E$2,IF(ISNUMBER(MATCH(O45,$H$6:$H$34,0)),$C$2,$B$2))) -> - | P11: =IF(ISNUMBER(MATCH(P45,$H$35:$H$49,0)),$D$2,IF(ISNUMBER(MATCH(P45,$H$55:$H$62,0)),$E$2,IF(ISNUMBER(MATCH(P45,$H$6:$H$34,0)),$C$2,$B$2))) -> - | Q11: =IF(ISNUMBER(MATCH(Q45,$H$35:$H$49,0)),$D$2,IF(ISNUMBER(MATCH(Q45,$H$55:$H$62,0)),$E$2,IF(ISNUMBER(MATCH(Q45,$H$6:$H$34,0)),$C$2,$B$2))) -> - | R11: =IF(ISNUMBER(MATCH(R45,$H$35:$H$49,0)),$D$2,IF(ISNUMBER(MATCH(R45,$H$55:$H$62,0)),$E$2,IF(ISNUMBER(MATCH(R45,$H$6:$H$34,0)),$C$2,$B$2))) -> - | ... DF11: =IF(ISNUMBER(MATCH(DF45,$H$35:$H$49,0)),$D$2,IF(ISNUMBER(MATCH(DF45,$H$55:$H$62,0)),$E$2,IF(ISNUMBER(MATCH(DF45,$H$6:$H$34,0)),$C$2,$B$2))) -> - | DG11: =DG10+1 -> 6 | DI11: 6.66767 | DJ11: 6.66731 | DK11: 6.6666 | DL11: 6.66554 | DM11: 6.66412 | DN11: 6.66234 | DO11: 6.66021 | DP11: 6.65772 | DQ11: 6.65488 | DR11: 6.65168 | DS11: 6.64813 | DT11: 6.64421 | DU11: 6.63995 | DV11: 6.63532 | DW11: 6.63034 | DX11: 6.625 | DY11: 6.61931 | DZ11: 6.61326 | EA11: 6.60685 | EB11: 6.60008 | EC11: 6.59295 | ED11: 6.58544 | EE11: 6.57725 | EF11: 6.5655 | EG11: 6.52122 | EH11: 6.46108 | EI11: 6.39691 | EJ11: 6.32943 | EK11: 6.25835 | EL11: 6.18425 | EM11: 6.10663 | EN11: 6.02505 | EO11: 5.93988 | EP11: 5.85092 | EQ11: 5.75705 | ER11: 5.66063 | ES11: 5.58427 | ET11: 5.56696 | EU11: 5.55291 | EV11: 5.53868 | EW11: 5.52408 | EX11: 5.50911 | EY11: 5.49377 | EZ11: 5.47807 | FA11: 5.46199 | FB11: 5.44554 | FC11: 5.42872 | FD11: 5.41153 | FE11: 5.39394 | FF11: 5.375 | FG11: =FG10+1 -> 6 | FI11: =IF(ISNUMBER(MATCH(FJ11,$FP$8:$FP$13,0)),MAX(FI$7:FI10)+1,0) -> 0 | FJ11: =IF(FJ10="","",IF(FJ10+FL11<MAX($FP$9:$FP$29),FJ10+FL11,"")) -> 146 | FK11: =IF(FK10="","",IF(FK10+FL11<MAX($FP$9:$FP$29),ROUND(FK10+FL11,0),"")) -> 147 | FL11: =FL10 -> 36.5 | FN11: =IF(ISNUMBER(FP11),FN10+1,"") -> 3 | FO11: =IF(ISNUMBER(FP11),IF(FP11<FP$3,1,2),"") -> 2 | FP11: =IF(FP10="","",IF(FP10+FQ$3*FR$3>$FP$5,"",FP10+FQ$3*FR$3)) -> 1095 | FQ11: =IF(ISNUMBER(FP11),FP11/$FQ$7,"") -> 3
A12: =A11+1 -> 7 | B12: 7 | C12: 0 | D12: =D11 -> 0 | E12: =E11 -> 500 | F12: 0 | G12: - | H12: =_xlfn.CONCAT(D12+1,",",B12+1) -> 1,8 | J12: =J11+1 -> 7 | K12: =IF(ISNUMBER(MATCH(K46,$H$35:$H$49,0)),$D$2,IF(ISNUMBER(MATCH(K46,$H$55:$H$62,0)),$E$2,IF(ISNUMBER(MATCH(K46,$H$6:$H$34,0)),$C$2,$B$2))) -> 1 | L12: =IF(ISNUMBER(MATCH(L46,$H$35:$H$49,0)),$D$2,IF(ISNUMBER(MATCH(L46,$H$55:$H$62,0)),$E$2,IF(ISNUMBER(MATCH(L46,$H$6:$H$34,0)),$C$2,$B$2))) -> - | M12: =IF(ISNUMBER(MATCH(M46,$H$35:$H$49,0)),$D$2,IF(ISNUMBER(MATCH(M46,$H$55:$H$62,0)),$E$2,IF(ISNUMBER(MATCH(M46,$H$6:$H$34,0)),$C$2,$B$2))) -> - | N12: =IF(ISNUMBER(MATCH(N46,$H$35:$H$49,0)),$D$2,IF(ISNUMBER(MATCH(N46,$H$55:$H$62,0)),$E$2,IF(ISNUMBER(MATCH(N46,$H$6:$H$34,0)),$C$2,$B$2))) -> - | O12: =IF(ISNUMBER(MATCH(O46,$H$35:$H$49,0)),$D$2,IF(ISNUMBER(MATCH(O46,$H$55:$H$62,0)),$E$2,IF(ISNUMBER(MATCH(O46,$H$6:$H$34,0)),$C$2,$B$2))) -> - | P12: =IF(ISNUMBER(MATCH(P46,$H$35:$H$49,0)),$D$2,IF(ISNUMBER(MATCH(P46,$H$55:$H$62,0)),$E$2,IF(ISNUMBER(MATCH(P46,$H$6:$H$34,0)),$C$2,$B$2))) -> - | Q12: =IF(ISNUMBER(MATCH(Q46,$H$35:$H$49,0)),$D$2,IF(ISNUMBER(MATCH(Q46,$H$55:$H$62,0)),$E$2,IF(ISNUMBER(MATCH(Q46,$H$6:$H$34,0)),$C$2,$B$2))) -> - | R12: =IF(ISNUMBER(MATCH(R46,$H$35:$H$49,0)),$D$2,IF(ISNUMBER(MATCH(R46,$H$55:$H$62,0)),$E$2,IF(ISNUMBER(MATCH(R46,$H$6:$H$34,0)),$C$2,$B$2))) -> - | ... DF12: =IF(ISNUMBER(MATCH(DF46,$H$35:$H$49,0)),$D$2,IF(ISNUMBER(MATCH(DF46,$H$55:$H$62,0)),$E$2,IF(ISNUMBER(MATCH(DF46,$H$6:$H$34,0)),$C$2,$B$2))) -> - | DG12: =DG11+1 -> 7 | DI12: 6.66752 | DJ12: 6.66716 | DK12: 6.66645 | DL12: 6.66539 | DM12: 6.66396 | DN12: 6.66219 | DO12: 6.66006 | DP12: 6.65757 | DQ12: 6.65473 | DR12: 6.65153 | DS12: 6.64797 | DT12: 6.64406 | DU12: 6.63979 | DV12: 6.63517 | DW12: 6.63019 | DX12: 6.62485 | DY12: 6.61916 | DZ12: 6.6131 | EA12: 6.6067 | EB12: 6.59993 | EC12: 6.5928 | ED12: 6.58529 | EE12: 6.57714 | EF12: 6.56575 | EG12: 6.52123 | EH12: 6.46094 | EI12: 6.39674 | EJ12: 6.32925 | EK12: 6.25818 | EL12: 6.18406 | EM12: 6.10643 | EN12: 6.02485 | EO12: 5.93968 | EP12: 5.85068 | EQ12: 5.75684 | ER12: 5.66032 | ES12: 5.58389 | ET12: 5.56679 | EU12: 5.55275 | EV12: 5.53852 | EW12: 5.52392 | EX12: 5.50895 | EY12: 5.49361 | EZ12: 5.47791 | FA12: 5.46183 | FB12: 5.44538 | FC12: 5.42856 | FD12: 5.41137 | FE12: 5.39378 | FF12: 5.375 | FG12: =FG11+1 -> 7 | FI12: =IF(ISNUMBER(MATCH(FJ12,$FP$8:$FP$13,0)),MAX(FI$7:FI11)+1,0) -> 0 | FJ12: =IF(FJ11="","",IF(FJ11+FL12<MAX($FP$9:$FP$29),FJ11+FL12,"")) -> 182.5 | FK12: =IF(FK11="","",IF(FK11+FL12<MAX($FP$9:$FP$29),ROUND(FK11+FL12,0),"")) -> 184 | FL12: =FL11 -> 36.5 | FN12: =IF(ISNUMBER(FP12),FN11+1,"") -> 4 | FO12: =IF(ISNUMBER(FP12),IF(FP12<FP$3,1,2),"") -> 2 | FP12: =IF(FP11="","",IF(FP11+FQ$3*FR$3>$FP$5,"",FP11+FQ$3*FR$3)) -> 1460 | FQ12: =IF(ISNUMBER(FP12),FP12/$FQ$7,"") -> 4
A13: =A12+1 -> 8 | B13: 8 | C13: 0 | D13: =D12 -> 0 | E13: =E12 -> 500 | F13: 0 | G13: - | H13: =_xlfn.CONCAT(D13+1,",",B13+1) -> 1,9 | J13: =J12+1 -> 8 | K13: =IF(ISNUMBER(MATCH(K47,$H$35:$H$49,0)),$D$2,IF(ISNUMBER(MATCH(K47,$H$55:$H$62,0)),$E$2,IF(ISNUMBER(MATCH(K47,$H$6:$H$34,0)),$C$2,$B$2))) -> 1 | L13: =IF(ISNUMBER(MATCH(L47,$H$35:$H$49,0)),$D$2,IF(ISNUMBER(MATCH(L47,$H$55:$H$62,0)),$E$2,IF(ISNUMBER(MATCH(L47,$H$6:$H$34,0)),$C$2,$B$2))) -> - | M13: =IF(ISNUMBER(MATCH(M47,$H$35:$H$49,0)),$D$2,IF(ISNUMBER(MATCH(M47,$H$55:$H$62,0)),$E$2,IF(ISNUMBER(MATCH(M47,$H$6:$H$34,0)),$C$2,$B$2))) -> - | N13: =IF(ISNUMBER(MATCH(N47,$H$35:$H$49,0)),$D$2,IF(ISNUMBER(MATCH(N47,$H$55:$H$62,0)),$E$2,IF(ISNUMBER(MATCH(N47,$H$6:$H$34,0)),$C$2,$B$2))) -> - | O13: =IF(ISNUMBER(MATCH(O47,$H$35:$H$49,0)),$D$2,IF(ISNUMBER(MATCH(O47,$H$55:$H$62,0)),$E$2,IF(ISNUMBER(MATCH(O47,$H$6:$H$34,0)),$C$2,$B$2))) -> - | P13: =IF(ISNUMBER(MATCH(P47,$H$35:$H$49,0)),$D$2,IF(ISNUMBER(MATCH(P47,$H$55:$H$62,0)),$E$2,IF(ISNUMBER(MATCH(P47,$H$6:$H$34,0)),$C$2,$B$2))) -> - | Q13: =IF(ISNUMBER(MATCH(Q47,$H$35:$H$49,0)),$D$2,IF(ISNUMBER(MATCH(Q47,$H$55:$H$62,0)),$E$2,IF(ISNUMBER(MATCH(Q47,$H$6:$H$34,0)),$C$2,$B$2))) -> - | R13: =IF(ISNUMBER(MATCH(R47,$H$35:$H$49,0)),$D$2,IF(ISNUMBER(MATCH(R47,$H$55:$H$62,0)),$E$2,IF(ISNUMBER(MATCH(R47,$H$6:$H$34,0)),$C$2,$B$2))) -> - | ... DF13: =IF(ISNUMBER(MATCH(DF47,$H$35:$H$49,0)),$D$2,IF(ISNUMBER(MATCH(DF47,$H$55:$H$62,0)),$E$2,IF(ISNUMBER(MATCH(DF47,$H$6:$H$34,0)),$C$2,$B$2))) -> - | DG13: =DG12+1 -> 8 | DI13: 6.66736 | DJ13: 6.66701 | DK13: 6.6663 | DL13: 6.66523 | DM13: 6.66381 | DN13: 6.66204 | DO13: 6.6599 | DP13: 6.65742 | DQ13: 6.65457 | DR13: 6.65137 | DS13: 6.64782 | DT13: 6.64391 | DU13: 6.63964 | DV13: 6.63502 | DW13: 6.63003 | DX13: 6.6247 | DY13: 6.619 | DZ13: 6.61295 | EA13: 6.60654 | EB13: 6.59978 | EC13: 6.59265 | ED13: 6.58514 | EE13: 6.57704 | EF13: 6.56608 | EG13: 6.52129 | EH13: 6.46081 | EI13: 6.39658 | EJ13: 6.32908 | EK13: 6.25802 | EL13: 6.18389 | EM13: 6.10624 | EN13: 6.02467 | EO13: 5.93948 | EP13: 5.85045 | EQ13: 5.75663 | ER13: 5.65996 | ES13: 5.58337 | ET13: 5.56661 | EU13: 5.55259 | EV13: 5.53836 | EW13: 5.52376 | EX13: 5.50879 | EY13: 5.49345 | EZ13: 5.47775 | FA13: 5.46167 | FB13: 5.44522 | FC13: 5.4284 | FD13: 5.41121 | FE13: 5.39362 | FF13: 5.375 | FG13: =FG12+1 -> 8 | FI13: =IF(ISNUMBER(MATCH(FJ13,$FP$8:$FP$13,0)),MAX(FI$7:FI12)+1,0) -> 0 | FJ13: =IF(FJ12="","",IF(FJ12+FL13<MAX($FP$9:$FP$29),FJ12+FL13,"")) -> 219 | FK13: =IF(FK12="","",IF(FK12+FL13<MAX($FP$9:$FP$29),ROUND(FK12+FL13,0),"")) -> 221 | FL13: =FL12 -> 36.5 | FN13: =IF(ISNUMBER(FP13),FN12+1,"") -> 5 | FO13: =IF(ISNUMBER(FP13),IF(FP13<FP$3,1,2),"") -> 2 | FP13: =IF(FP12="","",IF(FP12+FQ$3*FR$3>$FP$5,"",FP12+FQ$3*FR$3)) -> 1825 | FQ13: =IF(ISNUMBER(FP13),FP13/$FQ$7,"") -> 5
A14: =A13+1 -> 9 | B14: 9 | C14: 0 | D14: =D13 -> 0 | E14: =E13 -> 500 | F14: 0 | G14: - | H14: =_xlfn.CONCAT(D14+1,",",B14+1) -> 1,10 | J14: =J13+1 -> 9 | K14: =IF(ISNUMBER(MATCH(K48,$H$35:$H$49,0)),$D$2,IF(ISNUMBER(MATCH(K48,$H$55:$H$62,0)),$E$2,IF(ISNUMBER(MATCH(K48,$H$6:$H$34,0)),$C$2,$B$2))) -> 1 | L14: =IF(ISNUMBER(MATCH(L48,$H$35:$H$49,0)),$D$2,IF(ISNUMBER(MATCH(L48,$H$55:$H$62,0)),$E$2,IF(ISNUMBER(MATCH(L48,$H$6:$H$34,0)),$C$2,$B$2))) -> - | M14: =IF(ISNUMBER(MATCH(M48,$H$35:$H$49,0)),$D$2,IF(ISNUMBER(MATCH(M48,$H$55:$H$62,0)),$E$2,IF(ISNUMBER(MATCH(M48,$H$6:$H$34,0)),$C$2,$B$2))) -> - | N14: =IF(ISNUMBER(MATCH(N48,$H$35:$H$49,0)),$D$2,IF(ISNUMBER(MATCH(N48,$H$55:$H$62,0)),$E$2,IF(ISNUMBER(MATCH(N48,$H$6:$H$34,0)),$C$2,$B$2))) -> - | O14: =IF(ISNUMBER(MATCH(O48,$H$35:$H$49,0)),$D$2,IF(ISNUMBER(MATCH(O48,$H$55:$H$62,0)),$E$2,IF(ISNUMBER(MATCH(O48,$H$6:$H$34,0)),$C$2,$B$2))) -> - | P14: =IF(ISNUMBER(MATCH(P48,$H$35:$H$49,0)),$D$2,IF(ISNUMBER(MATCH(P48,$H$55:$H$62,0)),$E$2,IF(ISNUMBER(MATCH(P48,$H$6:$H$34,0)),$C$2,$B$2))) -> - | Q14: =IF(ISNUMBER(MATCH(Q48,$H$35:$H$49,0)),$D$2,IF(ISNUMBER(MATCH(Q48,$H$55:$H$62,0)),$E$2,IF(ISNUMBER(MATCH(Q48,$H$6:$H$34,0)),$C$2,$B$2))) -> - | R14: =IF(ISNUMBER(MATCH(R48,$H$35:$H$49,0)),$D$2,IF(ISNUMBER(MATCH(R48,$H$55:$H$62,0)),$E$2,IF(ISNUMBER(MATCH(R48,$H$6:$H$34,0)),$C$2,$B$2))) -> - | ... DF14: =IF(ISNUMBER(MATCH(DF48,$H$35:$H$49,0)),$D$2,IF(ISNUMBER(MATCH(DF48,$H$55:$H$62,0)),$E$2,IF(ISNUMBER(MATCH(DF48,$H$6:$H$34,0)),$C$2,$B$2))) -> - | DG14: =DG13+1 -> 9 | DI14: 6.66721 | DJ14: 6.66686 | DK14: 6.66615 | DL14: 6.66508 | DM14: 6.66366 | DN14: 6.66188 | DO14: 6.65975 | DP14: 6.65727 | DQ14: 6.65442 | DR14: 6.65122 | DS14: 6.64767 | DT14: 6.64376 | DU14: 6.63949 | DV14: 6.63486 | DW14: 6.62988 | DX14: 6.62455 | DY14: 6.61885 | DZ14: 6.6128 | EA14: 6.60639 | EB14: 6.59962 | EC14: 6.5925 | ED14: 6.58499 | EE14: 6.57695 | EF14: 6.56649 | EG14: 6.52138 | EH14: 6.46068 | EI14: 6.39643 | EJ14: 6.32892 | EK14: 6.25787 | EL14: 6.18372 | EM14: 6.10605 | EN14: 6.02449 | EO14: 5.93929 | EP14: 5.85024 | EQ14: 5.75643 | ER14: 5.65954 | ES14: 5.58269 | ET14: 5.56642 | EU14: 5.55243 | EV14: 5.5382 | EW14: 5.5236 | EX14: 5.50864 | EY14: 5.49329 | EZ14: 5.47759 | FA14: 5.46151 | FB14: 5.44506 | FC14: 5.42824 | FD14: 5.41105 | FE14: 5.39346 | FF14: 5.375 | FG14: =FG13+1 -> 9 | FI14: =IF(ISNUMBER(MATCH(FJ14,$FP$8:$FP$13,0)),MAX(FI$7:FI13)+1,0) -> 0 | FJ14: =IF(FJ13="","",IF(FJ13+FL14<MAX($FP$9:$FP$29),FJ13+FL14,"")) -> 255.5 | FK14: =IF(FK13="","",IF(FK13+FL14<MAX($FP$9:$FP$29),ROUND(FK13+FL14,0),"")) -> 258 | FL14: =FL13 -> 36.5 | FN14: =IF(ISNUMBER(FP14),FN13+1,"") | FO14: =IF(ISNUMBER(FP14),IF(FP14<FP$3,1,2),"") | FP14: =IF(FP13="","",IF(FP13+FQ$3*FR$3>$FP$5,"",FP13+FQ$3*FR$3)) | FQ14: =IF(ISNUMBER(FP14),FP14/$FQ$7,"")
A15: =A14+1 -> 10 | B15: 10 | C15: 0 | D15: =D14 -> 0 | E15: =E14 -> 500 | F15: 0 | G15: - | H15: =_xlfn.CONCAT(D15+1,",",B15+1) -> 1,11 | J15: =J14+1 -> 10 | K15: =IF(ISNUMBER(MATCH(K49,$H$35:$H$49,0)),$D$2,IF(ISNUMBER(MATCH(K49,$H$55:$H$62,0)),$E$2,IF(ISNUMBER(MATCH(K49,$H$6:$H$34,0)),$C$2,$B$2))) -> 1 | L15: =IF(ISNUMBER(MATCH(L49,$H$35:$H$49,0)),$D$2,IF(ISNUMBER(MATCH(L49,$H$55:$H$62,0)),$E$2,IF(ISNUMBER(MATCH(L49,$H$6:$H$34,0)),$C$2,$B$2))) -> - | M15: =IF(ISNUMBER(MATCH(M49,$H$35:$H$49,0)),$D$2,IF(ISNUMBER(MATCH(M49,$H$55:$H$62,0)),$E$2,IF(ISNUMBER(MATCH(M49,$H$6:$H$34,0)),$C$2,$B$2))) -> - | N15: =IF(ISNUMBER(MATCH(N49,$H$35:$H$49,0)),$D$2,IF(ISNUMBER(MATCH(N49,$H$55:$H$62,0)),$E$2,IF(ISNUMBER(MATCH(N49,$H$6:$H$34,0)),$C$2,$B$2))) -> - | O15: =IF(ISNUMBER(MATCH(O49,$H$35:$H$49,0)),$D$2,IF(ISNUMBER(MATCH(O49,$H$55:$H$62,0)),$E$2,IF(ISNUMBER(MATCH(O49,$H$6:$H$34,0)),$C$2,$B$2))) -> - | P15: =IF(ISNUMBER(MATCH(P49,$H$35:$H$49,0)),$D$2,IF(ISNUMBER(MATCH(P49,$H$55:$H$62,0)),$E$2,IF(ISNUMBER(MATCH(P49,$H$6:$H$34,0)),$C$2,$B$2))) -> - | Q15: =IF(ISNUMBER(MATCH(Q49,$H$35:$H$49,0)),$D$2,IF(ISNUMBER(MATCH(Q49,$H$55:$H$62,0)),$E$2,IF(ISNUMBER(MATCH(Q49,$H$6:$H$34,0)),$C$2,$B$2))) -> - | R15: =IF(ISNUMBER(MATCH(R49,$H$35:$H$49,0)),$D$2,IF(ISNUMBER(MATCH(R49,$H$55:$H$62,0)),$E$2,IF(ISNUMBER(MATCH(R49,$H$6:$H$34,0)),$C$2,$B$2))) -> - | ... DF15: =IF(ISNUMBER(MATCH(DF49,$H$35:$H$49,0)),$D$2,IF(ISNUMBER(MATCH(DF49,$H$55:$H$62,0)),$E$2,IF(ISNUMBER(MATCH(DF49,$H$6:$H$34,0)),$C$2,$B$2))) -> - | DG15: =DG14+1 -> 10 | DI15: 6.66706 | DJ15: 6.66671 | DK15: 6.666 | DL15: 6.66493 | DM15: 6.66351 | DN15: 6.66173 | DO15: 6.6596 | DP15: 6.65711 | DQ15: 6.65427 | DR15: 6.65107 | DS15: 6.64752 | DT15: 6.6436 | DU15: 6.63934 | DV15: 6.63471 | DW15: 6.62973 | DX15: 6.62439 | DY15: 6.6187 | DZ15: 6.61265 | EA15: 6.60624 | EB15: 6.59947 | EC15: 6.59235 | ED15: 6.58485 | EE15: 6.57686 | EF15: 6.56699 | EG15: 6.52151 | EH15: 6.46057 | EI15: 6.39629 | EJ15: 6.32876 | EK15: 6.25772 | EL15: 6.18356 | EM15: 6.10588 | EN15: 6.02432 | EO15: 5.93912 | EP15: 5.85003 | EQ15: 5.75625 | ER15: 5.65908 | ES15: 5.58186 | ET15: 5.56623 | EU15: 5.55228 | EV15: 5.53804 | EW15: 5.52345 | EX15: 5.50848 | EY15: 5.49314 | EZ15: 5.47743 | FA15: 5.46135 | FB15: 5.44491 | FC15: 5.42809 | FD15: 5.41089 | FE15: 5.39331 | FF15: 5.375 | FG15: =FG14+1 -> 10 | FI15: =IF(ISNUMBER(MATCH(FJ15,$FP$8:$FP$13,0)),MAX(FI$7:FI14)+1,0) -> 0 | FJ15: =IF(FJ14="","",IF(FJ14+FL15<MAX($FP$9:$FP$29),FJ14+FL15,"")) -> 292 | FK15: =IF(FK14="","",IF(FK14+FL15<MAX($FP$9:$FP$29),ROUND(FK14+FL15,0),"")) -> 295 | FL15: =FL14 -> 36.5 | FN15: =IF(ISNUMBER(FP15),FN14+1,"") | FO15: =IF(ISNUMBER(FP15),IF(FP15<FP$3,1,2),"") | FP15: =IF(FP14="","",IF(FP14+FQ$3*FR$3>$FP$5,"",FP14+FQ$3*FR$3)) | FQ15: =IF(ISNUMBER(FP15),FP15/$FQ$7,"")
A16: =A15+1 -> 11 | B16: 11 | C16: 0 | D16: =D15 -> 0 | E16: =E15 -> 500 | F16: 0 | G16: - | H16: =_xlfn.CONCAT(D16+1,",",B16+1) -> 1,12 | J16: =J15+1 -> 11 | K16: =IF(ISNUMBER(MATCH(K50,$H$35:$H$49,0)),$D$2,IF(ISNUMBER(MATCH(K50,$H$55:$H$62,0)),$E$2,IF(ISNUMBER(MATCH(K50,$H$6:$H$34,0)),$C$2,$B$2))) -> 1 | L16: =IF(ISNUMBER(MATCH(L50,$H$35:$H$49,0)),$D$2,IF(ISNUMBER(MATCH(L50,$H$55:$H$62,0)),$E$2,IF(ISNUMBER(MATCH(L50,$H$6:$H$34,0)),$C$2,$B$2))) -> - | M16: =IF(ISNUMBER(MATCH(M50,$H$35:$H$49,0)),$D$2,IF(ISNUMBER(MATCH(M50,$H$55:$H$62,0)),$E$2,IF(ISNUMBER(MATCH(M50,$H$6:$H$34,0)),$C$2,$B$2))) -> - | N16: =IF(ISNUMBER(MATCH(N50,$H$35:$H$49,0)),$D$2,IF(ISNUMBER(MATCH(N50,$H$55:$H$62,0)),$E$2,IF(ISNUMBER(MATCH(N50,$H$6:$H$34,0)),$C$2,$B$2))) -> - | O16: =IF(ISNUMBER(MATCH(O50,$H$35:$H$49,0)),$D$2,IF(ISNUMBER(MATCH(O50,$H$55:$H$62,0)),$E$2,IF(ISNUMBER(MATCH(O50,$H$6:$H$34,0)),$C$2,$B$2))) -> - | P16: =IF(ISNUMBER(MATCH(P50,$H$35:$H$49,0)),$D$2,IF(ISNUMBER(MATCH(P50,$H$55:$H$62,0)),$E$2,IF(ISNUMBER(MATCH(P50,$H$6:$H$34,0)),$C$2,$B$2))) -> - | Q16: =IF(ISNUMBER(MATCH(Q50,$H$35:$H$49,0)),$D$2,IF(ISNUMBER(MATCH(Q50,$H$55:$H$62,0)),$E$2,IF(ISNUMBER(MATCH(Q50,$H$6:$H$34,0)),$C$2,$B$2))) -> - | R16: =IF(ISNUMBER(MATCH(R50,$H$35:$H$49,0)),$D$2,IF(ISNUMBER(MATCH(R50,$H$55:$H$62,0)),$E$2,IF(ISNUMBER(MATCH(R50,$H$6:$H$34,0)),$C$2,$B$2))) -> - | ... DF16: =IF(ISNUMBER(MATCH(DF50,$H$35:$H$49,0)),$D$2,IF(ISNUMBER(MATCH(DF50,$H$55:$H$62,0)),$E$2,IF(ISNUMBER(MATCH(DF50,$H$6:$H$34,0)),$C$2,$B$2))) -> - | DG16: =DG15+1 -> 11 | DI16: 6.66691 | DJ16: 6.66656 | DK16: 6.66585 | DL16: 6.66478 | DM16: 6.66336 | DN16: 6.66158 | DO16: 6.65945 | DP16: 6.65696 | DQ16: 6.65412 | DR16: 6.65092 | DS16: 6.64737 | DT16: 6.64345 | DU16: 6.63919 | DV16: 6.63456 | DW16: 6.62958 | DX16: 6.62424 | DY16: 6.61855 | DZ16: 6.6125 | EA16: 6.60609 | EB16: 6.59932 | EC16: 6.5922 | ED16: 6.5847 | EE16: 6.57678 | EF16: 6.56757 | EG16: 6.52168 | EH16: 6.46046 | EI16: 6.39616 | EJ16: 6.32862 | EK16: 6.25759 | EL16: 6.18341 | EM16: 6.10572 | EN16: 6.02417 | EO16: 5.93895 | EP16: 5.84984 | EQ16: 5.75606 | ER16: 5.65857 | ES16: 5.58088 | ET16: 5.56603 | EU16: 5.55212 | EV16: 5.53789 | EW16: 5.52329 | EX16: 5.50832 | EY16: 5.49298 | EZ16: 5.47728 | FA16: 5.4612 | FB16: 5.44475 | FC16: 5.42793 | FD16: 5.41074 | FE16: 5.39316 | FF16: 5.375 | FG16: =FG15+1 -> 11 | FI16: =IF(ISNUMBER(MATCH(FJ16,$FP$8:$FP$13,0)),MAX(FI$7:FI15)+1,0) -> 0 | FJ16: =IF(FJ15="","",IF(FJ15+FL16<MAX($FP$9:$FP$29),FJ15+FL16,"")) -> 328.5 | FK16: =IF(FK15="","",IF(FK15+FL16<MAX($FP$9:$FP$29),ROUND(FK15+FL16,0),"")) -> 332 | FL16: =FL15 -> 36.5 | FN16: =IF(ISNUMBER(FP16),FN15+1,"") | FO16: =IF(ISNUMBER(FP16),IF(FP16<FP$3,1,2),"") | FP16: =IF(FP15="","",IF(FP15+FQ$3*FR$3>$FP$5,"",FP15+FQ$3*FR$3)) | FQ16: =IF(ISNUMBER(FP16),FP16/$FQ$7,"")
A17: =A16+1 -> 12 | B17: 12 | C17: 0 | D17: =D16 -> 0 | E17: =E16 -> 500 | F17: 0 | G17: - | H17: =_xlfn.CONCAT(D17+1,",",B17+1) -> 1,13 | J17: =J16+1 -> 12 | K17: =IF(ISNUMBER(MATCH(K51,$H$35:$H$49,0)),$D$2,IF(ISNUMBER(MATCH(K51,$H$55:$H$62,0)),$E$2,IF(ISNUMBER(MATCH(K51,$H$6:$H$34,0)),$C$2,$B$2))) -> 1 | L17: =IF(ISNUMBER(MATCH(L51,$H$35:$H$49,0)),$D$2,IF(ISNUMBER(MATCH(L51,$H$55:$H$62,0)),$E$2,IF(ISNUMBER(MATCH(L51,$H$6:$H$34,0)),$C$2,$B$2))) -> - | M17: =IF(ISNUMBER(MATCH(M51,$H$35:$H$49,0)),$D$2,IF(ISNUMBER(MATCH(M51,$H$55:$H$62,0)),$E$2,IF(ISNUMBER(MATCH(M51,$H$6:$H$34,0)),$C$2,$B$2))) -> - | N17: =IF(ISNUMBER(MATCH(N51,$H$35:$H$49,0)),$D$2,IF(ISNUMBER(MATCH(N51,$H$55:$H$62,0)),$E$2,IF(ISNUMBER(MATCH(N51,$H$6:$H$34,0)),$C$2,$B$2))) -> - | O17: =IF(ISNUMBER(MATCH(O51,$H$35:$H$49,0)),$D$2,IF(ISNUMBER(MATCH(O51,$H$55:$H$62,0)),$E$2,IF(ISNUMBER(MATCH(O51,$H$6:$H$34,0)),$C$2,$B$2))) -> - | P17: =IF(ISNUMBER(MATCH(P51,$H$35:$H$49,0)),$D$2,IF(ISNUMBER(MATCH(P51,$H$55:$H$62,0)),$E$2,IF(ISNUMBER(MATCH(P51,$H$6:$H$34,0)),$C$2,$B$2))) -> - | Q17: =IF(ISNUMBER(MATCH(Q51,$H$35:$H$49,0)),$D$2,IF(ISNUMBER(MATCH(Q51,$H$55:$H$62,0)),$E$2,IF(ISNUMBER(MATCH(Q51,$H$6:$H$34,0)),$C$2,$B$2))) -> - | R17: =IF(ISNUMBER(MATCH(R51,$H$35:$H$49,0)),$D$2,IF(ISNUMBER(MATCH(R51,$H$55:$H$62,0)),$E$2,IF(ISNUMBER(MATCH(R51,$H$6:$H$34,0)),$C$2,$B$2))) -> - | ... DF17: =IF(ISNUMBER(MATCH(DF51,$H$35:$H$49,0)),$D$2,IF(ISNUMBER(MATCH(DF51,$H$55:$H$62,0)),$E$2,IF(ISNUMBER(MATCH(DF51,$H$6:$H$34,0)),$C$2,$B$2))) -> - | DG17: =DG16+1 -> 12 | DI17: 6.66676 | DJ17: 6.66641 | DK17: 6.6657 | DL17: 6.66463 | DM17: 6.66321 | DN17: 6.66143 | DO17: 6.6593 | DP17: 6.65681 | DQ17: 6.65397 | DR17: 6.65077 | DS17: 6.64722 | DT17: 6.64331 | DU17: 6.63904 | DV17: 6.63441 | DW17: 6.62943 | DX17: 6.62409 | DY17: 6.6184 | DZ17: 6.61235 | EA17: 6.60594 | EB17: 6.59917 | EC17: 6.59205 | ED17: 6.58456 | EE17: 6.5767 | EF17: 6.56825 | EG17: 6.52189 | EH17: 6.46036 | EI17: 6.39603 | EJ17: 6.32848 | EK17: 6.25746 | EL17: 6.18327 | EM17: 6.10557 | EN17: 6.02402 | EO17: 5.93879 | EP17: 5.84966 | EQ17: 5.75589 | ER17: 5.65801 | ES17: 5.57975 | ET17: 5.56584 | EU17: 5.55196 | EV17: 5.53773 | EW17: 5.52313 | EX17: 5.50817 | EY17: 5.49283 | EZ17: 5.47712 | FA17: 5.46104 | FB17: 5.44459 | FC17: 5.42777 | FD17: 5.41058 | FE17: 5.39301 | FF17: 5.375 | FG17: =FG16+1 -> 12 | FI17: =IF(ISNUMBER(MATCH(FJ17,$FP$8:$FP$13,0)),MAX(FI$7:FI16)+1,0) -> 1 | FJ17: =IF(FJ16="","",IF(FJ16+FL17<MAX($FP$9:$FP$29),FJ16+FL17,"")) -> 365 | FK17: =IF(FK16="","",IF(FK16+FL17<MAX($FP$9:$FP$29),ROUND(FK16+FL17,0),"")) -> 369 | FL17: =FL16 -> 36.5 | FN17: =IF(ISNUMBER(FP17),FN16+1,"") | FO17: =IF(ISNUMBER(FP17),IF(FP17<FP$3,1,2),"") | FP17: =IF(FP16="","",IF(FP16+FQ$3*FR$3>$FP$5,"",FP16+FQ$3*FR$3)) | FQ17: =IF(ISNUMBER(FP17),FP17/$FQ$7,"")
A18: =A17+1 -> 13 | B18: 13 | C18: 0 | D18: =D17 -> 0 | E18: =E17 -> 500 | F18: 0 | G18: - | H18: =_xlfn.CONCAT(D18+1,",",B18+1) -> 1,14 | J18: =J17+1 -> 13 | K18: =IF(ISNUMBER(MATCH(K52,$H$35:$H$49,0)),$D$2,IF(ISNUMBER(MATCH(K52,$H$55:$H$62,0)),$E$2,IF(ISNUMBER(MATCH(K52,$H$6:$H$34,0)),$C$2,$B$2))) -> 1 | L18: =IF(ISNUMBER(MATCH(L52,$H$35:$H$49,0)),$D$2,IF(ISNUMBER(MATCH(L52,$H$55:$H$62,0)),$E$2,IF(ISNUMBER(MATCH(L52,$H$6:$H$34,0)),$C$2,$B$2))) -> - | M18: =IF(ISNUMBER(MATCH(M52,$H$35:$H$49,0)),$D$2,IF(ISNUMBER(MATCH(M52,$H$55:$H$62,0)),$E$2,IF(ISNUMBER(MATCH(M52,$H$6:$H$34,0)),$C$2,$B$2))) -> - | N18: =IF(ISNUMBER(MATCH(N52,$H$35:$H$49,0)),$D$2,IF(ISNUMBER(MATCH(N52,$H$55:$H$62,0)),$E$2,IF(ISNUMBER(MATCH(N52,$H$6:$H$34,0)),$C$2,$B$2))) -> - | O18: =IF(ISNUMBER(MATCH(O52,$H$35:$H$49,0)),$D$2,IF(ISNUMBER(MATCH(O52,$H$55:$H$62,0)),$E$2,IF(ISNUMBER(MATCH(O52,$H$6:$H$34,0)),$C$2,$B$2))) -> - | P18: =IF(ISNUMBER(MATCH(P52,$H$35:$H$49,0)),$D$2,IF(ISNUMBER(MATCH(P52,$H$55:$H$62,0)),$E$2,IF(ISNUMBER(MATCH(P52,$H$6:$H$34,0)),$C$2,$B$2))) -> - | Q18: =IF(ISNUMBER(MATCH(Q52,$H$35:$H$49,0)),$D$2,IF(ISNUMBER(MATCH(Q52,$H$55:$H$62,0)),$E$2,IF(ISNUMBER(MATCH(Q52,$H$6:$H$34,0)),$C$2,$B$2))) -> - | R18: =IF(ISNUMBER(MATCH(R52,$H$35:$H$49,0)),$D$2,IF(ISNUMBER(MATCH(R52,$H$55:$H$62,0)),$E$2,IF(ISNUMBER(MATCH(R52,$H$6:$H$34,0)),$C$2,$B$2))) -> - | ... DF18: =IF(ISNUMBER(MATCH(DF52,$H$35:$H$49,0)),$D$2,IF(ISNUMBER(MATCH(DF52,$H$55:$H$62,0)),$E$2,IF(ISNUMBER(MATCH(DF52,$H$6:$H$34,0)),$C$2,$B$2))) -> - | DG18: =DG17+1 -> 13 | DI18: 6.66668 | DJ18: 6.66633 | DK18: 6.66562 | DL18: 6.66455 | DM18: 6.66313 | DN18: 6.66136 | DO18: 6.65922 | DP18: 6.65674 | DQ18: 6.65389 | DR18: 6.65069 | DS18: 6.64714 | DT18: 6.64323 | DU18: 6.63896 | DV18: 6.63434 | DW18: 6.62935 | DX18: 6.62402 | DY18: 6.61832 | DZ18: 6.61227 | EA18: 6.60586 | EB18: 6.59909 | EC18: 6.59197 | ED18: 6.58449 | EE18: 6.57666 | EF18: 6.56866 | EG18: 6.52214 | EH18: 6.46027 | EI18: 6.39591 | EJ18: 6.32835 | EK18: 6.25734 | EL18: 6.18314 | EM18: 6.10543 | EN18: 6.02388 | EO18: 5.93864 | EP18: 5.8495 | EQ18: 5.75573 | ER18: 5.65739 | ES18: 5.57906 | ET18: 5.56573 | EU18: 5.55188 | EV18: 5.53765 | EW18: 5.52305 | EX18: 5.50809 | EY18: 5.49275 | EZ18: 5.47704 | FA18: 5.46096 | FB18: 5.44451 | FC18: 5.42769 | FD18: 5.4105 | FE18: 5.39294 | FF18: 5.375 | FG18: =FG17+1 -> 13 | FI18: =IF(ISNUMBER(MATCH(FJ18,$FP$8:$FP$13,0)),MAX(FI$7:FI17)+1,0) -> 0 | FJ18: =IF(FJ17="","",IF(FJ17+FL18<MAX($FP$9:$FP$29),FJ17+FL18,"")) -> 401.5 | FK18: =IF(FK17="","",IF(FK17+FL18<MAX($FP$9:$FP$29),ROUND(FK17+FL18,0),"")) -> 406 | FL18: =FL17 -> 36.5 | FN18: =IF(ISNUMBER(FP18),FN17+1,"") | FO18: =IF(ISNUMBER(FP18),IF(FP18<FP$3,1,2),"") | FP18: =IF(FP17="","",IF(FP17+FQ$3*FR$3>$FP$5,"",FP17+FQ$3*FR$3)) | FQ18: =IF(ISNUMBER(FP18),FP18/$FQ$7,"")
A19: =A18+1 -> 14 | B19: 14 | C19: 0 | D19: =D18 -> 0 | E19: =E18 -> 500 | F19: 0 | G19: - | H19: =_xlfn.CONCAT(D19+1,",",B19+1) -> 1,15 | J19: =J18+1 -> 14 | K19: =IF(ISNUMBER(MATCH(K53,$H$35:$H$49,0)),$D$2,IF(ISNUMBER(MATCH(K53,$H$55:$H$62,0)),$E$2,IF(ISNUMBER(MATCH(K53,$H$6:$H$34,0)),$C$2,$B$2))) -> 1 | L19: =IF(ISNUMBER(MATCH(L53,$H$35:$H$49,0)),$D$2,IF(ISNUMBER(MATCH(L53,$H$55:$H$62,0)),$E$2,IF(ISNUMBER(MATCH(L53,$H$6:$H$34,0)),$C$2,$B$2))) -> - | M19: =IF(ISNUMBER(MATCH(M53,$H$35:$H$49,0)),$D$2,IF(ISNUMBER(MATCH(M53,$H$55:$H$62,0)),$E$2,IF(ISNUMBER(MATCH(M53,$H$6:$H$34,0)),$C$2,$B$2))) -> - | N19: =IF(ISNUMBER(MATCH(N53,$H$35:$H$49,0)),$D$2,IF(ISNUMBER(MATCH(N53,$H$55:$H$62,0)),$E$2,IF(ISNUMBER(MATCH(N53,$H$6:$H$34,0)),$C$2,$B$2))) -> - | O19: =IF(ISNUMBER(MATCH(O53,$H$35:$H$49,0)),$D$2,IF(ISNUMBER(MATCH(O53,$H$55:$H$62,0)),$E$2,IF(ISNUMBER(MATCH(O53,$H$6:$H$34,0)),$C$2,$B$2))) -> - | P19: =IF(ISNUMBER(MATCH(P53,$H$35:$H$49,0)),$D$2,IF(ISNUMBER(MATCH(P53,$H$55:$H$62,0)),$E$2,IF(ISNUMBER(MATCH(P53,$H$6:$H$34,0)),$C$2,$B$2))) -> - | Q19: =IF(ISNUMBER(MATCH(Q53,$H$35:$H$49,0)),$D$2,IF(ISNUMBER(MATCH(Q53,$H$55:$H$62,0)),$E$2,IF(ISNUMBER(MATCH(Q53,$H$6:$H$34,0)),$C$2,$B$2))) -> - | R19: =IF(ISNUMBER(MATCH(R53,$H$35:$H$49,0)),$D$2,IF(ISNUMBER(MATCH(R53,$H$55:$H$62,0)),$E$2,IF(ISNUMBER(MATCH(R53,$H$6:$H$34,0)),$C$2,$B$2))) -> - | ... DF19: =IF(ISNUMBER(MATCH(DF53,$H$35:$H$49,0)),$D$2,IF(ISNUMBER(MATCH(DF53,$H$55:$H$62,0)),$E$2,IF(ISNUMBER(MATCH(DF53,$H$6:$H$34,0)),$C$2,$B$2))) -> - | DG19: =DG18+1 -> 14 | DI19: 6.66668 | DJ19: 6.66632 | DK19: 6.66561 | DL19: 6.66455 | DM19: 6.66313 | DN19: 6.66135 | DO19: 6.65922 | DP19: 6.65673 | DQ19: 6.65389 | DR19: 6.65069 | DS19: 6.64713 | DT19: 6.64322 | DU19: 6.63895 | DV19: 6.63433 | DW19: 6.62935 | DX19: 6.62401 | DY19: 6.61831 | DZ19: 6.61226 | EA19: 6.60585 | EB19: 6.59909 | EC19: 6.59196 | ED19: 6.58448 | EE19: 6.57666 | EF19: 6.56869 | EG19: 6.52232 | EH19: 6.46018 | EI19: 6.3958 | EJ19: 6.32823 | EK19: 6.25722 | EL19: 6.18302 | EM19: 6.1053 | EN19: 6.02375 | EO19: 5.93851 | EP19: 5.84934 | EQ19: 5.75558 | ER19: 5.65691 | ES19: 5.57901 | ET19: 5.56572 | EU19: 5.55187 | EV19: 5.53764 | EW19: 5.52305 | EX19: 5.50808 | EY19: 5.49274 | EZ19: 5.47703 | FA19: 5.46095 | FB19: 5.44451 | FC19: 5.42768 | FD19: 5.41049 | FE19: 5.39293 | FF19: 5.375 | FG19: =FG18+1 -> 14 | FI19: =IF(ISNUMBER(MATCH(FJ19,$FP$8:$FP$13,0)),MAX(FI$7:FI18)+1,0) -> 0 | FJ19: =IF(FJ18="","",IF(FJ18+FL19<MAX($FP$9:$FP$29),FJ18+FL19,"")) -> 438 | FK19: =IF(FK18="","",IF(FK18+FL19<MAX($FP$9:$FP$29),ROUND(FK18+FL19,0),"")) -> 443 | FL19: =FL18 -> 36.5 | FN19: =IF(ISNUMBER(FP19),FN18+1,"") | FO19: =IF(ISNUMBER(FP19),IF(FP19<FP$3,1,2),"") | FP19: =IF(FP18="","",IF(FP18+FQ$3*FR$3>$FP$5,"",FP18+FQ$3*FR$3)) | FQ19: =IF(ISNUMBER(FP19),FP19/$FQ$7,"")
A20: =A19+1 -> 15 | B20: 15 | C20: 0 | D20: =D19 -> 0 | E20: =E19 -> 500 | F20: 0 | G20: - | H20: =_xlfn.CONCAT(D20+1,",",B20+1) -> 1,16 | J20: =J19+1 -> 15 | K20: =IF(ISNUMBER(MATCH(K54,$H$35:$H$49,0)),$D$2,IF(ISNUMBER(MATCH(K54,$H$55:$H$62,0)),$E$2,IF(ISNUMBER(MATCH(K54,$H$6:$H$34,0)),$C$2,$B$2))) -> 1 | L20: =IF(ISNUMBER(MATCH(L54,$H$35:$H$49,0)),$D$2,IF(ISNUMBER(MATCH(L54,$H$55:$H$62,0)),$E$2,IF(ISNUMBER(MATCH(L54,$H$6:$H$34,0)),$C$2,$B$2))) -> - | M20: =IF(ISNUMBER(MATCH(M54,$H$35:$H$49,0)),$D$2,IF(ISNUMBER(MATCH(M54,$H$55:$H$62,0)),$E$2,IF(ISNUMBER(MATCH(M54,$H$6:$H$34,0)),$C$2,$B$2))) -> - | N20: =IF(ISNUMBER(MATCH(N54,$H$35:$H$49,0)),$D$2,IF(ISNUMBER(MATCH(N54,$H$55:$H$62,0)),$E$2,IF(ISNUMBER(MATCH(N54,$H$6:$H$34,0)),$C$2,$B$2))) -> - | O20: =IF(ISNUMBER(MATCH(O54,$H$35:$H$49,0)),$D$2,IF(ISNUMBER(MATCH(O54,$H$55:$H$62,0)),$E$2,IF(ISNUMBER(MATCH(O54,$H$6:$H$34,0)),$C$2,$B$2))) -> - | P20: =IF(ISNUMBER(MATCH(P54,$H$35:$H$49,0)),$D$2,IF(ISNUMBER(MATCH(P54,$H$55:$H$62,0)),$E$2,IF(ISNUMBER(MATCH(P54,$H$6:$H$34,0)),$C$2,$B$2))) -> - | Q20: =IF(ISNUMBER(MATCH(Q54,$H$35:$H$49,0)),$D$2,IF(ISNUMBER(MATCH(Q54,$H$55:$H$62,0)),$E$2,IF(ISNUMBER(MATCH(Q54,$H$6:$H$34,0)),$C$2,$B$2))) -> - | R20: =IF(ISNUMBER(MATCH(R54,$H$35:$H$49,0)),$D$2,IF(ISNUMBER(MATCH(R54,$H$55:$H$62,0)),$E$2,IF(ISNUMBER(MATCH(R54,$H$6:$H$34,0)),$C$2,$B$2))) -> - | ... DF20: =IF(ISNUMBER(MATCH(DF54,$H$35:$H$49,0)),$D$2,IF(ISNUMBER(MATCH(DF54,$H$55:$H$62,0)),$E$2,IF(ISNUMBER(MATCH(DF54,$H$6:$H$34,0)),$C$2,$B$2))) -> - | DG20: =DG19+1 -> 15 | DI20: 6.66667 | DJ20: 6.66632 | DK20: 6.66561 | DL20: 6.66454 | DM20: 6.66312 | DN20: 6.66134 | DO20: 6.65921 | DP20: 6.65672 | DQ20: 6.65388 | DR20: 6.65068 | DS20: 6.64713 | DT20: 6.64322 | DU20: 6.63895 | DV20: 6.63432 | DW20: 6.62934 | DX20: 6.624 | DY20: 6.61831 | DZ20: 6.61226 | EA20: 6.60585 | EB20: 6.59908 | EC20: 6.59196 | ED20: 6.58448 | EE20: 6.57665 | EF20: 6.56871 | EG20: 6.52243 | EH20: 6.4601 | EI20: 6.3957 | EJ20: 6.32812 | EK20: 6.25712 | EL20: 6.18291 | EM20: 6.10517 | EN20: 6.02362 | EO20: 5.93838 | EP20: 5.8492 | EQ20: 5.75544 | ER20: 5.65655 | ES20: 5.57898 | ET20: 5.56572 | EU20: 5.55187 | EV20: 5.53764 | EW20: 5.52304 | EX20: 5.50807 | EY20: 5.49273 | EZ20: 5.47703 | FA20: 5.46095 | FB20: 5.4445 | FC20: 5.42768 | FD20: 5.41049 | FE20: 5.39292 | FF20: 5.375 | FG20: =FG19+1 -> 15 | FI20: =IF(ISNUMBER(MATCH(FJ20,$FP$8:$FP$13,0)),MAX(FI$7:FI19)+1,0) -> 0 | FJ20: =IF(FJ19="","",IF(FJ19+FL20<MAX($FP$9:$FP$29),FJ19+FL20,"")) -> 474.5 | FK20: =IF(FK19="","",IF(FK19+FL20<MAX($FP$9:$FP$29),ROUND(FK19+FL20,0),"")) -> 480 | FL20: =FL19 -> 36.5 | FN20: =IF(ISNUMBER(FP20),FN19+1,"") | FO20: =IF(ISNUMBER(FP20),IF(FP20<FP$3,1,2),"") | FP20: =IF(FP19="","",IF(FP19+FQ$3*FR$3>$FP$5,"",FP19+FQ$3*FR$3)) | FQ20: =IF(ISNUMBER(FP20),FP20/$FQ$7,"")
A21: =A20+1 -> 16 | B21: 16 | C21: 0 | D21: =D20 -> 0 | E21: =E20 -> 500 | F21: 0 | G21: - | H21: =_xlfn.CONCAT(D21+1,",",B21+1) -> 1,17 | J21: =J20+1 -> 16 | K21: =IF(ISNUMBER(MATCH(K55,$H$35:$H$49,0)),$D$2,IF(ISNUMBER(MATCH(K55,$H$55:$H$62,0)),$E$2,IF(ISNUMBER(MATCH(K55,$H$6:$H$34,0)),$C$2,$B$2))) -> 1 | L21: =IF(ISNUMBER(MATCH(L55,$H$35:$H$49,0)),$D$2,IF(ISNUMBER(MATCH(L55,$H$55:$H$62,0)),$E$2,IF(ISNUMBER(MATCH(L55,$H$6:$H$34,0)),$C$2,$B$2))) -> - | M21: =IF(ISNUMBER(MATCH(M55,$H$35:$H$49,0)),$D$2,IF(ISNUMBER(MATCH(M55,$H$55:$H$62,0)),$E$2,IF(ISNUMBER(MATCH(M55,$H$6:$H$34,0)),$C$2,$B$2))) -> - | N21: =IF(ISNUMBER(MATCH(N55,$H$35:$H$49,0)),$D$2,IF(ISNUMBER(MATCH(N55,$H$55:$H$62,0)),$E$2,IF(ISNUMBER(MATCH(N55,$H$6:$H$34,0)),$C$2,$B$2))) -> - | O21: =IF(ISNUMBER(MATCH(O55,$H$35:$H$49,0)),$D$2,IF(ISNUMBER(MATCH(O55,$H$55:$H$62,0)),$E$2,IF(ISNUMBER(MATCH(O55,$H$6:$H$34,0)),$C$2,$B$2))) -> - | P21: =IF(ISNUMBER(MATCH(P55,$H$35:$H$49,0)),$D$2,IF(ISNUMBER(MATCH(P55,$H$55:$H$62,0)),$E$2,IF(ISNUMBER(MATCH(P55,$H$6:$H$34,0)),$C$2,$B$2))) -> - | Q21: =IF(ISNUMBER(MATCH(Q55,$H$35:$H$49,0)),$D$2,IF(ISNUMBER(MATCH(Q55,$H$55:$H$62,0)),$E$2,IF(ISNUMBER(MATCH(Q55,$H$6:$H$34,0)),$C$2,$B$2))) -> - | R21: =IF(ISNUMBER(MATCH(R55,$H$35:$H$49,0)),$D$2,IF(ISNUMBER(MATCH(R55,$H$55:$H$62,0)),$E$2,IF(ISNUMBER(MATCH(R55,$H$6:$H$34,0)),$C$2,$B$2))) -> - | ... DF21: =IF(ISNUMBER(MATCH(DF55,$H$35:$H$49,0)),$D$2,IF(ISNUMBER(MATCH(DF55,$H$55:$H$62,0)),$E$2,IF(ISNUMBER(MATCH(DF55,$H$6:$H$34,0)),$C$2,$B$2))) -> - | DG21: =DG20+1 -> 16 | DI21: 6.66667 | DJ21: 6.66631 | DK21: 6.6656 | DL21: 6.66454 | DM21: 6.66312 | DN21: 6.66134 | DO21: 6.65921 | DP21: 6.65672 | DQ21: 6.65388 | DR21: 6.65068 | DS21: 6.64712 | DT21: 6.64321 | DU21: 6.63894 | DV21: 6.63432 | DW21: 6.62934 | DX21: 6.624 | DY21: 6.6183 | DZ21: 6.61225 | EA21: 6.60584 | EB21: 6.59908 | EC21: 6.59195 | ED21: 6.58447 | EE21: 6.57665 | EF21: 6.56872 | EG21: 6.52248 | EH21: 6.46003 | EI21: 6.39561 | EJ21: 6.32802 | EK21: 6.25702 | EL21: 6.1828 | EM21: 6.10506 | EN21: 6.02351 | EO21: 5.93826 | EP21: 5.84906 | EQ21: 5.75532 | ER21: 5.65631 | ES21: 5.57896 | ET21: 5.56571 | EU21: 5.55186 | EV21: 5.53763 | EW21: 5.52304 | EX21: 5.50807 | EY21: 5.49273 | EZ21: 5.47702 | FA21: 5.46094 | FB21: 5.44449 | FC21: 5.42767 | FD21: 5.41048 | FE21: 5.39292 | FF21: 5.375 | FG21: =FG20+1 -> 16 | FI21: =IF(ISNUMBER(MATCH(FJ21,$FP$8:$FP$13,0)),MAX(FI$7:FI20)+1,0) -> 0 | FJ21: =IF(FJ20="","",IF(FJ20+FL21<MAX($FP$9:$FP$29),FJ20+FL21,"")) -> 511 | FK21: =IF(FK20="","",IF(FK20+FL21<MAX($FP$9:$FP$29),ROUND(FK20+FL21,0),"")) -> 517 | FL21: =FL20 -> 36.5 | FN21: =IF(ISNUMBER(FP21),FN20+1,"") | FO21: =IF(ISNUMBER(FP21),IF(FP21<FP$3,1,2),"") | FP21: =IF(FP20="","",IF(FP20+FQ$3*FR$3>$FP$5,"",FP20+FQ$3*FR$3)) | FQ21: =IF(ISNUMBER(FP21),FP21/$FQ$7,"")
A22: =A21+1 -> 17 | B22: =B21+1 -> 17 | C22: 0 | D22: =D21 -> 0 | E22: =E21 -> 500 | F22: 0 | G22: - | H22: =_xlfn.CONCAT(D22+1,",",B22+1) -> 1,18 | J22: =J21+1 -> 17 | K22: =IF(ISNUMBER(MATCH(K56,$H$35:$H$49,0)),$D$2,IF(ISNUMBER(MATCH(K56,$H$55:$H$62,0)),$E$2,IF(ISNUMBER(MATCH(K56,$H$6:$H$34,0)),$C$2,$B$2))) -> 1 | L22: =IF(ISNUMBER(MATCH(L56,$H$35:$H$49,0)),$D$2,IF(ISNUMBER(MATCH(L56,$H$55:$H$62,0)),$E$2,IF(ISNUMBER(MATCH(L56,$H$6:$H$34,0)),$C$2,$B$2))) -> - | M22: =IF(ISNUMBER(MATCH(M56,$H$35:$H$49,0)),$D$2,IF(ISNUMBER(MATCH(M56,$H$55:$H$62,0)),$E$2,IF(ISNUMBER(MATCH(M56,$H$6:$H$34,0)),$C$2,$B$2))) -> - | N22: =IF(ISNUMBER(MATCH(N56,$H$35:$H$49,0)),$D$2,IF(ISNUMBER(MATCH(N56,$H$55:$H$62,0)),$E$2,IF(ISNUMBER(MATCH(N56,$H$6:$H$34,0)),$C$2,$B$2))) -> - | O22: =IF(ISNUMBER(MATCH(O56,$H$35:$H$49,0)),$D$2,IF(ISNUMBER(MATCH(O56,$H$55:$H$62,0)),$E$2,IF(ISNUMBER(MATCH(O56,$H$6:$H$34,0)),$C$2,$B$2))) -> - | P22: =IF(ISNUMBER(MATCH(P56,$H$35:$H$49,0)),$D$2,IF(ISNUMBER(MATCH(P56,$H$55:$H$62,0)),$E$2,IF(ISNUMBER(MATCH(P56,$H$6:$H$34,0)),$C$2,$B$2))) -> - | Q22: =IF(ISNUMBER(MATCH(Q56,$H$35:$H$49,0)),$D$2,IF(ISNUMBER(MATCH(Q56,$H$55:$H$62,0)),$E$2,IF(ISNUMBER(MATCH(Q56,$H$6:$H$34,0)),$C$2,$B$2))) -> - | R22: =IF(ISNUMBER(MATCH(R56,$H$35:$H$49,0)),$D$2,IF(ISNUMBER(MATCH(R56,$H$55:$H$62,0)),$E$2,IF(ISNUMBER(MATCH(R56,$H$6:$H$34,0)),$C$2,$B$2))) -> - | ... DF22: =IF(ISNUMBER(MATCH(DF56,$H$35:$H$49,0)),$D$2,IF(ISNUMBER(MATCH(DF56,$H$55:$H$62,0)),$E$2,IF(ISNUMBER(MATCH(DF56,$H$6:$H$34,0)),$C$2,$B$2))) -> - | DG22: =DG21+1 -> 17 | DI22: 6.66666 | DJ22: 6.66631 | DK22: 6.6656 | DL22: 6.66453 | DM22: 6.66311 | DN22: 6.66134 | DO22: 6.6592 | DP22: 6.65672 | DQ22: 6.65387 | DR22: 6.65067 | DS22: 6.64712 | DT22: 6.64321 | DU22: 6.63894 | DV22: 6.63431 | DW22: 6.62933 | DX22: 6.624 | DY22: 6.6183 | DZ22: 6.61225 | EA22: 6.60584 | EB22: 6.59907 | EC22: 6.59195 | ED22: 6.58447 | EE22: 6.57665 | EF22: 6.56873 | EG22: 6.52247 | EH22: 6.45996 | EI22: 6.39552 | EJ22: 6.32793 | EK22: 6.25693 | EL22: 6.1827 | EM22: 6.10496 | EN22: 6.02341 | EO22: 5.93815 | EP22: 5.84894 | EQ22: 5.75521 | ER22: 5.65619 | ES22: 5.57895 | ET22: 5.56571 | EU22: 5.55186 | EV22: 5.53763 | EW22: 5.52303 | EX22: 5.50806 | EY22: 5.49272 | EZ22: 5.47702 | FA22: 5.46094 | FB22: 5.44449 | FC22: 5.42767 | FD22: 5.41048 | FE22: 5.39291 | FF22: 5.375 | FG22: =FG21+1 -> 17 | FI22: =IF(ISNUMBER(MATCH(FJ22,$FP$8:$FP$13,0)),MAX(FI$7:FI21)+1,0) -> 0 | FJ22: =IF(FJ21="","",IF(FJ21+FL22<MAX($FP$9:$FP$29),FJ21+FL22,"")) -> 547.5 | FK22: =IF(FK21="","",IF(FK21+FL22<MAX($FP$9:$FP$29),ROUND(FK21+FL22,0),"")) -> 554 | FL22: =FL21 -> 36.5 | FN22: =IF(ISNUMBER(FP22),FN21+1,"") | FO22: =IF(ISNUMBER(FP22),IF(FP22<FP$3,1,2),"") | FP22: =IF(FP21="","",IF(FP21+FQ$3*FR$3>$FP$5,"",FP21+FQ$3*FR$3)) | FQ22: =IF(ISNUMBER(FP22),FP22/$FQ$7,"")
A23: =A22+1 -> 18 | B23: =B22+1 -> 18 | C23: 0 | D23: =D22 -> 0 | E23: =E22 -> 500 | F23: 0 | G23: - | H23: =_xlfn.CONCAT(D23+1,",",B23+1) -> 1,19 | J23: =J22+1 -> 18 | K23: =IF(ISNUMBER(MATCH(K57,$H$35:$H$49,0)),$D$2,IF(ISNUMBER(MATCH(K57,$H$55:$H$62,0)),$E$2,IF(ISNUMBER(MATCH(K57,$H$6:$H$34,0)),$C$2,$B$2))) -> 1 | L23: =IF(ISNUMBER(MATCH(L57,$H$35:$H$49,0)),$D$2,IF(ISNUMBER(MATCH(L57,$H$55:$H$62,0)),$E$2,IF(ISNUMBER(MATCH(L57,$H$6:$H$34,0)),$C$2,$B$2))) -> - | M23: =IF(ISNUMBER(MATCH(M57,$H$35:$H$49,0)),$D$2,IF(ISNUMBER(MATCH(M57,$H$55:$H$62,0)),$E$2,IF(ISNUMBER(MATCH(M57,$H$6:$H$34,0)),$C$2,$B$2))) -> - | N23: =IF(ISNUMBER(MATCH(N57,$H$35:$H$49,0)),$D$2,IF(ISNUMBER(MATCH(N57,$H$55:$H$62,0)),$E$2,IF(ISNUMBER(MATCH(N57,$H$6:$H$34,0)),$C$2,$B$2))) -> - | O23: =IF(ISNUMBER(MATCH(O57,$H$35:$H$49,0)),$D$2,IF(ISNUMBER(MATCH(O57,$H$55:$H$62,0)),$E$2,IF(ISNUMBER(MATCH(O57,$H$6:$H$34,0)),$C$2,$B$2))) -> - | P23: =IF(ISNUMBER(MATCH(P57,$H$35:$H$49,0)),$D$2,IF(ISNUMBER(MATCH(P57,$H$55:$H$62,0)),$E$2,IF(ISNUMBER(MATCH(P57,$H$6:$H$34,0)),$C$2,$B$2))) -> - | Q23: =IF(ISNUMBER(MATCH(Q57,$H$35:$H$49,0)),$D$2,IF(ISNUMBER(MATCH(Q57,$H$55:$H$62,0)),$E$2,IF(ISNUMBER(MATCH(Q57,$H$6:$H$34,0)),$C$2,$B$2))) -> - | R23: =IF(ISNUMBER(MATCH(R57,$H$35:$H$49,0)),$D$2,IF(ISNUMBER(MATCH(R57,$H$55:$H$62,0)),$E$2,IF(ISNUMBER(MATCH(R57,$H$6:$H$34,0)),$C$2,$B$2))) -> - | ... DF23: =IF(ISNUMBER(MATCH(DF57,$H$35:$H$49,0)),$D$2,IF(ISNUMBER(MATCH(DF57,$H$55:$H$62,0)),$E$2,IF(ISNUMBER(MATCH(DF57,$H$6:$H$34,0)),$C$2,$B$2))) -> -1 | DG23: =DG22+1 -> 18 | DI23: 6.66666 | DJ23: 6.66631 | DK23: 6.6656 | DL23: 6.66453 | DM23: 6.66311 | DN23: 6.66133 | DO23: 6.6592 | DP23: 6.65671 | DQ23: 6.65387 | DR23: 6.65067 | DS23: 6.64712 | DT23: 6.6432 | DU23: 6.63894 | DV23: 6.63431 | DW23: 6.62933 | DX23: 6.62399 | DY23: 6.6183 | DZ23: 6.61225 | EA23: 6.60584 | EB23: 6.59907 | EC23: 6.59194 | ED23: 6.58446 | EE23: 6.57665 | EF23: 6.56872 | EG23: 6.52239 | EH23: 6.45989 | EI23: 6.39544 | EJ23: 6.32785 | EK23: 6.25685 | EL23: 6.18262 | EM23: 6.10486 | EN23: 6.02332 | EO23: 5.93805 | EP23: 5.84883 | EQ23: 5.75511 | ER23: 5.6562 | ES23: 5.57896 | ET23: 5.5657 | EU23: 5.55186 | EV23: 5.53763 | EW23: 5.52303 | EX23: 5.50806 | EY23: 5.49272 | EZ23: 5.47701 | FA23: 5.46094 | FB23: 5.44449 | FC23: 5.42767 | FD23: 5.41047 | FE23: 5.39291 | FF23: 5.375 | FG23: =FG22+1 -> 18 | FI23: =IF(ISNUMBER(MATCH(FJ23,$FP$8:$FP$13,0)),MAX(FI$7:FI22)+1,0) -> 0 | FJ23: =IF(FJ22="","",IF(FJ22+FL23<MAX($FP$9:$FP$29),FJ22+FL23,"")) -> 584 | FK23: =IF(FK22="","",IF(FK22+FL23<MAX($FP$9:$FP$29),ROUND(FK22+FL23,0),"")) -> 591 | FL23: =FL22 -> 36.5 | FN23: =IF(ISNUMBER(FP23),FN22+1,"") | FO23: =IF(ISNUMBER(FP23),IF(FP23<FP$3,1,2),"") | FP23: =IF(FP22="","",IF(FP22+FQ$3*FR$3>$FP$5,"",FP22+FQ$3*FR$3)) | FQ23: =IF(ISNUMBER(FP23),FP23/$FQ$7,"")
A24: =A23+1 -> 19 | B24: =B23+1 -> 19 | C24: 0 | D24: =D23 -> 0 | E24: =E23 -> 500 | F24: 0 | G24: - | H24: =_xlfn.CONCAT(D24+1,",",B24+1) -> 1,20 | J24: =J23+1 -> 19 | K24: =IF(ISNUMBER(MATCH(K58,$H$35:$H$49,0)),$D$2,IF(ISNUMBER(MATCH(K58,$H$55:$H$62,0)),$E$2,IF(ISNUMBER(MATCH(K58,$H$6:$H$34,0)),$C$2,$B$2))) -> 1 | L24: =IF(ISNUMBER(MATCH(L58,$H$35:$H$49,0)),$D$2,IF(ISNUMBER(MATCH(L58,$H$55:$H$62,0)),$E$2,IF(ISNUMBER(MATCH(L58,$H$6:$H$34,0)),$C$2,$B$2))) -> - | M24: =IF(ISNUMBER(MATCH(M58,$H$35:$H$49,0)),$D$2,IF(ISNUMBER(MATCH(M58,$H$55:$H$62,0)),$E$2,IF(ISNUMBER(MATCH(M58,$H$6:$H$34,0)),$C$2,$B$2))) -> - | N24: =IF(ISNUMBER(MATCH(N58,$H$35:$H$49,0)),$D$2,IF(ISNUMBER(MATCH(N58,$H$55:$H$62,0)),$E$2,IF(ISNUMBER(MATCH(N58,$H$6:$H$34,0)),$C$2,$B$2))) -> - | O24: =IF(ISNUMBER(MATCH(O58,$H$35:$H$49,0)),$D$2,IF(ISNUMBER(MATCH(O58,$H$55:$H$62,0)),$E$2,IF(ISNUMBER(MATCH(O58,$H$6:$H$34,0)),$C$2,$B$2))) -> - | P24: =IF(ISNUMBER(MATCH(P58,$H$35:$H$49,0)),$D$2,IF(ISNUMBER(MATCH(P58,$H$55:$H$62,0)),$E$2,IF(ISNUMBER(MATCH(P58,$H$6:$H$34,0)),$C$2,$B$2))) -> - | Q24: =IF(ISNUMBER(MATCH(Q58,$H$35:$H$49,0)),$D$2,IF(ISNUMBER(MATCH(Q58,$H$55:$H$62,0)),$E$2,IF(ISNUMBER(MATCH(Q58,$H$6:$H$34,0)),$C$2,$B$2))) -> - | R24: =IF(ISNUMBER(MATCH(R58,$H$35:$H$49,0)),$D$2,IF(ISNUMBER(MATCH(R58,$H$55:$H$62,0)),$E$2,IF(ISNUMBER(MATCH(R58,$H$6:$H$34,0)),$C$2,$B$2))) -> - | ... DF24: =IF(ISNUMBER(MATCH(DF58,$H$35:$H$49,0)),$D$2,IF(ISNUMBER(MATCH(DF58,$H$55:$H$62,0)),$E$2,IF(ISNUMBER(MATCH(DF58,$H$6:$H$34,0)),$C$2,$B$2))) -> -1 | DG24: =DG23+1 -> 19 | DI24: 6.66666 | DJ24: 6.6663 | DK24: 6.66559 | DL24: 6.66453 | DM24: 6.66311 | DN24: 6.66133 | DO24: 6.6592 | DP24: 6.65671 | DQ24: 6.65387 | DR24: 6.65067 | DS24: 6.64711 | DT24: 6.6432 | DU24: 6.63893 | DV24: 6.63431 | DW24: 6.62933 | DX24: 6.62399 | DY24: 6.6183 | DZ24: 6.61224 | EA24: 6.60583 | EB24: 6.59907 | EC24: 6.59194 | ED24: 6.58446 | EE24: 6.57664 | EF24: 6.56871 | EG24: 6.52225 | EH24: 6.45983 | EI24: 6.39537 | EJ24: 6.32777 | EK24: 6.25677 | EL24: 6.18254 | EM24: 6.10478 | EN24: 6.02323 | EO24: 5.93796 | EP24: 5.84873 | EQ24: 5.75502 | ER24: 5.65632 | ES24: 5.57898 | ET24: 5.5657 | EU24: 5.55185 | EV24: 5.53762 | EW24: 5.52303 | EX24: 5.50806 | EY24: 5.49272 | EZ24: 5.47701 | FA24: 5.46093 | FB24: 5.44449 | FC24: 5.42766 | FD24: 5.41047 | FE24: 5.39291 | FF24: 5.375 | FG24: =FG23+1 -> 19 | FI24: =IF(ISNUMBER(MATCH(FJ24,$FP$8:$FP$13,0)),MAX(FI$7:FI23)+1,0) -> 0 | FJ24: =IF(FJ23="","",IF(FJ23+FL24<MAX($FP$9:$FP$29),FJ23+FL24,"")) -> 620.5 | FK24: =IF(FK23="","",IF(FK23+FL24<MAX($FP$9:$FP$29),ROUND(FK23+FL24,0),"")) -> 628 | FL24: =FL23 -> 36.5 | FN24: =IF(ISNUMBER(FP24),FN23+1,"") | FO24: =IF(ISNUMBER(FP24),IF(FP24<FP$3,1,2),"") | FP24: =IF(FP23="","",IF(FP23+FQ$3*FR$3>$FP$5,"",FP23+FQ$3*FR$3)) | FQ24: =IF(ISNUMBER(FP24),FP24/$FQ$7,"")
A25: =A24+1 -> 20 | B25: =B24+1 -> 20 | C25: 0 | D25: =D24 -> 0 | E25: =E24 -> 500 | F25: 0 | G25: - | H25: =_xlfn.CONCAT(D25+1,",",B25+1) -> 1,21 | J25: =J24+1 -> 20 | K25: =IF(ISNUMBER(MATCH(K59,$H$35:$H$49,0)),$D$2,IF(ISNUMBER(MATCH(K59,$H$55:$H$62,0)),$E$2,IF(ISNUMBER(MATCH(K59,$H$6:$H$34,0)),$C$2,$B$2))) -> 1 | L25: =IF(ISNUMBER(MATCH(L59,$H$35:$H$49,0)),$D$2,IF(ISNUMBER(MATCH(L59,$H$55:$H$62,0)),$E$2,IF(ISNUMBER(MATCH(L59,$H$6:$H$34,0)),$C$2,$B$2))) -> - | M25: =IF(ISNUMBER(MATCH(M59,$H$35:$H$49,0)),$D$2,IF(ISNUMBER(MATCH(M59,$H$55:$H$62,0)),$E$2,IF(ISNUMBER(MATCH(M59,$H$6:$H$34,0)),$C$2,$B$2))) -> - | N25: =IF(ISNUMBER(MATCH(N59,$H$35:$H$49,0)),$D$2,IF(ISNUMBER(MATCH(N59,$H$55:$H$62,0)),$E$2,IF(ISNUMBER(MATCH(N59,$H$6:$H$34,0)),$C$2,$B$2))) -> - | O25: =IF(ISNUMBER(MATCH(O59,$H$35:$H$49,0)),$D$2,IF(ISNUMBER(MATCH(O59,$H$55:$H$62,0)),$E$2,IF(ISNUMBER(MATCH(O59,$H$6:$H$34,0)),$C$2,$B$2))) -> - | P25: =IF(ISNUMBER(MATCH(P59,$H$35:$H$49,0)),$D$2,IF(ISNUMBER(MATCH(P59,$H$55:$H$62,0)),$E$2,IF(ISNUMBER(MATCH(P59,$H$6:$H$34,0)),$C$2,$B$2))) -> - | Q25: =IF(ISNUMBER(MATCH(Q59,$H$35:$H$49,0)),$D$2,IF(ISNUMBER(MATCH(Q59,$H$55:$H$62,0)),$E$2,IF(ISNUMBER(MATCH(Q59,$H$6:$H$34,0)),$C$2,$B$2))) -> - | R25: =IF(ISNUMBER(MATCH(R59,$H$35:$H$49,0)),$D$2,IF(ISNUMBER(MATCH(R59,$H$55:$H$62,0)),$E$2,IF(ISNUMBER(MATCH(R59,$H$6:$H$34,0)),$C$2,$B$2))) -> - | ... DF25: =IF(ISNUMBER(MATCH(DF59,$H$35:$H$49,0)),$D$2,IF(ISNUMBER(MATCH(DF59,$H$55:$H$62,0)),$E$2,IF(ISNUMBER(MATCH(DF59,$H$6:$H$34,0)),$C$2,$B$2))) -> -1 | DG25: =DG24+1 -> 20 | DI25: 6.66666 | DJ25: 6.6663 | DK25: 6.66559 | DL25: 6.66453 | DM25: 6.66311 | DN25: 6.66133 | DO25: 6.6592 | DP25: 6.65671 | DQ25: 6.65387 | DR25: 6.65067 | DS25: 6.64711 | DT25: 6.6432 | DU25: 6.63893 | DV25: 6.63431 | DW25: 6.62933 | DX25: 6.62399 | DY25: 6.61829 | DZ25: 6.61224 | EA25: 6.60583 | EB25: 6.59907 | EC25: 6.59194 | ED25: 6.58446 | EE25: 6.57664 | EF25: 6.56868 | EG25: 6.52204 | EH25: 6.45978 | EI25: 6.39531 | EJ25: 6.3277 | EK25: 6.25671 | EL25: 6.18247 | EM25: 6.1047 | EN25: 6.02316 | EO25: 5.93788 | EP25: 5.84864 | EQ25: 5.75495 | ER25: 5.65656 | ES25: 5.57902 | ET25: 5.5657 | EU25: 5.55185 | EV25: 5.53762 | EW25: 5.52303 | EX25: 5.50806 | EY25: 5.49272 | EZ25: 5.47701 | FA25: 5.46093 | FB25: 5.44448 | FC25: 5.42766 | FD25: 5.41047 | FE25: 5.39291 | FF25: 5.375 | FG25: =FG24+1 -> 20 | FI25: =IF(ISNUMBER(MATCH(FJ25,$FP$8:$FP$13,0)),MAX(FI$7:FI24)+1,0) -> 0 | FJ25: =IF(FJ24="","",IF(FJ24+FL25<MAX($FP$9:$FP$29),FJ24+FL25,"")) -> 657 | FK25: =IF(FK24="","",IF(FK24+FL25<MAX($FP$9:$FP$29),ROUND(FK24+FL25,0),"")) -> 665 | FL25: =FL24 -> 36.5 | FN25: =IF(ISNUMBER(FP25),FN24+1,"") | FO25: =IF(ISNUMBER(FP25),IF(FP25<FP$3,1,2),"") | FP25: =IF(FP24="","",IF(FP24+FQ$3*FR$3>$FP$5,"",FP24+FQ$3*FR$3)) | FQ25: =IF(ISNUMBER(FP25),FP25/$FQ$7,"")
A26: =A25+1 -> 21 | B26: =B25+1 -> 21 | C26: 0 | D26: =D25 -> 0 | E26: =E25 -> 500 | F26: 0 | G26: - | H26: =_xlfn.CONCAT(D26+1,",",B26+1) -> 1,22 | J26: =J25+1 -> 21 | K26: =IF(ISNUMBER(MATCH(K60,$H$35:$H$49,0)),$D$2,IF(ISNUMBER(MATCH(K60,$H$55:$H$62,0)),$E$2,IF(ISNUMBER(MATCH(K60,$H$6:$H$34,0)),$C$2,$B$2))) -> 1 | L26: =IF(ISNUMBER(MATCH(L60,$H$35:$H$49,0)),$D$2,IF(ISNUMBER(MATCH(L60,$H$55:$H$62,0)),$E$2,IF(ISNUMBER(MATCH(L60,$H$6:$H$34,0)),$C$2,$B$2))) -> - | M26: =IF(ISNUMBER(MATCH(M60,$H$35:$H$49,0)),$D$2,IF(ISNUMBER(MATCH(M60,$H$55:$H$62,0)),$E$2,IF(ISNUMBER(MATCH(M60,$H$6:$H$34,0)),$C$2,$B$2))) -> - | N26: =IF(ISNUMBER(MATCH(N60,$H$35:$H$49,0)),$D$2,IF(ISNUMBER(MATCH(N60,$H$55:$H$62,0)),$E$2,IF(ISNUMBER(MATCH(N60,$H$6:$H$34,0)),$C$2,$B$2))) -> - | O26: =IF(ISNUMBER(MATCH(O60,$H$35:$H$49,0)),$D$2,IF(ISNUMBER(MATCH(O60,$H$55:$H$62,0)),$E$2,IF(ISNUMBER(MATCH(O60,$H$6:$H$34,0)),$C$2,$B$2))) -> - | P26: =IF(ISNUMBER(MATCH(P60,$H$35:$H$49,0)),$D$2,IF(ISNUMBER(MATCH(P60,$H$55:$H$62,0)),$E$2,IF(ISNUMBER(MATCH(P60,$H$6:$H$34,0)),$C$2,$B$2))) -> - | Q26: =IF(ISNUMBER(MATCH(Q60,$H$35:$H$49,0)),$D$2,IF(ISNUMBER(MATCH(Q60,$H$55:$H$62,0)),$E$2,IF(ISNUMBER(MATCH(Q60,$H$6:$H$34,0)),$C$2,$B$2))) -> - | R26: =IF(ISNUMBER(MATCH(R60,$H$35:$H$49,0)),$D$2,IF(ISNUMBER(MATCH(R60,$H$55:$H$62,0)),$E$2,IF(ISNUMBER(MATCH(R60,$H$6:$H$34,0)),$C$2,$B$2))) -> - | ... DF26: =IF(ISNUMBER(MATCH(DF60,$H$35:$H$49,0)),$D$2,IF(ISNUMBER(MATCH(DF60,$H$55:$H$62,0)),$E$2,IF(ISNUMBER(MATCH(DF60,$H$6:$H$34,0)),$C$2,$B$2))) -> -1 | DG26: =DG25+1 -> 21 | DI26: 6.66665 | DJ26: 6.6663 | DK26: 6.66559 | DL26: 6.66452 | DM26: 6.6631 | DN26: 6.66133 | DO26: 6.65919 | DP26: 6.65671 | DQ26: 6.65386 | DR26: 6.65066 | DS26: 6.64711 | DT26: 6.6432 | DU26: 6.63893 | DV26: 6.6343 | DW26: 6.62932 | DX26: 6.62399 | DY26: 6.61829 | DZ26: 6.61224 | EA26: 6.60583 | EB26: 6.59906 | EC26: 6.59194 | ED26: 6.58446 | EE26: 6.57663 | EF26: 6.56835 | EG26: 6.52176 | EH26: 6.45973 | EI26: 6.39525 | EJ26: 6.32764 | EK26: 6.25665 | EL26: 6.1824 | EM26: 6.10464 | EN26: 6.02309 | EO26: 5.93781 | EP26: 5.84857 | EQ26: 5.75489 | ER26: 5.65693 | ES26: 5.57957 | ET26: 5.56572 | EU26: 5.55185 | EV26: 5.53762 | EW26: 5.52302 | EX26: 5.50805 | EY26: 5.49271 | EZ26: 5.47701 | FA26: 5.46093 | FB26: 5.44448 | FC26: 5.42766 | FD26: 5.41047 | FE26: 5.39291 | FF26: 5.375 | FG26: =FG25+1 -> 21 | FI26: =IF(ISNUMBER(MATCH(FJ26,$FP$8:$FP$13,0)),MAX(FI$7:FI25)+1,0) -> 0 | FJ26: =IF(FJ25="","",IF(FJ25+FL26<MAX($FP$9:$FP$29),FJ25+FL26,"")) -> 693.5 | FK26: =IF(FK25="","",IF(FK25+FL26<MAX($FP$9:$FP$29),ROUND(FK25+FL26,0),"")) -> 702 | FL26: =FL25 -> 36.5 | FN26: =IF(ISNUMBER(FP26),FN25+1,"") | FO26: =IF(ISNUMBER(FP26),IF(FP26<FP$3,1,2),"") | FP26: =IF(FP25="","",IF(FP25+FQ$3*FR$3>$FP$5,"",FP25+FQ$3*FR$3)) | FQ26: =IF(ISNUMBER(FP26),FP26/$FQ$7,"")
A27: =A26+1 -> 22 | B27: =B26+1 -> 22 | C27: 0 | D27: =D26 -> 0 | E27: =E26 -> 500 | F27: 0 | G27: - | H27: =_xlfn.CONCAT(D27+1,",",B27+1) -> 1,23 | J27: =J26+1 -> 22 | K27: =IF(ISNUMBER(MATCH(K61,$H$35:$H$49,0)),$D$2,IF(ISNUMBER(MATCH(K61,$H$55:$H$62,0)),$E$2,IF(ISNUMBER(MATCH(K61,$H$6:$H$34,0)),$C$2,$B$2))) -> 1 | L27: =IF(ISNUMBER(MATCH(L61,$H$35:$H$49,0)),$D$2,IF(ISNUMBER(MATCH(L61,$H$55:$H$62,0)),$E$2,IF(ISNUMBER(MATCH(L61,$H$6:$H$34,0)),$C$2,$B$2))) -> - | M27: =IF(ISNUMBER(MATCH(M61,$H$35:$H$49,0)),$D$2,IF(ISNUMBER(MATCH(M61,$H$55:$H$62,0)),$E$2,IF(ISNUMBER(MATCH(M61,$H$6:$H$34,0)),$C$2,$B$2))) -> - | N27: =IF(ISNUMBER(MATCH(N61,$H$35:$H$49,0)),$D$2,IF(ISNUMBER(MATCH(N61,$H$55:$H$62,0)),$E$2,IF(ISNUMBER(MATCH(N61,$H$6:$H$34,0)),$C$2,$B$2))) -> - | O27: =IF(ISNUMBER(MATCH(O61,$H$35:$H$49,0)),$D$2,IF(ISNUMBER(MATCH(O61,$H$55:$H$62,0)),$E$2,IF(ISNUMBER(MATCH(O61,$H$6:$H$34,0)),$C$2,$B$2))) -> - | P27: =IF(ISNUMBER(MATCH(P61,$H$35:$H$49,0)),$D$2,IF(ISNUMBER(MATCH(P61,$H$55:$H$62,0)),$E$2,IF(ISNUMBER(MATCH(P61,$H$6:$H$34,0)),$C$2,$B$2))) -> - | Q27: =IF(ISNUMBER(MATCH(Q61,$H$35:$H$49,0)),$D$2,IF(ISNUMBER(MATCH(Q61,$H$55:$H$62,0)),$E$2,IF(ISNUMBER(MATCH(Q61,$H$6:$H$34,0)),$C$2,$B$2))) -> - | R27: =IF(ISNUMBER(MATCH(R61,$H$35:$H$49,0)),$D$2,IF(ISNUMBER(MATCH(R61,$H$55:$H$62,0)),$E$2,IF(ISNUMBER(MATCH(R61,$H$6:$H$34,0)),$C$2,$B$2))) -> - | ... DF27: =IF(ISNUMBER(MATCH(DF61,$H$35:$H$49,0)),$D$2,IF(ISNUMBER(MATCH(DF61,$H$55:$H$62,0)),$E$2,IF(ISNUMBER(MATCH(DF61,$H$6:$H$34,0)),$C$2,$B$2))) -> -1 | DG27: =DG26+1 -> 22 | DI27: 6.66665 | DJ27: 6.66629 | DK27: 6.66558 | DL27: 6.66452 | DM27: 6.6631 | DN27: 6.66132 | DO27: 6.65919 | DP27: 6.6567 | DQ27: 6.65386 | DR27: 6.65066 | DS27: 6.6471 | DT27: 6.64319 | DU27: 6.63892 | DV27: 6.6343 | DW27: 6.62932 | DX27: 6.62398 | DY27: 6.61829 | DZ27: 6.61223 | EA27: 6.60582 | EB27: 6.59906 | EC27: 6.59193 | ED27: 6.58445 | EE27: 6.5766 | EF27: 6.5678 | EG27: 6.52153 | EH27: 6.45968 | EI27: 6.39521 | EJ27: 6.32759 | EK27: 6.2566 | EL27: 6.18235 | EM27: 6.10458 | EN27: 6.02304 | EO27: 5.93775 | EP27: 5.8485 | EQ27: 5.75484 | ER27: 5.65725 | ES27: 5.58047 | ET27: 5.56575 | EU27: 5.55185 | EV27: 5.53761 | EW27: 5.52302 | EX27: 5.50805 | EY27: 5.49271 | EZ27: 5.477 | FA27: 5.46092 | FB27: 5.44447 | FC27: 5.42765 | FD27: 5.41046 | FE27: 5.3929 | FF27: 5.375 | FG27: =FG26+1 -> 22 | FI27: =IF(ISNUMBER(MATCH(FJ27,$FP$8:$FP$13,0)),MAX(FI$7:FI26)+1,0) -> 2 | FJ27: =IF(FJ26="","",IF(FJ26+FL27<MAX($FP$9:$FP$29),FJ26+FL27,"")) -> 730 | FK27: =IF(FK26="","",IF(FK26+FL27<MAX($FP$9:$FP$29),ROUND(FK26+FL27,0),"")) -> 739 | FL27: =FL26 -> 36.5 | FN27: =IF(ISNUMBER(FP27),FN26+1,"") | FO27: =IF(ISNUMBER(FP27),IF(FP27<FP$3,1,2),"") | FP27: =IF(FP26="","",IF(FP26+FQ$3*FR$3>$FP$5,"",FP26+FQ$3*FR$3)) | FQ27: =IF(ISNUMBER(FP27),FP27/$FQ$7,"")
A28: =A27+1 -> 23 | B28: =B27+1 -> 23 | C28: 0 | D28: =D27 -> 0 | E28: =E27 -> 500 | F28: 0 | G28: - | H28: =_xlfn.CONCAT(D28+1,",",B28+1) -> 1,24 | J28: =J27+1 -> 23 | K28: =IF(ISNUMBER(MATCH(K62,$H$35:$H$49,0)),$D$2,IF(ISNUMBER(MATCH(K62,$H$55:$H$62,0)),$E$2,IF(ISNUMBER(MATCH(K62,$H$6:$H$34,0)),$C$2,$B$2))) -> 1 | L28: =IF(ISNUMBER(MATCH(L62,$H$35:$H$49,0)),$D$2,IF(ISNUMBER(MATCH(L62,$H$55:$H$62,0)),$E$2,IF(ISNUMBER(MATCH(L62,$H$6:$H$34,0)),$C$2,$B$2))) -> - | M28: =IF(ISNUMBER(MATCH(M62,$H$35:$H$49,0)),$D$2,IF(ISNUMBER(MATCH(M62,$H$55:$H$62,0)),$E$2,IF(ISNUMBER(MATCH(M62,$H$6:$H$34,0)),$C$2,$B$2))) -> - | N28: =IF(ISNUMBER(MATCH(N62,$H$35:$H$49,0)),$D$2,IF(ISNUMBER(MATCH(N62,$H$55:$H$62,0)),$E$2,IF(ISNUMBER(MATCH(N62,$H$6:$H$34,0)),$C$2,$B$2))) -> - | O28: =IF(ISNUMBER(MATCH(O62,$H$35:$H$49,0)),$D$2,IF(ISNUMBER(MATCH(O62,$H$55:$H$62,0)),$E$2,IF(ISNUMBER(MATCH(O62,$H$6:$H$34,0)),$C$2,$B$2))) -> - | P28: =IF(ISNUMBER(MATCH(P62,$H$35:$H$49,0)),$D$2,IF(ISNUMBER(MATCH(P62,$H$55:$H$62,0)),$E$2,IF(ISNUMBER(MATCH(P62,$H$6:$H$34,0)),$C$2,$B$2))) -> - | Q28: =IF(ISNUMBER(MATCH(Q62,$H$35:$H$49,0)),$D$2,IF(ISNUMBER(MATCH(Q62,$H$55:$H$62,0)),$E$2,IF(ISNUMBER(MATCH(Q62,$H$6:$H$34,0)),$C$2,$B$2))) -> - | R28: =IF(ISNUMBER(MATCH(R62,$H$35:$H$49,0)),$D$2,IF(ISNUMBER(MATCH(R62,$H$55:$H$62,0)),$E$2,IF(ISNUMBER(MATCH(R62,$H$6:$H$34,0)),$C$2,$B$2))) -> - | ... DF28: =IF(ISNUMBER(MATCH(DF62,$H$35:$H$49,0)),$D$2,IF(ISNUMBER(MATCH(DF62,$H$55:$H$62,0)),$E$2,IF(ISNUMBER(MATCH(DF62,$H$6:$H$34,0)),$C$2,$B$2))) -> -1 | DG28: =DG27+1 -> 23 | DI28: 6.66664 | DJ28: 6.66629 | DK28: 6.66558 | DL28: 6.66451 | DM28: 6.66309 | DN28: 6.66132 | DO28: 6.65918 | DP28: 6.6567 | DQ28: 6.65385 | DR28: 6.65065 | DS28: 6.6471 | DT28: 6.64319 | DU28: 6.63892 | DV28: 6.63429 | DW28: 6.62931 | DX28: 6.62398 | DY28: 6.61828 | DZ28: 6.61223 | EA28: 6.60582 | EB28: 6.59905 | EC28: 6.59193 | ED28: 6.58445 | EE28: 6.57658 | EF28: 6.56735 | EG28: 6.52133 | EH28: 6.45965 | EI28: 6.39517 | EJ28: 6.32755 | EK28: 6.25656 | EL28: 6.18231 | EM28: 6.10453 | EN28: 6.02299 | EO28: 5.9377 | EP28: 5.84845 | EQ28: 5.75479 | ER28: 5.65751 | ES28: 5.58122 | ET28: 5.56578 | EU28: 5.55184 | EV28: 5.53761 | EW28: 5.52301 | EX28: 5.50804 | EY28: 5.4927 | EZ28: 5.477 | FA28: 5.46092 | FB28: 5.44447 | FC28: 5.42765 | FD28: 5.41046 | FE28: 5.3929 | FF28: 5.375 | FG28: =FG27+1 -> 23 | FN28: =IF(ISNUMBER(FP28),FN27+1,"") | FO28: =IF(ISNUMBER(FP28),IF(FP28<FP$3,1,2),"") | FP28: =IF(FP27="","",IF(FP27+FQ$3*FR$3>$FP$5,"",FP27+FQ$3*FR$3)) | FQ28: =IF(ISNUMBER(FP28),FP28/$FQ$7,"")
A29: =A28+1 -> 24 | B29: =B28+1 -> 24 | C29: 0 | D29: =D28 -> 0 | E29: =E28 -> 500 | F29: 0 | G29: - | H29: =_xlfn.CONCAT(D29+1,",",B29+1) -> 1,25 | J29: =J28+1 -> 24 | K29: =IF(ISNUMBER(MATCH(K63,$H$35:$H$49,0)),$D$2,IF(ISNUMBER(MATCH(K63,$H$55:$H$62,0)),$E$2,IF(ISNUMBER(MATCH(K63,$H$6:$H$34,0)),$C$2,$B$2))) -> 1 | L29: =IF(ISNUMBER(MATCH(L63,$H$35:$H$49,0)),$D$2,IF(ISNUMBER(MATCH(L63,$H$55:$H$62,0)),$E$2,IF(ISNUMBER(MATCH(L63,$H$6:$H$34,0)),$C$2,$B$2))) -> - | M29: =IF(ISNUMBER(MATCH(M63,$H$35:$H$49,0)),$D$2,IF(ISNUMBER(MATCH(M63,$H$55:$H$62,0)),$E$2,IF(ISNUMBER(MATCH(M63,$H$6:$H$34,0)),$C$2,$B$2))) -> - | N29: =IF(ISNUMBER(MATCH(N63,$H$35:$H$49,0)),$D$2,IF(ISNUMBER(MATCH(N63,$H$55:$H$62,0)),$E$2,IF(ISNUMBER(MATCH(N63,$H$6:$H$34,0)),$C$2,$B$2))) -> - | O29: =IF(ISNUMBER(MATCH(O63,$H$35:$H$49,0)),$D$2,IF(ISNUMBER(MATCH(O63,$H$55:$H$62,0)),$E$2,IF(ISNUMBER(MATCH(O63,$H$6:$H$34,0)),$C$2,$B$2))) -> - | P29: =IF(ISNUMBER(MATCH(P63,$H$35:$H$49,0)),$D$2,IF(ISNUMBER(MATCH(P63,$H$55:$H$62,0)),$E$2,IF(ISNUMBER(MATCH(P63,$H$6:$H$34,0)),$C$2,$B$2))) -> - | Q29: =IF(ISNUMBER(MATCH(Q63,$H$35:$H$49,0)),$D$2,IF(ISNUMBER(MATCH(Q63,$H$55:$H$62,0)),$E$2,IF(ISNUMBER(MATCH(Q63,$H$6:$H$34,0)),$C$2,$B$2))) -> - | R29: =IF(ISNUMBER(MATCH(R63,$H$35:$H$49,0)),$D$2,IF(ISNUMBER(MATCH(R63,$H$55:$H$62,0)),$E$2,IF(ISNUMBER(MATCH(R63,$H$6:$H$34,0)),$C$2,$B$2))) -> - | ... DF29: =IF(ISNUMBER(MATCH(DF63,$H$35:$H$49,0)),$D$2,IF(ISNUMBER(MATCH(DF63,$H$55:$H$62,0)),$E$2,IF(ISNUMBER(MATCH(DF63,$H$6:$H$34,0)),$C$2,$B$2))) -> -1 | DG29: =DG28+1 -> 24 | DI29: 6.66664 | DJ29: 6.66629 | DK29: 6.66558 | DL29: 6.66451 | DM29: 6.66309 | DN29: 6.66131 | DO29: 6.65918 | DP29: 6.65669 | DQ29: 6.65385 | DR29: 6.65065 | DS29: 6.6471 | DT29: 6.64318 | DU29: 6.63892 | DV29: 6.63429 | DW29: 6.62931 | DX29: 6.62397 | DY29: 6.61828 | DZ29: 6.61223 | EA29: 6.60582 | EB29: 6.59905 | EC29: 6.59192 | ED29: 6.58444 | EE29: 6.57656 | EF29: 6.567 | EG29: 6.52117 | EH29: 6.45962 | EI29: 6.39513 | EJ29: 6.32752 | EK29: 6.25653 | EL29: 6.18227 | EM29: 6.1045 | EN29: 6.02295 | EO29: 5.93766 | EP29: 5.8484 | EQ29: 5.75476 | ER29: 5.65773 | ES29: 5.58181 | ET29: 5.5658 | EU29: 5.55184 | EV29: 5.53761 | EW29: 5.52301 | EX29: 5.50804 | EY29: 5.4927 | EZ29: 5.47699 | FA29: 5.46092 | FB29: 5.44447 | FC29: 5.42765 | FD29: 5.41045 | FE29: 5.39289 | FF29: 5.375 | FG29: =FG28+1 -> 24 | FN29: =IF(ISNUMBER(FP29),FN28+1,"") | FO29: =IF(ISNUMBER(FP29),IF(FP29<FP$3,1,2),"") | FP29: =IF(FP28="","",IF(FP28+FQ$3*FR$3>$FP$5,"",FP28+FQ$3*FR$3)) | FQ29: =IF(ISNUMBER(FP29),FP29/$FQ$7,"")
A30: =A29+1 -> 25 | B30: =B29+1 -> 25 | C30: 0 | D30: =D29 -> 0 | E30: =E29 -> 500 | F30: 0 | G30: - | H30: =_xlfn.CONCAT(D30+1,",",B30+1) -> 1,26 | J30: =J29+1 -> 25 | K30: =IF(ISNUMBER(MATCH(K64,$H$35:$H$49,0)),$D$2,IF(ISNUMBER(MATCH(K64,$H$55:$H$62,0)),$E$2,IF(ISNUMBER(MATCH(K64,$H$6:$H$34,0)),$C$2,$B$2))) -> 1 | L30: =IF(ISNUMBER(MATCH(L64,$H$35:$H$49,0)),$D$2,IF(ISNUMBER(MATCH(L64,$H$55:$H$62,0)),$E$2,IF(ISNUMBER(MATCH(L64,$H$6:$H$34,0)),$C$2,$B$2))) -> - | M30: =IF(ISNUMBER(MATCH(M64,$H$35:$H$49,0)),$D$2,IF(ISNUMBER(MATCH(M64,$H$55:$H$62,0)),$E$2,IF(ISNUMBER(MATCH(M64,$H$6:$H$34,0)),$C$2,$B$2))) -> - | N30: =IF(ISNUMBER(MATCH(N64,$H$35:$H$49,0)),$D$2,IF(ISNUMBER(MATCH(N64,$H$55:$H$62,0)),$E$2,IF(ISNUMBER(MATCH(N64,$H$6:$H$34,0)),$C$2,$B$2))) -> - | O30: =IF(ISNUMBER(MATCH(O64,$H$35:$H$49,0)),$D$2,IF(ISNUMBER(MATCH(O64,$H$55:$H$62,0)),$E$2,IF(ISNUMBER(MATCH(O64,$H$6:$H$34,0)),$C$2,$B$2))) -> - | P30: =IF(ISNUMBER(MATCH(P64,$H$35:$H$49,0)),$D$2,IF(ISNUMBER(MATCH(P64,$H$55:$H$62,0)),$E$2,IF(ISNUMBER(MATCH(P64,$H$6:$H$34,0)),$C$2,$B$2))) -> - | Q30: =IF(ISNUMBER(MATCH(Q64,$H$35:$H$49,0)),$D$2,IF(ISNUMBER(MATCH(Q64,$H$55:$H$62,0)),$E$2,IF(ISNUMBER(MATCH(Q64,$H$6:$H$34,0)),$C$2,$B$2))) -> - | R30: =IF(ISNUMBER(MATCH(R64,$H$35:$H$49,0)),$D$2,IF(ISNUMBER(MATCH(R64,$H$55:$H$62,0)),$E$2,IF(ISNUMBER(MATCH(R64,$H$6:$H$34,0)),$C$2,$B$2))) -> - | ... DF30: =IF(ISNUMBER(MATCH(DF64,$H$35:$H$49,0)),$D$2,IF(ISNUMBER(MATCH(DF64,$H$55:$H$62,0)),$E$2,IF(ISNUMBER(MATCH(DF64,$H$6:$H$34,0)),$C$2,$B$2))) -> -1 | DG30: =DG29+1 -> 25 | DI30: 6.66664 | DJ30: 6.66628 | DK30: 6.66557 | DL30: 6.66451 | DM30: 6.66309 | DN30: 6.66131 | DO30: 6.65918 | DP30: 6.65669 | DQ30: 6.65385 | DR30: 6.65065 | DS30: 6.64709 | DT30: 6.64318 | DU30: 6.63891 | DV30: 6.63429 | DW30: 6.62931 | DX30: 6.62397 | DY30: 6.61827 | DZ30: 6.61222 | EA30: 6.60581 | EB30: 6.59905 | EC30: 6.59192 | ED30: 6.58444 | EE30: 6.57655 | EF30: 6.56673 | EG30: 6.52105 | EH30: 6.45959 | EI30: 6.39511 | EJ30: 6.32749 | EK30: 6.2565 | EL30: 6.18225 | EM30: 6.10447 | EN30: 6.02292 | EO30: 5.93763 | EP30: 5.84837 | EQ30: 5.75474 | ER30: 5.65789 | ES30: 5.58225 | ET30: 5.56582 | EU30: 5.55184 | EV30: 5.5376 | EW30: 5.52301 | EX30: 5.50804 | EY30: 5.4927 | EZ30: 5.47699 | FA30: 5.46091 | FB30: 5.44446 | FC30: 5.42764 | FD30: 5.41045 | FE30: 5.39289 | FF30: 5.375 | FG30: =FG29+1 -> 25 | FN30: =IF(ISNUMBER(FP30),FN29+1,"") | FO30: =IF(ISNUMBER(FP30),IF(FP30<FP$3,1,2),"") | FP30: =IF(FP29="","",IF(FP29+FQ$3*FR$3>$FP$5,"",FP29+FQ$3*FR$3)) | FQ30: =IF(ISNUMBER(FP30),FP30/$FQ$7,"")
A31: =A30+1 -> 26 | B31: =B30+1 -> 26 | C31: 0 | D31: =D30 -> 0 | E31: =E30 -> 500 | F31: 0 | G31: - | H31: =_xlfn.CONCAT(D31+1,",",B31+1) -> 1,27 | J31: =J30+1 -> 26 | K31: =IF(ISNUMBER(MATCH(K65,$H$35:$H$49,0)),$D$2,IF(ISNUMBER(MATCH(K65,$H$55:$H$62,0)),$E$2,IF(ISNUMBER(MATCH(K65,$H$6:$H$34,0)),$C$2,$B$2))) -> 1 | L31: =IF(ISNUMBER(MATCH(L65,$H$35:$H$49,0)),$D$2,IF(ISNUMBER(MATCH(L65,$H$55:$H$62,0)),$E$2,IF(ISNUMBER(MATCH(L65,$H$6:$H$34,0)),$C$2,$B$2))) -> - | M31: =IF(ISNUMBER(MATCH(M65,$H$35:$H$49,0)),$D$2,IF(ISNUMBER(MATCH(M65,$H$55:$H$62,0)),$E$2,IF(ISNUMBER(MATCH(M65,$H$6:$H$34,0)),$C$2,$B$2))) -> - | N31: =IF(ISNUMBER(MATCH(N65,$H$35:$H$49,0)),$D$2,IF(ISNUMBER(MATCH(N65,$H$55:$H$62,0)),$E$2,IF(ISNUMBER(MATCH(N65,$H$6:$H$34,0)),$C$2,$B$2))) -> - | O31: =IF(ISNUMBER(MATCH(O65,$H$35:$H$49,0)),$D$2,IF(ISNUMBER(MATCH(O65,$H$55:$H$62,0)),$E$2,IF(ISNUMBER(MATCH(O65,$H$6:$H$34,0)),$C$2,$B$2))) -> - | P31: =IF(ISNUMBER(MATCH(P65,$H$35:$H$49,0)),$D$2,IF(ISNUMBER(MATCH(P65,$H$55:$H$62,0)),$E$2,IF(ISNUMBER(MATCH(P65,$H$6:$H$34,0)),$C$2,$B$2))) -> - | Q31: =IF(ISNUMBER(MATCH(Q65,$H$35:$H$49,0)),$D$2,IF(ISNUMBER(MATCH(Q65,$H$55:$H$62,0)),$E$2,IF(ISNUMBER(MATCH(Q65,$H$6:$H$34,0)),$C$2,$B$2))) -> - | R31: =IF(ISNUMBER(MATCH(R65,$H$35:$H$49,0)),$D$2,IF(ISNUMBER(MATCH(R65,$H$55:$H$62,0)),$E$2,IF(ISNUMBER(MATCH(R65,$H$6:$H$34,0)),$C$2,$B$2))) -> - | ... DF31: =IF(ISNUMBER(MATCH(DF65,$H$35:$H$49,0)),$D$2,IF(ISNUMBER(MATCH(DF65,$H$55:$H$62,0)),$E$2,IF(ISNUMBER(MATCH(DF65,$H$6:$H$34,0)),$C$2,$B$2))) -> -1 | DG31: =DG30+1 -> 26 | DI31: 6.66664 | DJ31: 6.66628 | DK31: 6.66557 | DL31: 6.66451 | DM31: 6.66308 | DN31: 6.66131 | DO31: 6.65918 | DP31: 6.65669 | DQ31: 6.65385 | DR31: 6.65065 | DS31: 6.64709 | DT31: 6.64318 | DU31: 6.63891 | DV31: 6.63429 | DW31: 6.62931 | DX31: 6.62397 | DY31: 6.61827 | DZ31: 6.61222 | EA31: 6.60581 | EB31: 6.59904 | EC31: 6.59192 | ED31: 6.58444 | EE31: 6.57653 | EF31: 6.56655 | EG31: 6.52097 | EH31: 6.45958 | EI31: 6.3951 | EJ31: 6.32747 | EK31: 6.25649 | EL31: 6.18223 | EM31: 6.10445 | EN31: 6.0229 | EO31: 5.93761 | EP31: 5.84835 | EQ31: 5.75472 | ER31: 5.65799 | ES31: 5.58254 | ET31: 5.56584 | EU31: 5.55184 | EV31: 5.5376 | EW31: 5.523 | EX31: 5.50803 | EY31: 5.4927 | EZ31: 5.47699 | FA31: 5.46091 | FB31: 5.44446 | FC31: 5.42764 | FD31: 5.41045 | FE31: 5.39289 | FF31: 5.375 | FG31: =FG30+1 -> 26 | FJ31: =V6 -> - | FN31: =IF(ISNUMBER(FP31),FN30+1,"") | FO31: =IF(ISNUMBER(FP31),IF(FP31<FP$3,1,2),"") | FP31: =IF(FP30="","",IF(FP30+FQ$3*FR$3>$FP$5,"",FP30+FQ$3*FR$3)) | FQ31: =IF(ISNUMBER(FP31),FP31/$FQ$7,"")
A32: 1 | B32: =B31+1 -> 27 | C32: 0 | D32: =D31 -> 0 | E32: =E31 -> 500 | F32: 0 | G32: - | H32: =_xlfn.CONCAT(D32+1,",",B32+1) -> 1,28 | J32: =J31+1 -> 27 | K32: =IF(ISNUMBER(MATCH(K66,$H$35:$H$49,0)),$D$2,IF(ISNUMBER(MATCH(K66,$H$55:$H$62,0)),$E$2,IF(ISNUMBER(MATCH(K66,$H$6:$H$34,0)),$C$2,$B$2))) -> 1 | L32: =IF(ISNUMBER(MATCH(L66,$H$35:$H$49,0)),$D$2,IF(ISNUMBER(MATCH(L66,$H$55:$H$62,0)),$E$2,IF(ISNUMBER(MATCH(L66,$H$6:$H$34,0)),$C$2,$B$2))) -> - | M32: =IF(ISNUMBER(MATCH(M66,$H$35:$H$49,0)),$D$2,IF(ISNUMBER(MATCH(M66,$H$55:$H$62,0)),$E$2,IF(ISNUMBER(MATCH(M66,$H$6:$H$34,0)),$C$2,$B$2))) -> - | N32: =IF(ISNUMBER(MATCH(N66,$H$35:$H$49,0)),$D$2,IF(ISNUMBER(MATCH(N66,$H$55:$H$62,0)),$E$2,IF(ISNUMBER(MATCH(N66,$H$6:$H$34,0)),$C$2,$B$2))) -> - | O32: =IF(ISNUMBER(MATCH(O66,$H$35:$H$49,0)),$D$2,IF(ISNUMBER(MATCH(O66,$H$55:$H$62,0)),$E$2,IF(ISNUMBER(MATCH(O66,$H$6:$H$34,0)),$C$2,$B$2))) -> - | P32: =IF(ISNUMBER(MATCH(P66,$H$35:$H$49,0)),$D$2,IF(ISNUMBER(MATCH(P66,$H$55:$H$62,0)),$E$2,IF(ISNUMBER(MATCH(P66,$H$6:$H$34,0)),$C$2,$B$2))) -> - | Q32: =IF(ISNUMBER(MATCH(Q66,$H$35:$H$49,0)),$D$2,IF(ISNUMBER(MATCH(Q66,$H$55:$H$62,0)),$E$2,IF(ISNUMBER(MATCH(Q66,$H$6:$H$34,0)),$C$2,$B$2))) -> - | R32: =IF(ISNUMBER(MATCH(R66,$H$35:$H$49,0)),$D$2,IF(ISNUMBER(MATCH(R66,$H$55:$H$62,0)),$E$2,IF(ISNUMBER(MATCH(R66,$H$6:$H$34,0)),$C$2,$B$2))) -> - | ... DF32: =IF(ISNUMBER(MATCH(DF66,$H$35:$H$49,0)),$D$2,IF(ISNUMBER(MATCH(DF66,$H$55:$H$62,0)),$E$2,IF(ISNUMBER(MATCH(DF66,$H$6:$H$34,0)),$C$2,$B$2))) -> -1 | DG32: =DG31+1 -> 27 | DI32: 6.66664 | DJ32: 6.66628 | DK32: 6.66557 | DL32: 6.6645 | DM32: 6.66308 | DN32: 6.66131 | DO32: 6.65918 | DP32: 6.65669 | DQ32: 6.65384 | DR32: 6.65065 | DS32: 6.64709 | DT32: 6.64318 | DU32: 6.63891 | DV32: 6.63429 | DW32: 6.6293 | DX32: 6.62397 | DY32: 6.61827 | DZ32: 6.61222 | EA32: 6.60581 | EB32: 6.59904 | EC32: 6.59192 | ED32: 6.58444 | EE32: 6.57653 | EF32: 6.56646 | EG32: 6.52094 | EH32: 6.45957 | EI32: 6.39509 | EJ32: 6.32747 | EK32: 6.25648 | EL32: 6.18222 | EM32: 6.10444 | EN32: 6.02289 | EO32: 5.9376 | EP32: 5.84834 | EQ32: 5.75472 | ER32: 5.65805 | ES32: 5.58269 | ET32: 5.56585 | EU32: 5.55184 | EV32: 5.5376 | EW32: 5.523 | EX32: 5.50803 | EY32: 5.4927 | EZ32: 5.47699 | FA32: 5.46091 | FB32: 5.44446 | FC32: 5.42764 | FD32: 5.41045 | FE32: 5.39289 | FF32: 5.375 | FG32: =FG31+1 -> 27
A33: =A32+1 -> 2 | B33: =B32+1 -> 28 | C33: 0 | D33: =D32 -> 0 | E33: =E32 -> 500 | F33: 0 | G33: - | H33: =_xlfn.CONCAT(D33+1,",",B33+1) -> 1,29 | J33: =J32+1 -> 28 | K33: =IF(ISNUMBER(MATCH(K67,$H$35:$H$49,0)),$D$2,IF(ISNUMBER(MATCH(K67,$H$55:$H$62,0)),$E$2,IF(ISNUMBER(MATCH(K67,$H$6:$H$34,0)),$C$2,$B$2))) -> 1 | L33: =IF(ISNUMBER(MATCH(L67,$H$35:$H$49,0)),$D$2,IF(ISNUMBER(MATCH(L67,$H$55:$H$62,0)),$E$2,IF(ISNUMBER(MATCH(L67,$H$6:$H$34,0)),$C$2,$B$2))) -> - | M33: =IF(ISNUMBER(MATCH(M67,$H$35:$H$49,0)),$D$2,IF(ISNUMBER(MATCH(M67,$H$55:$H$62,0)),$E$2,IF(ISNUMBER(MATCH(M67,$H$6:$H$34,0)),$C$2,$B$2))) -> - | N33: =IF(ISNUMBER(MATCH(N67,$H$35:$H$49,0)),$D$2,IF(ISNUMBER(MATCH(N67,$H$55:$H$62,0)),$E$2,IF(ISNUMBER(MATCH(N67,$H$6:$H$34,0)),$C$2,$B$2))) -> - | O33: =IF(ISNUMBER(MATCH(O67,$H$35:$H$49,0)),$D$2,IF(ISNUMBER(MATCH(O67,$H$55:$H$62,0)),$E$2,IF(ISNUMBER(MATCH(O67,$H$6:$H$34,0)),$C$2,$B$2))) -> - | P33: =IF(ISNUMBER(MATCH(P67,$H$35:$H$49,0)),$D$2,IF(ISNUMBER(MATCH(P67,$H$55:$H$62,0)),$E$2,IF(ISNUMBER(MATCH(P67,$H$6:$H$34,0)),$C$2,$B$2))) -> - | Q33: =IF(ISNUMBER(MATCH(Q67,$H$35:$H$49,0)),$D$2,IF(ISNUMBER(MATCH(Q67,$H$55:$H$62,0)),$E$2,IF(ISNUMBER(MATCH(Q67,$H$6:$H$34,0)),$C$2,$B$2))) -> - | R33: =IF(ISNUMBER(MATCH(R67,$H$35:$H$49,0)),$D$2,IF(ISNUMBER(MATCH(R67,$H$55:$H$62,0)),$E$2,IF(ISNUMBER(MATCH(R67,$H$6:$H$34,0)),$C$2,$B$2))) -> - | ... DF33: =IF(ISNUMBER(MATCH(DF67,$H$35:$H$49,0)),$D$2,IF(ISNUMBER(MATCH(DF67,$H$55:$H$62,0)),$E$2,IF(ISNUMBER(MATCH(DF67,$H$6:$H$34,0)),$C$2,$B$2))) -> -1 | DG33: =DG32+1 -> 28
A34: =A33+1 -> 3 | B34: =B33+1 -> 29 | C34: 0 | D34: =D33 -> 0 | E34: =E33 -> 500 | F34: 0 | G34: - | H34: =_xlfn.CONCAT(D34+1,",",B34+1) -> 1,30 | J34: =J33+1 -> 29 | K34: =IF(ISNUMBER(MATCH(K68,$H$35:$H$49,0)),$D$2,IF(ISNUMBER(MATCH(K68,$H$55:$H$62,0)),$E$2,IF(ISNUMBER(MATCH(K68,$H$6:$H$34,0)),$C$2,$B$2))) -> 1 | L34: =IF(ISNUMBER(MATCH(L68,$H$35:$H$49,0)),$D$2,IF(ISNUMBER(MATCH(L68,$H$55:$H$62,0)),$E$2,IF(ISNUMBER(MATCH(L68,$H$6:$H$34,0)),$C$2,$B$2))) -> - | M34: =IF(ISNUMBER(MATCH(M68,$H$35:$H$49,0)),$D$2,IF(ISNUMBER(MATCH(M68,$H$55:$H$62,0)),$E$2,IF(ISNUMBER(MATCH(M68,$H$6:$H$34,0)),$C$2,$B$2))) -> - | N34: =IF(ISNUMBER(MATCH(N68,$H$35:$H$49,0)),$D$2,IF(ISNUMBER(MATCH(N68,$H$55:$H$62,0)),$E$2,IF(ISNUMBER(MATCH(N68,$H$6:$H$34,0)),$C$2,$B$2))) -> - | O34: =IF(ISNUMBER(MATCH(O68,$H$35:$H$49,0)),$D$2,IF(ISNUMBER(MATCH(O68,$H$55:$H$62,0)),$E$2,IF(ISNUMBER(MATCH(O68,$H$6:$H$34,0)),$C$2,$B$2))) -> - | P34: =IF(ISNUMBER(MATCH(P68,$H$35:$H$49,0)),$D$2,IF(ISNUMBER(MATCH(P68,$H$55:$H$62,0)),$E$2,IF(ISNUMBER(MATCH(P68,$H$6:$H$34,0)),$C$2,$B$2))) -> - | Q34: =IF(ISNUMBER(MATCH(Q68,$H$35:$H$49,0)),$D$2,IF(ISNUMBER(MATCH(Q68,$H$55:$H$62,0)),$E$2,IF(ISNUMBER(MATCH(Q68,$H$6:$H$34,0)),$C$2,$B$2))) -> - | R34: =IF(ISNUMBER(MATCH(R68,$H$35:$H$49,0)),$D$2,IF(ISNUMBER(MATCH(R68,$H$55:$H$62,0)),$E$2,IF(ISNUMBER(MATCH(R68,$H$6:$H$34,0)),$C$2,$B$2))) -> - | ... DF34: =IF(ISNUMBER(MATCH(DF68,$H$35:$H$49,0)),$D$2,IF(ISNUMBER(MATCH(DF68,$H$55:$H$62,0)),$E$2,IF(ISNUMBER(MATCH(DF68,$H$6:$H$34,0)),$C$2,$B$2))) -> -1 | DG34: =DG33+1 -> 29
A35: =A34+1 -> 4 | B35: =B36-1 -> 17 | C35: 0 | D35: 99 | E35: 300 | F35: 0 | G35: - | H35: =_xlfn.CONCAT(D35+1,",",B35+1) -> 100,18 | J35: =J34+1 -> 30 | K35: =IF(ISNUMBER(MATCH(K69,$H$35:$H$49,0)),$D$2,IF(ISNUMBER(MATCH(K69,$H$55:$H$62,0)),$E$2,IF(ISNUMBER(MATCH(K69,$H$6:$H$34,0)),$C$2,$B$2))) -> 1 | L35: =IF(ISNUMBER(MATCH(L69,$H$35:$H$49,0)),$D$2,IF(ISNUMBER(MATCH(L69,$H$55:$H$62,0)),$E$2,IF(ISNUMBER(MATCH(L69,$H$6:$H$34,0)),$C$2,$B$2))) -> - | M35: =IF(ISNUMBER(MATCH(M69,$H$35:$H$49,0)),$D$2,IF(ISNUMBER(MATCH(M69,$H$55:$H$62,0)),$E$2,IF(ISNUMBER(MATCH(M69,$H$6:$H$34,0)),$C$2,$B$2))) -> - | N35: =IF(ISNUMBER(MATCH(N69,$H$35:$H$49,0)),$D$2,IF(ISNUMBER(MATCH(N69,$H$55:$H$62,0)),$E$2,IF(ISNUMBER(MATCH(N69,$H$6:$H$34,0)),$C$2,$B$2))) -> - | O35: =IF(ISNUMBER(MATCH(O69,$H$35:$H$49,0)),$D$2,IF(ISNUMBER(MATCH(O69,$H$55:$H$62,0)),$E$2,IF(ISNUMBER(MATCH(O69,$H$6:$H$34,0)),$C$2,$B$2))) -> - | P35: =IF(ISNUMBER(MATCH(P69,$H$35:$H$49,0)),$D$2,IF(ISNUMBER(MATCH(P69,$H$55:$H$62,0)),$E$2,IF(ISNUMBER(MATCH(P69,$H$6:$H$34,0)),$C$2,$B$2))) -> - | Q35: =IF(ISNUMBER(MATCH(Q69,$H$35:$H$49,0)),$D$2,IF(ISNUMBER(MATCH(Q69,$H$55:$H$62,0)),$E$2,IF(ISNUMBER(MATCH(Q69,$H$6:$H$34,0)),$C$2,$B$2))) -> - | R35: =IF(ISNUMBER(MATCH(R69,$H$35:$H$49,0)),$D$2,IF(ISNUMBER(MATCH(R69,$H$55:$H$62,0)),$E$2,IF(ISNUMBER(MATCH(R69,$H$6:$H$34,0)),$C$2,$B$2))) -> - | ... DF35: =IF(ISNUMBER(MATCH(DF69,$H$35:$H$49,0)),$D$2,IF(ISNUMBER(MATCH(DF69,$H$55:$H$62,0)),$E$2,IF(ISNUMBER(MATCH(DF69,$H$6:$H$34,0)),$C$2,$B$2))) -> -1 | DG35: =DG34+1 -> 30
A36: =A35+1 -> 5 | B36: =B37-1 -> 18 | C36: 0 | D36: =D35 -> 99 | E36: =E35 -> 300 | F36: 0 | G36: - | H36: =_xlfn.CONCAT(D36+1,",",B36+1) -> 100,19
A37: =A36+1 -> 6 | B37: =B38-1 -> 19 | C37: 0 | D37: =D36 -> 99 | E37: =E36 -> 300 | F37: 0 | G37: - | H37: =_xlfn.CONCAT(D37+1,",",B37+1) -> 100,20
A38: =A37+1 -> 7 | B38: =B39-1 -> 20 | C38: 0 | D38: =D37 -> 99 | E38: =E37 -> 300 | F38: 0 | G38: - | H38: =_xlfn.CONCAT(D38+1,",",B38+1) -> 100,21 | J38: =COUNT(K5:BG5) -> 49 | K38: 1 | L38: =IF(ISNUMBER(L39),K38+1,"") -> 2 | M38: =IF(ISNUMBER(M39),L38+1,"") -> 3 | N38: =IF(ISNUMBER(N39),M38+1,"") -> 4 | O38: =IF(ISNUMBER(O39),N38+1,"") -> 5 | P38: =IF(ISNUMBER(P39),O38+1,"") -> 6 | Q38: =IF(ISNUMBER(Q39),P38+1,"") -> 7 | R38: =IF(ISNUMBER(R39),Q38+1,"") -> 8 | S38: =IF(ISNUMBER(S39),R38+1,"") -> 9 | ... DF38: =IF(ISNUMBER(DF39),DE38+1,"") -> 100
A39: =A38+1 -> 8 | B39: =B40-1 -> 21 | C39: 0 | D39: =D38 -> 99 | E39: =E38 -> 300 | F39: 0 | G39: - | H39: =_xlfn.CONCAT(D39+1,",",B39+1) -> 100,22 | J39: =COUNT(J6:J25) -> 20 | K39: =ROW() -> 39 | L39: =ROW() -> 39 | M39: =ROW() -> 39 | N39: =ROW() -> 39 | O39: =ROW() -> 39 | P39: =ROW() -> 39 | Q39: =ROW() -> 39 | R39: =ROW() -> 39 | ... DF39: =ROW() -> 39 | DI39: ibound
A40: =A39+1 -> 9 | B40: =B41-1 -> 22 | C40: 0 | D40: =D39 -> 99 | E40: =E39 -> 300 | F40: 0 | G40: - | H40: =_xlfn.CONCAT(D40+1,",",B40+1) -> 100,23 | J40: =COLUMN() -> 10 | K40: =_xlfn.CONCAT(COLUMN()-$J40,",",ROW()-K$39) -> 1,1 | L40: =_xlfn.CONCAT(COLUMN()-$J40,",",ROW()-L$39) -> 2,1 | M40: =_xlfn.CONCAT(COLUMN()-$J40,",",ROW()-M$39) -> 3,1 | N40: =_xlfn.CONCAT(COLUMN()-$J40,",",ROW()-N$39) -> 4,1 | O40: =_xlfn.CONCAT(COLUMN()-$J40,",",ROW()-O$39) -> 5,1 | P40: =_xlfn.CONCAT(COLUMN()-$J40,",",ROW()-P$39) -> 6,1 | Q40: =_xlfn.CONCAT(COLUMN()-$J40,",",ROW()-Q$39) -> 7,1 | R40: =_xlfn.CONCAT(COLUMN()-$J40,",",ROW()-R$39) -> 8,1 | ... DF40: =_xlfn.CONCAT(COLUMN()-$J40,",",ROW()-DF$39) -> 100,1 | DG40: =DG39+1 -> 1 | DI40: 1 | DJ40: 1 | DK40: 1 | DL40: 1 | DM40: 1 | DN40: 1 | DO40: 1 | DP40: 1 | DQ40: 1 | DR40: 1 | DS40: 1 | DT40: 1 | DU40: 1 | DV40: 1 | DW40: 1 | DX40: 1 | DY40: 1 | DZ40: 1 | EA40: 1 | EB40: 1 | EC40: 1 | ED40: 1 | EE40: 1 | EF40: 1 | EG40: 1 | EH40: 0 | EI40: 0 | EJ40: 0 | EK40: 0 | EL40: 0 | EM40: 0 | EN40: 0 | EO40: 0 | EP40: 0 | EQ40: 0 | ER40: 0 | ES40: 0 | ET40: 0 | EU40: 0 | EV40: 0 | EW40: 0 | EX40: 0 | EY40: 0 | EZ40: 0 | FA40: 0 | FB40: 0 | FC40: 0 | FD40: 0 | FE40: 0 | FF40: 0
A41: =A40+1 -> 10 | B41: =B42-1 -> 23 | C41: 0 | D41: =D40 -> 99 | E41: =E40 -> 300 | F41: 0 | G41: - | H41: =_xlfn.CONCAT(D41+1,",",B41+1) -> 100,24 | J41: =COLUMN() -> 10 | K41: =_xlfn.CONCAT(COLUMN()-$J41,",",ROW()-K$39) -> 1,2 | L41: =_xlfn.CONCAT(COLUMN()-$J41,",",ROW()-L$39) -> 2,2 | M41: =_xlfn.CONCAT(COLUMN()-$J41,",",ROW()-M$39) -> 3,2 | N41: =_xlfn.CONCAT(COLUMN()-$J41,",",ROW()-N$39) -> 4,2 | O41: =_xlfn.CONCAT(COLUMN()-$J41,",",ROW()-O$39) -> 5,2 | P41: =_xlfn.CONCAT(COLUMN()-$J41,",",ROW()-P$39) -> 6,2 | Q41: =_xlfn.CONCAT(COLUMN()-$J41,",",ROW()-Q$39) -> 7,2 | R41: =_xlfn.CONCAT(COLUMN()-$J41,",",ROW()-R$39) -> 8,2 | ... DF41: =_xlfn.CONCAT(COLUMN()-$J41,",",ROW()-DF$39) -> 100,2 | DG41: =DG40+1 -> 2 | DI41: 1 | DJ41: 1 | DK41: 1 | DL41: 1 | DM41: 1 | DN41: 1 | DO41: 1 | DP41: 1 | DQ41: 1 | DR41: 1 | DS41: 1 | DT41: 1 | DU41: 1 | DV41: 1 | DW41: 1 | DX41: 1 | DY41: 1 | DZ41: 1 | EA41: 1 | EB41: 1 | EC41: 1 | ED41: 1 | EE41: 1 | EF41: 1 | EG41: 1 | EH41: 1 | EI41: 1 | EJ41: 1 | EK41: 1 | EL41: 0 | EM41: 0 | EN41: 0 | EO41: 0 | EP41: 0 | EQ41: 0 | ER41: 0 | ES41: 0 | ET41: 0 | EU41: 0 | EV41: 0 | EW41: 0 | EX41: 0 | EY41: 0 | EZ41: 0 | FA41: 0 | FB41: 0 | FC41: 0 | FD41: 0 | FE41: 0 | FF41: 0
A42: =A41+1 -> 11 | B42: =B43-1 -> 24 | C42: 0 | D42: =D41 -> 99 | E42: =E41 -> 300 | F42: 0 | G42: - | H42: =_xlfn.CONCAT(D42+1,",",B42+1) -> 100,25 | J42: =COLUMN() -> 10 | K42: =_xlfn.CONCAT(COLUMN()-$J42,",",ROW()-K$39) -> 1,3 | L42: =_xlfn.CONCAT(COLUMN()-$J42,",",ROW()-L$39) -> 2,3 | M42: =_xlfn.CONCAT(COLUMN()-$J42,",",ROW()-M$39) -> 3,3 | N42: =_xlfn.CONCAT(COLUMN()-$J42,",",ROW()-N$39) -> 4,3 | O42: =_xlfn.CONCAT(COLUMN()-$J42,",",ROW()-O$39) -> 5,3 | P42: =_xlfn.CONCAT(COLUMN()-$J42,",",ROW()-P$39) -> 6,3 | Q42: =_xlfn.CONCAT(COLUMN()-$J42,",",ROW()-Q$39) -> 7,3 | R42: =_xlfn.CONCAT(COLUMN()-$J42,",",ROW()-R$39) -> 8,3 | ... DF42: =_xlfn.CONCAT(COLUMN()-$J42,",",ROW()-DF$39) -> 100,3 | DG42: =DG41+1 -> 3 | DI42: 1 | DJ42: 1 | DK42: 1 | DL42: 1 | DM42: 1 | DN42: 1 | DO42: 1 | DP42: 1 | DQ42: 1 | DR42: 1 | DS42: 1 | DT42: 1 | DU42: 1 | DV42: 1 | DW42: 1 | DX42: 1 | DY42: 1 | DZ42: 1 | EA42: 1 | EB42: 1 | EC42: 1 | ED42: 1 | EE42: 1 | EF42: 1 | EG42: 1 | EH42: 1 | EI42: 1 | EJ42: 1 | EK42: 1 | EL42: 1 | EM42: 1 | EN42: 1 | EO42: 0 | EP42: 0 | EQ42: 0 | ER42: 0 | ES42: 0 | ET42: 0 | EU42: 0 | EV42: 0 | EW42: 0 | EX42: 0 | EY42: 0 | EZ42: 0 | FA42: 0 | FB42: 0 | FC42: 0 | FD42: 0 | FE42: 0 | FF42: 0
A43: =A42+1 -> 12 | B43: =B44-1 -> 25 | C43: 0 | D43: =D42 -> 99 | E43: =E42 -> 300 | F43: 0 | G43: - | H43: =_xlfn.CONCAT(D43+1,",",B43+1) -> 100,26 | J43: =COLUMN() -> 10 | K43: =_xlfn.CONCAT(COLUMN()-$J43,",",ROW()-K$39) -> 1,4 | L43: =_xlfn.CONCAT(COLUMN()-$J43,",",ROW()-L$39) -> 2,4 | M43: =_xlfn.CONCAT(COLUMN()-$J43,",",ROW()-M$39) -> 3,4 | N43: =_xlfn.CONCAT(COLUMN()-$J43,",",ROW()-N$39) -> 4,4 | O43: =_xlfn.CONCAT(COLUMN()-$J43,",",ROW()-O$39) -> 5,4 | P43: =_xlfn.CONCAT(COLUMN()-$J43,",",ROW()-P$39) -> 6,4 | Q43: =_xlfn.CONCAT(COLUMN()-$J43,",",ROW()-Q$39) -> 7,4 | R43: =_xlfn.CONCAT(COLUMN()-$J43,",",ROW()-R$39) -> 8,4 | ... AS43: =_xlfn.CONCAT(COLUMN()-$J43,",",ROW()-AS$39) -> 35,4 | AU43: =_xlfn.CONCAT(COLUMN()-$J43,",",ROW()-AU$39) -> 37,4 | AV43: =_xlfn.CONCAT(COLUMN()-$J43,",",ROW()-AV$39) -> 38,4 | AW43: =_xlfn.CONCAT(COLUMN()-$J43,",",ROW()-AW$39) -> 39,4 | AX43: =_xlfn.CONCAT(COLUMN()-$J43,",",ROW()-AX$39) -> 40,4 | AY43: =_xlfn.CONCAT(COLUMN()-$J43,",",ROW()-AY$39) -> 41,4 | AZ43: =_xlfn.CONCAT(COLUMN()-$J43,",",ROW()-AZ$39) -> 42,4 | BA43: =_xlfn.CONCAT(COLUMN()-$J43,",",ROW()-BA$39) -> 43,4 | BB43: =_xlfn.CONCAT(COLUMN()-$J43,",",ROW()-BB$39) -> 44,4 | ... DF43: =_xlfn.CONCAT(COLUMN()-$J43,",",ROW()-DF$39) -> 100,4 | DG43: =DG42+1 -> 4 | DI43: 1 | DJ43: 1 | DK43: 1 | DL43: 1 | DM43: 1 | DN43: 1 | DO43: 1 | DP43: 1 | DQ43: 1 | DR43: 1 | DS43: 1 | DT43: 1 | DU43: 1 | DV43: 1 | DW43: 1 | DX43: 1 | DY43: 1 | DZ43: 1 | EA43: 1 | EB43: 1 | EC43: 1 | ED43: 1 | EE43: 1 | EF43: 1 | EG43: 1 | EH43: 1 | EI43: 1 | EJ43: 1 | EK43: 1 | EL43: 1 | EM43: 1 | EN43: 1 | EO43: 1 | EP43: 1 | EQ43: 1 | ER43: 0 | ES43: 0 | ET43: 0 | EU43: 0 | EV43: 0 | EW43: 0 | EX43: 0 | EY43: 0 | EZ43: 0 | FA43: 0 | FB43: 0 | FC43: 0 | FD43: 0 | FE43: 0 | FF43: 0
A44: =A43+1 -> 13 | B44: =B45-1 -> 26 | C44: 0 | D44: =D43 -> 99 | E44: =E43 -> 300 | F44: 0 | G44: - | H44: =_xlfn.CONCAT(D44+1,",",B44+1) -> 100,27 | J44: =COLUMN() -> 10 | K44: =_xlfn.CONCAT(COLUMN()-$J44,",",ROW()-K$39) -> 1,5 | L44: =_xlfn.CONCAT(COLUMN()-$J44,",",ROW()-L$39) -> 2,5 | M44: =_xlfn.CONCAT(COLUMN()-$J44,",",ROW()-M$39) -> 3,5 | N44: =_xlfn.CONCAT(COLUMN()-$J44,",",ROW()-N$39) -> 4,5 | O44: =_xlfn.CONCAT(COLUMN()-$J44,",",ROW()-O$39) -> 5,5 | P44: =_xlfn.CONCAT(COLUMN()-$J44,",",ROW()-P$39) -> 6,5 | Q44: =_xlfn.CONCAT(COLUMN()-$J44,",",ROW()-Q$39) -> 7,5 | R44: =_xlfn.CONCAT(COLUMN()-$J44,",",ROW()-R$39) -> 8,5 | ... DF44: =_xlfn.CONCAT(COLUMN()-$J44,",",ROW()-DF$39) -> 100,5 | DG44: =DG43+1 -> 5 | DI44: 1 | DJ44: 1 | DK44: 1 | DL44: 1 | DM44: 1 | DN44: 1 | DO44: 1 | DP44: 1 | DQ44: 1 | DR44: 1 | DS44: 1 | DT44: 1 | DU44: 1 | DV44: 1 | DW44: 1 | DX44: 1 | DY44: 1 | DZ44: 1 | EA44: 1 | EB44: 1 | EC44: 1 | ED44: 1 | EE44: 1 | EF44: 1 | EG44: 1 | EH44: 1 | EI44: 1 | EJ44: 1 | EK44: 1 | EL44: 1 | EM44: 1 | EN44: 1 | EO44: 1 | EP44: 1 | EQ44: 1 | ER44: 1 | ES44: 1 | ET44: 1 | EU44: 1 | EV44: 1 | EW44: 1 | EX44: 1 | EY44: 0 | EZ44: 0 | FA44: 0 | FB44: 0 | FC44: 0 | FD44: 0 | FE44: 0 | FF44: 0
A45: =A44+1 -> 14 | B45: =B46-1 -> 27 | C45: 0 | D45: =D44 -> 99 | E45: =E44 -> 300 | F45: 0 | G45: - | H45: =_xlfn.CONCAT(D45+1,",",B45+1) -> 100,28 | J45: =COLUMN() -> 10 | K45: =_xlfn.CONCAT(COLUMN()-$J45,",",ROW()-K$39) -> 1,6 | L45: =_xlfn.CONCAT(COLUMN()-$J45,",",ROW()-L$39) -> 2,6 | M45: =_xlfn.CONCAT(COLUMN()-$J45,",",ROW()-M$39) -> 3,6 | N45: =_xlfn.CONCAT(COLUMN()-$J45,",",ROW()-N$39) -> 4,6 | O45: =_xlfn.CONCAT(COLUMN()-$J45,",",ROW()-O$39) -> 5,6 | P45: =_xlfn.CONCAT(COLUMN()-$J45,",",ROW()-P$39) -> 6,6 | Q45: =_xlfn.CONCAT(COLUMN()-$J45,",",ROW()-Q$39) -> 7,6 | R45: =_xlfn.CONCAT(COLUMN()-$J45,",",ROW()-R$39) -> 8,6 | ... DF45: =_xlfn.CONCAT(COLUMN()-$J45,",",ROW()-DF$39) -> 100,6 | DG45: =DG44+1 -> 6 | DI45: 1 | DJ45: 1 | DK45: 1 | DL45: 1 | DM45: 1 | DN45: 1 | DO45: 1 | DP45: 1 | DQ45: 1 | DR45: 1 | DS45: 1 | DT45: 1 | DU45: 1 | DV45: 1 | DW45: 1 | DX45: 1 | DY45: 1 | DZ45: 1 | EA45: 1 | EB45: 1 | EC45: 1 | ED45: 1 | EE45: 1 | EF45: 1 | EG45: 1 | EH45: 1 | EI45: 1 | EJ45: 1 | EK45: 1 | EL45: 1 | EM45: 1 | EN45: 1 | EO45: 1 | EP45: 1 | EQ45: 1 | ER45: 1 | ES45: 1 | ET45: 1 | EU45: 1 | EV45: 1 | EW45: 1 | EX45: 1 | EY45: 1 | EZ45: 1 | FA45: 1 | FB45: 1 | FC45: 1 | FD45: 1 | FE45: 1 | FF45: -1
A46: =A45+1 -> 15 | B46: =B47-1 -> 28 | C46: 0 | D46: =D45 -> 99 | E46: =E45 -> 300 | F46: 0 | G46: - | H46: =_xlfn.CONCAT(D46+1,",",B46+1) -> 100,29 | J46: =COLUMN() -> 10 | K46: =_xlfn.CONCAT(COLUMN()-$J46,",",ROW()-K$39) -> 1,7 | L46: =_xlfn.CONCAT(COLUMN()-$J46,",",ROW()-L$39) -> 2,7 | M46: =_xlfn.CONCAT(COLUMN()-$J46,",",ROW()-M$39) -> 3,7 | N46: =_xlfn.CONCAT(COLUMN()-$J46,",",ROW()-N$39) -> 4,7 | O46: =_xlfn.CONCAT(COLUMN()-$J46,",",ROW()-O$39) -> 5,7 | P46: =_xlfn.CONCAT(COLUMN()-$J46,",",ROW()-P$39) -> 6,7 | Q46: =_xlfn.CONCAT(COLUMN()-$J46,",",ROW()-Q$39) -> 7,7 | R46: =_xlfn.CONCAT(COLUMN()-$J46,",",ROW()-R$39) -> 8,7 | ... DF46: =_xlfn.CONCAT(COLUMN()-$J46,",",ROW()-DF$39) -> 100,7 | DG46: =DG45+1 -> 7 | DI46: 1 | DJ46: 1 | DK46: 1 | DL46: 1 | DM46: 1 | DN46: 1 | DO46: 1 | DP46: 1 | DQ46: 1 | DR46: 1 | DS46: 1 | DT46: 1 | DU46: 1 | DV46: 1 | DW46: 1 | DX46: 1 | DY46: 1 | DZ46: 1 | EA46: 1 | EB46: 1 | EC46: 1 | ED46: 1 | EE46: 1 | EF46: 1 | EG46: 1 | EH46: 1 | EI46: 1 | EJ46: 1 | EK46: 1 | EL46: 1 | EM46: 1 | EN46: 1 | EO46: 1 | EP46: 1 | EQ46: 1 | ER46: 1 | ES46: 1 | ET46: 1 | EU46: 1 | EV46: 1 | EW46: 1 | EX46: 1 | EY46: 1 | EZ46: 1 | FA46: 1 | FB46: 1 | FC46: 1 | FD46: 1 | FE46: 1 | FF46: -1
A47: =A46+1 -> 16 | B47: 29 | C47: 0 | D47: =D46 -> 99 | E47: =E46 -> 300 | F47: 0 | G47: - | H47: =_xlfn.CONCAT(D47+1,",",B47+1) -> 100,30 | J47: =COLUMN() -> 10 | K47: =_xlfn.CONCAT(COLUMN()-$J47,",",ROW()-K$39) -> 1,8 | L47: =_xlfn.CONCAT(COLUMN()-$J47,",",ROW()-L$39) -> 2,8 | M47: =_xlfn.CONCAT(COLUMN()-$J47,",",ROW()-M$39) -> 3,8 | N47: =_xlfn.CONCAT(COLUMN()-$J47,",",ROW()-N$39) -> 4,8 | O47: =_xlfn.CONCAT(COLUMN()-$J47,",",ROW()-O$39) -> 5,8 | P47: =_xlfn.CONCAT(COLUMN()-$J47,",",ROW()-P$39) -> 6,8 | Q47: =_xlfn.CONCAT(COLUMN()-$J47,",",ROW()-Q$39) -> 7,8 | R47: =_xlfn.CONCAT(COLUMN()-$J47,",",ROW()-R$39) -> 8,8 | ... DF47: =_xlfn.CONCAT(COLUMN()-$J47,",",ROW()-DF$39) -> 100,8 | DG47: =DG46+1 -> 8 | DI47: 1 | DJ47: 1 | DK47: 1 | DL47: 1 | DM47: 1 | DN47: 1 | DO47: 1 | DP47: 1 | DQ47: 1 | DR47: 1 | DS47: 1 | DT47: 1 | DU47: 1 | DV47: 1 | DW47: 1 | DX47: 1 | DY47: 1 | DZ47: 1 | EA47: 1 | EB47: 1 | EC47: 1 | ED47: 1 | EE47: 1 | EF47: 1 | EG47: 1 | EH47: 1 | EI47: 1 | EJ47: 1 | EK47: 1 | EL47: 1 | EM47: 1 | EN47: 1 | EO47: 1 | EP47: 1 | EQ47: 1 | ER47: 1 | ES47: 1 | ET47: 1 | EU47: 1 | EV47: 1 | EW47: 1 | EX47: 1 | EY47: 1 | EZ47: 1 | FA47: 1 | FB47: 1 | FC47: 1 | FD47: 1 | FE47: 1 | FF47: -1
J48: =COLUMN() -> 10 | K48: =_xlfn.CONCAT(COLUMN()-$J48,",",ROW()-K$39) -> 1,9 | L48: =_xlfn.CONCAT(COLUMN()-$J48,",",ROW()-L$39) -> 2,9 | M48: =_xlfn.CONCAT(COLUMN()-$J48,",",ROW()-M$39) -> 3,9 | N48: =_xlfn.CONCAT(COLUMN()-$J48,",",ROW()-N$39) -> 4,9 | O48: =_xlfn.CONCAT(COLUMN()-$J48,",",ROW()-O$39) -> 5,9 | P48: =_xlfn.CONCAT(COLUMN()-$J48,",",ROW()-P$39) -> 6,9 | Q48: =_xlfn.CONCAT(COLUMN()-$J48,",",ROW()-Q$39) -> 7,9 | R48: =_xlfn.CONCAT(COLUMN()-$J48,",",ROW()-R$39) -> 8,9 | ... DF48: =_xlfn.CONCAT(COLUMN()-$J48,",",ROW()-DF$39) -> 100,9 | DG48: =DG47+1 -> 9 | DI48: 1 | DJ48: 1 | DK48: 1 | DL48: 1 | DM48: 1 | DN48: 1 | DO48: 1 | DP48: 1 | DQ48: 1 | DR48: 1 | DS48: 1 | DT48: 1 | DU48: 1 | DV48: 1 | DW48: 1 | DX48: 1 | DY48: 1 | DZ48: 1 | EA48: 1 | EB48: 1 | EC48: 1 | ED48: 1 | EE48: 1 | EF48: 1 | EG48: 1 | EH48: 1 | EI48: 1 | EJ48: 1 | EK48: 1 | EL48: 1 | EM48: 1 | EN48: 1 | EO48: 1 | EP48: 1 | EQ48: 1 | ER48: 1 | ES48: 1 | ET48: 1 | EU48: 1 | EV48: 1 | EW48: 1 | EX48: 1 | EY48: 1 | EZ48: 1 | FA48: 1 | FB48: 1 | FC48: 1 | FD48: 1 | FE48: 1 | FF48: -1
J49: =COLUMN() -> 10 | K49: =_xlfn.CONCAT(COLUMN()-$J49,",",ROW()-K$39) -> 1,10 | L49: =_xlfn.CONCAT(COLUMN()-$J49,",",ROW()-L$39) -> 2,10 | M49: =_xlfn.CONCAT(COLUMN()-$J49,",",ROW()-M$39) -> 3,10 | N49: =_xlfn.CONCAT(COLUMN()-$J49,",",ROW()-N$39) -> 4,10 | O49: =_xlfn.CONCAT(COLUMN()-$J49,",",ROW()-O$39) -> 5,10 | P49: =_xlfn.CONCAT(COLUMN()-$J49,",",ROW()-P$39) -> 6,10 | Q49: =_xlfn.CONCAT(COLUMN()-$J49,",",ROW()-Q$39) -> 7,10 | R49: =_xlfn.CONCAT(COLUMN()-$J49,",",ROW()-R$39) -> 8,10 | ... DF49: =_xlfn.CONCAT(COLUMN()-$J49,",",ROW()-DF$39) -> 100,10 | DG49: =DG48+1 -> 10 | DI49: 1 | DJ49: 1 | DK49: 1 | DL49: 1 | DM49: 1 | DN49: 1 | DO49: 1 | DP49: 1 | DQ49: 1 | DR49: 1 | DS49: 1 | DT49: 1 | DU49: 1 | DV49: 1 | DW49: 1 | DX49: 1 | DY49: 1 | DZ49: 1 | EA49: 1 | EB49: 1 | EC49: 1 | ED49: 1 | EE49: 1 | EF49: 1 | EG49: 1 | EH49: 1 | EI49: 1 | EJ49: 1 | EK49: 1 | EL49: 1 | EM49: 1 | EN49: 1 | EO49: 1 | EP49: 1 | EQ49: 1 | ER49: 1 | ES49: 1 | ET49: 1 | EU49: 1 | EV49: 1 | EW49: 1 | EX49: 1 | EY49: 1 | EZ49: 1 | FA49: 1 | FB49: 1 | FC49: 1 | FD49: 1 | FE49: 1 | FF49: -1
B50: CNC | D50: ... to CSV | J50: =COLUMN() -> 10 | K50: =_xlfn.CONCAT(COLUMN()-$J50,",",ROW()-K$39) -> 1,11 | L50: =_xlfn.CONCAT(COLUMN()-$J50,",",ROW()-L$39) -> 2,11 | M50: =_xlfn.CONCAT(COLUMN()-$J50,",",ROW()-M$39) -> 3,11 | N50: =_xlfn.CONCAT(COLUMN()-$J50,",",ROW()-N$39) -> 4,11 | O50: =_xlfn.CONCAT(COLUMN()-$J50,",",ROW()-O$39) -> 5,11 | P50: =_xlfn.CONCAT(COLUMN()-$J50,",",ROW()-P$39) -> 6,11 | Q50: =_xlfn.CONCAT(COLUMN()-$J50,",",ROW()-Q$39) -> 7,11 | R50: =_xlfn.CONCAT(COLUMN()-$J50,",",ROW()-R$39) -> 8,11 | ... DF50: =_xlfn.CONCAT(COLUMN()-$J50,",",ROW()-DF$39) -> 100,11 | DG50: =DG49+1 -> 11 | DI50: 1 | DJ50: 1 | DK50: 1 | DL50: 1 | DM50: 1 | DN50: 1 | DO50: 1 | DP50: 1 | DQ50: 1 | DR50: 1 | DS50: 1 | DT50: 1 | DU50: 1 | DV50: 1 | DW50: 1 | DX50: 1 | DY50: 1 | DZ50: 1 | EA50: 1 | EB50: 1 | EC50: 1 | ED50: 1 | EE50: 1 | EF50: 1 | EG50: 1 | EH50: 1 | EI50: 1 | EJ50: 1 | EK50: 1 | EL50: 1 | EM50: 1 | EN50: 1 | EO50: 1 | EP50: 1 | EQ50: 1 | ER50: 1 | ES50: 1 | ET50: 1 | EU50: 1 | EV50: 1 | EW50: 1 | EX50: 1 | EY50: 1 | EZ50: 1 | FA50: 1 | FB50: 1 | FC50: 1 | FD50: 1 | FE50: 1 | FF50: -1
J51: =COLUMN() -> 10 | K51: =_xlfn.CONCAT(COLUMN()-$J51,",",ROW()-K$39) -> 1,12 | L51: =_xlfn.CONCAT(COLUMN()-$J51,",",ROW()-L$39) -> 2,12 | M51: =_xlfn.CONCAT(COLUMN()-$J51,",",ROW()-M$39) -> 3,12 | N51: =_xlfn.CONCAT(COLUMN()-$J51,",",ROW()-N$39) -> 4,12 | O51: =_xlfn.CONCAT(COLUMN()-$J51,",",ROW()-O$39) -> 5,12 | P51: =_xlfn.CONCAT(COLUMN()-$J51,",",ROW()-P$39) -> 6,12 | Q51: =_xlfn.CONCAT(COLUMN()-$J51,",",ROW()-Q$39) -> 7,12 | R51: =_xlfn.CONCAT(COLUMN()-$J51,",",ROW()-R$39) -> 8,12 | ... DF51: =_xlfn.CONCAT(COLUMN()-$J51,",",ROW()-DF$39) -> 100,12 | DG51: =DG50+1 -> 12 | DI51: 1 | DJ51: 1 | DK51: 1 | DL51: 1 | DM51: 1 | DN51: 1 | DO51: 1 | DP51: 1 | DQ51: 1 | DR51: 1 | DS51: 1 | DT51: 1 | DU51: 1 | DV51: 1 | DW51: 1 | DX51: 1 | DY51: 1 | DZ51: 1 | EA51: 1 | EB51: 1 | EC51: 1 | ED51: 1 | EE51: 1 | EF51: 1 | EG51: 1 | EH51: 1 | EI51: 1 | EJ51: 1 | EK51: 1 | EL51: 1 | EM51: 1 | EN51: 1 | EO51: 1 | EP51: 1 | EQ51: 1 | ER51: 1 | ES51: 1 | ET51: 1 | EU51: 1 | EV51: 1 | EW51: 1 | EX51: 1 | EY51: 1 | EZ51: 1 | FA51: 1 | FB51: 1 | FC51: 1 | FD51: 1 | FE51: 1 | FF51: -1
J52: =COLUMN() -> 10 | K52: =_xlfn.CONCAT(COLUMN()-$J52,",",ROW()-K$39) -> 1,13 | L52: =_xlfn.CONCAT(COLUMN()-$J52,",",ROW()-L$39) -> 2,13 | M52: =_xlfn.CONCAT(COLUMN()-$J52,",",ROW()-M$39) -> 3,13 | N52: =_xlfn.CONCAT(COLUMN()-$J52,",",ROW()-N$39) -> 4,13 | O52: =_xlfn.CONCAT(COLUMN()-$J52,",",ROW()-O$39) -> 5,13 | P52: =_xlfn.CONCAT(COLUMN()-$J52,",",ROW()-P$39) -> 6,13 | Q52: =_xlfn.CONCAT(COLUMN()-$J52,",",ROW()-Q$39) -> 7,13 | R52: =_xlfn.CONCAT(COLUMN()-$J52,",",ROW()-R$39) -> 8,13 | ... DF52: =_xlfn.CONCAT(COLUMN()-$J52,",",ROW()-DF$39) -> 100,13 | DG52: =DG51+1 -> 13 | DI52: 1 | DJ52: 1 | DK52: 1 | DL52: 1 | DM52: 1 | DN52: 1 | DO52: 1 | DP52: 1 | DQ52: 1 | DR52: 1 | DS52: 1 | DT52: 1 | DU52: 1 | DV52: 1 | DW52: 1 | DX52: 1 | DY52: 1 | DZ52: 1 | EA52: 1 | EB52: 1 | EC52: 1 | ED52: 1 | EE52: 1 | EF52: 1 | EG52: 1 | EH52: 1 | EI52: 1 | EJ52: 1 | EK52: 1 | EL52: 1 | EM52: 1 | EN52: 1 | EO52: 1 | EP52: 1 | EQ52: 1 | ER52: 1 | ES52: 1 | ET52: 1 | EU52: 1 | EV52: 1 | EW52: 1 | EX52: 1 | EY52: 1 | EZ52: 1 | FA52: 1 | FB52: 1 | FC52: 1 | FD52: 1 | FE52: 1 | FF52: -1
B53: y Z | C53: i2 | D53: x | E53: va | J53: =COLUMN() -> 10 | K53: =_xlfn.CONCAT(COLUMN()-$J53,",",ROW()-K$39) -> 1,14 | L53: =_xlfn.CONCAT(COLUMN()-$J53,",",ROW()-L$39) -> 2,14 | M53: =_xlfn.CONCAT(COLUMN()-$J53,",",ROW()-M$39) -> 3,14 | N53: =_xlfn.CONCAT(COLUMN()-$J53,",",ROW()-N$39) -> 4,14 | O53: =_xlfn.CONCAT(COLUMN()-$J53,",",ROW()-O$39) -> 5,14 | P53: =_xlfn.CONCAT(COLUMN()-$J53,",",ROW()-P$39) -> 6,14 | Q53: =_xlfn.CONCAT(COLUMN()-$J53,",",ROW()-Q$39) -> 7,14 | R53: =_xlfn.CONCAT(COLUMN()-$J53,",",ROW()-R$39) -> 8,14 | ... DF53: =_xlfn.CONCAT(COLUMN()-$J53,",",ROW()-DF$39) -> 100,14 | DG53: =DG52+1 -> 14 | DI53: 1 | DJ53: 1 | DK53: 1 | DL53: 1 | DM53: 1 | DN53: 1 | DO53: 1 | DP53: 1 | DQ53: 1 | DR53: 1 | DS53: 1 | DT53: 1 | DU53: 1 | DV53: 1 | DW53: 1 | DX53: 1 | DY53: 1 | DZ53: 1 | EA53: 1 | EB53: 1 | EC53: 1 | ED53: 1 | EE53: 1 | EF53: 1 | EG53: 1 | EH53: 1 | EI53: 1 | EJ53: 1 | EK53: 1 | EL53: 1 | EM53: 1 | EN53: 1 | EO53: 1 | EP53: 1 | EQ53: 1 | ER53: 1 | ES53: 1 | ET53: 1 | EU53: 1 | EV53: 1 | EW53: 1 | EX53: 1 | EY53: 1 | EZ53: 1 | FA53: 1 | FB53: 1 | FC53: 1 | FD53: 1 | FE53: 1 | FF53: -1
B54: 0 | C54: 1 | D54: 2 | E54: 3 | G54: - | J54: =COLUMN() -> 10 | K54: =_xlfn.CONCAT(COLUMN()-$J54,",",ROW()-K$39) -> 1,15 | L54: =_xlfn.CONCAT(COLUMN()-$J54,",",ROW()-L$39) -> 2,15 | M54: =_xlfn.CONCAT(COLUMN()-$J54,",",ROW()-M$39) -> 3,15 | N54: =_xlfn.CONCAT(COLUMN()-$J54,",",ROW()-N$39) -> 4,15 | O54: =_xlfn.CONCAT(COLUMN()-$J54,",",ROW()-O$39) -> 5,15 | P54: =_xlfn.CONCAT(COLUMN()-$J54,",",ROW()-P$39) -> 6,15 | Q54: =_xlfn.CONCAT(COLUMN()-$J54,",",ROW()-Q$39) -> 7,15 | R54: =_xlfn.CONCAT(COLUMN()-$J54,",",ROW()-R$39) -> 8,15 | ... DF54: =_xlfn.CONCAT(COLUMN()-$J54,",",ROW()-DF$39) -> 100,15 | DG54: =DG53+1 -> 15 | DI54: 1 | DJ54: 1 | DK54: 1 | DL54: 1 | DM54: 1 | DN54: 1 | DO54: 1 | DP54: 1 | DQ54: 1 | DR54: 1 | DS54: 1 | DT54: 1 | DU54: 1 | DV54: 1 | DW54: 1 | DX54: 1 | DY54: 1 | DZ54: 1 | EA54: 1 | EB54: 1 | EC54: 1 | ED54: 1 | EE54: 1 | EF54: 1 | EG54: 1 | EH54: 1 | EI54: 1 | EJ54: 1 | EK54: 1 | EL54: 1 | EM54: 1 | EN54: 1 | EO54: 1 | EP54: 1 | EQ54: 1 | ER54: 1 | ES54: 1 | ET54: 1 | EU54: 1 | EV54: 1 | EW54: 1 | EX54: 1 | EY54: 1 | EZ54: 1 | FA54: 1 | FB54: 1 | FC54: 1 | FD54: 1 | FE54: 1 | FF54: -1
B55: 1 | C55: 0 | D55: 0 | E55: 10 | G55: - | H55: - | J55: =COLUMN() -> 10 | K55: =_xlfn.CONCAT(COLUMN()-$J55,",",ROW()-K$39) -> 1,16 | L55: =_xlfn.CONCAT(COLUMN()-$J55,",",ROW()-L$39) -> 2,16 | M55: =_xlfn.CONCAT(COLUMN()-$J55,",",ROW()-M$39) -> 3,16 | N55: =_xlfn.CONCAT(COLUMN()-$J55,",",ROW()-N$39) -> 4,16 | O55: =_xlfn.CONCAT(COLUMN()-$J55,",",ROW()-O$39) -> 5,16 | P55: =_xlfn.CONCAT(COLUMN()-$J55,",",ROW()-P$39) -> 6,16 | Q55: =_xlfn.CONCAT(COLUMN()-$J55,",",ROW()-Q$39) -> 7,16 | R55: =_xlfn.CONCAT(COLUMN()-$J55,",",ROW()-R$39) -> 8,16 | ... DF55: =_xlfn.CONCAT(COLUMN()-$J55,",",ROW()-DF$39) -> 100,16 | DG55: =DG54+1 -> 16 | DI55: 1 | DJ55: 1 | DK55: 1 | DL55: 1 | DM55: 1 | DN55: 1 | DO55: 1 | DP55: 1 | DQ55: 1 | DR55: 1 | DS55: 1 | DT55: 1 | DU55: 1 | DV55: 1 | DW55: 1 | DX55: 1 | DY55: 1 | DZ55: 1 | EA55: 1 | EB55: 1 | EC55: 1 | ED55: 1 | EE55: 1 | EF55: 1 | EG55: 1 | EH55: 1 | EI55: 1 | EJ55: 1 | EK55: 1 | EL55: 1 | EM55: 1 | EN55: 1 | EO55: 1 | EP55: 1 | EQ55: 1 | ER55: 1 | ES55: 1 | ET55: 1 | EU55: 1 | EV55: 1 | EW55: 1 | EX55: 1 | EY55: 1 | EZ55: 1 | FA55: 1 | FB55: 1 | FC55: 1 | FD55: 1 | FE55: 1 | FF55: -1
B56: =B55+1 -> 2 | C56: 0 | D56: 0 | E56: 10 | G56: - | H56: - | J56: =COLUMN() -> 10 | K56: =_xlfn.CONCAT(COLUMN()-$J56,",",ROW()-K$39) -> 1,17 | L56: =_xlfn.CONCAT(COLUMN()-$J56,",",ROW()-L$39) -> 2,17 | M56: =_xlfn.CONCAT(COLUMN()-$J56,",",ROW()-M$39) -> 3,17 | N56: =_xlfn.CONCAT(COLUMN()-$J56,",",ROW()-N$39) -> 4,17 | O56: =_xlfn.CONCAT(COLUMN()-$J56,",",ROW()-O$39) -> 5,17 | P56: =_xlfn.CONCAT(COLUMN()-$J56,",",ROW()-P$39) -> 6,17 | Q56: =_xlfn.CONCAT(COLUMN()-$J56,",",ROW()-Q$39) -> 7,17 | R56: =_xlfn.CONCAT(COLUMN()-$J56,",",ROW()-R$39) -> 8,17 | ... DF56: =_xlfn.CONCAT(COLUMN()-$J56,",",ROW()-DF$39) -> 100,17 | DG56: =DG55+1 -> 17 | DI56: 1 | DJ56: 1 | DK56: 1 | DL56: 1 | DM56: 1 | DN56: 1 | DO56: 1 | DP56: 1 | DQ56: 1 | DR56: 1 | DS56: 1 | DT56: 1 | DU56: 1 | DV56: 1 | DW56: 1 | DX56: 1 | DY56: 1 | DZ56: 1 | EA56: 1 | EB56: 1 | EC56: 1 | ED56: 1 | EE56: 1 | EF56: 1 | EG56: 1 | EH56: 1 | EI56: 1 | EJ56: 1 | EK56: 1 | EL56: 1 | EM56: 1 | EN56: 1 | EO56: 1 | EP56: 1 | EQ56: 1 | ER56: 1 | ES56: 1 | ET56: 1 | EU56: 1 | EV56: 1 | EW56: 1 | EX56: 1 | EY56: 1 | EZ56: 1 | FA56: 1 | FB56: 1 | FC56: 1 | FD56: 1 | FE56: 1 | FF56: -1
B57: =B56+1 -> 3 | C57: 0 | D57: 0 | E57: 10 | G57: - | H57: - | J57: =COLUMN() -> 10 | K57: =_xlfn.CONCAT(COLUMN()-$J57,",",ROW()-K$39) -> 1,18 | L57: =_xlfn.CONCAT(COLUMN()-$J57,",",ROW()-L$39) -> 2,18 | M57: =_xlfn.CONCAT(COLUMN()-$J57,",",ROW()-M$39) -> 3,18 | N57: =_xlfn.CONCAT(COLUMN()-$J57,",",ROW()-N$39) -> 4,18 | O57: =_xlfn.CONCAT(COLUMN()-$J57,",",ROW()-O$39) -> 5,18 | P57: =_xlfn.CONCAT(COLUMN()-$J57,",",ROW()-P$39) -> 6,18 | Q57: =_xlfn.CONCAT(COLUMN()-$J57,",",ROW()-Q$39) -> 7,18 | R57: =_xlfn.CONCAT(COLUMN()-$J57,",",ROW()-R$39) -> 8,18 | ... DF57: =_xlfn.CONCAT(COLUMN()-$J57,",",ROW()-DF$39) -> 100,18 | DG57: =DG56+1 -> 18 | DI57: 1 | DJ57: 1 | DK57: 1 | DL57: 1 | DM57: 1 | DN57: 1 | DO57: 1 | DP57: 1 | DQ57: 1 | DR57: 1 | DS57: 1 | DT57: 1 | DU57: 1 | DV57: 1 | DW57: 1 | DX57: 1 | DY57: 1 | DZ57: 1 | EA57: 1 | EB57: 1 | EC57: 1 | ED57: 1 | EE57: 1 | EF57: 1 | EG57: 1 | EH57: 1 | EI57: 1 | EJ57: 1 | EK57: 1 | EL57: 1 | EM57: 1 | EN57: 1 | EO57: 1 | EP57: 1 | EQ57: 1 | ER57: 1 | ES57: 1 | ET57: 1 | EU57: 1 | EV57: 1 | EW57: 1 | EX57: 1 | EY57: 1 | EZ57: 1 | FA57: 1 | FB57: 1 | FC57: 1 | FD57: 1 | FE57: 1 | FF57: -1
B58: =B57+1 -> 4 | C58: 0 | D58: 0 | E58: 10 | G58: - | H58: - | J58: =COLUMN() -> 10 | K58: =_xlfn.CONCAT(COLUMN()-$J58,",",ROW()-K$39) -> 1,19 | L58: =_xlfn.CONCAT(COLUMN()-$J58,",",ROW()-L$39) -> 2,19 | M58: =_xlfn.CONCAT(COLUMN()-$J58,",",ROW()-M$39) -> 3,19 | N58: =_xlfn.CONCAT(COLUMN()-$J58,",",ROW()-N$39) -> 4,19 | O58: =_xlfn.CONCAT(COLUMN()-$J58,",",ROW()-O$39) -> 5,19 | P58: =_xlfn.CONCAT(COLUMN()-$J58,",",ROW()-P$39) -> 6,19 | Q58: =_xlfn.CONCAT(COLUMN()-$J58,",",ROW()-Q$39) -> 7,19 | R58: =_xlfn.CONCAT(COLUMN()-$J58,",",ROW()-R$39) -> 8,19 | ... DF58: =_xlfn.CONCAT(COLUMN()-$J58,",",ROW()-DF$39) -> 100,19 | DG58: =DG57+1 -> 19 | DI58: 1 | DJ58: 1 | DK58: 1 | DL58: 1 | DM58: 1 | DN58: 1 | DO58: 1 | DP58: 1 | DQ58: 1 | DR58: 1 | DS58: 1 | DT58: 1 | DU58: 1 | DV58: 1 | DW58: 1 | DX58: 1 | DY58: 1 | DZ58: 1 | EA58: 1 | EB58: 1 | EC58: 1 | ED58: 1 | EE58: 1 | EF58: 1 | EG58: 1 | EH58: 1 | EI58: 1 | EJ58: 1 | EK58: 1 | EL58: 1 | EM58: 1 | EN58: 1 | EO58: 1 | EP58: 1 | EQ58: 1 | ER58: 1 | ES58: 1 | ET58: 1 | EU58: 1 | EV58: 1 | EW58: 1 | EX58: 1 | EY58: 1 | EZ58: 1 | FA58: 1 | FB58: 1 | FC58: 1 | FD58: 1 | FE58: 1 | FF58: -1
B59: =B58+1 -> 5 | C59: 0 | D59: 0 | E59: 10 | G59: - | H59: - | J59: =COLUMN() -> 10 | K59: =_xlfn.CONCAT(COLUMN()-$J59,",",ROW()-K$39) -> 1,20 | L59: =_xlfn.CONCAT(COLUMN()-$J59,",",ROW()-L$39) -> 2,20 | M59: =_xlfn.CONCAT(COLUMN()-$J59,",",ROW()-M$39) -> 3,20 | N59: =_xlfn.CONCAT(COLUMN()-$J59,",",ROW()-N$39) -> 4,20 | O59: =_xlfn.CONCAT(COLUMN()-$J59,",",ROW()-O$39) -> 5,20 | P59: =_xlfn.CONCAT(COLUMN()-$J59,",",ROW()-P$39) -> 6,20 | Q59: =_xlfn.CONCAT(COLUMN()-$J59,",",ROW()-Q$39) -> 7,20 | R59: =_xlfn.CONCAT(COLUMN()-$J59,",",ROW()-R$39) -> 8,20 | ... DF59: =_xlfn.CONCAT(COLUMN()-$J59,",",ROW()-DF$39) -> 100,20 | DG59: =DG58+1 -> 20 | DI59: 1 | DJ59: 1 | DK59: 1 | DL59: 1 | DM59: 1 | DN59: 1 | DO59: 1 | DP59: 1 | DQ59: 1 | DR59: 1 | DS59: 1 | DT59: 1 | DU59: 1 | DV59: 1 | DW59: 1 | DX59: 1 | DY59: 1 | DZ59: 1 | EA59: 1 | EB59: 1 | EC59: 1 | ED59: 1 | EE59: 1 | EF59: 1 | EG59: 1 | EH59: 1 | EI59: 1 | EJ59: 1 | EK59: 1 | EL59: 1 | EM59: 1 | EN59: 1 | EO59: 1 | EP59: 1 | EQ59: 1 | ER59: 1 | ES59: 1 | ET59: 1 | EU59: 1 | EV59: 1 | EW59: 1 | EX59: 1 | EY59: 1 | EZ59: 1 | FA59: 1 | FB59: 1 | FC59: 1 | FD59: 1 | FE59: 1 | FF59: -1
B60: =B59+1 -> 6 | C60: 0 | D60: 0 | E60: 10 | G60: - | H60: - | J60: =COLUMN() -> 10 | K60: =_xlfn.CONCAT(COLUMN()-$J60,",",ROW()-K$39) -> 1,21 | L60: =_xlfn.CONCAT(COLUMN()-$J60,",",ROW()-L$39) -> 2,21 | M60: =_xlfn.CONCAT(COLUMN()-$J60,",",ROW()-M$39) -> 3,21 | N60: =_xlfn.CONCAT(COLUMN()-$J60,",",ROW()-N$39) -> 4,21 | O60: =_xlfn.CONCAT(COLUMN()-$J60,",",ROW()-O$39) -> 5,21 | P60: =_xlfn.CONCAT(COLUMN()-$J60,",",ROW()-P$39) -> 6,21 | Q60: =_xlfn.CONCAT(COLUMN()-$J60,",",ROW()-Q$39) -> 7,21 | R60: =_xlfn.CONCAT(COLUMN()-$J60,",",ROW()-R$39) -> 8,21 | ... DF60: =_xlfn.CONCAT(COLUMN()-$J60,",",ROW()-DF$39) -> 100,21 | DG60: =DG59+1 -> 21 | DI60: 1 | DJ60: 1 | DK60: 1 | DL60: 1 | DM60: 1 | DN60: 1 | DO60: 1 | DP60: 1 | DQ60: 1 | DR60: 1 | DS60: 1 | DT60: 1 | DU60: 1 | DV60: 1 | DW60: 1 | DX60: 1 | DY60: 1 | DZ60: 1 | EA60: 1 | EB60: 1 | EC60: 1 | ED60: 1 | EE60: 1 | EF60: 1 | EG60: 1 | EH60: 1 | EI60: 1 | EJ60: 1 | EK60: 1 | EL60: 1 | EM60: 1 | EN60: 1 | EO60: 1 | EP60: 1 | EQ60: 1 | ER60: 1 | ES60: 1 | ET60: 1 | EU60: 1 | EV60: 1 | EW60: 1 | EX60: 1 | EY60: 1 | EZ60: 1 | FA60: 1 | FB60: 1 | FC60: 1 | FD60: 1 | FE60: 1 | FF60: -1
B61: =B60+1 -> 7 | C61: 0 | D61: 0 | E61: 10 | G61: - | H61: - | J61: =COLUMN() -> 10 | K61: =_xlfn.CONCAT(COLUMN()-$J61,",",ROW()-K$39) -> 1,22 | L61: =_xlfn.CONCAT(COLUMN()-$J61,",",ROW()-L$39) -> 2,22 | M61: =_xlfn.CONCAT(COLUMN()-$J61,",",ROW()-M$39) -> 3,22 | N61: =_xlfn.CONCAT(COLUMN()-$J61,",",ROW()-N$39) -> 4,22 | O61: =_xlfn.CONCAT(COLUMN()-$J61,",",ROW()-O$39) -> 5,22 | P61: =_xlfn.CONCAT(COLUMN()-$J61,",",ROW()-P$39) -> 6,22 | Q61: =_xlfn.CONCAT(COLUMN()-$J61,",",ROW()-Q$39) -> 7,22 | R61: =_xlfn.CONCAT(COLUMN()-$J61,",",ROW()-R$39) -> 8,22 | ... DF61: =_xlfn.CONCAT(COLUMN()-$J61,",",ROW()-DF$39) -> 100,22 | DG61: =DG60+1 -> 22 | DI61: 1 | DJ61: 1 | DK61: 1 | DL61: 1 | DM61: 1 | DN61: 1 | DO61: 1 | DP61: 1 | DQ61: 1 | DR61: 1 | DS61: 1 | DT61: 1 | DU61: 1 | DV61: 1 | DW61: 1 | DX61: 1 | DY61: 1 | DZ61: 1 | EA61: 1 | EB61: 1 | EC61: 1 | ED61: 1 | EE61: 1 | EF61: 1 | EG61: 1 | EH61: 1 | EI61: 1 | EJ61: 1 | EK61: 1 | EL61: 1 | EM61: 1 | EN61: 1 | EO61: 1 | EP61: 1 | EQ61: 1 | ER61: 1 | ES61: 1 | ET61: 1 | EU61: 1 | EV61: 1 | EW61: 1 | EX61: 1 | EY61: 1 | EZ61: 1 | FA61: 1 | FB61: 1 | FC61: 1 | FD61: 1 | FE61: 1 | FF61: -1
B62: =B61+1 -> 8 | C62: 0 | D62: 0 | E62: 10 | G62: - | H62: - | J62: =COLUMN() -> 10 | K62: =_xlfn.CONCAT(COLUMN()-$J62,",",ROW()-K$39) -> 1,23 | L62: =_xlfn.CONCAT(COLUMN()-$J62,",",ROW()-L$39) -> 2,23 | M62: =_xlfn.CONCAT(COLUMN()-$J62,",",ROW()-M$39) -> 3,23 | N62: =_xlfn.CONCAT(COLUMN()-$J62,",",ROW()-N$39) -> 4,23 | O62: =_xlfn.CONCAT(COLUMN()-$J62,",",ROW()-O$39) -> 5,23 | P62: =_xlfn.CONCAT(COLUMN()-$J62,",",ROW()-P$39) -> 6,23 | Q62: =_xlfn.CONCAT(COLUMN()-$J62,",",ROW()-Q$39) -> 7,23 | R62: =_xlfn.CONCAT(COLUMN()-$J62,",",ROW()-R$39) -> 8,23 | ... DF62: =_xlfn.CONCAT(COLUMN()-$J62,",",ROW()-DF$39) -> 100,23 | DG62: =DG61+1 -> 23 | DI62: 1 | DJ62: 1 | DK62: 1 | DL62: 1 | DM62: 1 | DN62: 1 | DO62: 1 | DP62: 1 | DQ62: 1 | DR62: 1 | DS62: 1 | DT62: 1 | DU62: 1 | DV62: 1 | DW62: 1 | DX62: 1 | DY62: 1 | DZ62: 1 | EA62: 1 | EB62: 1 | EC62: 1 | ED62: 1 | EE62: 1 | EF62: 1 | EG62: 1 | EH62: 1 | EI62: 1 | EJ62: 1 | EK62: 1 | EL62: 1 | EM62: 1 | EN62: 1 | EO62: 1 | EP62: 1 | EQ62: 1 | ER62: 1 | ES62: 1 | ET62: 1 | EU62: 1 | EV62: 1 | EW62: 1 | EX62: 1 | EY62: 1 | EZ62: 1 | FA62: 1 | FB62: 1 | FC62: 1 | FD62: 1 | FE62: 1 | FF62: -1
B63: =B62+1 -> 9 | C63: 0 | D63: 0 | E63: 10 | G63: - | J63: =COLUMN() -> 10 | K63: =_xlfn.CONCAT(COLUMN()-$J63,",",ROW()-K$39) -> 1,24 | L63: =_xlfn.CONCAT(COLUMN()-$J63,",",ROW()-L$39) -> 2,24 | M63: =_xlfn.CONCAT(COLUMN()-$J63,",",ROW()-M$39) -> 3,24 | N63: =_xlfn.CONCAT(COLUMN()-$J63,",",ROW()-N$39) -> 4,24 | O63: =_xlfn.CONCAT(COLUMN()-$J63,",",ROW()-O$39) -> 5,24 | P63: =_xlfn.CONCAT(COLUMN()-$J63,",",ROW()-P$39) -> 6,24 | Q63: =_xlfn.CONCAT(COLUMN()-$J63,",",ROW()-Q$39) -> 7,24 | R63: =_xlfn.CONCAT(COLUMN()-$J63,",",ROW()-R$39) -> 8,24 | ... DF63: =_xlfn.CONCAT(COLUMN()-$J63,",",ROW()-DF$39) -> 100,24 | DG63: =DG62+1 -> 24 | DI63: 1 | DJ63: 1 | DK63: 1 | DL63: 1 | DM63: 1 | DN63: 1 | DO63: 1 | DP63: 1 | DQ63: 1 | DR63: 1 | DS63: 1 | DT63: 1 | DU63: 1 | DV63: 1 | DW63: 1 | DX63: 1 | DY63: 1 | DZ63: 1 | EA63: 1 | EB63: 1 | EC63: 1 | ED63: 1 | EE63: 1 | EF63: 1 | EG63: 1 | EH63: 1 | EI63: 1 | EJ63: 1 | EK63: 1 | EL63: 1 | EM63: 1 | EN63: 1 | EO63: 1 | EP63: 1 | EQ63: 1 | ER63: 1 | ES63: 1 | ET63: 1 | EU63: 1 | EV63: 1 | EW63: 1 | EX63: 1 | EY63: 1 | EZ63: 1 | FA63: 1 | FB63: 1 | FC63: 1 | FD63: 1 | FE63: 1 | FF63: -1
B64: =B63+1 -> 10 | C64: 0 | D64: 0 | E64: 10 | G64: - | J64: =COLUMN() -> 10 | K64: =_xlfn.CONCAT(COLUMN()-$J64,",",ROW()-K$39) -> 1,25 | L64: =_xlfn.CONCAT(COLUMN()-$J64,",",ROW()-L$39) -> 2,25 | M64: =_xlfn.CONCAT(COLUMN()-$J64,",",ROW()-M$39) -> 3,25 | N64: =_xlfn.CONCAT(COLUMN()-$J64,",",ROW()-N$39) -> 4,25 | O64: =_xlfn.CONCAT(COLUMN()-$J64,",",ROW()-O$39) -> 5,25 | P64: =_xlfn.CONCAT(COLUMN()-$J64,",",ROW()-P$39) -> 6,25 | Q64: =_xlfn.CONCAT(COLUMN()-$J64,",",ROW()-Q$39) -> 7,25 | R64: =_xlfn.CONCAT(COLUMN()-$J64,",",ROW()-R$39) -> 8,25 | ... DF64: =_xlfn.CONCAT(COLUMN()-$J64,",",ROW()-DF$39) -> 100,25 | DG64: =DG63+1 -> 25 | DI64: 1 | DJ64: 1 | DK64: 1 | DL64: 1 | DM64: 1 | DN64: 1 | DO64: 1 | DP64: 1 | DQ64: 1 | DR64: 1 | DS64: 1 | DT64: 1 | DU64: 1 | DV64: 1 | DW64: 1 | DX64: 1 | DY64: 1 | DZ64: 1 | EA64: 1 | EB64: 1 | EC64: 1 | ED64: 1 | EE64: 1 | EF64: 1 | EG64: 1 | EH64: 1 | EI64: 1 | EJ64: 1 | EK64: 1 | EL64: 1 | EM64: 1 | EN64: 1 | EO64: 1 | EP64: 1 | EQ64: 1 | ER64: 1 | ES64: 1 | ET64: 1 | EU64: 1 | EV64: 1 | EW64: 1 | EX64: 1 | EY64: 1 | EZ64: 1 | FA64: 1 | FB64: 1 | FC64: 1 | FD64: 1 | FE64: 1 | FF64: -1
