Workbook
Name a: #REF!
Name ai: #REF!
Name aq: #REF!
Name AV: #REF!
Name baa: #REF!
Name Coord: #REF!
Name CS: #REF!
Name CZ: #REF!
Name DG: #REF!
Name earlier: #REF!
Name EG: #REF!
Name EI: #REF!
Name HLinst: #REF!
Name HP: #REF!
Name I: #REF!
Name JA: #REF!
Name Mean_A: #REF!
Name mean_X: #REF!
Name mean_X.: #REF!
Name mean_Y: #REF!
Name mean_Y.: #REF!
Name mu: #REF!
Name mu_A: #REF!
Name mu_B: #REF!
Name P1_A: #REF!
Name P2_A: #REF!
Name P3_A: #REF!
Name P4_A: #REF!
Name P5_A: #REF!
Name Rot: #REF!
Name SD_A: #REF!
Name SD_X: #REF!
Name SD_Y: #REF!
Name sigma: #REF!
Name sigma_AB: #REF!
Name sigma2_A: #REF!
Name sigma2_B: #REF!
Name Tab.43: #REF!
Name Tab.44: #REF!
Name Target_P: #REF!
Name Total_Mass: #REF!
Name Variance_A: #REF!
Name X: #REF!
Name x_A: #REF!
Name x_B: #REF!
Name Xo: #REF!
Name Yo.1: #REF!
Name Yo.2: #REF!
Name yt: #REF!

Sheet T1
K1: =COLUMN() -> 11 | M1: =COLUMN() -> 13 | AD1: =COLUMN() -> 30 | AT1: =COLUMN() -> 46 | BE1: =COLUMN() -> 57
B2: DRN_L.csv | J2: Tacho
K3: =MAX(L3:V3) -> 7 | M3: =MAX(O3:X3) -> 7 | O3: =IF(ISNUMBER(O5),O4,"") -> 1 | P3: =IF(ISNUMBER(P5),P4,"") -> 2 | Q3: =IF(ISNUMBER(Q5),Q4,"") -> 3 | R3: =IF(ISNUMBER(R5),R4,"") -> 4 | S3: =IF(ISNUMBER(S5),S4,"") -> 5 | T3: =IF(ISNUMBER(T5),T4,"") -> 6 | U3: =IF(ISNUMBER(U5),U4,"") -> 7 | V3: =IF(ISNUMBER(V5),V4,"") | ... X3: =IF(ISNUMBER(X5),X4,"") | Y3: 1 | AB3: =IF(AB4=$CO$2,AB4,"") | AC3: =IF(AC4=$Y3,AC4,"") | AH3: =IF(AH4=$Y3,AH4,"") | BF3: =IF(BF4=$Y3,BF4,"") -> 1 | BH3: =IF(BH4=$Y3,BH4,"") | BI3: =IF(BI4=$Y3,BI4,"") | BJ3: =IF(BJ4=$Y3,BJ4,"")
O4: 1 | P4: =O4+1 -> 2 | Q4: =P4+1 -> 3 | R4: =Q4+1 -> 4 | S4: =R4+1 -> 5 | T4: =S4+1 -> 6 | U4: =T4+1 -> 7 | V4: =U4+1 -> 8 | W4: =V4+1 -> 9 | X4: =W4+1 -> 10 | AB4: 2 | AC4: 2 | AE4: i | AF4: i | AG4: 3 | AH4: 3 | AJ4: =COUNTIF($AB7:$AB42,"="&AJ5) -> 5 | AK4: =COUNTIF($AB7:$AB42,"="&AK5) -> 3 | AL4: =COUNTIF($AB7:$AB42,"="&AL5) -> 4 | AM4: =COUNTIF($AB7:$AB42,"="&AM5) -> 4 | AN4: =COUNTIF($AB7:$AB42,"="&AN5) -> 6 | AO4: =COUNTIF($AB7:$AB42,"="&AO5) -> 5 | AP4: =COUNTIF($AB7:$AB42,"="&AP5) -> 2 | AQ4: =COUNTIF($AB7:$AB42,"="&AQ5) -> 0 | ... AS4: =COUNTIF($AB7:$AB42,"="&AS5) -> 0 | AU4: 1 | AV4: 1 | AW4: 1 | AX4: 1 | AY4: 1 | AZ4: 1 | BA4: 1 | BB4: 1 | BC4: 1 | BD4: 1 | BF4: 1 | BH4: 4 | BI4: 5 | BJ4: 6
B5: REF. | D5: B | F5: new tests | O5: 1 | P5: 1 | Q5: 1 | R5: 1 | S5: 1 | T5: 1 | U5: 1 | AB5: =MAX(AB7:AB42) -> 7 | AE5: 0 | AF5: 0 | AG5: =MAX(AG7:AG42) -> 10 | AJ5: 1 | AK5: =AJ5+1 -> 2 | AL5: =AK5+1 -> 3 | AM5: =AL5+1 -> 4 | AN5: =AM5+1 -> 5 | AO5: =AN5+1 -> 6 | AP5: =AO5+1 -> 7 | AQ5: =AP5+1 -> 8 | AR5: =AQ5+1 -> 9 | AS5: =AR5+1 -> 10 | AU5: =AT4+1 -> 1 | AV5: =AU5+1 -> 2 | AW5: =AV5+1 -> 3 | AX5: =AW5+1 -> 4 | AY5: =AX5+1 -> 5 | AZ5: =AY5+1 -> 6 | BA5: =AZ5+1 -> 7 | BB5: =BA5+1 -> 8 | BC5: =BB5+1 -> 9 | BD5: =BC5+1 -> 10 | BF5: S_D
F6: X | G6: Y | H6: geometry | I6: Z | J6: Z | R6: X | S6: Y | T6: geometry | U6: Z | V6: Z2 | AA6: 1 | AB6: =IF(AA6=0,AB5,AA6) -> 1 | AE6: 0 | AF6: 0 | AG6: =IF(AD6=0,AG5,AD6) -> 10 | AJ6: =MAX(AJ7:AJ15) -> 5 | AK6: =MAX(AK7:AK15) -> 8 | AL6: =MAX(AL7:AL15) -> 12 | AM6: =MAX(AM7:AM15) -> 16 | AN6: =MAX(AN7:AN15) -> 22 | AO6: =MAX(AO7:AO15) -> 27 | AP6: =MAX(AP7:AP15) -> 29 | AQ6: =MAX(AQ7:AQ15) -> 0 | ... AS6: =MAX(AS7:AS15) -> 0 | AU6: x | AV6: x | AW6: x | AX6: x | AY6: x | AZ6: x | BA6: x | BB6: x | BC6: x | BD6: x | BG6: 0 | BH6: 1 | BI6: 2 | BJ6: 3
B7: =IF(ISNUMBER(C7),B6+1,"") -> 1 | C7: 471134.78 | D7: 7613992.8 | F7: 467509.78 | G7: 7616967.8 | H7: POINT (467509.7813 7616967.75) | I7: [989] | J7: 989 | L7: - | N7: =IF(ISNUMBER(O7),O7-1,"") -> 0 | O7: =IF(ISNUMBER(Q7),ROW()-ROW(O$6),"") -> 1 | P7: =IF($AB7=M$3,O7,"") | Q7: =IF(ISNUMBER(R7),Q6+1,"") -> 1 | R7: 467509.78 | S7: 7616967.8 | T7: POINT (467509.7813 7616967.75) | U7: [989] | V7: 989 | W7: =IF(ISNUMBER(R7),R7-MIN(R$7:R$42),"") -> 3337.5 | X7: =IF(ISNUMBER(R7),S7-MIN(S$7:S$42),"") -> 9037.5 | Y7: =IF(ISNUMBER(R7),_xlfn.IFS($Y$3=0,_xlfn.CONCAT(ROUND(W7,0),", ",ROUND(X7,0)),$Y$3=1,N7,$Y$3=2,_xlfn.CONCAT(AB7,AC7),$Y$3=3,_xlfn.CONCAT(AG7,AH7),$Y$3=4,BH7,$Y$3=5,BI7,$Y$3=6,BJ7),"") -> 0 | Z7: =Z8-Z8/3 -> 18.666667 | AA7: =IF(Z7<0,MAX(AA$6:AA6)+1,0) -> 0 | AB7: =IF(ISNUMBER(R7),IF(AA7=0,AB6,AA7),"") -> 1 | AC7: 1 | AE7: 0 | AF7: 0 | AG7: =IF(ISNUMBER(R7),AB7+AE7,"") -> 1 | AH7: =IF(ISNUMBER(S7),AC7+AF7,"") -> 1 | AJ7: =IF($O7<=AJ$4,$O7+AD$6,"") -> 1 | AK7: =IF($O7<=AK$4,$O7+AJ$6,"") -> 6 | AL7: =IF($O7<=AL$4,$O7+AK$6,"") -> 9 | AM7: =IF($O7<=AM$4,$O7+AL$6,"") -> 13 | AN7: =IF($O7<=AN$4,$O7+AM$6,"") -> 17 | AO7: =IF($O7<=AO$4,$O7+AN$6,"") -> 23 | AP7: =IF($O7<=AP$4,$O7+AO$6,"") -> 28 | AQ7: =IF($O7<=AQ$4,$O7+AP$6,"") | AR7: =IF($O7<=AR$4,$O7+AQ$6,"") | AS7: =IF($O7<=AS$4,$O7+AR$6,"") | AU7: =IF(ISNUMBER(AJ7),INDEX($R$7:$S$42,AJ7,AU$4),AU6) -> 467509.78 | AV7: =IF(ISNUMBER(AK7),INDEX($R$7:$S$42,AK7,AV$4),AV6) -> 471134.78 | AW7: =IF(ISNUMBER(AL7),INDEX($R$7:$S$42,AL7,AW$4),AW6) -> 469934.78 | AX7: =IF(ISNUMBER(AM7),INDEX($R$7:$S$42,AM7,AX$4),AX6) -> 468434.78 | AY7: =IF(ISNUMBER(AN7),INDEX($R$7:$S$42,AN7,AY$4),AY6) -> 464872.28 | AZ7: =IF(ISNUMBER(AO7),INDEX($R$7:$S$42,AO7,AZ$4),AZ6) -> 468284.78 | BA7: =IF(ISNUMBER(AP7),INDEX($R$7:$S$42,AP7,BA$4),BA6) -> 464822.28 | BB7: =IF(ISNUMBER(AQ7),INDEX($R$7:$S$42,AQ7,BB$4),BB6) -> x | ... BD7: =IF(ISNUMBER(AS7),INDEX($R$7:$S$42,AS7,BD$4),BD6) -> x | BF7: 0 | BG7: 0 | BH7: 0 | BI7: ←
B8: =IF(ISNUMBER(C8),B7+1,"") -> 2 | C8: 469922.28 | D8: 7614405.2 | F8: 468059.78 | G8: 7616642.8 | H8: POINT (468059.7813 7616642.75) | I8: [961] | J8: 961 | L8: =IF(ISNUMBER(R8),SQRT((R8-R7)^2+(S8-S7)^2),"") -> 638.84662 | N8: =IF(ISNUMBER(O8),O8-1,"") -> 1 | O8: =IF(ISNUMBER(Q8),ROW()-ROW(O$6),"") -> 2 | P8: =IF($AB8=M$3,O8,"") | Q8: =IF(ISNUMBER(R8),Q7+1,"") -> 2 | R8: 468059.78 | S8: 7616642.8 | T8: POINT (468059.7813 7616642.75) | U8: [961] | V8: 961 | W8: =IF(ISNUMBER(R8),R8-MIN(R$7:R$42),"") -> 3887.5 | X8: =IF(ISNUMBER(R8),S8-MIN(S$7:S$42),"") -> 8712.5 | Y8: =IF(ISNUMBER(R8),_xlfn.IFS($Y$3=0,_xlfn.CONCAT(ROUND(W8,0),", ",ROUND(X8,0)),$Y$3=1,N8,$Y$3=2,_xlfn.CONCAT(AB8,AC8),$Y$3=3,_xlfn.CONCAT(AG8,AH8),$Y$3=4,BH8,$Y$3=5,BI8,$Y$3=6,BJ8),"") -> 1 | Z8: =IF(ISNUMBER(R8),V7-V8,"") -> 28 | AA8: =IF(Z8<0,MAX(AA$6:AA7)+1,0) -> 0 | AB8: =IF(ISNUMBER(R8),IF(AA8=0,AB7,AA8),"") -> 1 | AC8: =IF(ISNUMBER(R7),IF(AA8<>0,1,AC7+1),"") -> 2 | AE8: 0 | AF8: 0 | AG8: =IF(ISNUMBER(R8),AB8+AE8,"") -> 1 | AH8: =IF(ISNUMBER(S8),AC8+AF8,"") -> 2 | AJ8: =IF($O8<=AJ$4,$O8+AD$6,"") -> 2 | AK8: =IF($O8<=AK$4,$O8+AJ$6,"") -> 7 | AL8: =IF($O8<=AL$4,$O8+AK$6,"") -> 10 | AM8: =IF($O8<=AM$4,$O8+AL$6,"") -> 14 | AN8: =IF($O8<=AN$4,$O8+AM$6,"") -> 18 | AO8: =IF($O8<=AO$4,$O8+AN$6,"") -> 24 | AP8: =IF($O8<=AP$4,$O8+AO$6,"") -> 29 | AQ8: =IF($O8<=AQ$4,$O8+AP$6,"") | AR8: =IF($O8<=AR$4,$O8+AQ$6,"") | AS8: =IF($O8<=AS$4,$O8+AR$6,"") | AU8: =IF(ISNUMBER(AJ8),INDEX($R$7:$S$42,AJ8,AU$4),AU7) -> 468059.78 | AV8: =IF(ISNUMBER(AK8),INDEX($R$7:$S$42,AK8,AV$4),AV7) -> 469922.28 | AW8: =IF(ISNUMBER(AL8),INDEX($R$7:$S$42,AL8,AW$4),AW7) -> 468797.28 | AX8: =IF(ISNUMBER(AM8),INDEX($R$7:$S$42,AM8,AX$4),AX7) -> 467384.78 | AY8: =IF(ISNUMBER(AN8),INDEX($R$7:$S$42,AN8,AY$4),AY7) -> 465422.28 | AZ8: =IF(ISNUMBER(AO8),INDEX($R$7:$S$42,AO8,AZ$4),AZ7) -> 466622.28 | BA8: =IF(ISNUMBER(AP8),INDEX($R$7:$S$42,AP8,BA$4),BA7) -> 464172.28 | BB8: =IF(ISNUMBER(AQ8),INDEX($R$7:$S$42,AQ8,BB$4),BB7) -> x | ... BD8: =IF(ISNUMBER(AS8),INDEX($R$7:$S$42,AS8,BD$4),BD7) -> x | BF8: 1 | BG8: 1 | BH8: =BH7+1 -> 1 | BI8: -1
B9: =IF(ISNUMBER(C9),B8+1,"") -> 3 | C9: 468834.78 | D9: 7614292.8 | F9: 468334.78 | G9: 7615805.2 | H9: POINT (468334.7813 7615805.25) | I9: [937] | J9: 937 | L9: =IF(ISNUMBER(R9),SQRT((R9-R8)^2+(S9-S8)^2),"") -> 881.49376 | N9: =IF(ISNUMBER(O9),O9-1,"") -> 2 | O9: =IF(ISNUMBER(Q9),ROW()-ROW(O$6),"") -> 3 | P9: =IF($AB9=M$3,O9,"") | Q9: =IF(ISNUMBER(R9),Q8+1,"") -> 3 | R9: 468334.78 | S9: 7615805.2 | T9: POINT (468334.7813 7615805.25) | U9: [937] | V9: 937 | W9: =IF(ISNUMBER(R9),R9-MIN(R$7:R$42),"") -> 4162.5 | X9: =IF(ISNUMBER(R9),S9-MIN(S$7:S$42),"") -> 7875 | Y9: =IF(ISNUMBER(R9),_xlfn.IFS($Y$3=0,_xlfn.CONCAT(ROUND(W9,0),", ",ROUND(X9,0)),$Y$3=1,N9,$Y$3=2,_xlfn.CONCAT(AB9,AC9),$Y$3=3,_xlfn.CONCAT(AG9,AH9),$Y$3=4,BH9,$Y$3=5,BI9,$Y$3=6,BJ9),"") -> 2 | Z9: =IF(ISNUMBER(R9),V8-V9,"") -> 24 | AA9: =IF(Z9<0,MAX(AA$6:AA8)+1,0) -> 0 | AB9: =IF(ISNUMBER(R9),IF(AA9=0,AB8,AA9),"") -> 1 | AC9: =IF(ISNUMBER(R8),IF(AA9<>0,1,AC8+1),"") -> 3 | AE9: 0 | AF9: 0 | AG9: =IF(ISNUMBER(R9),AB9+AE9,"") -> 1 | AH9: =IF(ISNUMBER(S9),AC9+AF9,"") -> 3 | AJ9: =IF($O9<=AJ$4,$O9+AD$6,"") -> 3 | AK9: =IF($O9<=AK$4,$O9+AJ$6,"") -> 8 | AL9: =IF($O9<=AL$4,$O9+AK$6,"") -> 11 | AM9: =IF($O9<=AM$4,$O9+AL$6,"") -> 15 | AN9: =IF($O9<=AN$4,$O9+AM$6,"") -> 19 | AO9: =IF($O9<=AO$4,$O9+AN$6,"") -> 25 | AP9: =IF($O9<=AP$4,$O9+AO$6,"") | AQ9: =IF($O9<=AQ$4,$O9+AP$6,"") | AR9: =IF($O9<=AR$4,$O9+AQ$6,"") | AS9: =IF($O9<=AS$4,$O9+AR$6,"") | AU9: =IF(ISNUMBER(AJ9),INDEX($R$7:$S$42,AJ9,AU$4),AU8) -> 468334.78 | AV9: =IF(ISNUMBER(AK9),INDEX($R$7:$S$42,AK9,AV$4),AV8) -> 468834.78 | AW9: =IF(ISNUMBER(AL9),INDEX($R$7:$S$42,AL9,AW$4),AW8) -> 467797.28 | AX9: =IF(ISNUMBER(AM9),INDEX($R$7:$S$42,AM9,AX$4),AX8) -> 466597.28 | AY9: =IF(ISNUMBER(AN9),INDEX($R$7:$S$42,AN9,AY$4),AY8) -> 465284.78 | AZ9: =IF(ISNUMBER(AO9),INDEX($R$7:$S$42,AO9,AZ$4),AZ8) -> 466097.28 | BA9: =IF(ISNUMBER(AP9),INDEX($R$7:$S$42,AP9,BA$4),BA8) -> 464172.28 | BB9: =IF(ISNUMBER(AQ9),INDEX($R$7:$S$42,AQ9,BB$4),BB8) -> x | ... BD9: =IF(ISNUMBER(AS9),INDEX($R$7:$S$42,AS9,BD$4),BD8) -> x | BF9: 2 | BG9: 2 | BH9: =BH8+1 -> 2 | BI9: =BI8-1 -> -2
B10: =IF(ISNUMBER(C10),B9+1,"") -> 4 | C10: 467509.78 | D10: 7616967.8 | F10: 468397.28 | G10: 7614955.2 | H10: POINT (468397.2813 7614955.25) | I10: [903] | J10: 903 | L10: =IF(ISNUMBER(R10),SQRT((R10-R9)^2+(S10-S9)^2),"") -> 852.2947 | N10: =IF(ISNUMBER(O10),O10-1,"") -> 3 | O10: =IF(ISNUMBER(Q10),ROW()-ROW(O$6),"") -> 4 | P10: =IF($AB10=M$3,O10,"") | Q10: =IF(ISNUMBER(R10),Q9+1,"") -> 4 | R10: 468397.28 | S10: 7614955.2 | T10: POINT (468397.2813 7614955.25) | U10: [903] | V10: 903 | W10: =IF(ISNUMBER(R10),R10-MIN(R$7:R$42),"") -> 4225 | X10: =IF(ISNUMBER(R10),S10-MIN(S$7:S$42),"") -> 7025 | Y10: =IF(ISNUMBER(R10),_xlfn.IFS($Y$3=0,_xlfn.CONCAT(ROUND(W10,0),", ",ROUND(X10,0)),$Y$3=1,N10,$Y$3=2,_xlfn.CONCAT(AB10,AC10),$Y$3=3,_xlfn.CONCAT(AG10,AH10),$Y$3=4,BH10,$Y$3=5,BI10,$Y$3=6,BJ10),"") -> 3 | Z10: =IF(ISNUMBER(R10),V9-V10,"") -> 34 | AA10: =IF(Z10<0,MAX(AA$6:AA9)+1,0) -> 0 | AB10: =IF(ISNUMBER(R10),IF(AA10=0,AB9,AA10),"") -> 1 | AC10: =IF(ISNUMBER(R9),IF(AA10<>0,1,AC9+1),"") -> 4 | AE10: 0 | AF10: 0 | AG10: =IF(ISNUMBER(R10),AB10+AE10,"") -> 1 | AH10: =IF(ISNUMBER(S10),AC10+AF10,"") -> 4 | AJ10: =IF($O10<=AJ$4,$O10+AD$6,"") -> 4 | AK10: =IF($O10<=AK$4,$O10+AJ$6,"") | AL10: =IF($O10<=AL$4,$O10+AK$6,"") -> 12 | AM10: =IF($O10<=AM$4,$O10+AL$6,"") -> 16 | AN10: =IF($O10<=AN$4,$O10+AM$6,"") -> 20 | AO10: =IF($O10<=AO$4,$O10+AN$6,"") -> 26 | AP10: =IF($O10<=AP$4,$O10+AO$6,"") | AQ10: =IF($O10<=AQ$4,$O10+AP$6,"") | AR10: =IF($O10<=AR$4,$O10+AQ$6,"") | AS10: =IF($O10<=AS$4,$O10+AR$6,"") | AU10: =IF(ISNUMBER(AJ10),INDEX($R$7:$S$42,AJ10,AU$4),AU9) -> 468397.28 | AV10: =IF(ISNUMBER(AK10),INDEX($R$7:$S$42,AK10,AV$4),AV9) -> 468834.78 | AW10: =IF(ISNUMBER(AL10),INDEX($R$7:$S$42,AL10,AW$4),AW9) -> 467172.28 | AX10: =IF(ISNUMBER(AM10),INDEX($R$7:$S$42,AM10,AX$4),AX9) -> 465672.28 | AY10: =IF(ISNUMBER(AN10),INDEX($R$7:$S$42,AN10,AY$4),AY9) -> 464384.78 | AZ10: =IF(ISNUMBER(AO10),INDEX($R$7:$S$42,AO10,AZ$4),AZ9) -> 465534.78 | BA10: =IF(ISNUMBER(AP10),INDEX($R$7:$S$42,AP10,BA$4),BA9) -> 464172.28 | BB10: =IF(ISNUMBER(AQ10),INDEX($R$7:$S$42,AQ10,BB$4),BB9) -> x | ... BD10: =IF(ISNUMBER(AS10),INDEX($R$7:$S$42,AS10,BD$4),BD9) -> x | BF10: 3 | BG10: 3 | BH10: =BH9+1 -> 3 | BI10: =BI9-1 -> -3
B11: =IF(ISNUMBER(C11),B10+1,"") -> 5 | C11: 468059.78 | D11: 7616642.8 | F11: 468047.28 | G11: 7614180.2 | H11: POINT (468047.2813 7614180.25) | I11: [889] | J11: 889 | L11: =IF(ISNUMBER(R11),SQRT((R11-R10)^2+(S11-S10)^2),"") -> 850.36757 | N11: =IF(ISNUMBER(O11),O11-1,"") -> 4 | O11: =IF(ISNUMBER(Q11),ROW()-ROW(O$6),"") -> 5 | P11: =IF($AB11=M$3,O11,"") | Q11: =IF(ISNUMBER(R11),Q10+1,"") -> 5 | R11: 468047.28 | S11: 7614180.2 | T11: POINT (468047.2813 7614180.25) | U11: [889] | V11: 889 | W11: =IF(ISNUMBER(R11),R11-MIN(R$7:R$42),"") -> 3875 | X11: =IF(ISNUMBER(R11),S11-MIN(S$7:S$42),"") -> 6250 | Y11: =IF(ISNUMBER(R11),_xlfn.IFS($Y$3=0,_xlfn.CONCAT(ROUND(W11,0),", ",ROUND(X11,0)),$Y$3=1,N11,$Y$3=2,_xlfn.CONCAT(AB11,AC11),$Y$3=3,_xlfn.CONCAT(AG11,AH11),$Y$3=4,BH11,$Y$3=5,BI11,$Y$3=6,BJ11),"") -> 4 | Z11: =IF(ISNUMBER(R11),V10-V11,"") -> 14 | AA11: =IF(Z11<0,MAX(AA$6:AA10)+1,0) -> 0 | AB11: =IF(ISNUMBER(R11),IF(AA11=0,AB10,AA11),"") -> 1 | AC11: =IF(ISNUMBER(R10),IF(AA11<>0,1,AC10+1),"") -> 5 | AE11: 0 | AF11: 0 | AG11: =IF(ISNUMBER(R11),AB11+AE11,"") -> 1 | AH11: =IF(ISNUMBER(S11),AC11+AF11,"") -> 5 | AJ11: =IF($O11<=AJ$4,$O11+AD$6,"") -> 5 | AK11: =IF($O11<=AK$4,$O11+AJ$6,"") | AL11: =IF($O11<=AL$4,$O11+AK$6,"") | AM11: =IF($O11<=AM$4,$O11+AL$6,"") | AN11: =IF($O11<=AN$4,$O11+AM$6,"") -> 21 | AO11: =IF($O11<=AO$4,$O11+AN$6,"") -> 27 | AP11: =IF($O11<=AP$4,$O11+AO$6,"") | AQ11: =IF($O11<=AQ$4,$O11+AP$6,"") | AR11: =IF($O11<=AR$4,$O11+AQ$6,"") | AS11: =IF($O11<=AS$4,$O11+AR$6,"") | AU11: =IF(ISNUMBER(AJ11),INDEX($R$7:$S$42,AJ11,AU$4),AU10) -> 468047.28 | AV11: =IF(ISNUMBER(AK11),INDEX($R$7:$S$42,AK11,AV$4),AV10) -> 468834.78 | AW11: =IF(ISNUMBER(AL11),INDEX($R$7:$S$42,AL11,AW$4),AW10) -> 467172.28 | AX11: =IF(ISNUMBER(AM11),INDEX($R$7:$S$42,AM11,AX$4),AX10) -> 465672.28 | AY11: =IF(ISNUMBER(AN11),INDEX($R$7:$S$42,AN11,AY$4),AY10) -> 464297.28 | AZ11: =IF(ISNUMBER(AO11),INDEX($R$7:$S$42,AO11,AZ$4),AZ10) -> 464909.78 | BA11: =IF(ISNUMBER(AP11),INDEX($R$7:$S$42,AP11,BA$4),BA10) -> 464172.28 | BB11: =IF(ISNUMBER(AQ11),INDEX($R$7:$S$42,AQ11,BB$4),BB10) -> x | ... BD11: =IF(ISNUMBER(AS11),INDEX($R$7:$S$42,AS11,BD$4),BD10) -> x | BF11: 4 | BG11: 4 | BH11: =BH10+1 -> 4 | BI11: =BI10-1 -> -4
B12: =IF(ISNUMBER(C12),B11+1,"") -> 6 | C12: 468334.78 | D12: 7615805.2 | F12: 471134.78 | G12: 7613992.8 | H12: POINT (471134.7813 7613992.75) | I12: [1001] | J12: 1001 | L12: =IF(ISNUMBER(R12),SQRT((R12-R11)^2+(S12-S11)^2),"") -> 3093.1881 | N12: =IF(ISNUMBER(O12),O12-1,"") -> 5 | O12: =IF(ISNUMBER(Q12),ROW()-ROW(O$6),"") -> 6 | P12: =IF($AB12=M$3,O12,"") | Q12: =IF(ISNUMBER(R12),Q11+1,"") -> 6 | R12: 471134.78 | S12: 7613992.8 | T12: POINT (471134.7813 7613992.75) | U12: [1001] | V12: 1001 | W12: =IF(ISNUMBER(R12),R12-MIN(R$7:R$42),"") -> 6962.5 | X12: =IF(ISNUMBER(R12),S12-MIN(S$7:S$42),"") -> 6062.5 | Y12: =IF(ISNUMBER(R12),_xlfn.IFS($Y$3=0,_xlfn.CONCAT(ROUND(W12,0),", ",ROUND(X12,0)),$Y$3=1,N12,$Y$3=2,_xlfn.CONCAT(AB12,AC12),$Y$3=3,_xlfn.CONCAT(AG12,AH12),$Y$3=4,BH12,$Y$3=5,BI12,$Y$3=6,BJ12),"") -> 5 | Z12: =IF(ISNUMBER(R12),V11-V12,"") -> -112 | AA12: =IF(Z12<0,MAX(AA$6:AA11)+1,0) -> 2 | AB12: =IF(ISNUMBER(R12),IF(AA12=0,AB11,AA12),"") -> 2 | AC12: =IF(ISNUMBER(R11),IF(AA12<>0,1,AC11+1),"") -> 1 | AE12: 0 | AF12: 0 | AG12: =IF(ISNUMBER(R12),AB12+AE12,"") -> 2 | AH12: =IF(ISNUMBER(S12),AC12+AF12,"") -> 1 | AJ12: =IF($O12<=AJ$4,$O12+AD$6,"") | AK12: =IF($O12<=AK$4,$O12+AJ$6,"") | AL12: =IF($O12<=AL$4,$O12+AK$6,"") | AM12: =IF($O12<=AM$4,$O12+AL$6,"") | AN12: =IF($O12<=AN$4,$O12+AM$6,"") -> 22 | AO12: =IF($O12<=AO$4,$O12+AN$6,"") | AP12: =IF($O12<=AP$4,$O12+AO$6,"") | AQ12: =IF($O12<=AQ$4,$O12+AP$6,"") | AR12: =IF($O12<=AR$4,$O12+AQ$6,"") | AS12: =IF($O12<=AS$4,$O12+AR$6,"") | AU12: =IF(ISNUMBER(AJ12),INDEX($R$7:$S$42,AJ12,AU$4),AU11) -> 468047.28 | AV12: =IF(ISNUMBER(AK12),INDEX($R$7:$S$42,AK12,AV$4),AV11) -> 468834.78 | AW12: =IF(ISNUMBER(AL12),INDEX($R$7:$S$42,AL12,AW$4),AW11) -> 467172.28 | AX12: =IF(ISNUMBER(AM12),INDEX($R$7:$S$42,AM12,AX$4),AX11) -> 465672.28 | AY12: =IF(ISNUMBER(AN12),INDEX($R$7:$S$42,AN12,AY$4),AY11) -> 464784.78 | AZ12: =IF(ISNUMBER(AO12),INDEX($R$7:$S$42,AO12,AZ$4),AZ11) -> 464909.78 | BA12: =IF(ISNUMBER(AP12),INDEX($R$7:$S$42,AP12,BA$4),BA11) -> 464172.28 | BB12: =IF(ISNUMBER(AQ12),INDEX($R$7:$S$42,AQ12,BB$4),BB11) -> x | ... BD12: =IF(ISNUMBER(AS12),INDEX($R$7:$S$42,AS12,BD$4),BD11) -> x | BF12: 5 | BG12: 5 | BH12: 5 | BI12: =BI11-1 -> -5
B13: =IF(ISNUMBER(C13),B12+1,"") -> 7 | C13: 468397.28 | D13: 7614955.2 | F13: 469922.28 | G13: 7614405.2 | H13: POINT (469922.2813 7614405.25) | I13: [976] | J13: 976 | L13: =IF(ISNUMBER(R13),SQRT((R13-R12)^2+(S13-S12)^2),"") -> 1280.7469 | N13: =IF(ISNUMBER(O13),O13-1,"") -> 6 | O13: =IF(ISNUMBER(Q13),ROW()-ROW(O$6),"") -> 7 | P13: =IF($AB13=M$3,O13,"") | Q13: =IF(ISNUMBER(R13),Q12+1,"") -> 7 | R13: 469922.28 | S13: 7614405.2 | T13: POINT (469922.2813 7614405.25) | U13: [976] | V13: 976 | W13: =IF(ISNUMBER(R13),R13-MIN(R$7:R$42),"") -> 5750 | X13: =IF(ISNUMBER(R13),S13-MIN(S$7:S$42),"") -> 6475 | Y13: =IF(ISNUMBER(R13),_xlfn.IFS($Y$3=0,_xlfn.CONCAT(ROUND(W13,0),", ",ROUND(X13,0)),$Y$3=1,N13,$Y$3=2,_xlfn.CONCAT(AB13,AC13),$Y$3=3,_xlfn.CONCAT(AG13,AH13),$Y$3=4,BH13,$Y$3=5,BI13,$Y$3=6,BJ13),"") -> 6 | Z13: =IF(ISNUMBER(R13),V12-V13,"") -> 25 | AA13: =IF(Z13<0,MAX(AA$6:AA12)+1,0) -> 0 | AB13: =IF(ISNUMBER(R13),IF(AA13=0,AB12,AA13),"") -> 2 | AC13: =IF(ISNUMBER(R12),IF(AA13<>0,1,AC12+1),"") -> 2 | AE13: 0 | AF13: 0 | AG13: =IF(ISNUMBER(R13),AB13+AE13,"") -> 2 | AH13: =IF(ISNUMBER(S13),AC13+AF13,"") -> 2 | AJ13: =IF($O13<=AJ$4,$O13+AD$6,"") | AK13: =IF($O13<=AK$4,$O13+AJ$6,"") | AL13: =IF($O13<=AL$4,$O13+AK$6,"") | AM13: =IF($O13<=AM$4,$O13+AL$6,"") | AN13: =IF($O13<=AN$4,$O13+AM$6,"") | AO13: =IF($O13<=AO$4,$O13+AN$6,"") | AP13: =IF($O13<=AP$4,$O13+AO$6,"") | AQ13: =IF($O13<=AQ$4,$O13+AP$6,"") | AR13: =IF($O13<=AR$4,$O13+AQ$6,"") | AS13: =IF($O13<=AS$4,$O13+AR$6,"") | AU13: =IF(ISNUMBER(AJ13),INDEX($R$7:$S$42,AJ13,AU$4),AU12) -> 468047.28 | AV13: =IF(ISNUMBER(AK13),INDEX($R$7:$S$42,AK13,AV$4),AV12) -> 468834.78 | AW13: =IF(ISNUMBER(AL13),INDEX($R$7:$S$42,AL13,AW$4),AW12) -> 467172.28 | AX13: =IF(ISNUMBER(AM13),INDEX($R$7:$S$42,AM13,AX$4),AX12) -> 465672.28 | AY13: =IF(ISNUMBER(AN13),INDEX($R$7:$S$42,AN13,AY$4),AY12) -> 464784.78 | AZ13: =IF(ISNUMBER(AO13),INDEX($R$7:$S$42,AO13,AZ$4),AZ12) -> 464909.78 | BA13: =IF(ISNUMBER(AP13),INDEX($R$7:$S$42,AP13,BA$4),BA12) -> 464172.28 | BB13: =IF(ISNUMBER(AQ13),INDEX($R$7:$S$42,AQ13,BB$4),BB12) -> x | ... BD13: =IF(ISNUMBER(AS13),INDEX($R$7:$S$42,AS13,BD$4),BD12) -> x | BF13: 6 | BG13: 6 | BH13: 6 | BI13: =BI12-1 -> -6
B14: =IF(ISNUMBER(C14),B13+1,"") -> 8 | C14: 468047.28 | D14: 7614180.2 | F14: 468834.78 | G14: 7614292.8 | H14: POINT (468834.7813 7614292.75) | I14: [907] | J14: 907 | L14: =IF(ISNUMBER(R14),SQRT((R14-R13)^2+(S14-S13)^2),"") -> 1093.3035 | N14: =IF(ISNUMBER(O14),O14-1,"") -> 7 | O14: =IF(ISNUMBER(Q14),ROW()-ROW(O$6),"") -> 8 | P14: =IF($AB14=M$3,O14,"") | Q14: =IF(ISNUMBER(R14),Q13+1,"") -> 8 | R14: 468834.78 | S14: 7614292.8 | T14: POINT (468834.7813 7614292.75) | U14: [907] | V14: 907 | W14: =IF(ISNUMBER(R14),R14-MIN(R$7:R$42),"") -> 4662.5 | X14: =IF(ISNUMBER(R14),S14-MIN(S$7:S$42),"") -> 6362.5 | Y14: =IF(ISNUMBER(R14),_xlfn.IFS($Y$3=0,_xlfn.CONCAT(ROUND(W14,0),", ",ROUND(X14,0)),$Y$3=1,N14,$Y$3=2,_xlfn.CONCAT(AB14,AC14),$Y$3=3,_xlfn.CONCAT(AG14,AH14),$Y$3=4,BH14,$Y$3=5,BI14,$Y$3=6,BJ14),"") -> 7 | Z14: =IF(ISNUMBER(R14),V13-V14,"") -> 69 | AA14: =IF(Z14<0,MAX(AA$6:AA13)+1,0) -> 0 | AB14: =IF(ISNUMBER(R14),IF(AA14=0,AB13,AA14),"") -> 2 | AC14: =IF(ISNUMBER(R13),IF(AA14<>0,1,AC13+1),"") -> 3 | AE14: 0 | AF14: 0 | AG14: =IF(ISNUMBER(R14),AB14+AE14,"") -> 2 | AH14: =IF(ISNUMBER(S14),AC14+AF14,"") -> 3 | AJ14: =IF($O14<=AJ$4,$O14+AD$6,"") | AK14: =IF($O14<=AK$4,$O14+AJ$6,"") | AL14: =IF($O14<=AL$4,$O14+AK$6,"") | AM14: =IF($O14<=AM$4,$O14+AL$6,"") | AN14: =IF($O14<=AN$4,$O14+AM$6,"") | AO14: =IF($O14<=AO$4,$O14+AN$6,"") | AP14: =IF($O14<=AP$4,$O14+AO$6,"") | AQ14: =IF($O14<=AQ$4,$O14+AP$6,"") | AR14: =IF($O14<=AR$4,$O14+AQ$6,"") | AS14: =IF($O14<=AS$4,$O14+AR$6,"") | AU14: =IF(ISNUMBER(AJ14),INDEX($R$7:$S$42,AJ14,AU$4),AU13) -> 468047.28 | AV14: =IF(ISNUMBER(AK14),INDEX($R$7:$S$42,AK14,AV$4),AV13) -> 468834.78 | AW14: =IF(ISNUMBER(AL14),INDEX($R$7:$S$42,AL14,AW$4),AW13) -> 467172.28 | AX14: =IF(ISNUMBER(AM14),INDEX($R$7:$S$42,AM14,AX$4),AX13) -> 465672.28 | AY14: =IF(ISNUMBER(AN14),INDEX($R$7:$S$42,AN14,AY$4),AY13) -> 464784.78 | AZ14: =IF(ISNUMBER(AO14),INDEX($R$7:$S$42,AO14,AZ$4),AZ13) -> 464909.78 | BA14: =IF(ISNUMBER(AP14),INDEX($R$7:$S$42,AP14,BA$4),BA13) -> 464172.28 | BB14: =IF(ISNUMBER(AQ14),INDEX($R$7:$S$42,AQ14,BB$4),BB13) -> x | ... BD14: =IF(ISNUMBER(AS14),INDEX($R$7:$S$42,AS14,BD$4),BD13) -> x | BF14: 7 | BG14: 7 | BH14: 7 | BI14: =BI13-1 -> -7
B15: =IF(ISNUMBER(C15),B14+1,"") -> 9 | C15: 468834.78 | D15: 7614292.8 | F15: 469934.78 | G15: 7612342.8 | H15: POINT (469934.7813 7612342.75) | I15: [969] | J15: 969 | L15: =IF(ISNUMBER(R15),SQRT((R15-R14)^2+(S15-S14)^2),"") -> 2238.8613 | N15: =IF(ISNUMBER(O15),O15-1,"") -> 8 | O15: =IF(ISNUMBER(Q15),ROW()-ROW(O$6),"") -> 9 | P15: =IF($AB15=M$3,O15,"") | Q15: =IF(ISNUMBER(R15),Q14+1,"") -> 9 | R15: 469934.78 | S15: 7612342.8 | T15: POINT (469934.7813 7612342.75) | U15: [969] | V15: 969 | W15: =IF(ISNUMBER(R15),R15-MIN(R$7:R$42),"") -> 5762.5 | X15: =IF(ISNUMBER(R15),S15-MIN(S$7:S$42),"") -> 4412.5 | Y15: =IF(ISNUMBER(R15),_xlfn.IFS($Y$3=0,_xlfn.CONCAT(ROUND(W15,0),", ",ROUND(X15,0)),$Y$3=1,N15,$Y$3=2,_xlfn.CONCAT(AB15,AC15),$Y$3=3,_xlfn.CONCAT(AG15,AH15),$Y$3=4,BH15,$Y$3=5,BI15,$Y$3=6,BJ15),"") -> 8 | Z15: =IF(ISNUMBER(R15),V14-V15,"") -> -62 | AA15: =IF(Z15<0,MAX(AA$6:AA14)+1,0) -> 3 | AB15: =IF(ISNUMBER(R15),IF(AA15=0,AB14,AA15),"") -> 3 | AC15: =IF(ISNUMBER(R14),IF(AA15<>0,1,AC14+1),"") -> 1 | AE15: 0 | AF15: 0 | AG15: =IF(ISNUMBER(R15),AB15+AE15,"") -> 3 | AH15: =IF(ISNUMBER(S15),AC15+AF15,"") -> 1 | AJ15: =IF($O15<=AJ$4,$O15+AD$6,"") | AK15: =IF($O15<=AK$4,$O15+AJ$6,"") | AL15: =IF($O15<=AL$4,$O15+AK$6,"") | AM15: =IF($O15<=AM$4,$O15+AL$6,"") | AN15: =IF($O15<=AN$4,$O15+AM$6,"") | AO15: =IF($O15<=AO$4,$O15+AN$6,"") | AP15: =IF($O15<=AP$4,$O15+AO$6,"") | AQ15: =IF($O15<=AQ$4,$O15+AP$6,"") | AR15: =IF($O15<=AR$4,$O15+AQ$6,"") | AS15: =IF($O15<=AS$4,$O15+AR$6,"") | AU15: =IF(ISNUMBER(AJ15),INDEX($R$7:$S$42,AJ15,AU$4),AU14) -> 468047.28 | AV15: =IF(ISNUMBER(AK15),INDEX($R$7:$S$42,AK15,AV$4),AV14) -> 468834.78 | AW15: =IF(ISNUMBER(AL15),INDEX($R$7:$S$42,AL15,AW$4),AW14) -> 467172.28 | AX15: =IF(ISNUMBER(AM15),INDEX($R$7:$S$42,AM15,AX$4),AX14) -> 465672.28 | AY15: =IF(ISNUMBER(AN15),INDEX($R$7:$S$42,AN15,AY$4),AY14) -> 464784.78 | AZ15: =IF(ISNUMBER(AO15),INDEX($R$7:$S$42,AO15,AZ$4),AZ14) -> 464909.78 | BA15: =IF(ISNUMBER(AP15),INDEX($R$7:$S$42,AP15,BA$4),BA14) -> 464172.28 | BB15: =IF(ISNUMBER(AQ15),INDEX($R$7:$S$42,AQ15,BB$4),BB14) -> x | ... BD15: =IF(ISNUMBER(AS15),INDEX($R$7:$S$42,AS15,BD$4),BD14) -> x | BF15: 8 | BG15: 8 | BH15: 8 | BI15: -9
B16: =IF(ISNUMBER(C16),B15+1,"") -> 10 | C16: 468047.28 | D16: 7614180.2 | F16: 468797.28 | G16: 7612842.8 | H16: POINT (468797.2813 7612842.75) | I16: [911] | J16: 911 | L16: =IF(ISNUMBER(R16),SQRT((R16-R15)^2+(S16-S15)^2),"") -> 1242.5402 | N16: =IF(ISNUMBER(O16),O16-1,"") -> 9 | O16: =IF(ISNUMBER(Q16),ROW()-ROW(O$6),"") -> 10 | P16: =IF($AB16=M$3,O16,"") | Q16: =IF(ISNUMBER(R16),Q15+1,"") -> 10 | R16: 468797.28 | S16: 7612842.8 | T16: POINT (468797.2813 7612842.75) | U16: [911] | V16: 911 | W16: =IF(ISNUMBER(R16),R16-MIN(R$7:R$42),"") -> 4625 | X16: =IF(ISNUMBER(R16),S16-MIN(S$7:S$42),"") -> 4912.5 | Y16: =IF(ISNUMBER(R16),_xlfn.IFS($Y$3=0,_xlfn.CONCAT(ROUND(W16,0),", ",ROUND(X16,0)),$Y$3=1,N16,$Y$3=2,_xlfn.CONCAT(AB16,AC16),$Y$3=3,_xlfn.CONCAT(AG16,AH16),$Y$3=4,BH16,$Y$3=5,BI16,$Y$3=6,BJ16),"") -> 9 | Z16: =IF(ISNUMBER(R16),V15-V16,"") -> 58 | AA16: =IF(Z16<0,MAX(AA$6:AA15)+1,0) -> 0 | AB16: =IF(ISNUMBER(R16),IF(AA16=0,AB15,AA16),"") -> 3 | AC16: =IF(ISNUMBER(R15),IF(AA16<>0,1,AC15+1),"") -> 2 | AE16: 0 | AF16: 0 | AG16: =IF(ISNUMBER(R16),AB16+AE16,"") -> 3 | AH16: =IF(ISNUMBER(S16),AC16+AF16,"") -> 2 | BF16: 9 | BG16: 9 | BH16: 9 | BI16: =BI15-1 -> -10
B17: =IF(ISNUMBER(C17),B16+1,"") -> 11 | C17: 467797.28 | D17: 7613980.2 | F17: 467797.28 | G17: 7613980.2 | H17: POINT (467797.2813 7613980.25) | I17: [888] | J17: 888 | L17: =IF(ISNUMBER(R17),SQRT((R17-R16)^2+(S17-S16)^2),"") -> 1514.5647 | N17: =IF(ISNUMBER(O17),O17-1,"") -> 10 | O17: =IF(ISNUMBER(Q17),ROW()-ROW(O$6),"") -> 11 | P17: =IF($AB17=M$3,O17,"") | Q17: =IF(ISNUMBER(R17),Q16+1,"") -> 11 | R17: 467797.28 | S17: 7613980.2 | T17: POINT (467797.2813 7613980.25) | U17: [888] | V17: 888 | W17: =IF(ISNUMBER(R17),R17-MIN(R$7:R$42),"") -> 3625 | X17: =IF(ISNUMBER(R17),S17-MIN(S$7:S$42),"") -> 6050 | Y17: =IF(ISNUMBER(R17),_xlfn.IFS($Y$3=0,_xlfn.CONCAT(ROUND(W17,0),", ",ROUND(X17,0)),$Y$3=1,N17,$Y$3=2,_xlfn.CONCAT(AB17,AC17),$Y$3=3,_xlfn.CONCAT(AG17,AH17),$Y$3=4,BH17,$Y$3=5,BI17,$Y$3=6,BJ17),"") -> 10 | Z17: =IF(ISNUMBER(R17),V16-V17,"") -> 23 | AA17: =IF(Z17<0,MAX(AA$6:AA16)+1,0) -> 0 | AB17: =IF(ISNUMBER(R17),IF(AA17=0,AB16,AA17),"") -> 3 | AC17: =IF(ISNUMBER(R16),IF(AA17<>0,1,AC16+1),"") -> 3 | AE17: 1 | AF17: -2 | AG17: =IF(ISNUMBER(R17),AB17+AE17,"") -> 4 | AH17: =IF(ISNUMBER(S17),AC17+AF17,"") -> 1 | AU17: 2 | AV17: 2 | AW17: 2 | AX17: 2 | AY17: 2 | AZ17: 2 | BA17: 2 | BB17: 2 | BC17: 2 | BD17: 2 | BF17: 10 | BG17: 10 | BH17: 10 | BI17: -12 | BJ17: -8 | BK17: -11
B18: =IF(ISNUMBER(C18),B17+1,"") -> 12 | C18: 469934.78 | D18: 7612342.8 | F18: 467172.28 | G18: 7613492.8 | H18: POINT (467172.2813 7613492.75) | I18: [880] | J18: 880 | L18: =IF(ISNUMBER(R18),SQRT((R18-R17)^2+(S18-S17)^2),"") -> 792.64194 | N18: =IF(ISNUMBER(O18),O18-1,"") -> 11 | O18: =IF(ISNUMBER(Q18),ROW()-ROW(O$6),"") -> 12 | P18: =IF($AB18=M$3,O18,"") | Q18: =IF(ISNUMBER(R18),Q17+1,"") -> 12 | R18: 467172.28 | S18: 7613492.8 | T18: POINT (467172.2813 7613492.75) | U18: [880] | V18: 880 | W18: =IF(ISNUMBER(R18),R18-MIN(R$7:R$42),"") -> 3000 | X18: =IF(ISNUMBER(R18),S18-MIN(S$7:S$42),"") -> 5562.5 | Y18: =IF(ISNUMBER(R18),_xlfn.IFS($Y$3=0,_xlfn.CONCAT(ROUND(W18,0),", ",ROUND(X18,0)),$Y$3=1,N18,$Y$3=2,_xlfn.CONCAT(AB18,AC18),$Y$3=3,_xlfn.CONCAT(AG18,AH18),$Y$3=4,BH18,$Y$3=5,BI18,$Y$3=6,BJ18),"") -> 11 | Z18: =IF(ISNUMBER(R18),V17-V18,"") -> 8 | AA18: =IF(Z18<0,MAX(AA$6:AA17)+1,0) -> 0 | AB18: =IF(ISNUMBER(R18),IF(AA18=0,AB17,AA18),"") -> 3 | AC18: =IF(ISNUMBER(R17),IF(AA18<>0,1,AC17+1),"") -> 4 | AE18: 1 | AF18: -2 | AG18: =IF(ISNUMBER(R18),AB18+AE18,"") -> 4 | AH18: =IF(ISNUMBER(S18),AC18+AF18,"") -> 2 | AU18: y | AV18: y | AW18: y | AX18: y | AY18: y | AZ18: y | BA18: y | BB18: y | BC18: y | BD18: y | BF18: 11 | BG18: 11 | BH18: 11 | BI18: =BI17-1 -> -13
B19: =IF(ISNUMBER(C19),B18+1,"") -> 13 | C19: 468797.28 | D19: 7612842.8 | F19: 468434.78 | G19: 7611380.2 | H19: POINT (468434.7813 7611380.25) | I19: [911] | J19: 911 | L19: =IF(ISNUMBER(R19),SQRT((R19-R18)^2+(S19-S18)^2),"") -> 2461.0084 | N19: =IF(ISNUMBER(O19),O19-1,"") -> 12 | O19: =IF(ISNUMBER(Q19),ROW()-ROW(O$6),"") -> 13 | P19: =IF($AB19=M$3,O19,"") | Q19: =IF(ISNUMBER(R19),Q18+1,"") -> 13 | R19: 468434.78 | S19: 7611380.2 | T19: POINT (468434.7813 7611380.25) | U19: [911] | V19: 911 | W19: =IF(ISNUMBER(R19),R19-MIN(R$7:R$42),"") -> 4262.5 | X19: =IF(ISNUMBER(R19),S19-MIN(S$7:S$42),"") -> 3450 | Y19: =IF(ISNUMBER(R19),_xlfn.IFS($Y$3=0,_xlfn.CONCAT(ROUND(W19,0),", ",ROUND(X19,0)),$Y$3=1,N19,$Y$3=2,_xlfn.CONCAT(AB19,AC19),$Y$3=3,_xlfn.CONCAT(AG19,AH19),$Y$3=4,BH19,$Y$3=5,BI19,$Y$3=6,BJ19),"") -> 12 | Z19: =IF(ISNUMBER(R19),V18-V19,"") -> -31 | AA19: =IF(Z19<0,MAX(AA$6:AA18)+1,0) -> 4 | AB19: =IF(ISNUMBER(R19),IF(AA19=0,AB18,AA19),"") -> 4 | AC19: =IF(ISNUMBER(R18),IF(AA19<>0,1,AC18+1),"") -> 1 | AE19: 1 | AF19: 0 | AG19: =IF(ISNUMBER(R19),AB19+AE19,"") -> 5 | AH19: =IF(ISNUMBER(S19),AC19+AF19,"") -> 1 | AJ19: =AJ7 -> 1 | AK19: =AK7 -> 6 | AL19: =AL7 -> 9 | AM19: =AM7 -> 13 | AN19: =AN7 -> 17 | AO19: =AO7 -> 23 | AP19: =AP7 -> 28 | AQ19: =AQ7 | ... AS19: =AS7 | AU19: =IF(ISNUMBER(AJ19),INDEX($R$7:$S$42,AJ19,AU$17),AU18) -> 7616967.8 | AV19: =IF(ISNUMBER(AK19),INDEX($R$7:$S$42,AK19,AV$17),AV18) -> 7613992.8 | AW19: =IF(ISNUMBER(AL19),INDEX($R$7:$S$42,AL19,AW$17),AW18) -> 7612342.8 | AX19: =IF(ISNUMBER(AM19),INDEX($R$7:$S$42,AM19,AX$17),AX18) -> 7611380.2 | AY19: =IF(ISNUMBER(AN19),INDEX($R$7:$S$42,AN19,AY$17),AY18) -> 7613880.2 | AZ19: =IF(ISNUMBER(AO19),INDEX($R$7:$S$42,AO19,AZ$17),AZ18) -> 7609942.8 | BA19: =IF(ISNUMBER(AP19),INDEX($R$7:$S$42,AP19,BA$17),BA18) -> 7609305.2 | BB19: =IF(ISNUMBER(AQ19),INDEX($R$7:$S$42,AQ19,BB$17),BB18) -> y | ... BD19: =IF(ISNUMBER(AS19),INDEX($R$7:$S$42,AS19,BD$17),BD18) -> y | BF19: 12 | BG19: 12 | BH19: 11 | BI19: =BI18-1 -> -14
B20: =IF(ISNUMBER(C20),B19+1,"") -> 14 | C20: 467797.28 | D20: 7613980.2 | F20: 467384.78 | G20: 7612080.2 | H20: POINT (467384.7813 7612080.25) | I20: [896] | J20: 896 | L20: =IF(ISNUMBER(R20),SQRT((R20-R19)^2+(S20-S19)^2),"") -> 1261.9429 | N20: =IF(ISNUMBER(O20),O20-1,"") -> 13 | O20: =IF(ISNUMBER(Q20),ROW()-ROW(O$6),"") -> 14 | P20: =IF($AB20=M$3,O20,"") | Q20: =IF(ISNUMBER(R20),Q19+1,"") -> 14 | R20: 467384.78 | S20: 7612080.2 | T20: POINT (467384.7813 7612080.25) | U20: [896] | V20: 896 | W20: =IF(ISNUMBER(R20),R20-MIN(R$7:R$42),"") -> 3212.5 | X20: =IF(ISNUMBER(R20),S20-MIN(S$7:S$42),"") -> 4150 | Y20: =IF(ISNUMBER(R20),_xlfn.IFS($Y$3=0,_xlfn.CONCAT(ROUND(W20,0),", ",ROUND(X20,0)),$Y$3=1,N20,$Y$3=2,_xlfn.CONCAT(AB20,AC20),$Y$3=3,_xlfn.CONCAT(AG20,AH20),$Y$3=4,BH20,$Y$3=5,BI20,$Y$3=6,BJ20),"") -> 13 | Z20: =IF(ISNUMBER(R20),V19-V20,"") -> 15 | AA20: =IF(Z20<0,MAX(AA$6:AA19)+1,0) -> 0 | AB20: =IF(ISNUMBER(R20),IF(AA20=0,AB19,AA20),"") -> 4 | AC20: =IF(ISNUMBER(R19),IF(AA20<>0,1,AC19+1),"") -> 2 | AE20: 1 | AF20: 0 | AG20: =IF(ISNUMBER(R20),AB20+AE20,"") -> 5 | AH20: =IF(ISNUMBER(S20),AC20+AF20,"") -> 2 | AJ20: =AJ8 -> 2 | AK20: =AK8 -> 7 | AL20: =AL8 -> 10 | AM20: =AM8 -> 14 | AN20: =AN8 -> 18 | AO20: =AO8 -> 24 | AP20: =AP8 -> 29 | AQ20: =AQ8 | ... AS20: =AS8 | AU20: =IF(ISNUMBER(AJ20),INDEX($R$7:$S$42,AJ20,AU$17),AU19) -> 7616642.8 | AV20: =IF(ISNUMBER(AK20),INDEX($R$7:$S$42,AK20,AV$17),AV19) -> 7614405.2 | AW20: =IF(ISNUMBER(AL20),INDEX($R$7:$S$42,AL20,AW$17),AW19) -> 7612842.8 | AX20: =IF(ISNUMBER(AM20),INDEX($R$7:$S$42,AM20,AX$17),AX19) -> 7612080.2 | AY20: =IF(ISNUMBER(AN20),INDEX($R$7:$S$42,AN20,AY$17),AY19) -> 7612830.2 | AZ20: =IF(ISNUMBER(AO20),INDEX($R$7:$S$42,AO20,AZ$17),AZ19) -> 7609955.2 | BA20: =IF(ISNUMBER(AP20),INDEX($R$7:$S$42,AP20,BA$17),BA19) -> 7607930.2 | BB20: =IF(ISNUMBER(AQ20),INDEX($R$7:$S$42,AQ20,BB$17),BB19) -> y | ... BD20: =IF(ISNUMBER(AS20),INDEX($R$7:$S$42,AS20,BD$17),BD19) -> y | BF20: 13 | BG20: 13 | BH20: 11 | BI20: =BI19-1 -> -15
B21: =IF(ISNUMBER(C21),B20+1,"") -> 15 | C21: 467172.28 | D21: 7613492.8 | F21: 466597.28 | G21: 7613155.2 | H21: POINT (466597.2813 7613155.25) | I21: [880] | J21: 880 | L21: =IF(ISNUMBER(R21),SQRT((R21-R20)^2+(S21-S20)^2),"") -> 1332.5844 | N21: =IF(ISNUMBER(O21),O21-1,"") -> 14 | O21: =IF(ISNUMBER(Q21),ROW()-ROW(O$6),"") -> 15 | P21: =IF($AB21=M$3,O21,"") | Q21: =IF(ISNUMBER(R21),Q20+1,"") -> 15 | R21: 466597.28 | S21: 7613155.2 | T21: POINT (466597.2813 7613155.25) | U21: [880] | V21: 880 | W21: =IF(ISNUMBER(R21),R21-MIN(R$7:R$42),"") -> 2425 | X21: =IF(ISNUMBER(R21),S21-MIN(S$7:S$42),"") -> 5225 | Y21: =IF(ISNUMBER(R21),_xlfn.IFS($Y$3=0,_xlfn.CONCAT(ROUND(W21,0),", ",ROUND(X21,0)),$Y$3=1,N21,$Y$3=2,_xlfn.CONCAT(AB21,AC21),$Y$3=3,_xlfn.CONCAT(AG21,AH21),$Y$3=4,BH21,$Y$3=5,BI21,$Y$3=6,BJ21),"") -> 14 | Z21: =IF(ISNUMBER(R21),V20-V21,"") -> 16 | AA21: =IF(Z21<0,MAX(AA$6:AA20)+1,0) -> 0 | AB21: =IF(ISNUMBER(R21),IF(AA21=0,AB20,AA21),"") -> 4 | AC21: =IF(ISNUMBER(R20),IF(AA21<>0,1,AC20+1),"") -> 3 | AE21: 2 | AF21: -2 | AG21: =IF(ISNUMBER(R21),AB21+AE21,"") -> 6 | AH21: =IF(ISNUMBER(S21),AC21+AF21,"") -> 1 | AJ21: =AJ9 -> 3 | AK21: =AK9 -> 8 | AL21: =AL9 -> 11 | AM21: =AM9 -> 15 | AN21: =AN9 -> 19 | AO21: =AO9 -> 25 | AP21: =AP9 | AQ21: =AQ9 | ... AS21: =AS9 | AU21: =IF(ISNUMBER(AJ21),INDEX($R$7:$S$42,AJ21,AU$17),AU20) -> 7615805.2 | AV21: =IF(ISNUMBER(AK21),INDEX($R$7:$S$42,AK21,AV$17),AV20) -> 7614292.8 | AW21: =IF(ISNUMBER(AL21),INDEX($R$7:$S$42,AL21,AW$17),AW20) -> 7613980.2 | AX21: =IF(ISNUMBER(AM21),INDEX($R$7:$S$42,AM21,AX$17),AX20) -> 7613155.2 | AY21: =IF(ISNUMBER(AN21),INDEX($R$7:$S$42,AN21,AY$17),AY20) -> 7611667.8 | AZ21: =IF(ISNUMBER(AO21),INDEX($R$7:$S$42,AO21,AZ$17),AZ20) -> 7610467.8 | BA21: =IF(ISNUMBER(AP21),INDEX($R$7:$S$42,AP21,BA$17),BA20) -> 7607930.2 | BB21: =IF(ISNUMBER(AQ21),INDEX($R$7:$S$42,AQ21,BB$17),BB20) -> y | ... BD21: =IF(ISNUMBER(AS21),INDEX($R$7:$S$42,AS21,BD$17),BD20) -> y | BF21: 14 | BG21: 14 | BH21: 11 | BI21: =BI20-1 -> -16 | BJ21: -17
B22: =IF(ISNUMBER(C22),B21+1,"") -> 16 | C22: 466597.28 | D22: 7613155.2 | F22: 465672.28 | G22: 7613092.8 | H22: POINT (465672.2813 7613092.75) | I22: [880] | J22: 880 | L22: =IF(ISNUMBER(R22),SQRT((R22-R21)^2+(S22-S21)^2),"") -> 927.10908 | N22: =IF(ISNUMBER(O22),O22-1,"") -> 15 | O22: =IF(ISNUMBER(Q22),ROW()-ROW(O$6),"") -> 16 | P22: =IF($AB22=M$3,O22,"") | Q22: =IF(ISNUMBER(R22),Q21+1,"") -> 16 | R22: 465672.28 | S22: 7613092.8 | T22: POINT (465672.2813 7613092.75) | U22: [880] | V22: 880 | W22: =IF(ISNUMBER(R22),R22-MIN(R$7:R$42),"") -> 1500 | X22: =IF(ISNUMBER(R22),S22-MIN(S$7:S$42),"") -> 5162.5 | Y22: =IF(ISNUMBER(R22),_xlfn.IFS($Y$3=0,_xlfn.CONCAT(ROUND(W22,0),", ",ROUND(X22,0)),$Y$3=1,N22,$Y$3=2,_xlfn.CONCAT(AB22,AC22),$Y$3=3,_xlfn.CONCAT(AG22,AH22),$Y$3=4,BH22,$Y$3=5,BI22,$Y$3=6,BJ22),"") -> 15 | Z22: =IF(ISNUMBER(R22),V21-V22,"") -> 0 | AA22: =IF(Z22<0,MAX(AA$6:AA21)+1,0) -> 0 | AB22: =IF(ISNUMBER(R22),IF(AA22=0,AB21,AA22),"") -> 4 | AC22: =IF(ISNUMBER(R21),IF(AA22<>0,1,AC21+1),"") -> 4 | AE22: 2 | AF22: -2 | AG22: =IF(ISNUMBER(R22),AB22+AE22,"") -> 6 | AH22: =IF(ISNUMBER(S22),AC22+AF22,"") -> 2 | AJ22: =AJ10 -> 4 | AK22: =AK10 | AL22: =AL10 -> 12 | AM22: =AM10 -> 16 | AN22: =AN10 -> 20 | AO22: =AO10 -> 26 | AP22: =AP10 | AQ22: =AQ10 | ... AS22: =AS10 | AU22: =IF(ISNUMBER(AJ22),INDEX($R$7:$S$42,AJ22,AU$17),AU21) -> 7614955.2 | AV22: =IF(ISNUMBER(AK22),INDEX($R$7:$S$42,AK22,AV$17),AV21) -> 7614292.8 | AW22: =IF(ISNUMBER(AL22),INDEX($R$7:$S$42,AL22,AW$17),AW21) -> 7613492.8 | AX22: =IF(ISNUMBER(AM22),INDEX($R$7:$S$42,AM22,AX$17),AX21) -> 7613092.8 | AY22: =IF(ISNUMBER(AN22),INDEX($R$7:$S$42,AN22,AY$17),AY21) -> 7611405.2 | AZ22: =IF(ISNUMBER(AO22),INDEX($R$7:$S$42,AO22,AZ$17),AZ21) -> 7610505.2 | BA22: =IF(ISNUMBER(AP22),INDEX($R$7:$S$42,AP22,BA$17),BA21) -> 7607930.2 | BB22: =IF(ISNUMBER(AQ22),INDEX($R$7:$S$42,AQ22,BB$17),BB21) -> y | ... BD22: =IF(ISNUMBER(AS22),INDEX($R$7:$S$42,AS22,BD$17),BD21) -> y | BF22: 15 | BG22: 15 | BH22: 11 | BI22: -18
B23: =IF(ISNUMBER(C23),B22+1,"") -> 17 | C23: 468434.78 | D23: 7611380.2 | F23: 464872.28 | G23: 7613880.2 | H23: POINT (464872.2813 7613880.25) | I23: [890] | J23: 890 | L23: =IF(ISNUMBER(R23),SQRT((R23-R22)^2+(S23-S22)^2),"") -> 1122.5668 | N23: =IF(ISNUMBER(O23),O23-1,"") -> 16 | O23: =IF(ISNUMBER(Q23),ROW()-ROW(O$6),"") -> 17 | P23: =IF($AB23=M$3,O23,"") | Q23: =IF(ISNUMBER(R23),Q22+1,"") -> 17 | R23: 464872.28 | S23: 7613880.2 | T23: POINT (464872.2813 7613880.25) | U23: [890] | V23: 890 | W23: =IF(ISNUMBER(R23),R23-MIN(R$7:R$42),"") -> 700 | X23: =IF(ISNUMBER(R23),S23-MIN(S$7:S$42),"") -> 5950 | Y23: =IF(ISNUMBER(R23),_xlfn.IFS($Y$3=0,_xlfn.CONCAT(ROUND(W23,0),", ",ROUND(X23,0)),$Y$3=1,N23,$Y$3=2,_xlfn.CONCAT(AB23,AC23),$Y$3=3,_xlfn.CONCAT(AG23,AH23),$Y$3=4,BH23,$Y$3=5,BI23,$Y$3=6,BJ23),"") -> 16 | Z23: =IF(ISNUMBER(R23),V22-V23,"") -> -10 | AA23: =IF(Z23<0,MAX(AA$6:AA22)+1,0) -> 5 | AB23: =IF(ISNUMBER(R23),IF(AA23=0,AB22,AA23),"") -> 5 | AC23: =IF(ISNUMBER(R22),IF(AA23<>0,1,AC22+1),"") -> 1 | AE23: =AE22 -> 2 | AF23: 0 | AG23: =IF(ISNUMBER(R23),AB23+AE23,"") -> 7 | AH23: =IF(ISNUMBER(S23),AC23+AF23,"") -> 1 | AJ23: =AJ11 -> 5 | AK23: =AK11 | AL23: =AL11 | AM23: =AM11 | AN23: =AN11 -> 21 | AO23: =AO11 -> 27 | AP23: =AP11 | AQ23: =AQ11 | ... AS23: =AS11 | AU23: =IF(ISNUMBER(AJ23),INDEX($R$7:$S$42,AJ23,AU$17),AU22) -> 7614180.2 | AV23: =IF(ISNUMBER(AK23),INDEX($R$7:$S$42,AK23,AV$17),AV22) -> 7614292.8 | AW23: =IF(ISNUMBER(AL23),INDEX($R$7:$S$42,AL23,AW$17),AW22) -> 7613492.8 | AX23: =IF(ISNUMBER(AM23),INDEX($R$7:$S$42,AM23,AX$17),AX22) -> 7613092.8 | AY23: =IF(ISNUMBER(AN23),INDEX($R$7:$S$42,AN23,AY$17),AY22) -> 7610630.2 | AZ23: =IF(ISNUMBER(AO23),INDEX($R$7:$S$42,AO23,AZ$17),AZ22) -> 7609892.8 | BA23: =IF(ISNUMBER(AP23),INDEX($R$7:$S$42,AP23,BA$17),BA22) -> 7607930.2 | BB23: =IF(ISNUMBER(AQ23),INDEX($R$7:$S$42,AQ23,BB$17),BB22) -> y | ... BD23: =IF(ISNUMBER(AS23),INDEX($R$7:$S$42,AS23,BD$17),BD22) -> y | BF23: 16 | BG23: 16 | BH23: 11 | BI23: =BI22-1 -> -19
B24: =IF(ISNUMBER(C24),B23+1,"") -> 18 | C24: 467384.78 | D24: 7612080.2 | F24: 465422.28 | G24: 7612830.2 | H24: POINT (465422.2813 7612830.25) | I24: [877] | J24: 877 | L24: =IF(ISNUMBER(R24),SQRT((R24-R23)^2+(S24-S23)^2),"") -> 1185.327 | N24: =IF(ISNUMBER(O24),O24-1,"") -> 17 | O24: =IF(ISNUMBER(Q24),ROW()-ROW(O$6),"") -> 18 | P24: =IF($AB24=M$3,O24,"") | Q24: =IF(ISNUMBER(R24),Q23+1,"") -> 18 | R24: 465422.28 | S24: 7612830.2 | T24: POINT (465422.2813 7612830.25) | U24: [877] | V24: 877 | W24: =IF(ISNUMBER(R24),R24-MIN(R$7:R$42),"") -> 1250 | X24: =IF(ISNUMBER(R24),S24-MIN(S$7:S$42),"") -> 4900 | Y24: =IF(ISNUMBER(R24),_xlfn.IFS($Y$3=0,_xlfn.CONCAT(ROUND(W24,0),", ",ROUND(X24,0)),$Y$3=1,N24,$Y$3=2,_xlfn.CONCAT(AB24,AC24),$Y$3=3,_xlfn.CONCAT(AG24,AH24),$Y$3=4,BH24,$Y$3=5,BI24,$Y$3=6,BJ24),"") -> 17 | Z24: =IF(ISNUMBER(R24),V23-V24,"") -> 13 | AA24: =IF(Z24<0,MAX(AA$6:AA23)+1,0) -> 0 | AB24: =IF(ISNUMBER(R24),IF(AA24=0,AB23,AA24),"") -> 5 | AC24: =IF(ISNUMBER(R23),IF(AA24<>0,1,AC23+1),"") -> 2 | AE24: 3 | AF24: -1 | AG24: =IF(ISNUMBER(R24),AB24+AE24,"") -> 8 | AH24: =IF(ISNUMBER(S24),AC24+AF24,"") -> 1 | AJ24: =AJ12 | AK24: =AK12 | AL24: =AL12 | AM24: =AM12 | AN24: =AN12 -> 22 | AO24: =AO12 | AP24: =AP12 | AQ24: =AQ12 | ... AS24: =AS12 | AU24: =IF(ISNUMBER(AJ24),INDEX($R$7:$S$42,AJ24,AU$17),AU23) -> 7614180.2 | AV24: =IF(ISNUMBER(AK24),INDEX($R$7:$S$42,AK24,AV$17),AV23) -> 7614292.8 | AW24: =IF(ISNUMBER(AL24),INDEX($R$7:$S$42,AL24,AW$17),AW23) -> 7613492.8 | AX24: =IF(ISNUMBER(AM24),INDEX($R$7:$S$42,AM24,AX$17),AX23) -> 7613092.8 | AY24: =IF(ISNUMBER(AN24),INDEX($R$7:$S$42,AN24,AY$17),AY23) -> 7609967.8 | AZ24: =IF(ISNUMBER(AO24),INDEX($R$7:$S$42,AO24,AZ$17),AZ23) -> 7609892.8 | BA24: =IF(ISNUMBER(AP24),INDEX($R$7:$S$42,AP24,BA$17),BA23) -> 7607930.2 | BB24: =IF(ISNUMBER(AQ24),INDEX($R$7:$S$42,AQ24,BB$17),BB23) -> y | ... BD24: =IF(ISNUMBER(AS24),INDEX($R$7:$S$42,AS24,BD$17),BD23) -> y | BF24: 17 | BG24: 17 | BH24: 11 | BI24: =BI23-1 -> -20
B25: =IF(ISNUMBER(C25),B24+1,"") -> 19 | C25: 466597.28 | D25: 7613155.2 | F25: 465284.78 | G25: 7611667.8 | H25: POINT (465284.7813 7611667.75) | I25: [863] | J25: 863 | L25: =IF(ISNUMBER(R25),SQRT((R25-R24)^2+(S25-S24)^2),"") -> 1170.6035 | N25: =IF(ISNUMBER(O25),O25-1,"") -> 18 | O25: =IF(ISNUMBER(Q25),ROW()-ROW(O$6),"") -> 19 | P25: =IF($AB25=M$3,O25,"") | Q25: =IF(ISNUMBER(R25),Q24+1,"") -> 19 | R25: 465284.78 | S25: 7611667.8 | T25: POINT (465284.7813 7611667.75) | U25: [863] | V25: 863 | W25: =IF(ISNUMBER(R25),R25-MIN(R$7:R$42),"") -> 1112.5 | X25: =IF(ISNUMBER(R25),S25-MIN(S$7:S$42),"") -> 3737.5 | Y25: =IF(ISNUMBER(R25),_xlfn.IFS($Y$3=0,_xlfn.CONCAT(ROUND(W25,0),", ",ROUND(X25,0)),$Y$3=1,N25,$Y$3=2,_xlfn.CONCAT(AB25,AC25),$Y$3=3,_xlfn.CONCAT(AG25,AH25),$Y$3=4,BH25,$Y$3=5,BI25,$Y$3=6,BJ25),"") -> 18 | Z25: =IF(ISNUMBER(R25),V24-V25,"") -> 14 | AA25: =IF(Z25<0,MAX(AA$6:AA24)+1,0) -> 0 | AB25: =IF(ISNUMBER(R25),IF(AA25=0,AB24,AA25),"") -> 5 | AC25: =IF(ISNUMBER(R24),IF(AA25<>0,1,AC24+1),"") -> 3 | AE25: =AE24 -> 3 | AF25: -1 | AG25: =IF(ISNUMBER(R25),AB25+AE25,"") -> 8 | AH25: =IF(ISNUMBER(S25),AC25+AF25,"") -> 2 | AJ25: =AJ13 | AK25: =AK13 | AL25: =AL13 | AM25: =AM13 | AN25: =AN13 | AO25: =AO13 | AP25: =AP13 | AQ25: =AQ13 | ... AS25: =AS13 | AU25: =IF(ISNUMBER(AJ25),INDEX($R$7:$S$42,AJ25,AU$17),AU24) -> 7614180.2 | AV25: =IF(ISNUMBER(AK25),INDEX($R$7:$S$42,AK25,AV$17),AV24) -> 7614292.8 | AW25: =IF(ISNUMBER(AL25),INDEX($R$7:$S$42,AL25,AW$17),AW24) -> 7613492.8 | AX25: =IF(ISNUMBER(AM25),INDEX($R$7:$S$42,AM25,AX$17),AX24) -> 7613092.8 | AY25: =IF(ISNUMBER(AN25),INDEX($R$7:$S$42,AN25,AY$17),AY24) -> 7609967.8 | AZ25: =IF(ISNUMBER(AO25),INDEX($R$7:$S$42,AO25,AZ$17),AZ24) -> 7609892.8 | BA25: =IF(ISNUMBER(AP25),INDEX($R$7:$S$42,AP25,BA$17),BA24) -> 7607930.2 | BB25: =IF(ISNUMBER(AQ25),INDEX($R$7:$S$42,AQ25,BB$17),BB24) -> y | ... BD25: =IF(ISNUMBER(AS25),INDEX($R$7:$S$42,AS25,BD$17),BD24) -> y | BF25: 18 | BG25: 18 | BH25: 11 | BI25: =BI24-1 -> -21 | BJ25: C
B26: =IF(ISNUMBER(C26),B25+1,"") -> 20 | C26: 465672.28 | D26: 7613092.8 | F26: 464384.78 | G26: 7611405.2 | H26: POINT (464384.7813 7611405.25) | I26: [854] | J26: 854 | L26: =IF(ISNUMBER(R26),SQRT((R26-R25)^2+(S26-S25)^2),"") -> 937.5 | N26: =IF(ISNUMBER(O26),O26-1,"") -> 19 | O26: =IF(ISNUMBER(Q26),ROW()-ROW(O$6),"") -> 20 | P26: =IF($AB26=M$3,O26,"") | Q26: =IF(ISNUMBER(R26),Q25+1,"") -> 20 | R26: 464384.78 | S26: 7611405.2 | T26: POINT (464384.7813 7611405.25) | U26: [854] | V26: 854 | W26: =IF(ISNUMBER(R26),R26-MIN(R$7:R$42),"") -> 212.5 | X26: =IF(ISNUMBER(R26),S26-MIN(S$7:S$42),"") -> 3475 | Y26: =IF(ISNUMBER(R26),_xlfn.IFS($Y$3=0,_xlfn.CONCAT(ROUND(W26,0),", ",ROUND(X26,0)),$Y$3=1,N26,$Y$3=2,_xlfn.CONCAT(AB26,AC26),$Y$3=3,_xlfn.CONCAT(AG26,AH26),$Y$3=4,BH26,$Y$3=5,BI26,$Y$3=6,BJ26),"") -> 19 | Z26: =IF(ISNUMBER(R26),V25-V26,"") -> 9 | AA26: =IF(Z26<0,MAX(AA$6:AA25)+1,0) -> 0 | AB26: =IF(ISNUMBER(R26),IF(AA26=0,AB25,AA26),"") -> 5 | AC26: =IF(ISNUMBER(R25),IF(AA26<>0,1,AC25+1),"") -> 4 | AE26: =AE25 -> 3 | AF26: -1 | AG26: =IF(ISNUMBER(R26),AB26+AE26,"") -> 8 | AH26: =IF(ISNUMBER(S26),AC26+AF26,"") -> 3 | AJ26: =AJ14 | AK26: =AK14 | AL26: =AL14 | AM26: =AM14 | AN26: =AN14 | AO26: =AO14 | AP26: =AP14 | AQ26: =AQ14 | ... AS26: =AS14 | AU26: =IF(ISNUMBER(#REF!),INDEX($R$7:$S$42,#REF!,AU$17),AU25) -> 7614180.2 | AV26: =IF(ISNUMBER(#REF!),INDEX($R$7:$S$42,#REF!,AV$17),AV25) -> 7614292.8 | AW26: =IF(ISNUMBER(#REF!),INDEX($R$7:$S$42,#REF!,AW$17),AW25) -> 7613492.8 | AX26: =IF(ISNUMBER(#REF!),INDEX($R$7:$S$42,#REF!,AX$17),AX25) -> 7613092.8 | AY26: =IF(ISNUMBER(#REF!),INDEX($R$7:$S$42,#REF!,AY$17),AY25) -> 7609967.8 | AZ26: =IF(ISNUMBER(#REF!),INDEX($R$7:$S$42,#REF!,AZ$17),AZ25) -> 7609892.8 | BA26: =IF(ISNUMBER(#REF!),INDEX($R$7:$S$42,#REF!,BA$17),BA25) -> 7607930.2 | BB26: =IF(ISNUMBER(#REF!),INDEX($R$7:$S$42,#REF!,BB$17),BB25) -> y | ... BD26: =IF(ISNUMBER(#REF!),INDEX($R$7:$S$42,#REF!,BD$17),BD25) -> y | BF26: 19 | BG26: 19 | BH26: 11 | BI26: =BI25-1 -> -22
B27: =IF(ISNUMBER(C27),B26+1,"") -> 21 | C27: 465422.28 | D27: 7612830.2 | F27: 464297.28 | G27: 7610630.2 | H27: POINT (464297.2813 7610630.25) | I27: [847] | J27: 847 | L27: =IF(ISNUMBER(R27),SQRT((R27-R26)^2+(S27-S26)^2),"") -> 779.92387 | N27: =IF(ISNUMBER(O27),O27-1,"") -> 20 | O27: =IF(ISNUMBER(Q27),ROW()-ROW(O$6),"") -> 21 | P27: =IF($AB27=M$3,O27,"") | Q27: =IF(ISNUMBER(R27),Q26+1,"") -> 21 | R27: 464297.28 | S27: 7610630.2 | T27: POINT (464297.2813 7610630.25) | U27: [847] | V27: 847 | W27: =IF(ISNUMBER(R27),R27-MIN(R$7:R$42),"") -> 125 | X27: =IF(ISNUMBER(R27),S27-MIN(S$7:S$42),"") -> 2700 | Y27: =IF(ISNUMBER(R27),_xlfn.IFS($Y$3=0,_xlfn.CONCAT(ROUND(W27,0),", ",ROUND(X27,0)),$Y$3=1,N27,$Y$3=2,_xlfn.CONCAT(AB27,AC27),$Y$3=3,_xlfn.CONCAT(AG27,AH27),$Y$3=4,BH27,$Y$3=5,BI27,$Y$3=6,BJ27),"") -> 20 | Z27: =IF(ISNUMBER(R27),V26-V27,"") -> 7 | AA27: =IF(Z27<0,MAX(AA$6:AA26)+1,0) -> 0 | AB27: =IF(ISNUMBER(R27),IF(AA27=0,AB26,AA27),"") -> 5 | AC27: =IF(ISNUMBER(R26),IF(AA27<>0,1,AC26+1),"") -> 5 | AE27: =AE26 -> 3 | AF27: -1 | AG27: =IF(ISNUMBER(R27),AB27+AE27,"") -> 8 | AH27: =IF(ISNUMBER(S27),AC27+AF27,"") -> 4 | AJ27: =AJ15 | AK27: =AK15 | AL27: =AL15 | AM27: =AM15 | AN27: =AN15 | AO27: =AO15 | AP27: =AP15 | AQ27: =AQ15 | ... AS27: =AS15 | AU27: =IF(ISNUMBER(#REF!),INDEX($R$7:$S$42,#REF!,AU$17),AU26) -> 7614180.2 | AV27: =IF(ISNUMBER(#REF!),INDEX($R$7:$S$42,#REF!,AV$17),AV26) -> 7614292.8 | AW27: =IF(ISNUMBER(#REF!),INDEX($R$7:$S$42,#REF!,AW$17),AW26) -> 7613492.8 | AX27: =IF(ISNUMBER(#REF!),INDEX($R$7:$S$42,#REF!,AX$17),AX26) -> 7613092.8 | AY27: =IF(ISNUMBER(#REF!),INDEX($R$7:$S$42,#REF!,AY$17),AY26) -> 7609967.8 | AZ27: =IF(ISNUMBER(#REF!),INDEX($R$7:$S$42,#REF!,AZ$17),AZ26) -> 7609892.8 | BA27: =IF(ISNUMBER(#REF!),INDEX($R$7:$S$42,#REF!,BA$17),BA26) -> 7607930.2 | BB27: =IF(ISNUMBER(#REF!),INDEX($R$7:$S$42,#REF!,BB$17),BB26) -> y | ... BD27: =IF(ISNUMBER(#REF!),INDEX($R$7:$S$42,#REF!,BD$17),BD26) -> y | BF27: 20 | BG27: 20 | BH27: 11 | BI27: =BI26-1 -> -23
B28: =IF(ISNUMBER(C28),B27+1,"") -> 22 | C28: 464872.28 | D28: 7613880.2 | F28: 464784.78 | G28: 7609967.8 | H28: POINT (464784.7813 7609967.75) | I28: [844] | J28: 844 | L28: =IF(ISNUMBER(R28),SQRT((R28-R27)^2+(S28-S27)^2),"") -> 822.53419 | N28: =IF(ISNUMBER(O28),O28-1,"") -> 21 | O28: =IF(ISNUMBER(Q28),ROW()-ROW(O$6),"") -> 22 | P28: =IF($AB28=M$3,O28,"") | Q28: =IF(ISNUMBER(R28),Q27+1,"") -> 22 | R28: 464784.78 | S28: 7609967.8 | T28: POINT (464784.7813 7609967.75) | U28: [844] | V28: 844 | W28: =IF(ISNUMBER(R28),R28-MIN(R$7:R$42),"") -> 612.5 | X28: =IF(ISNUMBER(R28),S28-MIN(S$7:S$42),"") -> 2037.5 | Y28: =IF(ISNUMBER(R28),_xlfn.IFS($Y$3=0,_xlfn.CONCAT(ROUND(W28,0),", ",ROUND(X28,0)),$Y$3=1,N28,$Y$3=2,_xlfn.CONCAT(AB28,AC28),$Y$3=3,_xlfn.CONCAT(AG28,AH28),$Y$3=4,BH28,$Y$3=5,BI28,$Y$3=6,BJ28),"") -> 21 | Z28: =IF(ISNUMBER(R28),V27-V28,"") -> 3 | AA28: =IF(Z28<0,MAX(AA$6:AA27)+1,0) -> 0 | AB28: =IF(ISNUMBER(R28),IF(AA28=0,AB27,AA28),"") -> 5 | AC28: =IF(ISNUMBER(R27),IF(AA28<>0,1,AC27+1),"") -> 6 | AE28: =AE27 -> 3 | AF28: -1 | AG28: =IF(ISNUMBER(R28),AB28+AE28,"") -> 8 | AH28: =IF(ISNUMBER(S28),AC28+AF28,"") -> 5 | BF28: 21 | BG28: 21 | BH28: 11 | BI28: =BI27-1 -> -24
B29: =IF(ISNUMBER(C29),B28+1,"") -> 23 | C29: 465422.28 | D29: 7612830.2 | F29: 468284.78 | G29: 7609942.8 | H29: POINT (468284.7813 7609942.75) | I29: [928] | J29: 928 | L29: =IF(ISNUMBER(R29),SQRT((R29-R28)^2+(S29-S28)^2),"") -> 3500.0893 | N29: =IF(ISNUMBER(O29),O29-1,"") -> 22 | O29: =IF(ISNUMBER(Q29),ROW()-ROW(O$6),"") -> 23 | P29: =IF($AB29=M$3,O29,"") | Q29: =IF(ISNUMBER(R29),Q28+1,"") -> 23 | R29: 468284.78 | S29: 7609942.8 | T29: POINT (468284.7813 7609942.75) | U29: [928] | V29: 928 | W29: =IF(ISNUMBER(R29),R29-MIN(R$7:R$42),"") -> 4112.5 | X29: =IF(ISNUMBER(R29),S29-MIN(S$7:S$42),"") -> 2012.5 | Y29: =IF(ISNUMBER(R29),_xlfn.IFS($Y$3=0,_xlfn.CONCAT(ROUND(W29,0),", ",ROUND(X29,0)),$Y$3=1,N29,$Y$3=2,_xlfn.CONCAT(AB29,AC29),$Y$3=3,_xlfn.CONCAT(AG29,AH29),$Y$3=4,BH29,$Y$3=5,BI29,$Y$3=6,BJ29),"") -> 22 | Z29: =IF(ISNUMBER(R29),V28-V29,"") -> -84 | AA29: =IF(Z29<0,MAX(AA$6:AA28)+1,0) -> 6 | AB29: =IF(ISNUMBER(R29),IF(AA29=0,AB28,AA29),"") -> 6 | AC29: =IF(ISNUMBER(R28),IF(AA29<>0,1,AC28+1),"") -> 1 | AE29: =AE28 -> 3 | AF29: 0 | AG29: =IF(ISNUMBER(R29),AB29+AE29,"") -> 9 | AH29: =IF(ISNUMBER(S29),AC29+AF29,"") -> 1 | AJ29: =IF(AND(ISNUMBER(AJ7),(ISNUMBER(O$5))),INDEX($Y$7:$Y$41,AJ7,1),"") -> 0 | AK29: =IF(AND(ISNUMBER(AK7),(ISNUMBER(P$5))),INDEX($Y$7:$Y$41,AK7,1),"") -> 5 | AL29: =IF(AND(ISNUMBER(AL7),(ISNUMBER(Q$5))),INDEX($Y$7:$Y$41,AL7,1),"") -> 8 | AM29: =IF(AND(ISNUMBER(AM7),(ISNUMBER(R$5))),INDEX($Y$7:$Y$41,AM7,1),"") -> 12 | AN29: =IF(AND(ISNUMBER(AN7),(ISNUMBER(S$5))),INDEX($Y$7:$Y$41,AN7,1),"") -> 16 | AO29: =IF(AND(ISNUMBER(AO7),(ISNUMBER(T$5))),INDEX($Y$7:$Y$41,AO7,1),"") -> 22 | AP29: =IF(AND(ISNUMBER(AP7),(ISNUMBER(U$5))),INDEX($Y$7:$Y$41,AP7,1),"") -> 27 | AQ29: =IF(AND(ISNUMBER(AQ7),(ISNUMBER(V$5))),INDEX($Y$7:$Y$41,AQ7,1),"") | AR29: =IF(AND(ISNUMBER(AR7),(ISNUMBER(#REF!))),INDEX($Y$7:$Y$41,AR7,1),"") | AS29: =IF(AND(ISNUMBER(AS7),(ISNUMBER(W$5))),INDEX($Y$7:$Y$41,AS7,1),"") | BF29: 22 | BG29: 22 | BH29: 11 | BI29: =BI28-1 -> -25
B30: =IF(ISNUMBER(C30),B29+1,"") -> 24 | C30: 465284.78 | D30: 7611667.8 | F30: 466622.28 | G30: 7609955.2 | H30: POINT (466622.2813 7609955.25) | I30: [895] | J30: 895 | L30: =IF(ISNUMBER(R30),SQRT((R30-R29)^2+(S30-S29)^2),"") -> 1662.547 | N30: =IF(ISNUMBER(O30),O30-1,"") -> 23 | O30: =IF(ISNUMBER(Q30),ROW()-ROW(O$6),"") -> 24 | P30: =IF($AB30=M$3,O30,"") | Q30: =IF(ISNUMBER(R30),Q29+1,"") -> 24 | R30: 466622.28 | S30: 7609955.2 | T30: POINT (466622.2813 7609955.25) | U30: [895] | V30: 895 | W30: =IF(ISNUMBER(R30),R30-MIN(R$7:R$42),"") -> 2450 | X30: =IF(ISNUMBER(R30),S30-MIN(S$7:S$42),"") -> 2025 | Y30: =IF(ISNUMBER(R30),_xlfn.IFS($Y$3=0,_xlfn.CONCAT(ROUND(W30,0),", ",ROUND(X30,0)),$Y$3=1,N30,$Y$3=2,_xlfn.CONCAT(AB30,AC30),$Y$3=3,_xlfn.CONCAT(AG30,AH30),$Y$3=4,BH30,$Y$3=5,BI30,$Y$3=6,BJ30),"") -> 23 | Z30: =IF(ISNUMBER(R30),V29-V30,"") -> 33 | AA30: =IF(Z30<0,MAX(AA$6:AA29)+1,0) -> 0 | AB30: =IF(ISNUMBER(R30),IF(AA30=0,AB29,AA30),"") -> 6 | AC30: =IF(ISNUMBER(R29),IF(AA30<>0,1,AC29+1),"") -> 2 | AE30: =AE29 -> 3 | AF30: 0 | AG30: =IF(ISNUMBER(R30),AB30+AE30,"") -> 9 | AH30: =IF(ISNUMBER(S30),AC30+AF30,"") -> 2 | AJ30: =IF(AND(ISNUMBER(AJ8),(ISNUMBER(O$5))),INDEX($Y$7:$Y$41,AJ8,1),"") -> 1 | AK30: =IF(AND(ISNUMBER(AK8),(ISNUMBER(P$5))),INDEX($Y$7:$Y$41,AK8,1),"") -> 6 | AL30: =IF(AND(ISNUMBER(AL8),(ISNUMBER(Q$5))),INDEX($Y$7:$Y$41,AL8,1),"") -> 9 | AM30: =IF(AND(ISNUMBER(AM8),(ISNUMBER(R$5))),INDEX($Y$7:$Y$41,AM8,1),"") -> 13 | AN30: =IF(AND(ISNUMBER(AN8),(ISNUMBER(S$5))),INDEX($Y$7:$Y$41,AN8,1),"") -> 17 | AO30: =IF(AND(ISNUMBER(AO8),(ISNUMBER(T$5))),INDEX($Y$7:$Y$41,AO8,1),"") -> 23 | AP30: =IF(AND(ISNUMBER(AP8),(ISNUMBER(U$5))),INDEX($Y$7:$Y$41,AP8,1),"") -> 28 | AQ30: =IF(AND(ISNUMBER(AQ8),(ISNUMBER(V$5))),INDEX($Y$7:$Y$41,AQ8,1),"") | AR30: =IF(AND(ISNUMBER(AR8),(ISNUMBER(#REF!))),INDEX($Y$7:$Y$41,AR8,1),"") | AS30: =IF(AND(ISNUMBER(AS8),(ISNUMBER(W$5))),INDEX($Y$7:$Y$41,AS8,1),"") | BF30: 23 | BG30: 23 | BH30: 11 | BI30: =BI29-1 -> -26
B31: =IF(ISNUMBER(C31),B30+1,"") -> 25 | C31: 464384.78 | D31: 7611405.2 | F31: 466097.28 | G31: 7610467.8 | H31: POINT (466097.2813 7610467.75) | I31: [865] | J31: 865 | L31: =IF(ISNUMBER(R31),SQRT((R31-R30)^2+(S31-S30)^2),"") -> 733.67653 | N31: =IF(ISNUMBER(O31),O31-1,"") -> 24 | O31: =IF(ISNUMBER(Q31),ROW()-ROW(O$6),"") -> 25 | P31: =IF($AB31=M$3,O31,"") | Q31: =IF(ISNUMBER(R31),Q30+1,"") -> 25 | R31: 466097.28 | S31: 7610467.8 | T31: POINT (466097.2813 7610467.75) | U31: [865] | V31: 865 | W31: =IF(ISNUMBER(R31),R31-MIN(R$7:R$42),"") -> 1925 | X31: =IF(ISNUMBER(R31),S31-MIN(S$7:S$42),"") -> 2537.5 | Y31: =IF(ISNUMBER(R31),_xlfn.IFS($Y$3=0,_xlfn.CONCAT(ROUND(W31,0),", ",ROUND(X31,0)),$Y$3=1,N31,$Y$3=2,_xlfn.CONCAT(AB31,AC31),$Y$3=3,_xlfn.CONCAT(AG31,AH31),$Y$3=4,BH31,$Y$3=5,BI31,$Y$3=6,BJ31),"") -> 24 | Z31: =IF(ISNUMBER(R31),V30-V31,"") -> 30 | AA31: =IF(Z31<0,MAX(AA$6:AA30)+1,0) -> 0 | AB31: =IF(ISNUMBER(R31),IF(AA31=0,AB30,AA31),"") -> 6 | AC31: =IF(ISNUMBER(R30),IF(AA31<>0,1,AC30+1),"") -> 3 | AE31: =AE30 -> 3 | AF31: 0 | AG31: =IF(ISNUMBER(R31),AB31+AE31,"") -> 9 | AH31: =IF(ISNUMBER(S31),AC31+AF31,"") -> 3 | AJ31: =IF(AND(ISNUMBER(AJ9),(ISNUMBER(O$5))),INDEX($Y$7:$Y$41,AJ9,1),"") -> 2 | AK31: =IF(AND(ISNUMBER(AK9),(ISNUMBER(P$5))),INDEX($Y$7:$Y$41,AK9,1),"") -> 7 | AL31: =IF(AND(ISNUMBER(AL9),(ISNUMBER(Q$5))),INDEX($Y$7:$Y$41,AL9,1),"") -> 10 | AM31: =IF(AND(ISNUMBER(AM9),(ISNUMBER(R$5))),INDEX($Y$7:$Y$41,AM9,1),"") -> 14 | AN31: =IF(AND(ISNUMBER(AN9),(ISNUMBER(S$5))),INDEX($Y$7:$Y$41,AN9,1),"") -> 18 | AO31: =IF(AND(ISNUMBER(AO9),(ISNUMBER(T$5))),INDEX($Y$7:$Y$41,AO9,1),"") -> 24 | AP31: =IF(AND(ISNUMBER(AP9),(ISNUMBER(U$5))),INDEX($Y$7:$Y$41,AP9,1),"") | AQ31: =IF(AND(ISNUMBER(AQ9),(ISNUMBER(V$5))),INDEX($Y$7:$Y$41,AQ9,1),"") | AR31: =IF(AND(ISNUMBER(AR9),(ISNUMBER(#REF!))),INDEX($Y$7:$Y$41,AR9,1),"") | AS31: =IF(AND(ISNUMBER(AS9),(ISNUMBER(W$5))),INDEX($Y$7:$Y$41,AS9,1),"") | BF31: 24 | BG31: 24 | BH31: 11 | BI31: =BI30-1 -> -27
B32: =IF(ISNUMBER(C32),B31+1,"") -> 26 | C32: 464297.28 | D32: 7610630.2 | F32: 465534.78 | G32: 7610505.2 | H32: POINT (465534.7813 7610505.25) | I32: [856] | J32: 856 | L32: =IF(ISNUMBER(R32),SQRT((R32-R31)^2+(S32-S31)^2),"") -> 563.74861 | N32: =IF(ISNUMBER(O32),O32-1,"") -> 25 | O32: =IF(ISNUMBER(Q32),ROW()-ROW(O$6),"") -> 26 | P32: =IF($AB32=M$3,O32,"") | Q32: =IF(ISNUMBER(R32),Q31+1,"") -> 26 | R32: 465534.78 | S32: 7610505.2 | T32: POINT (465534.7813 7610505.25) | U32: [856] | V32: 856 | W32: =IF(ISNUMBER(R32),R32-MIN(R$7:R$42),"") -> 1362.5 | X32: =IF(ISNUMBER(R32),S32-MIN(S$7:S$42),"") -> 2575 | Y32: =IF(ISNUMBER(R32),_xlfn.IFS($Y$3=0,_xlfn.CONCAT(ROUND(W32,0),", ",ROUND(X32,0)),$Y$3=1,N32,$Y$3=2,_xlfn.CONCAT(AB32,AC32),$Y$3=3,_xlfn.CONCAT(AG32,AH32),$Y$3=4,BH32,$Y$3=5,BI32,$Y$3=6,BJ32),"") -> 25 | Z32: =IF(ISNUMBER(R32),V31-V32,"") -> 9 | AA32: =IF(Z32<0,MAX(AA$6:AA31)+1,0) -> 0 | AB32: =IF(ISNUMBER(R32),IF(AA32=0,AB31,AA32),"") -> 6 | AC32: =IF(ISNUMBER(R31),IF(AA32<>0,1,AC31+1),"") -> 4 | AE32: =AE31 -> 3 | AF32: 0 | AG32: =IF(ISNUMBER(R32),AB32+AE32,"") -> 9 | AH32: =IF(ISNUMBER(S32),AC32+AF32,"") -> 4 | AJ32: =IF(AND(ISNUMBER(AJ10),(ISNUMBER(O$5))),INDEX($Y$7:$Y$41,AJ10,1),"") -> 3 | AK32: =IF(AND(ISNUMBER(AK10),(ISNUMBER(P$5))),INDEX($Y$7:$Y$41,AK10,1),"") | AL32: =IF(AND(ISNUMBER(AL10),(ISNUMBER(Q$5))),INDEX($Y$7:$Y$41,AL10,1),"") -> 11 | AM32: =IF(AND(ISNUMBER(AM10),(ISNUMBER(R$5))),INDEX($Y$7:$Y$41,AM10,1),"") -> 15 | AN32: =IF(AND(ISNUMBER(AN10),(ISNUMBER(S$5))),INDEX($Y$7:$Y$41,AN10,1),"") -> 19 | AO32: =IF(AND(ISNUMBER(AO10),(ISNUMBER(T$5))),INDEX($Y$7:$Y$41,AO10,1),"") -> 25 | AP32: =IF(AND(ISNUMBER(AP10),(ISNUMBER(U$5))),INDEX($Y$7:$Y$41,AP10,1),"") | AQ32: =IF(AND(ISNUMBER(AQ10),(ISNUMBER(V$5))),INDEX($Y$7:$Y$41,AQ10,1),"") | AR32: =IF(AND(ISNUMBER(AR10),(ISNUMBER(#REF!))),INDEX($Y$7:$Y$41,AR10,1),"") | AS32: =IF(AND(ISNUMBER(AS10),(ISNUMBER(W$5))),INDEX($Y$7:$Y$41,AS10,1),"") | BF32: 25 | BG32: 25 | BH32: 11 | BI32: =BI31-1 -> -28
B33: =IF(ISNUMBER(C33),B32+1,"") -> 27 | C33: 468284.78 | D33: 7609942.8 | F33: 464909.78 | G33: 7609892.8 | H33: POINT (464909.7813 7609892.75) | I33: [844] | J33: 844 | L33: =IF(ISNUMBER(R33),SQRT((R33-R32)^2+(S33-S32)^2),"") -> 875.08928 | N33: =IF(ISNUMBER(O33),O33-1,"") -> 26 | O33: =IF(ISNUMBER(Q33),ROW()-ROW(O$6),"") -> 27 | P33: =IF($AB33=M$3,O33,"") | Q33: =IF(ISNUMBER(R33),Q32+1,"") -> 27 | R33: 464909.78 | S33: 7609892.8 | T33: POINT (464909.7813 7609892.75) | U33: [844] | V33: 844 | W33: =IF(ISNUMBER(R33),R33-MIN(R$7:R$42),"") -> 737.5 | X33: =IF(ISNUMBER(R33),S33-MIN(S$7:S$42),"") -> 1962.5 | Y33: =IF(ISNUMBER(R33),_xlfn.IFS($Y$3=0,_xlfn.CONCAT(ROUND(W33,0),", ",ROUND(X33,0)),$Y$3=1,N33,$Y$3=2,_xlfn.CONCAT(AB33,AC33),$Y$3=3,_xlfn.CONCAT(AG33,AH33),$Y$3=4,BH33,$Y$3=5,BI33,$Y$3=6,BJ33),"") -> 26 | Z33: =IF(ISNUMBER(R33),V32-V33,"") -> 12 | AA33: =IF(Z33<0,MAX(AA$6:AA32)+1,0) -> 0 | AB33: =IF(ISNUMBER(R33),IF(AA33=0,AB32,AA33),"") -> 6 | AC33: =IF(ISNUMBER(R32),IF(AA33<>0,1,AC32+1),"") -> 5 | AE33: =AE32 -> 3 | AF33: 0 | AG33: =IF(ISNUMBER(R33),AB33+AE33,"") -> 9 | AH33: =IF(ISNUMBER(S33),AC33+AF33,"") -> 5 | AJ33: =IF(AND(ISNUMBER(AJ11),(ISNUMBER(O$5))),INDEX($Y$7:$Y$41,AJ11,1),"") -> 4 | AK33: =IF(AND(ISNUMBER(AK11),(ISNUMBER(P$5))),INDEX($Y$7:$Y$41,AK11,1),"") | AL33: =IF(AND(ISNUMBER(AL11),(ISNUMBER(Q$5))),INDEX($Y$7:$Y$41,AL11,1),"") | AM33: =IF(AND(ISNUMBER(AM11),(ISNUMBER(R$5))),INDEX($Y$7:$Y$41,AM11,1),"") | AN33: =IF(AND(ISNUMBER(AN11),(ISNUMBER(S$5))),INDEX($Y$7:$Y$41,AN11,1),"") -> 20 | AO33: =IF(AND(ISNUMBER(AO11),(ISNUMBER(T$5))),INDEX($Y$7:$Y$41,AO11,1),"") -> 26 | AP33: =IF(AND(ISNUMBER(AP11),(ISNUMBER(U$5))),INDEX($Y$7:$Y$41,AP11,1),"") | AQ33: =IF(AND(ISNUMBER(AQ11),(ISNUMBER(V$5))),INDEX($Y$7:$Y$41,AQ11,1),"") | AR33: =IF(AND(ISNUMBER(AR11),(ISNUMBER(#REF!))),INDEX($Y$7:$Y$41,AR11,1),"") | AS33: =IF(AND(ISNUMBER(AS11),(ISNUMBER(W$5))),INDEX($Y$7:$Y$41,AS11,1),"") | BF33: 26 | BG33: 26 | BH33: 11 | BI33: =BI32-1 -> -29
B34: =IF(ISNUMBER(C34),B33+1,"") -> 28 | C34: 466622.28 | D34: 7609955.2 | F34: 464822.28 | G34: 7609305.2 | H34: POINT (464822.2813 7609305.25) | I34: [846] | J34: 846 | L34: =IF(ISNUMBER(R34),SQRT((R34-R33)^2+(S34-S33)^2),"") -> 593.98022 | N34: =IF(ISNUMBER(O34),O34-1,"") -> 27 | O34: =IF(ISNUMBER(Q34),ROW()-ROW(O$6),"") -> 28 | P34: =IF($AB34=M$3,O34,"") -> 28 | Q34: =IF(ISNUMBER(R34),Q33+1,"") -> 28 | R34: 464822.28 | S34: 7609305.2 | T34: POINT (464822.2813 7609305.25) | U34: [846] | V34: 846 | W34: =IF(ISNUMBER(R34),R34-MIN(R$7:R$42),"") -> 650 | X34: =IF(ISNUMBER(R34),S34-MIN(S$7:S$42),"") -> 1375 | Y34: =IF(ISNUMBER(R34),_xlfn.IFS($Y$3=0,_xlfn.CONCAT(ROUND(W34,0),", ",ROUND(X34,0)),$Y$3=1,N34,$Y$3=2,_xlfn.CONCAT(AB34,AC34),$Y$3=3,_xlfn.CONCAT(AG34,AH34),$Y$3=4,BH34,$Y$3=5,BI34,$Y$3=6,BJ34),"") -> 27 | Z34: =IF(ISNUMBER(R34),V33-V34,"") -> -2 | AA34: =IF(Z34<0,MAX(AA$6:AA33)+1,0) -> 7 | AB34: =IF(ISNUMBER(R34),IF(AA34=0,AB33,AA34),"") -> 7 | AC34: =IF(ISNUMBER(R33),IF(AA34<>0,1,AC33+1),"") -> 1 | AE34: =AE33 -> 3 | AF34: 0 | AG34: =IF(ISNUMBER(R34),AB34+AE34,"") -> 10 | AH34: =IF(ISNUMBER(S34),AC34+AF34,"") -> 1 | AJ34: =IF(AND(ISNUMBER(AJ12),(ISNUMBER(O$5))),INDEX($Y$7:$Y$41,AJ12,1),"") | AK34: =IF(AND(ISNUMBER(AK12),(ISNUMBER(P$5))),INDEX($Y$7:$Y$41,AK12,1),"") | AL34: =IF(AND(ISNUMBER(AL12),(ISNUMBER(Q$5))),INDEX($Y$7:$Y$41,AL12,1),"") | AM34: =IF(AND(ISNUMBER(AM12),(ISNUMBER(R$5))),INDEX($Y$7:$Y$41,AM12,1),"") | AN34: =IF(AND(ISNUMBER(AN12),(ISNUMBER(S$5))),INDEX($Y$7:$Y$41,AN12,1),"") -> 21 | AO34: =IF(AND(ISNUMBER(AO12),(ISNUMBER(T$5))),INDEX($Y$7:$Y$41,AO12,1),"") | AP34: =IF(AND(ISNUMBER(AP12),(ISNUMBER(U$5))),INDEX($Y$7:$Y$41,AP12,1),"") | AQ34: =IF(AND(ISNUMBER(AQ12),(ISNUMBER(V$5))),INDEX($Y$7:$Y$41,AQ12,1),"") | AR34: =IF(AND(ISNUMBER(AR12),(ISNUMBER(#REF!))),INDEX($Y$7:$Y$41,AR12,1),"") | AS34: =IF(AND(ISNUMBER(AS12),(ISNUMBER(W$5))),INDEX($Y$7:$Y$41,AS12,1),"") | BF34: 27 | BG34: 27 | BH34: 11 | BI34: =BI33-1 -> -30 | BJ34: D
B35: =IF(ISNUMBER(C35),B34+1,"") -> 29 | C35: 466097.28 | D35: 7610467.8 | F35: 464172.28 | G35: 7607930.2 | H35: POINT (464172.2813 7607930.25) | I35: [842] | J35: 842 | L35: =IF(ISNUMBER(R35),SQRT((R35-R34)^2+(S35-S34)^2),"") -> 1520.8961 | N35: =IF(ISNUMBER(O35),O35-1,"") -> 28 | O35: =IF(ISNUMBER(Q35),ROW()-ROW(O$6),"") -> 29 | P35: =IF($AB35=M$3,O35,"") -> 29 | Q35: =IF(ISNUMBER(R35),Q34+1,"") -> 29 | R35: 464172.28 | S35: 7607930.2 | T35: POINT (464172.2813 7607930.25) | U35: [842] | V35: 842 | W35: =IF(ISNUMBER(R35),R35-MIN(R$7:R$42),"") -> 0 | X35: =IF(ISNUMBER(R35),S35-MIN(S$7:S$42),"") -> 0 | Y35: =IF(ISNUMBER(R35),_xlfn.IFS($Y$3=0,_xlfn.CONCAT(ROUND(W35,0),", ",ROUND(X35,0)),$Y$3=1,N35,$Y$3=2,_xlfn.CONCAT(AB35,AC35),$Y$3=3,_xlfn.CONCAT(AG35,AH35),$Y$3=4,BH35,$Y$3=5,BI35,$Y$3=6,BJ35),"") -> 28 | Z35: =IF(ISNUMBER(R35),V34-V35,"") -> 4 | AA35: =IF(Z35<0,MAX(AA$6:AA34)+1,0) -> 0 | AB35: =IF(ISNUMBER(R35),IF(AA35=0,AB34,AA35),"") -> 7 | AC35: =IF(ISNUMBER(R34),IF(AA35<>0,1,AC34+1),"") -> 2 | AE35: =AE34 -> 3 | AF35: 0 | AG35: =IF(ISNUMBER(R35),AB35+AE35,"") -> 10 | AH35: =IF(ISNUMBER(S35),AC35+AF35,"") -> 2 | AJ35: =IF(AND(ISNUMBER(AJ13),(ISNUMBER(O$5))),INDEX($Y$7:$Y$41,AJ13,1),"") | AK35: =IF(AND(ISNUMBER(AK13),(ISNUMBER(P$5))),INDEX($Y$7:$Y$41,AK13,1),"") | AL35: =IF(AND(ISNUMBER(AL13),(ISNUMBER(Q$5))),INDEX($Y$7:$Y$41,AL13,1),"") | AM35: =IF(AND(ISNUMBER(AM13),(ISNUMBER(R$5))),INDEX($Y$7:$Y$41,AM13,1),"") | AN35: =IF(AND(ISNUMBER(AN13),(ISNUMBER(S$5))),INDEX($Y$7:$Y$41,AN13,1),"") | AO35: =IF(AND(ISNUMBER(AO13),(ISNUMBER(T$5))),INDEX($Y$7:$Y$41,AO13,1),"") | AP35: =IF(AND(ISNUMBER(AP13),(ISNUMBER(U$5))),INDEX($Y$7:$Y$41,AP13,1),"") | AQ35: =IF(AND(ISNUMBER(AQ13),(ISNUMBER(V$5))),INDEX($Y$7:$Y$41,AQ13,1),"") | AR35: =IF(AND(ISNUMBER(AR13),(ISNUMBER(#REF!))),INDEX($Y$7:$Y$41,AR13,1),"") | AS35: =IF(AND(ISNUMBER(AS13),(ISNUMBER(W$5))),INDEX($Y$7:$Y$41,AS13,1),"") | BF35: 28 | BG35: 28 | BH35: 11 | BI35: =BI34-1 -> -31
B36: =IF(ISNUMBER(C36),B35+1,"") -> 30 | C36: 465534.78 | D36: 7610505.2 | L36: =IF(ISNUMBER(R36),SQRT((R36-R35)^2+(S36-S35)^2),"") | N36: =IF(ISNUMBER(O36),O36-1,"") | O36: =IF(ISNUMBER(Q36),ROW()-ROW(O$6),"") | P36: =IF($AB36=M$3,O36,"") | Q36: =IF(ISNUMBER(R36),Q35+1,"") | W36: =IF(ISNUMBER(R36),R36-MIN(R$7:R$42),"") | X36: =IF(ISNUMBER(R36),S36-MIN(S$7:S$42),"") | Y36: =IF(ISNUMBER(R36),_xlfn.IFS($Y$3=0,_xlfn.CONCAT(ROUND(W36,0),", ",ROUND(X36,0)),$Y$3=1,N36,$Y$3=2,_xlfn.CONCAT(AB36,AC36),$Y$3=3,_xlfn.CONCAT(AG36,AH36),$Y$3=4,BH36,$Y$3=5,BI36,$Y$3=6,BJ36),"") | Z36: =IF(ISNUMBER(R36),V35-V36,"") | AA36: =IF(Z36<0,MAX(AA$6:AA35)+1,0) -> 0 | AB36: =IF(ISNUMBER(R36),IF(AA36=0,AB35,AA36),"") | AC36: =IF(ISNUMBER(R35),IF(AA36<>0,1,AC35+1),"") -> 3 | AE36: 0 | AF36: 0 | AG36: =IF(ISNUMBER(R36),AB36+AE36,"") | AH36: =IF(ISNUMBER(S36),AC36+AF36,"") | AJ36: =IF(AND(ISNUMBER(AJ14),(ISNUMBER(O$5))),INDEX($Y$7:$Y$41,AJ14,1),"") | AK36: =IF(AND(ISNUMBER(AK14),(ISNUMBER(P$5))),INDEX($Y$7:$Y$41,AK14,1),"") | AL36: =IF(AND(ISNUMBER(AL14),(ISNUMBER(Q$5))),INDEX($Y$7:$Y$41,AL14,1),"") | AM36: =IF(AND(ISNUMBER(AM14),(ISNUMBER(R$5))),INDEX($Y$7:$Y$41,AM14,1),"") | AN36: =IF(AND(ISNUMBER(AN14),(ISNUMBER(S$5))),INDEX($Y$7:$Y$41,AN14,1),"") | AO36: =IF(AND(ISNUMBER(AO14),(ISNUMBER(T$5))),INDEX($Y$7:$Y$41,AO14,1),"") | AP36: =IF(AND(ISNUMBER(AP14),(ISNUMBER(U$5))),INDEX($Y$7:$Y$41,AP14,1),"") | AQ36: =IF(AND(ISNUMBER(AQ14),(ISNUMBER(V$5))),INDEX($Y$7:$Y$41,AQ14,1),"") | AR36: =IF(AND(ISNUMBER(AR14),(ISNUMBER(#REF!))),INDEX($Y$7:$Y$41,AR14,1),"") | AS36: =IF(AND(ISNUMBER(AS14),(ISNUMBER(W$5))),INDEX($Y$7:$Y$41,AS14,1),"") | BF36: =IF(ISNUMBER(AQ36),BA36+BD36,"") | BG36: =IF(ISNUMBER(AR36),BB36+BE36,"")
B37: =IF(ISNUMBER(C37),B36+1,"") -> 31 | C37: 464909.78 | D37: 7609892.8 | L37: =IF(ISNUMBER(R37),SQRT((R37-R36)^2+(S37-S36)^2),"") | N37: =IF(ISNUMBER(O37),O37-1,"") | O37: =IF(ISNUMBER(Q37),ROW()-ROW(O$6),"") | P37: =IF($AB37=M$3,O37,"") | Q37: =IF(ISNUMBER(R37),Q36+1,"") | W37: =IF(ISNUMBER(R37),R37-MIN(R$7:R$42),"") | X37: =IF(ISNUMBER(R37),S37-MIN(S$7:S$42),"") | Y37: =IF(ISNUMBER(R37),_xlfn.IFS($Y$3=0,_xlfn.CONCAT(ROUND(W37,0),", ",ROUND(X37,0)),$Y$3=1,N37,$Y$3=2,_xlfn.CONCAT(AB37,AC37),$Y$3=3,_xlfn.CONCAT(AG37,AH37),$Y$3=4,BH37,$Y$3=5,BI37,$Y$3=6,BJ37),"") | Z37: =IF(ISNUMBER(R37),V36-V37,"") | AA37: =IF(Z37<0,MAX(AA$6:AA36)+1,0) -> 0 | AB37: =IF(ISNUMBER(R37),IF(AA37=0,AB36,AA37),"") | AC37: =IF(ISNUMBER(R36),IF(AA37<>0,1,AC36+1),"") | AE37: 0 | AF37: 0 | AG37: =IF(ISNUMBER(R37),AB37+AE37,"") | AH37: =IF(ISNUMBER(S37),AC37+AF37,"") | AJ37: =IF(AND(ISNUMBER(AJ15),(ISNUMBER(O$5))),INDEX($Y$7:$Y$41,AJ15,1),"") | AK37: =IF(AND(ISNUMBER(AK15),(ISNUMBER(P$5))),INDEX($Y$7:$Y$41,AK15,1),"") | AL37: =IF(AND(ISNUMBER(AL15),(ISNUMBER(Q$5))),INDEX($Y$7:$Y$41,AL15,1),"") | AM37: =IF(AND(ISNUMBER(AM15),(ISNUMBER(R$5))),INDEX($Y$7:$Y$41,AM15,1),"") | AN37: =IF(AND(ISNUMBER(AN15),(ISNUMBER(S$5))),INDEX($Y$7:$Y$41,AN15,1),"") | AO37: =IF(AND(ISNUMBER(AO15),(ISNUMBER(T$5))),INDEX($Y$7:$Y$41,AO15,1),"") | AP37: =IF(AND(ISNUMBER(AP15),(ISNUMBER(U$5))),INDEX($Y$7:$Y$41,AP15,1),"") | AQ37: =IF(AND(ISNUMBER(AQ15),(ISNUMBER(V$5))),INDEX($Y$7:$Y$41,AQ15,1),"") | AR37: =IF(AND(ISNUMBER(AR15),(ISNUMBER(#REF!))),INDEX($Y$7:$Y$41,AR15,1),"") | AS37: =IF(AND(ISNUMBER(AS15),(ISNUMBER(W$5))),INDEX($Y$7:$Y$41,AS15,1),"") | BF37: =IF(ISNUMBER(AQ37),BA37+BD37,"") | BG37: =IF(ISNUMBER(AR37),BB37+BE37,"")
B38: =IF(ISNUMBER(C38),B37+1,"") -> 32 | C38: 464822.28 | D38: 7609305.2 | L38: =IF(ISNUMBER(R38),SQRT((R38-R37)^2+(S38-S37)^2),"") | N38: =IF(ISNUMBER(O38),O38-1,"") | O38: =IF(ISNUMBER(Q38),ROW()-ROW(O$6),"") | P38: =IF($AB38=M$3,O38,"") | Q38: =IF(ISNUMBER(R38),Q37+1,"") | W38: =IF(ISNUMBER(R38),R38-MIN(R$7:R$42),"") | X38: =IF(ISNUMBER(R38),S38-MIN(S$7:S$42),"") | Y38: =IF(ISNUMBER(R38),_xlfn.IFS($Y$3=0,_xlfn.CONCAT(ROUND(W38,0),", ",ROUND(X38,0)),$Y$3=1,N38,$Y$3=2,_xlfn.CONCAT(AB38,AC38),$Y$3=3,_xlfn.CONCAT(AG38,AH38),$Y$3=4,BH38,$Y$3=5,BI38,$Y$3=6,BJ38),"") | Z38: =IF(ISNUMBER(R38),V37-V38,"") | AA38: =IF(Z38<0,MAX(AA$6:AA37)+1,0) -> 0 | AB38: =IF(ISNUMBER(R38),IF(AA38=0,AB37,AA38),"") | AC38: =IF(ISNUMBER(R37),IF(AA38<>0,1,AC37+1),"") | AE38: 0 | AF38: 0 | AG38: =IF(ISNUMBER(R38),AB38+AE38,"") | AH38: =IF(ISNUMBER(S38),AC38+AF38,"") | BF38: =IF(ISNUMBER(AQ38),BA38+BD38,"") | BG38: =IF(ISNUMBER(AR38),BB38+BE38,"")
B39: =IF(ISNUMBER(C39),B38+1,"") -> 33 | C39: 464297.28 | D39: 7610630.2 | L39: =IF(ISNUMBER(R39),SQRT((R39-R38)^2+(S39-S38)^2),"") | N39: =IF(ISNUMBER(O39),O39-1,"") | O39: =IF(ISNUMBER(Q39),ROW()-ROW(O$6),"") | P39: =IF($AB39=M$3,O39,"") | Q39: =IF(ISNUMBER(R39),Q38+1,"") | W39: =IF(ISNUMBER(R39),R39-MIN(R$7:R$42),"") | X39: =IF(ISNUMBER(R39),S39-MIN(S$7:S$42),"") | Y39: =IF(ISNUMBER(R39),_xlfn.IFS($Y$3=0,_xlfn.CONCAT(ROUND(W39,0),", ",ROUND(X39,0)),$Y$3=1,N39,$Y$3=2,_xlfn.CONCAT(AB39,AC39),$Y$3=3,_xlfn.CONCAT(AG39,AH39),$Y$3=4,BH39,$Y$3=5,BI39,$Y$3=6,BJ39),"") | Z39: =IF(ISNUMBER(R39),V38-V39,"") | AA39: =IF(Z39<0,MAX(AA$6:AA38)+1,0) -> 0 | AB39: =IF(ISNUMBER(R39),IF(AA39=0,AB38,AA39),"") | AC39: =IF(ISNUMBER(R38),IF(AA39<>0,1,AC38+1),"") | AE39: 0 | AF39: 0 | AG39: =IF(ISNUMBER(R39),AB39+AE39,"") | AH39: =IF(ISNUMBER(S39),AC39+AF39,"") | BF39: =IF(ISNUMBER(AQ39),BA39+BD39,"") | BG39: =IF(ISNUMBER(AR39),BB39+BE39,"")
B40: =IF(ISNUMBER(C40),B39+1,"") -> 34 | C40: 464784.78 | D40: 7609967.8 | L40: =IF(ISNUMBER(R40),SQRT((R40-R39)^2+(S40-S39)^2),"") | N40: =IF(ISNUMBER(O40),O40-1,"") | O40: =IF(ISNUMBER(Q40),ROW()-ROW(O$6),"") | P40: =IF($AB40=M$3,O40,"") | Q40: =IF(ISNUMBER(R40),Q39+1,"") | W40: =IF(ISNUMBER(R40),R40-MIN(R$7:R$42),"") | X40: =IF(ISNUMBER(R40),S40-MIN(S$7:S$42),"") | Y40: =IF(ISNUMBER(R40),_xlfn.IFS($Y$3=0,_xlfn.CONCAT(ROUND(W40,0),", ",ROUND(X40,0)),$Y$3=1,N40,$Y$3=2,_xlfn.CONCAT(AB40,AC40),$Y$3=3,_xlfn.CONCAT(AG40,AH40),$Y$3=4,BH40,$Y$3=5,BI40,$Y$3=6,BJ40),"") | Z40: =IF(ISNUMBER(R40),V39-V40,"") | AA40: =IF(Z40<0,MAX(AA$6:AA39)+1,0) -> 0 | AB40: =IF(ISNUMBER(R40),IF(AA40=0,AB39,AA40),"") | AC40: =IF(ISNUMBER(R39),IF(AA40<>0,1,AC39+1),"") | AE40: 0 | AF40: 0 | AG40: =IF(ISNUMBER(R40),AB40+AE40,"") | AH40: =IF(ISNUMBER(S40),AC40+AF40,"") | BF40: =IF(ISNUMBER(AQ40),BA40+BD40,"") | BG40: =IF(ISNUMBER(AR40),BB40+BE40,"")
B41: =IF(ISNUMBER(C41),B40+1,"") -> 35 | C41: 464822.28 | D41: 7609305.2 | L41: =IF(ISNUMBER(R41),SQRT((R41-R40)^2+(S41-S40)^2),"") | N41: =IF(ISNUMBER(O41),O41-1,"") | O41: =IF(ISNUMBER(Q41),ROW()-ROW(O$6),"") | P41: =IF($AB41=M$3,O41,"") | Q41: =IF(ISNUMBER(R41),Q40+1,"") | W41: =IF(ISNUMBER(R41),R41-MIN(R$7:R$42),"") | X41: =IF(ISNUMBER(R41),S41-MIN(S$7:S$42),"") | Y41: =IF(ISNUMBER(R41),_xlfn.IFS($Y$3=0,_xlfn.CONCAT(ROUND(W41,0),", ",ROUND(X41,0)),$Y$3=1,N41,$Y$3=2,_xlfn.CONCAT(AB41,AC41),$Y$3=3,_xlfn.CONCAT(AG41,AH41),$Y$3=4,BH41,$Y$3=5,BI41,$Y$3=6,BJ41),"") | Z41: =IF(ISNUMBER(R41),V40-V41,"") | AA41: =IF(Z41<0,MAX(AA$6:AA40)+1,0) -> 0 | AB41: =IF(ISNUMBER(R41),IF(AA41=0,AB40,AA41),"") | AC41: =IF(ISNUMBER(R40),IF(AA41<>0,1,AC40+1),"") | AE41: 0 | AF41: 0 | AG41: =IF(ISNUMBER(R41),AB41+AE41,"") | AH41: =IF(ISNUMBER(S41),AC41+AF41,"") | BF41: =IF(ISNUMBER(AQ41),BA41+BD41,"") | BG41: =IF(ISNUMBER(AR41),BB41+BE41,"")
B42: =IF(ISNUMBER(C42),B41+1,"") -> 36 | C42: 464172.28 | D42: 7607930.2 | L42: =IF(ISNUMBER(R42),SQRT((R42-R41)^2+(S42-S41)^2),"") | N42: =IF(ISNUMBER(O42),O42-1,"") | O42: =IF(ISNUMBER(Q42),ROW()-ROW(O$6),"") | P42: =IF($AB42=M$3,O42,"") | Q42: =IF(ISNUMBER(R42),Q41+1,"") | W42: =IF(ISNUMBER(R42),R42-MIN(R$7:R$42),"") | X42: =IF(ISNUMBER(R42),S42-MIN(S$7:S$42),"") | Y42: =IF(ISNUMBER(R42),_xlfn.IFS($Y$3=0,_xlfn.CONCAT(ROUND(W42,0),", ",ROUND(X42,0)),$Y$3=1,N42,$Y$3=2,_xlfn.CONCAT(AB42,AC42),$Y$3=3,_xlfn.CONCAT(AG42,AH42),$Y$3=4,BH42,$Y$3=5,BI42,$Y$3=6,BJ42),"") | Z42: =IF(ISNUMBER(R42),V41-V42,"") | AA42: =IF(Z42<0,MAX(AA$6:AA41)+1,0) -> 0 | AB42: =IF(ISNUMBER(R42),IF(AA42=0,AB41,AA42),"") | AC42: =IF(ISNUMBER(R41),IF(AA42<>0,1,AC41+1),"") | AE42: 0 | AF42: 0 | AG42: =IF(ISNUMBER(R42),AB42+AE42,"") | AH42: =IF(ISNUMBER(S42),AC42+AF42,"") | BF42: =IF(ISNUMBER(AQ42),BA42+BD42,"") | BG42: =IF(ISNUMBER(AR42),BB42+BE42,"")

Sheet T4d
A1: =COLUMN() -> 1 | M1: =COLUMN() -> 13 | AD1: =COLUMN() -> 30 | AI1: =COLUMN() -> 35 | AT1: =COLUMN() -> 46 | BS1: =COLUMN() -> 71 | BX1: =COLUMN() -> 76
O2: 1 | AE2: Manual | AJ2: SFR | AU2: S_P | BU2: S_C | CH2: S_D
K3: =MAX(L3:V3) -> 7 | O3: =IF(ISNUMBER(O5),O4,"") -> 1 | P3: =IF(ISNUMBER(P5),P4,"") -> 2 | Q3: =IF(ISNUMBER(Q5),Q4,"") -> 3 | R3: =IF(ISNUMBER(R5),R4,"") -> 4 | S3: =IF(ISNUMBER(S5),S4,"") -> 5 | T3: =IF(ISNUMBER(T5),T4,"") -> 6 | U3: =IF(ISNUMBER(U5),U4,"") -> 7 | V3: =IF(ISNUMBER(V5),V4,"") | ... X3: =IF(ISNUMBER(X5),X4,"") | AU3: sfr_pakdata | BJ3: =IF(BJ6=$BU4,"↓","") -> ↓ | BK3: =IF(BK6=$BU4,"↓","") | BL3: =IF(BL6=$BU4,"↓","") | BM3: =IF(BM6=$BU4,"↓","") | BN3: =IF(BN6=$BU4,"↓","") | BO3: =IF(BO6=$BU4,"↓","") | BP3: =IF(BP6=$BU4,"↓","") | BQ3: =IF(BQ6=$BU4,"↓","") | BR3: =IF(BR6=$BU4,"↓","") | BU3: connectiondata | CK3: Q ?
O4: 1 | P4: =O4+1 -> 2 | Q4: =P4+1 -> 3 | R4: =Q4+1 -> 4 | S4: =R4+1 -> 5 | T4: =S4+1 -> 6 | U4: =T4+1 -> 7 | V4: =U4+1 -> 8 | W4: =V4+1 -> 9 | X4: =W4+1 -> 10 | AA4: M | AE4: M | AF4: M | AH4: B | AJ4: 1 | AK4: 1 | AL4: 1 | AM4: 1 | AN4: 1 | AO4: 1 | AP4: 1 | AQ4: 1 | AR4: 1 | AS4: 1 | AW4: REF. | AZ4: Width | BE4: Roughness | BK4: M | BL4: M | BN4: M | BO4: M | BQ4: M | BR4: M | BU4: 1 | BY4: =IF(BY6=$BU4,"↓","") -> ↓ | BZ4: =IF(BZ6=$BU4,"↓","") | CA4: =IF(CA6=$BU4,"↓","") | CB4: =IF(CB6=$BU4,"↓","") | CC4: =IF(CC6=$BU4,"↓","") | CD4: =IF(CD6=$BU4,"↓","")
F5: new tests | L5: B | O5: 1 | P5: 1 | Q5: 1 | R5: 1 | S5: 1 | T5: 1 | U5: 1 | Y5: 012.. | AB5: =MAX(AB7:AB42) -> 7 | AE5: 0 | AF5: 0 | AG5: =MAX(AG7:AG42) -> 10 | AJ5: 1 | AK5: =AJ5+1 -> 2 | AL5: =AK5+1 -> 3 | AM5: =AL5+1 -> 4 | AN5: =AM5+1 -> 5 | AO5: =AN5+1 -> 6 | AP5: =AO5+1 -> 7 | AQ5: =AP5+1 -> 8 | AR5: =AQ5+1 -> 9 | AS5: =AR5+1 -> 10 | AT5: MIN | AU5: i | AV5: z | AW5: i | AX5: j | BA5: ? | BC5: ? | BY5: =IF(BY6=$BU4,"↓","") -> ↓ | BZ5: =IF(BZ6=$BU4,"↓","") | CA5: =IF(CA6=$BU4,"↓","") | CB5: =IF(CB6=$BU4,"↓","") | CE5: RES | CH5: ↘ | CI5: 0 | CJ5: 1 | CK5: 2 | CL5: 3
F6: X | G6: Y | H6: geometry | I6: Z | J6: Z | L6: DIST | P6: =MAX(O3:X3) -> 7 | R6: X | S6: Y | T6: geometry | U6: Z | V6: Z | AA6: 1 | AB6: =IF(AA6=0,AB5,AA6) -> 1 | AE6: 0 | AF6: 0 | AG6: =IF(AD6=0,AG5,AD6) -> 10 | AJ6: x | AK6: x | AL6: x | AM6: x | AN6: x | AO6: x | AP6: x | AQ6: x | AR6: x | AS6: x | AT6: =MAX(AT7:AT42) -> 159 | AU6: ↘ | AW6: y | AX6: x | AY6: Q | AZ6: W | BB6: Z | BD6: K | BE6: R | BJ6: 1 | BK6: 2 | BN6: =BK6+1 -> 3 | BQ6: 4 | BT6: ↘ | BU6: OUT | BV6: OUT | BW6: OUT | BY6: 1 | BZ6: =BY6+1 -> 2 | CA6: =BZ6+1 -> 3 | CB6: =CA6+1 -> 4 | CC6: =CB6+1 -> 5 | CD6: =CC6+1 -> 6 | CE6: =BU4 -> 1 | CH6: 0
F7: 1 | G7: 1 | H7: POINT (471134.7813 7613992.75) | I7: [1001] | J7: 1093.048 | L7: - | N7: =O7-1 -> 0 | O7: =IF(ISNUMBER(Q7),ROW()-ROW(O$6),"") -> 1 | P7: =IF($AB7=P$6,O7,"") | Q7: =IF(ISNUMBER(R7),Q6+1,"") -> 1 | R7: =AW7 -> 467509.78 | S7: =AX7 -> 7616967.8 | V7: =BB7 -> 989 | W7: =IF(ISNUMBER(R7),R7-MIN(R$7:R$42),"") -> 3337.5 | X7: =IF(ISNUMBER(R7),S7-MIN(S$7:S$42),"") -> 9037.5 | Y7: =IF(ISNUMBER(BY7),INDEX($BY$7:$CD$42,BY7+1,BU$4),"") -> 0 | Z7: =Z8 -> 28 | AA7: =IF(Z7<0,MAX(AA$6:AA6)+1,0) -> 0 | AB7: =IF(ISNUMBER(R7),IF(AA7=0,AB6,AA7),"") -> 1 | AC7: 1 | AE7: 0 | AF7: 0 | AG7: =IF(ISNUMBER(R7),AB7+AE7,"") -> 1 | AH7: =IF(ISNUMBER(S7),AC7+AF7,"") -> 1 | AJ7: =IF(ISNUMBER(AJ40),INDEX($R$7:$S$42,AJ40,AJ$4),AJ6) -> 467509.78 | AK7: =IF(ISNUMBER(AK40),INDEX($R$7:$S$42,AK40,AK$4),AK6) -> 471134.78 | AL7: =IF(ISNUMBER(AL40),INDEX($R$7:$S$42,AL40,AL$4),AL6) -> 469934.78 | AM7: =IF(ISNUMBER(AM40),INDEX($R$7:$S$42,AM40,AM$4),AM6) -> 468434.78 | AN7: =IF(ISNUMBER(AN40),INDEX($R$7:$S$42,AN40,AN$4),AN6) -> 464872.28 | AO7: =IF(ISNUMBER(AO40),INDEX($R$7:$S$42,AO40,AO$4),AO6) -> 468284.78 | AP7: =IF(ISNUMBER(AP40),INDEX($R$7:$S$42,AP40,AP$4),AP6) -> 464822.28 | AQ7: =IF(ISNUMBER(AQ40),INDEX($R$7:$S$42,AQ40,AQ$4),AQ6) -> x | ... AS7: =IF(ISNUMBER(AS40),INDEX($R$7:$S$42,AS40,AS$4),AS6) -> x | AT7: =BB7-MIN($BB$7:$BB$42) -> 147 | AU7: 0 | AV7: 0 | AW7: 467509.78 | AX7: 7616967.8 | AY7: 4500 | AZ7: 12 | BA7: 0.00086767896 | BB7: 989 | BC7: 3 | BD7: 3e-05 | BE7: 0.03 | BF7: =IF(COUNT(BJ7:BL7)=3,3,IF(OR(BN7<0,BP7=$BP$7),1,2))+BH7 -> 1 | BG7: 1 | BH7: 0 | BJ7: 0 | BM7: -1 | BP7: | | BT7: =BJ7 -> 0 | BU7: =IF(ISNUMBER(BN7),BN7,BM7) -> -1 | BV7: =IF(ISNUMBER(BQ7),IF(ISNUMBER(BR7),BR7,BQ7),IF(BP7=$BP$7,"",BP7)) | BW7: =IF(ISNUMBER(BR7),BQ7,"") | BY7: =IF(ISNUMBER(BJ7),BJ7,"") -> 0 | BZ7: =IF(ISNUMBER(BK7),_xlfn.CONCAT(BK7,",",BL7),BJ7) -> 0 | CA7: =IF(ISNUMBER(BN7),_xlfn.CONCAT(BN7,",",BO7),IF(OR(BM7=$BM$7,ISNUMBER(BM7)),BM7,"")) -> -1 | CB7: =IF(ISNUMBER(BQ7),_xlfn.CONCAT(BQ7,",",BR7),IF(OR(ISNUMBER(BP7),BP7=$BP$7),BP7,"")) -> | | CC7: =_xlfn.CONCAT(AB7,AC7) -> 11 | CD7: =_xlfn.CONCAT(AG7,AH7) -> 11 | CE7: =IF(ISNUMBER(BY7),INDEX($BY$7:$CD$42,BY7+1,BU$4),"") -> 0
F8: 2 | G8: 2 | H8: POINT (469922.2813 7614405.25) | I8: [976] | J8: 1088.059 | L8: =IF(ISNUMBER(R8),SQRT((R8-R7)^2+(S8-S7)^2),"") -> 638.84662 | N8: =O8-1 -> 1 | O8: =IF(ISNUMBER(Q8),ROW()-ROW(O$6),"") -> 2 | P8: =IF($AB8=P$6,O8,"") | Q8: =IF(ISNUMBER(R8),Q7+1,"") -> 2 | R8: =AW8 -> 468059.78 | S8: =AX8 -> 7616642.8 | V8: =BB8 -> 961 | W8: =IF(ISNUMBER(R8),R8-MIN(R$7:R$42),"") -> 3887.5 | X8: =IF(ISNUMBER(R8),S8-MIN(S$7:S$42),"") -> 8712.5 | Y8: =IF(ISNUMBER(BY8),INDEX($BY$7:$CD$42,BY8+1,BU$4),"") -> 1 | Z8: =IF(ISNUMBER(R8),V7-V8,"") -> 28 | AA8: =IF(Z8<0,MAX(AA$6:AA7)+1,0) -> 0 | AB8: =IF(ISNUMBER(R8),IF(AA8=0,AB7,AA8),"") -> 1 | AC8: =IF(AA8<>0,1,AC7+1) -> 2 | AE8: 0 | AF8: 0 | AG8: =IF(ISNUMBER(R8),AB8+AE8,"") -> 1 | AH8: =IF(ISNUMBER(S8),AC8+AF8,"") -> 2 | AJ8: =IF(ISNUMBER(AJ41),INDEX($R$7:$S$42,AJ41,AJ$4),AJ7) -> 468059.78 | AK8: =IF(ISNUMBER(AK41),INDEX($R$7:$S$42,AK41,AK$4),AK7) -> 469922.28 | AL8: =IF(ISNUMBER(AL41),INDEX($R$7:$S$42,AL41,AL$4),AL7) -> 468797.28 | AM8: =IF(ISNUMBER(AM41),INDEX($R$7:$S$42,AM41,AM$4),AM7) -> 467384.78 | AN8: =IF(ISNUMBER(AN41),INDEX($R$7:$S$42,AN41,AN$4),AN7) -> 465422.28 | AO8: =IF(ISNUMBER(AO41),INDEX($R$7:$S$42,AO41,AO$4),AO7) -> 466622.28 | AP8: =IF(ISNUMBER(AP41),INDEX($R$7:$S$42,AP41,AP$4),AP7) -> 464172.28 | AQ8: =IF(ISNUMBER(AQ41),INDEX($R$7:$S$42,AQ41,AQ$4),AQ7) -> x | ... AS8: =IF(ISNUMBER(AS41),INDEX($R$7:$S$42,AS41,AS$4),AS7) -> x | AT8: =BB8-MIN($BB$7:$BB$42) -> 119 | AU8: 1 | AV8: 0 | AW8: 468059.78 | AX8: 7616642.8 | AY8: 7000 | AZ8: 12 | BA8: 0.00086767896 | BB8: 961 | BC8: =BC7 -> 3 | BD8: 3e-05 | BE8: 0.03 | BF8: =IF(COUNT(BJ8:BL8)=3,3,IF(OR(BN8<0,BP8=$BP$7),1,2))+BH8 -> 2 | BG8: 1 | BH8: 0 | BJ8: 1 | BM8: =BM7+1 -> 0 | BP8: -2 | BT8: =BJ8 -> 1 | BU8: =IF(ISNUMBER(BN8),BN8,BM8) -> 0 | BV8: =IF(ISNUMBER(BQ8),IF(ISNUMBER(BR8),BR8,BQ8),IF(BP8=$BP$7,"",BP8)) -> -2 | BW8: =IF(ISNUMBER(BR8),BQ8,"") | BY8: =IF(ISNUMBER(BJ8),BJ8,"") -> 1 | BZ8: =IF(ISNUMBER(BK8),_xlfn.CONCAT(BK8,",",BL8),BJ8) -> 1 | CA8: =IF(ISNUMBER(BN8),_xlfn.CONCAT(BN8,",",BO8),IF(OR(BM8=$BM$7,ISNUMBER(BM8)),BM8,"")) -> 0 | CB8: =IF(ISNUMBER(BQ8),_xlfn.CONCAT(BQ8,",",BR8),IF(OR(ISNUMBER(BP8),BP8=$BP$7),BP8,"")) -> -2 | CC8: =_xlfn.CONCAT(AB8,AC8) -> 12 | CD8: =_xlfn.CONCAT(AG8,AH8) -> 12 | CE8: =IF(ISNUMBER(BY8),INDEX($BY$7:$CD$42,BY8+1,BU$4),"") -> 1 | CH8: sfr_spd
F9: 3 | G9: 3 | H9: POINT (468834.7813 7614292.75) | I9: [907] | J9: 1082.419 | L9: =IF(ISNUMBER(R9),SQRT((R9-R8)^2+(S9-S8)^2),"") -> 881.49376 | N9: =O9-1 -> 2 | O9: =IF(ISNUMBER(Q9),ROW()-ROW(O$6),"") -> 3 | P9: =IF($AB9=P$6,O9,"") | Q9: =IF(ISNUMBER(R9),Q8+1,"") -> 3 | R9: =AW9 -> 468334.78 | S9: =AX9 -> 7615805.2 | V9: =BB9 -> 937 | W9: =IF(ISNUMBER(R9),R9-MIN(R$7:R$42),"") -> 4162.5 | X9: =IF(ISNUMBER(R9),S9-MIN(S$7:S$42),"") -> 7875 | Y9: =IF(ISNUMBER(BY9),INDEX($BY$7:$CD$42,BY9+1,BU$4),"") -> 2 | Z9: =IF(ISNUMBER(R9),V8-V9,"") -> 24 | AA9: =IF(Z9<0,MAX(AA$6:AA8)+1,0) -> 0 | AB9: =IF(ISNUMBER(R9),IF(AA9=0,AB8,AA9),"") -> 1 | AC9: =IF(AA9<>0,1,AC8+1) -> 3 | AE9: 0 | AF9: 0 | AG9: =IF(ISNUMBER(R9),AB9+AE9,"") -> 1 | AH9: =IF(ISNUMBER(S9),AC9+AF9,"") -> 3 | AJ9: =IF(ISNUMBER(AJ42),INDEX($R$7:$S$42,AJ42,AJ$4),AJ8) -> 468334.78 | AK9: =IF(ISNUMBER(AK42),INDEX($R$7:$S$42,AK42,AK$4),AK8) -> 468834.78 | AL9: =IF(ISNUMBER(AL42),INDEX($R$7:$S$42,AL42,AL$4),AL8) -> 467797.28 | AM9: =IF(ISNUMBER(AM42),INDEX($R$7:$S$42,AM42,AM$4),AM8) -> 466597.28 | AN9: =IF(ISNUMBER(AN42),INDEX($R$7:$S$42,AN42,AN$4),AN8) -> 465284.78 | AO9: =IF(ISNUMBER(AO42),INDEX($R$7:$S$42,AO42,AO$4),AO8) -> 466097.28 | AP9: =IF(ISNUMBER(AP42),INDEX($R$7:$S$42,AP42,AP$4),AP8) -> 464172.28 | AQ9: =IF(ISNUMBER(AQ42),INDEX($R$7:$S$42,AQ42,AQ$4),AQ8) -> x | ... AS9: =IF(ISNUMBER(AS42),INDEX($R$7:$S$42,AS42,AS$4),AS8) -> x | AT9: =BB9-MIN($BB$7:$BB$42) -> 95 | AU9: 2 | AV9: 0 | AW9: 468334.78 | AX9: 7615805.2 | AY9: 6000 | AZ9: 12 | BA9: 0.00086767896 | BB9: 937 | BC9: =BC8 -> 3 | BD9: 3e-05 | BE9: 0.03 | BF9: =IF(COUNT(BJ9:BL9)=3,3,IF(OR(BN9<0,BP9=$BP$7),1,2))+BH9 -> 2 | BG9: 1 | BH9: 0 | BJ9: 2 | BM9: =BM8+1 -> 1 | BP9: =BP8-1 -> -3 | BT9: =BJ9 -> 2 | BU9: =IF(ISNUMBER(BN9),BN9,BM9) -> 1 | BV9: =IF(ISNUMBER(BQ9),IF(ISNUMBER(BR9),BR9,BQ9),IF(BP9=$BP$7,"",BP9)) -> -3 | BW9: =IF(ISNUMBER(BR9),BQ9,"") | BY9: =IF(ISNUMBER(BJ9),BJ9,"") -> 2 | BZ9: =IF(ISNUMBER(BK9),_xlfn.CONCAT(BK9,",",BL9),BJ9) -> 2 | CA9: =IF(ISNUMBER(BN9),_xlfn.CONCAT(BN9,",",BO9),IF(OR(BM9=$BM$7,ISNUMBER(BM9)),BM9,"")) -> 1 | CB9: =IF(ISNUMBER(BQ9),_xlfn.CONCAT(BQ9,",",BR9),IF(OR(ISNUMBER(BP9),BP9=$BP$7),BP9,"")) -> -3 | CC9: =_xlfn.CONCAT(AB9,AC9) -> 13 | CD9: =_xlfn.CONCAT(AG9,AH9) -> 13 | CE9: =IF(ISNUMBER(BY9),INDEX($BY$7:$CD$42,BY9+1,BU$4),"") -> 2 | CH9: S_S | CJ9: 1 | CK9: Q
F10: 4 | G10: 3 | H10: POINT (467509.7813 7616967.75) | I10: [989] | J10: 1077.408 | L10: =IF(ISNUMBER(R10),SQRT((R10-R9)^2+(S10-S9)^2),"") -> 852.2947 | N10: =O10-1 -> 3 | O10: =IF(ISNUMBER(Q10),ROW()-ROW(O$6),"") -> 4 | P10: =IF($AB10=P$6,O10,"") | Q10: =IF(ISNUMBER(R10),Q9+1,"") -> 4 | R10: =AW10 -> 468397.28 | S10: =AX10 -> 7614955.2 | V10: =BB10 -> 903 | W10: =IF(ISNUMBER(R10),R10-MIN(R$7:R$42),"") -> 4225 | X10: =IF(ISNUMBER(R10),S10-MIN(S$7:S$42),"") -> 7025 | Y10: =IF(ISNUMBER(BY10),INDEX($BY$7:$CD$42,BY10+1,BU$4),"") -> 3 | Z10: =IF(ISNUMBER(R10),V9-V10,"") -> 34 | AA10: =IF(Z10<0,MAX(AA$6:AA9)+1,0) -> 0 | AB10: =IF(ISNUMBER(R10),IF(AA10=0,AB9,AA10),"") -> 1 | AC10: =IF(AA10<>0,1,AC9+1) -> 4 | AE10: 0 | AF10: 0 | AG10: =IF(ISNUMBER(R10),AB10+AE10,"") -> 1 | AH10: =IF(ISNUMBER(S10),AC10+AF10,"") -> 4 | AJ10: =IF(ISNUMBER(AJ43),INDEX($R$7:$S$42,AJ43,AJ$4),AJ9) -> 468397.28 | AK10: =IF(ISNUMBER(AK43),INDEX($R$7:$S$42,AK43,AK$4),AK9) -> 468047.28 | AL10: =IF(ISNUMBER(AL43),INDEX($R$7:$S$42,AL43,AL$4),AL9) -> 467172.28 | AM10: =IF(ISNUMBER(AM43),INDEX($R$7:$S$42,AM43,AM$4),AM9) -> 465672.28 | AN10: =IF(ISNUMBER(AN43),INDEX($R$7:$S$42,AN43,AN$4),AN9) -> 464384.78 | AO10: =IF(ISNUMBER(AO43),INDEX($R$7:$S$42,AO43,AO$4),AO9) -> 465534.78 | AP10: =IF(ISNUMBER(AP43),INDEX($R$7:$S$42,AP43,AP$4),AP9) -> 464172.28 | AQ10: =IF(ISNUMBER(AQ43),INDEX($R$7:$S$42,AQ43,AQ$4),AQ9) -> x | ... AS10: =IF(ISNUMBER(AS43),INDEX($R$7:$S$42,AS43,AS$4),AS9) -> x | AT10: =BB10-MIN($BB$7:$BB$42) -> 61 | AU10: 3 | AV10: 0 | AW10: 468397.28 | AX10: 7614955.2 | AY10: 5550 | AZ10: 12 | BA10: 0.00086767896 | BB10: 903 | BC10: =BC9 -> 3 | BD10: 3e-05 | BE10: 0.03 | BF10: =IF(COUNT(BJ10:BL10)=3,3,IF(OR(BN10<0,BP10=$BP$7),1,2))+BH10 -> 2 | BG10: 1 | BH10: 0 | BJ10: =BJ9+1 -> 3 | BM10: =BM9+1 -> 2 | BP10: =BP9-1 -> -4 | BQ10: =BP10-3 -> -7 | BT10: =BJ10 -> 3 | BU10: =IF(ISNUMBER(BN10),BN10,BM10) -> 2 | BV10: =IF(ISNUMBER(BQ10),IF(ISNUMBER(BR10),BR10,BQ10),IF(BP10=$BP$7,"",BP10)) -> -7 | BW10: =IF(ISNUMBER(BR10),BQ10,"") | BY10: =IF(ISNUMBER(BJ10),BJ10,"") -> 3 | BZ10: =IF(ISNUMBER(BK10),_xlfn.CONCAT(BK10,",",BL10),BJ10) -> 3 | CA10: =IF(ISNUMBER(BN10),_xlfn.CONCAT(BN10,",",BO10),IF(OR(BM10=$BM$7,ISNUMBER(BM10)),BM10,"")) -> 2 | CB10: =IF(ISNUMBER(BQ10),_xlfn.CONCAT(BQ10,",",BR10),IF(OR(ISNUMBER(BP10),BP10=$BP$7),BP10,"")) -> -7, | CC10: =_xlfn.CONCAT(AB10,AC10) -> 14 | CD10: =_xlfn.CONCAT(AG10,AH10) -> 14 | CE10: =IF(ISNUMBER(BY10),INDEX($BY$7:$CD$42,BY10+1,BU$4),"") -> 3 | CH10: ↘ | CI10: 0 | CJ10: 1 | CK10: 2
F11: 5 | G11: 4 | H11: POINT (468059.7813 7616642.75) | I11: [961] | J11: 1071.934 | L11: =IF(ISNUMBER(R11),SQRT((R11-R10)^2+(S11-S10)^2),"") -> 2901.7775 | N11: =O11-1 -> 4 | O11: =IF(ISNUMBER(Q11),ROW()-ROW(O$6),"") -> 5 | P11: =IF($AB11=P$6,O11,"") | Q11: =IF(ISNUMBER(R11),Q10+1,"") -> 5 | R11: =AW11 -> 471134.78 | S11: =AX11 -> 7613992.8 | V11: =BB11 -> 1001 | W11: =IF(ISNUMBER(R11),R11-MIN(R$7:R$42),"") -> 6962.5 | X11: =IF(ISNUMBER(R11),S11-MIN(S$7:S$42),"") -> 6062.5 | Y11: =IF(ISNUMBER(BY11),INDEX($BY$7:$CD$42,BY11+1,BU$4),"") -> 4 | Z11: =IF(ISNUMBER(R11),V10-V11,"") -> -98 | AA11: =IF(Z11<0,MAX(AA$6:AA10)+1,0) -> 2 | AB11: =IF(ISNUMBER(R11),IF(AA11=0,AB10,AA11),"") -> 2 | AC11: =IF(AA11<>0,1,AC10+1) -> 1 | AE11: 0 | AF11: 0 | AG11: =IF(ISNUMBER(R11),AB11+AE11,"") -> 2 | AH11: =IF(ISNUMBER(S11),AC11+AF11,"") -> 1 | AJ11: =IF(ISNUMBER(AJ44),INDEX($R$7:$S$42,AJ44,AJ$4),AJ10) -> 468397.28 | AK11: =IF(ISNUMBER(AK44),INDEX($R$7:$S$42,AK44,AK$4),AK10) -> 468047.28 | AL11: =IF(ISNUMBER(AL44),INDEX($R$7:$S$42,AL44,AL$4),AL10) -> 467172.28 | AM11: =IF(ISNUMBER(AM44),INDEX($R$7:$S$42,AM44,AM$4),AM10) -> 465672.28 | AN11: =IF(ISNUMBER(AN44),INDEX($R$7:$S$42,AN44,AN$4),AN10) -> 464297.28 | AO11: =IF(ISNUMBER(AO44),INDEX($R$7:$S$42,AO44,AO$4),AO10) -> 464909.78 | AP11: =IF(ISNUMBER(AP44),INDEX($R$7:$S$42,AP44,AP$4),AP10) -> 464172.28 | AQ11: =IF(ISNUMBER(AQ44),INDEX($R$7:$S$42,AQ44,AQ$4),AQ10) -> x | ... AS11: =IF(ISNUMBER(AS44),INDEX($R$7:$S$42,AS44,AS$4),AS10) -> x | AT11: =BB11-MIN($BB$7:$BB$42) -> 159 | AU11: 4 | AV11: 0 | AW11: 471134.78 | AX11: 7613992.8 | AY11: 6500 | AZ11: 12 | BA11: 0.00094339624 | BB11: 1001 | BC11: =BC10 -> 3 | BD11: 3e-05 | BE11: 0.03 | BF11: =IF(COUNT(BJ11:BL11)=3,3,IF(OR(BN11<0,BP11=$BP$7),1,2))+BH11 -> 1 | BG11: 1 | BH11: 0 | BJ11: 4 | BM11: =BM10+1 -> 3 | BN11: =-1*(BM12+1) -> -5 | BP11: | | BT11: =BJ11 -> 4 | BU11: =IF(ISNUMBER(BN11),BN11,BM11) -> -5 | BV11: =IF(ISNUMBER(BQ11),IF(ISNUMBER(BR11),BR11,BQ11),IF(BP11=$BP$7,"",BP11)) | BW11: =IF(ISNUMBER(BR11),BQ11,"") | BY11: =IF(ISNUMBER(BJ11),BJ11,"") -> 4 | BZ11: =IF(ISNUMBER(BK11),_xlfn.CONCAT(BK11,",",BL11),BJ11) -> 4 | CA11: =IF(ISNUMBER(BN11),_xlfn.CONCAT(BN11,",",BO11),IF(OR(BM11=$BM$7,ISNUMBER(BM11)),BM11,"")) -> -5, | CB11: =IF(ISNUMBER(BQ11),_xlfn.CONCAT(BQ11,",",BR11),IF(OR(ISNUMBER(BP11),BP11=$BP$7),BP11,"")) -> | | CC11: =_xlfn.CONCAT(AB11,AC11) -> 21 | CD11: =_xlfn.CONCAT(AG11,AH11) -> 21 | CE11: =IF(ISNUMBER(BY11),INDEX($BY$7:$CD$42,BY11+1,BU$4),"") -> 4 | CH11: 0 | CI11: 0 | CJ11: inflow | CK11: 25 | CL11: ←
F12: 6 | G12: 5 | H12: POINT (468334.7813 7615805.25) | I12: [937] | J12: 1066.509 | L12: =IF(ISNUMBER(R12),SQRT((R12-R11)^2+(S12-S11)^2),"") -> 1280.7469 | N12: =O12-1 -> 5 | O12: =IF(ISNUMBER(Q12),ROW()-ROW(O$6),"") -> 6 | P12: =IF($AB12=P$6,O12,"") | Q12: =IF(ISNUMBER(R12),Q11+1,"") -> 6 | R12: =AW12 -> 469922.28 | S12: =AX12 -> 7614405.2 | V12: =BB12 -> 976 | W12: =IF(ISNUMBER(R12),R12-MIN(R$7:R$42),"") -> 5750 | X12: =IF(ISNUMBER(R12),S12-MIN(S$7:S$42),"") -> 6475 | Y12: =IF(ISNUMBER(BY12),INDEX($BY$7:$CD$42,BY12+1,BU$4),"") -> 5 | Z12: =IF(ISNUMBER(R12),V11-V12,"") -> 25 | AA12: =IF(Z12<0,MAX(AA$6:AA11)+1,0) -> 0 | AB12: =IF(ISNUMBER(R12),IF(AA12=0,AB11,AA12),"") -> 2 | AC12: =IF(AA12<>0,1,AC11+1) -> 2 | AE12: 0 | AF12: 0 | AG12: =IF(ISNUMBER(R12),AB12+AE12,"") -> 2 | AH12: =IF(ISNUMBER(S12),AC12+AF12,"") -> 2 | AJ12: =IF(ISNUMBER(AJ45),INDEX($R$7:$S$42,AJ45,AJ$4),AJ11) -> 468397.28 | AK12: =IF(ISNUMBER(AK45),INDEX($R$7:$S$42,AK45,AK$4),AK11) -> 468047.28 | AL12: =IF(ISNUMBER(AL45),INDEX($R$7:$S$42,AL45,AL$4),AL11) -> 467172.28 | AM12: =IF(ISNUMBER(AM45),INDEX($R$7:$S$42,AM45,AM$4),AM11) -> 465672.28 | AN12: =IF(ISNUMBER(AN45),INDEX($R$7:$S$42,AN45,AN$4),AN11) -> 464784.78 | AO12: =IF(ISNUMBER(AO45),INDEX($R$7:$S$42,AO45,AO$4),AO11) -> 464909.78 | AP12: =IF(ISNUMBER(AP45),INDEX($R$7:$S$42,AP45,AP$4),AP11) -> 464172.28 | AQ12: =IF(ISNUMBER(AQ45),INDEX($R$7:$S$42,AQ45,AQ$4),AQ11) -> x | ... AS12: =IF(ISNUMBER(AS45),INDEX($R$7:$S$42,AS45,AS$4),AS11) -> x | AT12: =BB12-MIN($BB$7:$BB$42) -> 134 | AU12: 5 | AV12: 0 | AW12: 469922.28 | AX12: 7614405.2 | AY12: 5000 | AZ12: 12 | BA12: 0.00094339624 | BB12: 976 | BC12: =BC11 -> 3 | BD12: 3e-05 | BE12: 0.03 | BF12: =IF(COUNT(BJ12:BL12)=3,3,IF(OR(BN12<0,BP12=$BP$7),1,2))+BH12 -> 2 | BG12: 1 | BH12: 0 | BJ12: 5 | BM12: =BM11+1 -> 4 | BP12: =BP10-2 -> -6 | BT12: =BJ12 -> 5 | BU12: =IF(ISNUMBER(BN12),BN12,BM12) -> 4 | BV12: =IF(ISNUMBER(BQ12),IF(ISNUMBER(BR12),BR12,BQ12),IF(BP12=$BP$7,"",BP12)) -> -6 | BW12: =IF(ISNUMBER(BR12),BQ12,"") | BY12: =IF(ISNUMBER(BJ12),BJ12,"") -> 5 | BZ12: =IF(ISNUMBER(BK12),_xlfn.CONCAT(BK12,",",BL12),BJ12) -> 5 | CA12: =IF(ISNUMBER(BN12),_xlfn.CONCAT(BN12,",",BO12),IF(OR(BM12=$BM$7,ISNUMBER(BM12)),BM12,"")) -> 4 | CB12: =IF(ISNUMBER(BQ12),_xlfn.CONCAT(BQ12,",",BR12),IF(OR(ISNUMBER(BP12),BP12=$BP$7),BP12,"")) -> -6 | CC12: =_xlfn.CONCAT(AB12,AC12) -> 22 | CD12: =_xlfn.CONCAT(AG12,AH12) -> 22 | CE12: =IF(ISNUMBER(BY12),INDEX($BY$7:$CD$42,BY12+1,BU$4),"") -> 5 | CH12: 1 | CI12: 4 | CJ12: inflow | CK12: 10 | CL12: ←
F13: 6 | G13: 6 | H13: POINT (468397.2813 7614955.25) | I13: [903] | J13: 1061.792 | L13: =IF(ISNUMBER(R13),SQRT((R13-R12)^2+(S13-S12)^2),"") -> 1093.3035 | N13: =O13-1 -> 6 | O13: =IF(ISNUMBER(Q13),ROW()-ROW(O$6),"") -> 7 | P13: =IF($AB13=P$6,O13,"") | Q13: =IF(ISNUMBER(R13),Q12+1,"") -> 7 | R13: =AW13 -> 468834.78 | S13: =AX13 -> 7614292.8 | V13: =BB13 -> 907 | W13: =IF(ISNUMBER(R13),R13-MIN(R$7:R$42),"") -> 4662.5 | X13: =IF(ISNUMBER(R13),S13-MIN(S$7:S$42),"") -> 6362.5 | Y13: =IF(ISNUMBER(BY13),INDEX($BY$7:$CD$42,BY13+1,BU$4),"") -> 6 | Z13: =IF(ISNUMBER(R13),V12-V13,"") -> 69 | AA13: =IF(Z13<0,MAX(AA$6:AA12)+1,0) -> 0 | AB13: =IF(ISNUMBER(R13),IF(AA13=0,AB12,AA13),"") -> 2 | AC13: =IF(AA13<>0,1,AC12+1) -> 3 | AE13: 0 | AF13: 0 | AG13: =IF(ISNUMBER(R13),AB13+AE13,"") -> 2 | AH13: =IF(ISNUMBER(S13),AC13+AF13,"") -> 3 | AJ13: =IF(ISNUMBER(AJ46),INDEX($R$7:$S$42,AJ46,AJ$4),AJ12) -> 468397.28 | AK13: =IF(ISNUMBER(AK46),INDEX($R$7:$S$42,AK46,AK$4),AK12) -> 468047.28 | AL13: =IF(ISNUMBER(AL46),INDEX($R$7:$S$42,AL46,AL$4),AL12) -> 467172.28 | AM13: =IF(ISNUMBER(AM46),INDEX($R$7:$S$42,AM46,AM$4),AM12) -> 465672.28 | AN13: =IF(ISNUMBER(AN46),INDEX($R$7:$S$42,AN46,AN$4),AN12) -> 464784.78 | AO13: =IF(ISNUMBER(AO46),INDEX($R$7:$S$42,AO46,AO$4),AO12) -> 464909.78 | AP13: =IF(ISNUMBER(AP46),INDEX($R$7:$S$42,AP46,AP$4),AP12) -> 464172.28 | AQ13: =IF(ISNUMBER(AQ46),INDEX($R$7:$S$42,AQ46,AQ$4),AQ12) -> x | ... AS13: =IF(ISNUMBER(AS46),INDEX($R$7:$S$42,AS46,AS$4),AS12) -> x | AT13: =BB13-MIN($BB$7:$BB$42) -> 65 | AU13: 6 | AV13: 0 | AW13: 468834.78 | AX13: 7614292.8 | AY13: 5000 | AZ13: 12 | BA13: 0.00094339624 | BB13: 907 | BC13: =BC12 -> 3 | BD13: 3e-05 | BE13: 0.03 | BF13: =IF(COUNT(BJ13:BL13)=3,3,IF(OR(BN13<0,BP13=$BP$7),1,2))+BH13 -> 2 | BG13: 1 | BH13: 0 | BJ13: =BJ12+1 -> 6 | BM13: =BM12+1 -> 5 | BP13: =BP12-1 -> -7 | BT13: =BJ13 -> 6 | BU13: =IF(ISNUMBER(BN13),BN13,BM13) -> 5 | BV13: =IF(ISNUMBER(BQ13),IF(ISNUMBER(BR13),BR13,BQ13),IF(BP13=$BP$7,"",BP13)) -> -7 | BW13: =IF(ISNUMBER(BR13),BQ13,"") | BY13: =IF(ISNUMBER(BJ13),BJ13,"") -> 6 | BZ13: =IF(ISNUMBER(BK13),_xlfn.CONCAT(BK13,",",BL13),BJ13) -> 6 | CA13: =IF(ISNUMBER(BN13),_xlfn.CONCAT(BN13,",",BO13),IF(OR(BM13=$BM$7,ISNUMBER(BM13)),BM13,"")) -> 5 | CB13: =IF(ISNUMBER(BQ13),_xlfn.CONCAT(BQ13,",",BR13),IF(OR(ISNUMBER(BP13),BP13=$BP$7),BP13,"")) -> -7 | CC13: =_xlfn.CONCAT(AB13,AC13) -> 23 | CD13: =_xlfn.CONCAT(AG13,AH13) -> 23 | CE13: =IF(ISNUMBER(BY13),INDEX($BY$7:$CD$42,BY13+1,BU$4),"") -> 6 | CH13: 2 | CI13: 8 | CJ13: inflow | CK13: 150 | CL13: ←
F14: 6 | G14: 7 | H14: POINT (468047.2813 7614180.25) | I14: [889] | J14: 1057.075 | L14: =IF(ISNUMBER(R14),SQRT((R14-R13)^2+(S14-S13)^2),"") -> 795.49513 | N14: =O14-1 -> 7 | O14: =IF(ISNUMBER(Q14),ROW()-ROW(O$6),"") -> 8 | P14: =IF($AB14=P$6,O14,"") | Q14: =IF(ISNUMBER(R14),Q13+1,"") -> 8 | R14: =AW14 -> 468047.28 | S14: =AX14 -> 7614180.2 | V14: =BB14 -> 889 | W14: =IF(ISNUMBER(R14),R14-MIN(R$7:R$42),"") -> 3875 | X14: =IF(ISNUMBER(R14),S14-MIN(S$7:S$42),"") -> 6250 | Y14: =IF(ISNUMBER(BY14),INDEX($BY$7:$CD$42,BY14+1,BU$4),"") -> 7 | Z14: =IF(ISNUMBER(R14),V13-V14,"") -> 18 | AA14: =IF(Z14<0,MAX(AA$6:AA13)+1,0) -> 0 | AB14: =IF(ISNUMBER(R14),IF(AA14=0,AB13,AA14),"") -> 2 | AC14: =IF(AA14<>0,1,AC13+1) -> 4 | AE14: 0 | AF14: 0 | AG14: =IF(ISNUMBER(R14),AB14+AE14,"") -> 2 | AH14: =IF(ISNUMBER(S14),AC14+AF14,"") -> 4 | AJ14: =IF(ISNUMBER(AJ47),INDEX($R$7:$S$42,AJ47,AJ$4),AJ13) -> 468397.28 | AK14: =IF(ISNUMBER(AK47),INDEX($R$7:$S$42,AK47,AK$4),AK13) -> 468047.28 | AL14: =IF(ISNUMBER(AL47),INDEX($R$7:$S$42,AL47,AL$4),AL13) -> 467172.28 | AM14: =IF(ISNUMBER(AM47),INDEX($R$7:$S$42,AM47,AM$4),AM13) -> 465672.28 | AN14: =IF(ISNUMBER(AN47),INDEX($R$7:$S$42,AN47,AN$4),AN13) -> 464784.78 | AO14: =IF(ISNUMBER(AO47),INDEX($R$7:$S$42,AO47,AO$4),AO13) -> 464909.78 | AP14: =IF(ISNUMBER(AP47),INDEX($R$7:$S$42,AP47,AP$4),AP13) -> 464172.28 | AQ14: =IF(ISNUMBER(AQ47),INDEX($R$7:$S$42,AQ47,AQ$4),AQ13) -> x | ... AS14: =IF(ISNUMBER(AS47),INDEX($R$7:$S$42,AS47,AS$4),AS13) -> x | AT14: =BB14-MIN($BB$7:$BB$42) -> 47 | AU14: 7 | AV14: 0 | AW14: 468047.28 | AX14: 7614180.2 | AY14: 5000 | AZ14: 12 | BA14: 0.00094339624 | BB14: 889 | BC14: =BC13 -> 3 | BD14: 3e-05 | BE14: 0.03 | BF14: =IF(COUNT(BJ14:BL14)=3,3,IF(OR(BN14<0,BP14=$BP$7),1,2))+BH14 -> 3 | BG14: 1 | BH14: 0 | BI14: =BJ14 -> 7 | BJ14: =BJ13+1 -> 7 | BK14: =BJ10 -> 3 | BL14: =BJ13 -> 6 | BM14: =BM13+1 -> 6 | BN14: =BM10 -> 2 | BO14: =BM13 -> 5 | BP14: =BP13-1 -> -8 | BQ14: =BP14-2 -> -10 | BR14: =(BQ14+2)*-1 -> 8 | BT14: =BJ14 -> 7 | BU14: =IF(ISNUMBER(BN14),BN14,BM14) -> 2 | BV14: =IF(ISNUMBER(BQ14),IF(ISNUMBER(BR14),BR14,BQ14),IF(BP14=$BP$7,"",BP14)) -> 8 | BW14: =IF(ISNUMBER(BR14),BQ14,"") -> -10 | BY14: =IF(ISNUMBER(BJ14),BJ14,"") -> 7 | BZ14: =IF(ISNUMBER(BK14),_xlfn.CONCAT(BK14,",",BL14),BJ14) -> 3,6 | CA14: =IF(ISNUMBER(BN14),_xlfn.CONCAT(BN14,",",BO14),IF(OR(BM14=$BM$7,ISNUMBER(BM14)),BM14,"")) -> 2,5 | CB14: =IF(ISNUMBER(BQ14),_xlfn.CONCAT(BQ14,",",BR14),IF(OR(ISNUMBER(BP14),BP14=$BP$7),BP14,"")) -> -10,8 | CC14: =_xlfn.CONCAT(AB14,AC14) -> 24 | CD14: =_xlfn.CONCAT(AG14,AH14) -> 24 | CE14: =IF(ISNUMBER(BY14),INDEX($BY$7:$CD$42,BY14+1,BU$4),"") -> 7 | CH14: 3 | CI14: 12 | CJ14: inflow | CK14: 150 | CL14: ←
F15: 6 | G15: 8 | H15: POINT (469934.7813 7612342.75) | I15: [969] | J15: 1052.359 | L15: =IF(ISNUMBER(R15),SQRT((R15-R14)^2+(S15-S14)^2),"") -> 2634.21 | N15: =O15-1 -> 8 | O15: =IF(ISNUMBER(Q15),ROW()-ROW(O$6),"") -> 9 | P15: =IF($AB15=P$6,O15,"") | Q15: =IF(ISNUMBER(R15),Q14+1,"") -> 9 | R15: =AW15 -> 469934.78 | S15: =AX15 -> 7612342.8 | V15: =BB15 -> 969 | W15: =IF(ISNUMBER(R15),R15-MIN(R$7:R$42),"") -> 5762.5 | X15: =IF(ISNUMBER(R15),S15-MIN(S$7:S$42),"") -> 4412.5 | Y15: =IF(ISNUMBER(BY15),INDEX($BY$7:$CD$42,BY15+1,BU$4),"") -> 8 | Z15: =IF(ISNUMBER(R15),V14-V15,"") -> -80 | AA15: =IF(Z15<0,MAX(AA$6:AA14)+1,0) -> 3 | AB15: =IF(ISNUMBER(R15),IF(AA15=0,AB14,AA15),"") -> 3 | AC15: =IF(AA15<>0,1,AC14+1) -> 1 | AE15: 0 | AF15: 0 | AG15: =IF(ISNUMBER(R15),AB15+AE15,"") -> 3 | AH15: =IF(ISNUMBER(S15),AC15+AF15,"") -> 1 | AJ15: =IF(ISNUMBER(AJ48),INDEX($R$7:$S$42,AJ48,AJ$4),AJ14) -> 468397.28 | AK15: =IF(ISNUMBER(AK48),INDEX($R$7:$S$42,AK48,AK$4),AK14) -> 468047.28 | AL15: =IF(ISNUMBER(AL48),INDEX($R$7:$S$42,AL48,AL$4),AL14) -> 467172.28 | AM15: =IF(ISNUMBER(AM48),INDEX($R$7:$S$42,AM48,AM$4),AM14) -> 465672.28 | AN15: =IF(ISNUMBER(AN48),INDEX($R$7:$S$42,AN48,AN$4),AN14) -> 464784.78 | AO15: =IF(ISNUMBER(AO48),INDEX($R$7:$S$42,AO48,AO$4),AO14) -> 464909.78 | AP15: =IF(ISNUMBER(AP48),INDEX($R$7:$S$42,AP48,AP$4),AP14) -> 464172.28 | AQ15: =IF(ISNUMBER(AQ48),INDEX($R$7:$S$42,AQ48,AQ$4),AQ14) -> x | ... AS15: =IF(ISNUMBER(AS48),INDEX($R$7:$S$42,AS48,AS$4),AS14) -> x | AT15: =BB15-MIN($BB$7:$BB$42) -> 127 | AU15: 8 | AV15: 0 | AW15: 469934.78 | AX15: 7612342.8 | AY15: 5000 | AZ15: 12 | BA15: 0.00094339624 | BB15: 969 | BC15: =BC14 -> 3 | BD15: 3e-05 | BE15: 0.03 | BF15: =IF(COUNT(BJ15:BL15)=3,3,IF(OR(BN15<0,BP15=$BP$7),1,2))+BH15 -> 1 | BG15: 1 | BH15: 0 | BJ15: =BJ14+1 -> 8 | BM15: =BM14+1 -> 7 | BN15: =-1*(BM16+1) -> -9 | BP15: | | BT15: =BJ15 -> 8 | BU15: =IF(ISNUMBER(BN15),BN15,BM15) -> -9 | BV15: =IF(ISNUMBER(BQ15),IF(ISNUMBER(BR15),BR15,BQ15),IF(BP15=$BP$7,"",BP15)) | BW15: =IF(ISNUMBER(BR15),BQ15,"") | BY15: =IF(ISNUMBER(BJ15),BJ15,"") -> 8 | BZ15: =IF(ISNUMBER(BK15),_xlfn.CONCAT(BK15,",",BL15),BJ15) -> 8 | CA15: =IF(ISNUMBER(BN15),_xlfn.CONCAT(BN15,",",BO15),IF(OR(BM15=$BM$7,ISNUMBER(BM15)),BM15,"")) -> -9, | CB15: =IF(ISNUMBER(BQ15),_xlfn.CONCAT(BQ15,",",BR15),IF(OR(ISNUMBER(BP15),BP15=$BP$7),BP15,"")) -> | | CC15: =_xlfn.CONCAT(AB15,AC15) -> 31 | CD15: =_xlfn.CONCAT(AG15,AH15) -> 31 | CE15: =IF(ISNUMBER(BY15),INDEX($BY$7:$CD$42,BY15+1,BU$4),"") -> 8 | CH15: 4 | CI15: 16 | CJ15: inflow | CK15: 150 | CL15: ←
F16: 5 | G16: 3 | H16: POINT (468797.2813 7612842.75) | I16: [911] | J16: 1073.636 | L16: =IF(ISNUMBER(R16),SQRT((R16-R15)^2+(S16-S15)^2),"") -> 1242.5402 | N16: =O16-1 -> 9 | O16: =IF(ISNUMBER(Q16),ROW()-ROW(O$6),"") -> 10 | P16: =IF($AB16=P$6,O16,"") | Q16: =IF(ISNUMBER(R16),Q15+1,"") -> 10 | R16: =AW16 -> 468797.28 | S16: =AX16 -> 7612842.8 | V16: =BB16 -> 911 | W16: =IF(ISNUMBER(R16),R16-MIN(R$7:R$42),"") -> 4625 | X16: =IF(ISNUMBER(R16),S16-MIN(S$7:S$42),"") -> 4912.5 | Y16: =IF(ISNUMBER(BY16),INDEX($BY$7:$CD$42,BY16+1,BU$4),"") -> 9 | Z16: =IF(ISNUMBER(R16),V15-V16,"") -> 58 | AA16: =IF(Z16<0,MAX(AA$6:AA15)+1,0) -> 0 | AB16: =IF(ISNUMBER(R16),IF(AA16=0,AB15,AA16),"") -> 3 | AC16: =IF(AA16<>0,1,AC15+1) -> 2 | AE16: 0 | AF16: 0 | AG16: =IF(ISNUMBER(R16),AB16+AE16,"") -> 3 | AH16: =IF(ISNUMBER(S16),AC16+AF16,"") -> 2 | AJ16: =IF(ISNUMBER(AJ49),INDEX($R$7:$S$42,AJ49,AJ$4),AJ15) -> 468397.28 | AK16: =IF(ISNUMBER(AK49),INDEX($R$7:$S$42,AK49,AK$4),AK15) -> 468047.28 | AL16: =IF(ISNUMBER(AL49),INDEX($R$7:$S$42,AL49,AL$4),AL15) -> 467172.28 | AM16: =IF(ISNUMBER(AM49),INDEX($R$7:$S$42,AM49,AM$4),AM15) -> 465672.28 | AN16: =IF(ISNUMBER(AN49),INDEX($R$7:$S$42,AN49,AN$4),AN15) -> 464784.78 | AO16: =IF(ISNUMBER(AO49),INDEX($R$7:$S$42,AO49,AO$4),AO15) -> 464909.78 | AP16: =IF(ISNUMBER(AP49),INDEX($R$7:$S$42,AP49,AP$4),AP15) -> 464172.28 | AQ16: =IF(ISNUMBER(AQ49),INDEX($R$7:$S$42,AQ49,AQ$4),AQ15) -> x | ... AS16: =IF(ISNUMBER(AS49),INDEX($R$7:$S$42,AS49,AS$4),AS15) -> x | AT16: =BB16-MIN($BB$7:$BB$42) -> 69 | AU16: 9 | AV16: 0 | AW16: 468797.28 | AX16: 7612842.8 | AY16: 5000 | AZ16: 10 | BA16: 0.00054545456 | BB16: 911 | BC16: =BC15 -> 3 | BD16: 3e-05 | BE16: 0.03 | BF16: =IF(COUNT(BJ16:BL16)=3,3,IF(OR(BN16<0,BP16=$BP$7),1,2))+BH16 -> 2 | BG16: 1 | BH16: 0 | BJ16: =BJ15+1 -> 9 | BM16: =BM15+1 -> 8 | BP16: =BP14-2 -> -10 | BT16: =BJ16 -> 9 | BU16: =IF(ISNUMBER(BN16),BN16,BM16) -> 8 | BV16: =IF(ISNUMBER(BQ16),IF(ISNUMBER(BR16),BR16,BQ16),IF(BP16=$BP$7,"",BP16)) -> -10 | BW16: =IF(ISNUMBER(BR16),BQ16,"") | BY16: =IF(ISNUMBER(BJ16),BJ16,"") -> 9 | BZ16: =IF(ISNUMBER(BK16),_xlfn.CONCAT(BK16,",",BL16),BJ16) -> 9 | CA16: =IF(ISNUMBER(BN16),_xlfn.CONCAT(BN16,",",BO16),IF(OR(BM16=$BM$7,ISNUMBER(BM16)),BM16,"")) -> 8 | CB16: =IF(ISNUMBER(BQ16),_xlfn.CONCAT(BQ16,",",BR16),IF(OR(ISNUMBER(BP16),BP16=$BP$7),BP16,"")) -> -10 | CC16: =_xlfn.CONCAT(AB16,AC16) -> 32 | CD16: =_xlfn.CONCAT(AG16,AH16) -> 32 | CE16: =IF(ISNUMBER(BY16),INDEX($BY$7:$CD$42,BY16+1,BU$4),"") -> 9 | CH16: 5 | CI16: 22 | CJ16: inflow | CK16: 150 | CL16: ←
F17: 6 | G17: 3 | H17: POINT (467797.2813 7613980.25) | I17: [888] | J17: 1070.909 | L17: =IF(ISNUMBER(R17),SQRT((R17-R16)^2+(S17-S16)^2),"") -> 1514.5647 | N17: =O17-1 -> 10 | O17: =IF(ISNUMBER(Q17),ROW()-ROW(O$6),"") -> 11 | P17: =IF($AB17=P$6,O17,"") | Q17: =IF(ISNUMBER(R17),Q16+1,"") -> 11 | R17: =AW17 -> 467797.28 | S17: =AX17 -> 7613980.2 | V17: =BB17 -> 888 | W17: =IF(ISNUMBER(R17),R17-MIN(R$7:R$42),"") -> 3625 | X17: =IF(ISNUMBER(R17),S17-MIN(S$7:S$42),"") -> 6050 | Y17: =IF(ISNUMBER(BY17),INDEX($BY$7:$CD$42,BY17+1,BU$4),"") -> 10 | Z17: =IF(ISNUMBER(R17),V16-V17,"") -> 23 | AA17: =IF(Z17<0,MAX(AA$6:AA16)+1,0) -> 0 | AB17: =IF(ISNUMBER(R17),IF(AA17=0,AB16,AA17),"") -> 3 | AC17: =IF(AA17<>0,1,AC16+1) -> 3 | AE17: 1 | AF17: -2 | AG17: =IF(ISNUMBER(R17),AB17+AE17,"") -> 4 | AH17: =IF(ISNUMBER(S17),AC17+AF17,"") -> 1 | AJ17: =IF(ISNUMBER(AJ50),INDEX($R$7:$S$42,AJ50,AJ$4),AJ16) -> 468397.28 | AK17: =IF(ISNUMBER(AK50),INDEX($R$7:$S$42,AK50,AK$4),AK16) -> 468047.28 | AL17: =IF(ISNUMBER(AL50),INDEX($R$7:$S$42,AL50,AL$4),AL16) -> 467172.28 | AM17: =IF(ISNUMBER(AM50),INDEX($R$7:$S$42,AM50,AM$4),AM16) -> 465672.28 | AN17: =IF(ISNUMBER(AN50),INDEX($R$7:$S$42,AN50,AN$4),AN16) -> 464784.78 | AO17: =IF(ISNUMBER(AO50),INDEX($R$7:$S$42,AO50,AO$4),AO16) -> 464909.78 | AP17: =IF(ISNUMBER(AP50),INDEX($R$7:$S$42,AP50,AP$4),AP16) -> 464172.28 | AQ17: =IF(ISNUMBER(AQ50),INDEX($R$7:$S$42,AQ50,AQ$4),AQ16) -> x | ... AS17: =IF(ISNUMBER(AS50),INDEX($R$7:$S$42,AS50,AS$4),AS16) -> x | AT17: =BB17-MIN($BB$7:$BB$42) -> 46 | AU17: 10 | AV17: 0 | AW17: 467797.28 | AX17: 7613980.2 | AY17: 5000 | AZ17: 10 | BA17: 0.00054545456 | BB17: 888 | BC17: =BC16 -> 3 | BD17: 3e-05 | BE17: 0.03 | BF17: =IF(COUNT(BJ17:BL17)=3,3,IF(OR(BN17<0,BP17=$BP$7),1,2))+BH17 -> 3 | BG17: 1 | BH17: 0 | BJ17: =BJ16+1 -> 10 | BK17: =BJ14 -> 7 | BL17: =BJ16 -> 9 | BM17: =BM16+1 -> 9 | BN17: =BM14 -> 6 | BO17: =BM16 -> 8 | BP17: =BP16-1 -> -11 | BQ17: =BP17 -> -11 | BR17: =(BQ17+2)*-1 -> 9 | BT17: =BJ17 -> 10 | BU17: =IF(ISNUMBER(BN17),BN17,BM17) -> 6 | BV17: =IF(ISNUMBER(BQ17),IF(ISNUMBER(BR17),BR17,BQ17),IF(BP17=$BP$7,"",BP17)) -> 9 | BW17: =IF(ISNUMBER(BR17),BQ17,"") -> -11 | BY17: =IF(ISNUMBER(BJ17),BJ17,"") -> 10 | BZ17: =IF(ISNUMBER(BK17),_xlfn.CONCAT(BK17,",",BL17),BJ17) -> 7,9 | CA17: =IF(ISNUMBER(BN17),_xlfn.CONCAT(BN17,",",BO17),IF(OR(BM17=$BM$7,ISNUMBER(BM17)),BM17,"")) -> 6,8 | CB17: =IF(ISNUMBER(BQ17),_xlfn.CONCAT(BQ17,",",BR17),IF(OR(ISNUMBER(BP17),BP17=$BP$7),BP17,"")) -> -11,9 | CC17: =_xlfn.CONCAT(AB17,AC17) -> 33 | CD17: =_xlfn.CONCAT(AG17,AH17) -> 41 | CE17: =IF(ISNUMBER(BY17),INDEX($BY$7:$CD$42,BY17+1,BU$4),"") -> 10 | CH17: 6 | CI17: 10 | CJ17: status | CK17: simple
F18: 7 | G18: 3 | H18: POINT (467172.2813 7613492.75) | I18: [880] | J18: 1068.318 | L18: =IF(ISNUMBER(R18),SQRT((R18-R17)^2+(S18-S17)^2),"") -> 792.64194 | N18: =O18-1 -> 11 | O18: =IF(ISNUMBER(Q18),ROW()-ROW(O$6),"") -> 12 | P18: =IF($AB18=P$6,O18,"") | Q18: =IF(ISNUMBER(R18),Q17+1,"") -> 12 | R18: =AW18 -> 467172.28 | S18: =AX18 -> 7613492.8 | V18: =BB18 -> 880 | W18: =IF(ISNUMBER(R18),R18-MIN(R$7:R$42),"") -> 3000 | X18: =IF(ISNUMBER(R18),S18-MIN(S$7:S$42),"") -> 5562.5 | Y18: =IF(ISNUMBER(BY18),INDEX($BY$7:$CD$42,BY18+1,BU$4),"") -> 11 | Z18: =IF(ISNUMBER(R18),V17-V18,"") -> 8 | AA18: =IF(Z18<0,MAX(AA$6:AA17)+1,0) -> 0 | AB18: =IF(ISNUMBER(R18),IF(AA18=0,AB17,AA18),"") -> 3 | AC18: =IF(AA18<>0,1,AC17+1) -> 4 | AE18: 1 | AF18: -2 | AG18: =IF(ISNUMBER(R18),AB18+AE18,"") -> 4 | AH18: =IF(ISNUMBER(S18),AC18+AF18,"") -> 2 | AJ18: =IF(ISNUMBER(AJ51),INDEX($R$7:$S$42,AJ51,AJ$4),AJ17) -> 468397.28 | AK18: =IF(ISNUMBER(AK51),INDEX($R$7:$S$42,AK51,AK$4),AK17) -> 468047.28 | AL18: =IF(ISNUMBER(AL51),INDEX($R$7:$S$42,AL51,AL$4),AL17) -> 467172.28 | AM18: =IF(ISNUMBER(AM51),INDEX($R$7:$S$42,AM51,AM$4),AM17) -> 465672.28 | AN18: =IF(ISNUMBER(AN51),INDEX($R$7:$S$42,AN51,AN$4),AN17) -> 464784.78 | AO18: =IF(ISNUMBER(AO51),INDEX($R$7:$S$42,AO51,AO$4),AO17) -> 464909.78 | AP18: =IF(ISNUMBER(AP51),INDEX($R$7:$S$42,AP51,AP$4),AP17) -> 464172.28 | AQ18: =IF(ISNUMBER(AQ51),INDEX($R$7:$S$42,AQ51,AQ$4),AQ17) -> x | ... AS18: =IF(ISNUMBER(AS51),INDEX($R$7:$S$42,AS51,AS$4),AS17) -> x | AT18: =BB18-MIN($BB$7:$BB$42) -> 38 | AU18: 11 | AV18: 0 | AW18: 467172.28 | AX18: 7613492.8 | AY18: 4500 | AZ18: 10 | BA18: 0.00054545456 | BB18: 880 | BC18: =BC17 -> 3 | BD18: 3e-05 | BE18: 0.03 | BF18: =IF(COUNT(BJ18:BL18)=3,3,IF(OR(BN18<0,BP18=$BP$7),1,2))+BH18 -> 2 | BG18: 1 | BH18: 0 | BJ18: =BJ17+1 -> 11 | BM18: =BM17+1 -> 10 | BP18: =BP17-1 -> -12 | BQ18: =BP18-2 -> -14 | BT18: =BJ18 -> 11 | BU18: =IF(ISNUMBER(BN18),BN18,BM18) -> 10 | BV18: =IF(ISNUMBER(BQ18),IF(ISNUMBER(BR18),BR18,BQ18),IF(BP18=$BP$7,"",BP18)) -> -14 | BW18: =IF(ISNUMBER(BR18),BQ18,"") | BY18: =IF(ISNUMBER(BJ18),BJ18,"") -> 11 | BZ18: =IF(ISNUMBER(BK18),_xlfn.CONCAT(BK18,",",BL18),BJ18) -> 11 | CA18: =IF(ISNUMBER(BN18),_xlfn.CONCAT(BN18,",",BO18),IF(OR(BM18=$BM$7,ISNUMBER(BM18)),BM18,"")) -> 10 | CB18: =IF(ISNUMBER(BQ18),_xlfn.CONCAT(BQ18,",",BR18),IF(OR(ISNUMBER(BP18),BP18=$BP$7),BP18,"")) -> -14, | CC18: =_xlfn.CONCAT(AB18,AC18) -> 34 | CD18: =_xlfn.CONCAT(AG18,AH18) -> 42 | CE18: =IF(ISNUMBER(BY18),INDEX($BY$7:$CD$42,BY18+1,BU$4),"") -> 11 | CH18: 7 | CI18: 7 | CJ18: status | CK18: simple
F19: 8 | G19: 4 | H19: POINT (468434.7813 7611380.25) | I19: [911] | J19: 1065.455 | L19: =IF(ISNUMBER(R19),SQRT((R19-R18)^2+(S19-S18)^2),"") -> 2461.0084 | N19: =O19-1 -> 12 | O19: =IF(ISNUMBER(Q19),ROW()-ROW(O$6),"") -> 13 | P19: =IF($AB19=P$6,O19,"") | Q19: =IF(ISNUMBER(R19),Q18+1,"") -> 13 | R19: =AW19 -> 468434.78 | S19: =AX19 -> 7611380.2 | V19: =BB19 -> 911 | W19: =IF(ISNUMBER(R19),R19-MIN(R$7:R$42),"") -> 4262.5 | X19: =IF(ISNUMBER(R19),S19-MIN(S$7:S$42),"") -> 3450 | Y19: =IF(ISNUMBER(BY19),INDEX($BY$7:$CD$42,BY19+1,BU$4),"") -> 12 | Z19: =IF(ISNUMBER(R19),V18-V19,"") -> -31 | AA19: =IF(Z19<0,MAX(AA$6:AA18)+1,0) -> 4 | AB19: =IF(ISNUMBER(R19),IF(AA19=0,AB18,AA19),"") -> 4 | AC19: =IF(AA19<>0,1,AC18+1) -> 1 | AE19: 1 | AF19: 0 | AG19: =IF(ISNUMBER(R19),AB19+AE19,"") -> 5 | AH19: =IF(ISNUMBER(S19),AC19+AF19,"") -> 1 | AJ19: =IF(ISNUMBER(AJ52),INDEX($R$7:$S$42,AJ52,AJ$4),AJ18) -> 468397.28 | AK19: =IF(ISNUMBER(AK52),INDEX($R$7:$S$42,AK52,AK$4),AK18) -> 468047.28 | AL19: =IF(ISNUMBER(AL52),INDEX($R$7:$S$42,AL52,AL$4),AL18) -> 467172.28 | AM19: =IF(ISNUMBER(AM52),INDEX($R$7:$S$42,AM52,AM$4),AM18) -> 465672.28 | AN19: =IF(ISNUMBER(AN52),INDEX($R$7:$S$42,AN52,AN$4),AN18) -> 464784.78 | AO19: =IF(ISNUMBER(AO52),INDEX($R$7:$S$42,AO52,AO$4),AO18) -> 464909.78 | AP19: =IF(ISNUMBER(AP52),INDEX($R$7:$S$42,AP52,AP$4),AP18) -> 464172.28 | AQ19: =IF(ISNUMBER(AQ52),INDEX($R$7:$S$42,AQ52,AQ$4),AQ18) -> x | ... AS19: =IF(ISNUMBER(AS52),INDEX($R$7:$S$42,AS52,AS$4),AS18) -> x | AT19: =BB19-MIN($BB$7:$BB$42) -> 69 | AU19: 12 | AV19: 0 | AW19: 468434.78 | AX19: 7611380.2 | AY19: 6000 | AZ19: 10 | BA19: 0.00054545456 | BB19: 911 | BC19: =BC18 -> 3 | BD19: 3e-05 | BE19: 0.03 | BF19: =IF(COUNT(BJ19:BL19)=3,3,IF(OR(BN19<0,BP19=$BP$7),1,2))+BH19 -> 1 | BG19: 1 | BH19: 0 | BJ19: =BJ18+1 -> 12 | BM19: =BM18+1 -> 11 | BN19: =-1*(BM20+1) -> -13 | BP19: | | BT19: =BJ19 -> 12 | BU19: =IF(ISNUMBER(BN19),BN19,BM19) -> -13 | BV19: =IF(ISNUMBER(BQ19),IF(ISNUMBER(BR19),BR19,BQ19),IF(BP19=$BP$7,"",BP19)) | BW19: =IF(ISNUMBER(BR19),BQ19,"") | BY19: =IF(ISNUMBER(BJ19),BJ19,"") -> 12 | BZ19: =IF(ISNUMBER(BK19),_xlfn.CONCAT(BK19,",",BL19),BJ19) -> 12 | CA19: =IF(ISNUMBER(BN19),_xlfn.CONCAT(BN19,",",BO19),IF(OR(BM19=$BM$7,ISNUMBER(BM19)),BM19,"")) -> -13, | CB19: =IF(ISNUMBER(BQ19),_xlfn.CONCAT(BQ19,",",BR19),IF(OR(ISNUMBER(BP19),BP19=$BP$7),BP19,"")) -> | | CC19: =_xlfn.CONCAT(AB19,AC19) -> 41 | CD19: =_xlfn.CONCAT(AG19,AH19) -> 51 | CE19: =IF(ISNUMBER(BY19),INDEX($BY$7:$CD$42,BY19+1,BU$4),"") -> 12 | CH19: 8 | CI19: 10 | CJ19: status | CK19: simple
F20: 8 | G20: 5 | H20: POINT (467384.7813 7612080.25) | I20: [896] | J20: 1062.455 | L20: =IF(ISNUMBER(R20),SQRT((R20-R19)^2+(S20-S19)^2),"") -> 1261.9429 | N20: =O20-1 -> 13 | O20: =IF(ISNUMBER(Q20),ROW()-ROW(O$6),"") -> 14 | P20: =IF($AB20=P$6,O20,"") | Q20: =IF(ISNUMBER(R20),Q19+1,"") -> 14 | R20: =AW20 -> 467384.78 | S20: =AX20 -> 7612080.2 | V20: =BB20 -> 896 | W20: =IF(ISNUMBER(R20),R20-MIN(R$7:R$42),"") -> 3212.5 | X20: =IF(ISNUMBER(R20),S20-MIN(S$7:S$42),"") -> 4150 | Y20: =IF(ISNUMBER(BY20),INDEX($BY$7:$CD$42,BY20+1,BU$4),"") -> 13 | Z20: =IF(ISNUMBER(R20),V19-V20,"") -> 15 | AA20: =IF(Z20<0,MAX(AA$6:AA19)+1,0) -> 0 | AB20: =IF(ISNUMBER(R20),IF(AA20=0,AB19,AA20),"") -> 4 | AC20: =IF(AA20<>0,1,AC19+1) -> 2 | AE20: 1 | AF20: 0 | AG20: =IF(ISNUMBER(R20),AB20+AE20,"") -> 5 | AH20: =IF(ISNUMBER(S20),AC20+AF20,"") -> 2 | AT20: =BB20-MIN($BB$7:$BB$42) -> 54 | AU20: 13 | AV20: 0 | AW20: 467384.78 | AX20: 7612080.2 | AY20: 5000 | AZ20: 10 | BA20: 0.00054545456 | BB20: 896 | BC20: =BC19 -> 3 | BD20: 3e-05 | BE20: 0.03 | BF20: =IF(COUNT(BJ20:BL20)=3,3,IF(OR(BN20<0,BP20=$BP$7),1,2))+BH20 -> 2 | BG20: 1 | BH20: 0 | BJ20: =BJ19+1 -> 13 | BM20: =BM19+1 -> 12 | BP20: =BP18-2 -> -14 | BT20: =BJ20 -> 13 | BU20: =IF(ISNUMBER(BN20),BN20,BM20) -> 12 | BV20: =IF(ISNUMBER(BQ20),IF(ISNUMBER(BR20),BR20,BQ20),IF(BP20=$BP$7,"",BP20)) -> -14 | BW20: =IF(ISNUMBER(BR20),BQ20,"") | BY20: =IF(ISNUMBER(BJ20),BJ20,"") -> 13 | BZ20: =IF(ISNUMBER(BK20),_xlfn.CONCAT(BK20,",",BL20),BJ20) -> 13 | CA20: =IF(ISNUMBER(BN20),_xlfn.CONCAT(BN20,",",BO20),IF(OR(BM20=$BM$7,ISNUMBER(BM20)),BM20,"")) -> 12 | CB20: =IF(ISNUMBER(BQ20),_xlfn.CONCAT(BQ20,",",BR20),IF(OR(ISNUMBER(BP20),BP20=$BP$7),BP20,"")) -> -14 | CC20: =_xlfn.CONCAT(AB20,AC20) -> 42 | CD20: =_xlfn.CONCAT(AG20,AH20) -> 52 | CE20: =IF(ISNUMBER(BY20),INDEX($BY$7:$CD$42,BY20+1,BU$4),"") -> 13 | CH20: 9 | CI20: 14 | CJ20: status | CK20: simple
F21: 8 | G21: 6 | H21: POINT (466597.2813 7613155.25) | I21: [880] | J21: 1060.545 | L21: =IF(ISNUMBER(R21),SQRT((R21-R20)^2+(S21-S20)^2),"") -> 1332.5844 | N21: =O21-1 -> 14 | O21: =IF(ISNUMBER(Q21),ROW()-ROW(O$6),"") -> 15 | P21: =IF($AB21=P$6,O21,"") | Q21: =IF(ISNUMBER(R21),Q20+1,"") -> 15 | R21: =AW21 -> 466597.28 | S21: =AX21 -> 7613155.2 | V21: =BB21 -> 880 | W21: =IF(ISNUMBER(R21),R21-MIN(R$7:R$42),"") -> 2425 | X21: =IF(ISNUMBER(R21),S21-MIN(S$7:S$42),"") -> 5225 | Y21: =IF(ISNUMBER(BY21),INDEX($BY$7:$CD$42,BY21+1,BU$4),"") -> 14 | Z21: =IF(ISNUMBER(R21),V20-V21,"") -> 16 | AA21: =IF(Z21<0,MAX(AA$6:AA20)+1,0) -> 0 | AB21: =IF(ISNUMBER(R21),IF(AA21=0,AB20,AA21),"") -> 4 | AC21: =IF(AA21<>0,1,AC20+1) -> 3 | AE21: 2 | AF21: -2 | AG21: =IF(ISNUMBER(R21),AB21+AE21,"") -> 6 | AH21: =IF(ISNUMBER(S21),AC21+AF21,"") -> 1 | AJ21: 2 | AK21: 2 | AL21: 2 | AM21: 2 | AN21: 2 | AO21: 2 | AP21: 2 | AQ21: 2 | AR21: 2 | AS21: 2 | AT21: =BB21-MIN($BB$7:$BB$42) -> 38 | AU21: 14 | AV21: 0 | AW21: 466597.28 | AX21: 7613155.2 | AY21: 2000 | AZ21: 10 | BA21: 0.00054545456 | BB21: 880 | BC21: =BC20 -> 3 | BD21: 3e-05 | BE21: 0.03 | BF21: =IF(COUNT(BJ21:BL21)=3,3,IF(OR(BN21<0,BP21=$BP$7),1,2))+BH21 -> 3 | BG21: 1 | BH21: 0 | BJ21: =BJ20+1 -> 14 | BK21: =BJ18 -> 11 | BL21: =BJ20 -> 13 | BM21: =BM20+1 -> 13 | BN21: =BM18 -> 10 | BO21: =BM20 -> 12 | BP21: =BP20-1 -> -15 | BQ21: =BP21 -> -15 | BR21: =(BQ21+2)*-1 -> 13 | BT21: =BJ21 -> 14 | BU21: =IF(ISNUMBER(BN21),BN21,BM21) -> 10 | BV21: =IF(ISNUMBER(BQ21),IF(ISNUMBER(BR21),BR21,BQ21),IF(BP21=$BP$7,"",BP21)) -> 13 | BW21: =IF(ISNUMBER(BR21),BQ21,"") -> -15 | BY21: =IF(ISNUMBER(BJ21),BJ21,"") -> 14 | BZ21: =IF(ISNUMBER(BK21),_xlfn.CONCAT(BK21,",",BL21),BJ21) -> 11,13 | CA21: =IF(ISNUMBER(BN21),_xlfn.CONCAT(BN21,",",BO21),IF(OR(BM21=$BM$7,ISNUMBER(BM21)),BM21,"")) -> 10,12 | CB21: =IF(ISNUMBER(BQ21),_xlfn.CONCAT(BQ21,",",BR21),IF(OR(ISNUMBER(BP21),BP21=$BP$7),BP21,"")) -> -15,13 | CC21: =_xlfn.CONCAT(AB21,AC21) -> 43 | CD21: =_xlfn.CONCAT(AG21,AH21) -> 61 | CE21: =IF(ISNUMBER(BY21),INDEX($BY$7:$CD$42,BY21+1,BU$4),"") -> 14 | CH21: 10 | CI21: 17 | CJ21: status | CK21: simple
F22: 10 | G22: 5 | H22: POINT (465672.2813 7613092.75) | I22: [880] | J22: 1077.727 | L22: =IF(ISNUMBER(R22),SQRT((R22-R21)^2+(S22-S21)^2),"") -> 927.10908 | N22: =O22-1 -> 15 | O22: =IF(ISNUMBER(Q22),ROW()-ROW(O$6),"") -> 16 | P22: =IF($AB22=P$6,O22,"") | Q22: =IF(ISNUMBER(R22),Q21+1,"") -> 16 | R22: =AW22 -> 465672.28 | S22: =AX22 -> 7613092.8 | V22: =BB22 -> 880 | W22: =IF(ISNUMBER(R22),R22-MIN(R$7:R$42),"") -> 1500 | X22: =IF(ISNUMBER(R22),S22-MIN(S$7:S$42),"") -> 5162.5 | Y22: =IF(ISNUMBER(BY22),INDEX($BY$7:$CD$42,BY22+1,BU$4),"") -> 15 | Z22: =IF(ISNUMBER(R22),V21-V22,"") -> 0 | AA22: =IF(Z22<0,MAX(AA$6:AA21)+1,0) -> 0 | AB22: =IF(ISNUMBER(R22),IF(AA22=0,AB21,AA22),"") -> 4 | AC22: =IF(AA22<>0,1,AC21+1) -> 4 | AE22: 2 | AF22: -2 | AG22: =IF(ISNUMBER(R22),AB22+AE22,"") -> 6 | AH22: =IF(ISNUMBER(S22),AC22+AF22,"") -> 2 | AJ22: y | AK22: y | AL22: y | AM22: y | AN22: y | AO22: y | AP22: y | AQ22: y | AR22: y | AS22: y | AT22: =BB22-MIN($BB$7:$BB$42) -> 38 | AU22: 15 | AV22: 0 | AW22: 465672.28 | AX22: 7613092.8 | AY22: 2500 | AZ22: 10 | BA22: 0.0018181818 | BB22: 880 | BC22: =BC21 -> 3 | BD22: 3e-05 | BE22: 0.03 | BF22: =IF(COUNT(BJ22:BL22)=3,3,IF(OR(BN22<0,BP22=$BP$7),1,2))+BH22 -> 2 | BG22: 1 | BH22: 0 | BJ22: =BJ21+1 -> 15 | BM22: =BM21+1 -> 14 | BP22: =BP21-1 -> -16 | BQ22: =BP22 -> -16 | BT22: =BJ22 -> 15 | BU22: =IF(ISNUMBER(BN22),BN22,BM22) -> 14 | BV22: =IF(ISNUMBER(BQ22),IF(ISNUMBER(BR22),BR22,BQ22),IF(BP22=$BP$7,"",BP22)) -> -16 | BW22: =IF(ISNUMBER(BR22),BQ22,"") | BY22: =IF(ISNUMBER(BJ22),BJ22,"") -> 15 | BZ22: =IF(ISNUMBER(BK22),_xlfn.CONCAT(BK22,",",BL22),BJ22) -> 15 | CA22: =IF(ISNUMBER(BN22),_xlfn.CONCAT(BN22,",",BO22),IF(OR(BM22=$BM$7,ISNUMBER(BM22)),BM22,"")) -> 14 | CB22: =IF(ISNUMBER(BQ22),_xlfn.CONCAT(BQ22,",",BR22),IF(OR(ISNUMBER(BP22),BP22=$BP$7),BP22,"")) -> -16, | CC22: =_xlfn.CONCAT(AB22,AC22) -> 44 | CD22: =_xlfn.CONCAT(AG22,AH22) -> 62 | CE22: =IF(ISNUMBER(BY22),INDEX($BY$7:$CD$42,BY22+1,BU$4),"") -> 15 | CH22: 11 | CI22: 27 | CJ22: status | CK22: simple
F23: 9 | G23: 5 | H23: POINT (464872.2813 7613880.25) | I23: [890] | J23: 1070.909 | L23: =IF(ISNUMBER(R23),SQRT((R23-R22)^2+(S23-S22)^2),"") -> 1122.5668 | N23: =O23-1 -> 16 | O23: =IF(ISNUMBER(Q23),ROW()-ROW(O$6),"") -> 17 | P23: =IF($AB23=P$6,O23,"") | Q23: =IF(ISNUMBER(R23),Q22+1,"") -> 17 | R23: =AW23 -> 464872.28 | S23: =AX23 -> 7613880.2 | V23: =BB23 -> 890 | W23: =IF(ISNUMBER(R23),R23-MIN(R$7:R$42),"") -> 700 | X23: =IF(ISNUMBER(R23),S23-MIN(S$7:S$42),"") -> 5950 | Y23: =IF(ISNUMBER(BY23),INDEX($BY$7:$CD$42,BY23+1,BU$4),"") -> 16 | Z23: =IF(ISNUMBER(R23),V22-V23,"") -> -10 | AA23: =IF(Z23<0,MAX(AA$6:AA22)+1,0) -> 5 | AB23: =IF(ISNUMBER(R23),IF(AA23=0,AB22,AA23),"") -> 5 | AC23: =IF(AA23<>0,1,AC22+1) -> 1 | AE23: =AE22 -> 2 | AF23: 0 | AG23: =IF(ISNUMBER(R23),AB23+AE23,"") -> 7 | AH23: =IF(ISNUMBER(S23),AC23+AF23,"") -> 1 | AJ23: =IF(ISNUMBER(AJ54),INDEX($R$7:$S$42,AJ54,AJ$21),AJ22) -> 7616967.8 | AK23: =IF(ISNUMBER(AK54),INDEX($R$7:$S$42,AK54,AK$21),AK22) -> 7613992.8 | AL23: =IF(ISNUMBER(AL54),INDEX($R$7:$S$42,AL54,AL$21),AL22) -> 7612342.8 | AM23: =IF(ISNUMBER(AM54),INDEX($R$7:$S$42,AM54,AM$21),AM22) -> 7611380.2 | AN23: =IF(ISNUMBER(AN54),INDEX($R$7:$S$42,AN54,AN$21),AN22) -> 7613880.2 | AO23: =IF(ISNUMBER(AO54),INDEX($R$7:$S$42,AO54,AO$21),AO22) -> 7609942.8 | AP23: =IF(ISNUMBER(AP54),INDEX($R$7:$S$42,AP54,AP$21),AP22) -> 7609305.2 | AQ23: =IF(ISNUMBER(AQ54),INDEX($R$7:$S$42,AQ54,AQ$21),AQ22) -> y | ... AS23: =IF(ISNUMBER(AS54),INDEX($R$7:$S$42,AS54,AS$21),AS22) -> y | AT23: =BB23-MIN($BB$7:$BB$42) -> 48 | AU23: 16 | AV23: 0 | AW23: 464872.28 | AX23: 7613880.2 | AY23: 5000 | AZ23: 10 | BA23: 0.0018181818 | BB23: 890 | BC23: =BC22 -> 3 | BD23: 3e-05 | BE23: 0.03 | BF23: =IF(COUNT(BJ23:BL23)=3,3,IF(OR(BN23<0,BP23=$BP$7),1,2))+BH23 -> 1 | BG23: 1 | BH23: 0 | BI23: =BJ23 -> 16 | BJ23: =BJ22+1 -> 16 | BM23: =BM22+1 -> 15 | BN23: =-1*(BM24+1) -> -17 | BP23: | | BT23: =BJ23 -> 16 | BU23: =IF(ISNUMBER(BN23),BN23,BM23) -> -17 | BV23: =IF(ISNUMBER(BQ23),IF(ISNUMBER(BR23),BR23,BQ23),IF(BP23=$BP$7,"",BP23)) | BW23: =IF(ISNUMBER(BR23),BQ23,"") | BY23: =IF(ISNUMBER(BJ23),BJ23,"") -> 16 | BZ23: =IF(ISNUMBER(BK23),_xlfn.CONCAT(BK23,",",BL23),BJ23) -> 16 | CA23: =IF(ISNUMBER(BN23),_xlfn.CONCAT(BN23,",",BO23),IF(OR(BM23=$BM$7,ISNUMBER(BM23)),BM23,"")) -> -17, | CB23: =IF(ISNUMBER(BQ23),_xlfn.CONCAT(BQ23,",",BR23),IF(OR(ISNUMBER(BP23),BP23=$BP$7),BP23,"")) -> | | CC23: =_xlfn.CONCAT(AB23,AC23) -> 51 | CD23: =_xlfn.CONCAT(AG23,AH23) -> 71 | CE23: =IF(ISNUMBER(BY23),INDEX($BY$7:$CD$42,BY23+1,BU$4),"") -> 16 | CH23: 12 | CI23: =CI17 -> 10 | CJ23: stage | CK23: 1075.545
F24: 8 | G24: 6 | H24: POINT (465422.2813 7612830.25) | I24: [877] | J24: 1063.182 | L24: =IF(ISNUMBER(R24),SQRT((R24-R23)^2+(S24-S23)^2),"") -> 1185.327 | N24: =O24-1 -> 17 | O24: =IF(ISNUMBER(Q24),ROW()-ROW(O$6),"") -> 18 | P24: =IF($AB24=P$6,O24,"") | Q24: =IF(ISNUMBER(R24),Q23+1,"") -> 18 | R24: =AW24 -> 465422.28 | S24: =AX24 -> 7612830.2 | V24: =BB24 -> 877 | W24: =IF(ISNUMBER(R24),R24-MIN(R$7:R$42),"") -> 1250 | X24: =IF(ISNUMBER(R24),S24-MIN(S$7:S$42),"") -> 4900 | Y24: =IF(ISNUMBER(BY24),INDEX($BY$7:$CD$42,BY24+1,BU$4),"") -> 17 | Z24: =IF(ISNUMBER(R24),V23-V24,"") -> 13 | AA24: =IF(Z24<0,MAX(AA$6:AA23)+1,0) -> 0 | AB24: =IF(ISNUMBER(R24),IF(AA24=0,AB23,AA24),"") -> 5 | AC24: =IF(AA24<>0,1,AC23+1) -> 2 | AE24: 3 | AF24: -1 | AG24: =IF(ISNUMBER(R24),AB24+AE24,"") -> 8 | AH24: =IF(ISNUMBER(S24),AC24+AF24,"") -> 1 | AJ24: =IF(ISNUMBER(AJ55),INDEX($R$7:$S$42,AJ55,AJ$21),AJ23) -> 7616642.8 | AK24: =IF(ISNUMBER(AK55),INDEX($R$7:$S$42,AK55,AK$21),AK23) -> 7614405.2 | AL24: =IF(ISNUMBER(AL55),INDEX($R$7:$S$42,AL55,AL$21),AL23) -> 7612842.8 | AM24: =IF(ISNUMBER(AM55),INDEX($R$7:$S$42,AM55,AM$21),AM23) -> 7612080.2 | AN24: =IF(ISNUMBER(AN55),INDEX($R$7:$S$42,AN55,AN$21),AN23) -> 7612830.2 | AO24: =IF(ISNUMBER(AO55),INDEX($R$7:$S$42,AO55,AO$21),AO23) -> 7609955.2 | AP24: =IF(ISNUMBER(AP55),INDEX($R$7:$S$42,AP55,AP$21),AP23) -> 7607930.2 | AQ24: =IF(ISNUMBER(AQ55),INDEX($R$7:$S$42,AQ55,AQ$21),AQ23) -> y | ... AS24: =IF(ISNUMBER(AS55),INDEX($R$7:$S$42,AS55,AS$21),AS23) -> y | AT24: =BB24-MIN($BB$7:$BB$42) -> 35 | AU24: 17 | AV24: 0 | AW24: 465422.28 | AX24: 7612830.2 | AY24: 3500 | AZ24: 10 | BA24: 0.0018181818 | BB24: 877 | BC24: =BC23 -> 3 | BD24: 3e-05 | BE24: 0.03 | BF24: =IF(COUNT(BJ24:BL24)=3,3,IF(OR(BN24<0,BP24=$BP$7),1,2))+BH24 -> 3 | BG24: 1 | BH24: 0 | BJ24: =BJ23+1 -> 17 | BK24: =BJ22 -> 15 | BL24: =BJ23 -> 16 | BM24: =BM23+1 -> 16 | BP24: =BP22-2 -> -18 | BQ24: =BP24 -> -18 | BR24: =(BQ24+1)*-1 -> 17 | BT24: =BJ24 -> 17 | BU24: =IF(ISNUMBER(BN24),BN24,BM24) -> 16 | BV24: =IF(ISNUMBER(BQ24),IF(ISNUMBER(BR24),BR24,BQ24),IF(BP24=$BP$7,"",BP24)) -> 17 | BW24: =IF(ISNUMBER(BR24),BQ24,"") -> -18 | BY24: =IF(ISNUMBER(BJ24),BJ24,"") -> 17 | BZ24: =IF(ISNUMBER(BK24),_xlfn.CONCAT(BK24,",",BL24),BJ24) -> 15,16 | CA24: =IF(ISNUMBER(BN24),_xlfn.CONCAT(BN24,",",BO24),IF(OR(BM24=$BM$7,ISNUMBER(BM24)),BM24,"")) -> 16 | CB24: =IF(ISNUMBER(BQ24),_xlfn.CONCAT(BQ24,",",BR24),IF(OR(ISNUMBER(BP24),BP24=$BP$7),BP24,"")) -> -18,17 | CC24: =_xlfn.CONCAT(AB24,AC24) -> 52 | CD24: =_xlfn.CONCAT(AG24,AH24) -> 81 | CE24: =IF(ISNUMBER(BY24),INDEX($BY$7:$CD$42,BY24+1,BU$4),"") -> 17 | CH24: 13 | CI24: =CI18 -> 7 | CJ24: stage | CK24: 1072.636
F25: 8 | G25: 6 | H25: POINT (465284.7813 7611667.75) | I25: [863] | J25: 1058 | L25: =IF(ISNUMBER(R25),SQRT((R25-R24)^2+(S25-S24)^2),"") -> 1170.6035 | N25: =O25-1 -> 18 | O25: =IF(ISNUMBER(Q25),ROW()-ROW(O$6),"") -> 19 | P25: =IF($AB25=P$6,O25,"") | Q25: =IF(ISNUMBER(R25),Q24+1,"") -> 19 | R25: =AW25 -> 465284.78 | S25: =AX25 -> 7611667.8 | V25: =BB25 -> 863 | W25: =IF(ISNUMBER(R25),R25-MIN(R$7:R$42),"") -> 1112.5 | X25: =IF(ISNUMBER(R25),S25-MIN(S$7:S$42),"") -> 3737.5 | Y25: =IF(ISNUMBER(BY25),INDEX($BY$7:$CD$42,BY25+1,BU$4),"") -> 18 | Z25: =IF(ISNUMBER(R25),V24-V25,"") -> 14 | AA25: =IF(Z25<0,MAX(AA$6:AA24)+1,0) -> 0 | AB25: =IF(ISNUMBER(R25),IF(AA25=0,AB24,AA25),"") -> 5 | AC25: =IF(AA25<>0,1,AC24+1) -> 3 | AE25: =AE24 -> 3 | AF25: -1 | AG25: =IF(ISNUMBER(R25),AB25+AE25,"") -> 8 | AH25: 1 | AJ25: =IF(ISNUMBER(AJ56),INDEX($R$7:$S$42,AJ56,AJ$21),AJ24) -> 7615805.2 | AK25: =IF(ISNUMBER(AK56),INDEX($R$7:$S$42,AK56,AK$21),AK24) -> 7614292.8 | AL25: =IF(ISNUMBER(AL56),INDEX($R$7:$S$42,AL56,AL$21),AL24) -> 7613980.2 | AM25: =IF(ISNUMBER(AM56),INDEX($R$7:$S$42,AM56,AM$21),AM24) -> 7613155.2 | AN25: =IF(ISNUMBER(AN56),INDEX($R$7:$S$42,AN56,AN$21),AN24) -> 7611667.8 | AO25: =IF(ISNUMBER(AO56),INDEX($R$7:$S$42,AO56,AO$21),AO24) -> 7610467.8 | AP25: =IF(ISNUMBER(AP56),INDEX($R$7:$S$42,AP56,AP$21),AP24) -> 7607930.2 | AQ25: =IF(ISNUMBER(AQ56),INDEX($R$7:$S$42,AQ56,AQ$21),AQ24) -> y | ... AS25: =IF(ISNUMBER(AS56),INDEX($R$7:$S$42,AS56,AS$21),AS24) -> y | AT25: =BB25-MIN($BB$7:$BB$42) -> 21 | AU25: 18 | AV25: 0 | AW25: 465284.78 | AX25: 7611667.8 | AY25: 4000 | AZ25: 15 | BA25: 0.001 | BB25: 863 | BC25: =BC24 -> 3 | BD25: 3e-05 | BE25: 0.03 | BF25: =IF(COUNT(BJ25:BL25)=3,3,IF(OR(BN25<0,BP25=$BP$7),1,2))+BH25 -> 2 | BG25: 1 | BH25: 0 | BJ25: =BJ24+1 -> 18 | BM25: =BM24+1 -> 17 | BP25: =BP24-1 -> -19 | BT25: =BJ25 -> 18 | BU25: =IF(ISNUMBER(BN25),BN25,BM25) -> 17 | BV25: =IF(ISNUMBER(BQ25),IF(ISNUMBER(BR25),BR25,BQ25),IF(BP25=$BP$7,"",BP25)) -> -19 | BW25: =IF(ISNUMBER(BR25),BQ25,"") | BY25: =IF(ISNUMBER(BJ25),BJ25,"") -> 18 | BZ25: =IF(ISNUMBER(BK25),_xlfn.CONCAT(BK25,",",BL25),BJ25) -> 18 | CA25: =IF(ISNUMBER(BN25),_xlfn.CONCAT(BN25,",",BO25),IF(OR(BM25=$BM$7,ISNUMBER(BM25)),BM25,"")) -> 17 | CB25: =IF(ISNUMBER(BQ25),_xlfn.CONCAT(BQ25,",",BR25),IF(OR(ISNUMBER(BP25),BP25=$BP$7),BP25,"")) -> -19 | CC25: =_xlfn.CONCAT(AB25,AC25) -> 53 | CD25: =_xlfn.CONCAT(AG25,AH25) -> 81 | CE25: =IF(ISNUMBER(BY25),INDEX($BY$7:$CD$42,BY25+1,BU$4),"") -> 18 | CH25: 14 | CI25: =CI19 -> 10 | CJ25: stage | CK25: 1069.873
F26: 7 | G26: 7 | H26: POINT (464384.7813 7611405.25) | I26: [854] | J26: 1053.5 | L26: =IF(ISNUMBER(R26),SQRT((R26-R25)^2+(S26-S25)^2),"") -> 937.5 | N26: =O26-1 -> 19 | O26: =IF(ISNUMBER(Q26),ROW()-ROW(O$6),"") -> 20 | P26: =IF($AB26=P$6,O26,"") | Q26: =IF(ISNUMBER(R26),Q25+1,"") -> 20 | R26: =AW26 -> 464384.78 | S26: =AX26 -> 7611405.2 | V26: =BB26 -> 854 | W26: =IF(ISNUMBER(R26),R26-MIN(R$7:R$42),"") -> 212.5 | X26: =IF(ISNUMBER(R26),S26-MIN(S$7:S$42),"") -> 3475 | Y26: =IF(ISNUMBER(BY26),INDEX($BY$7:$CD$42,BY26+1,BU$4),"") -> 19 | Z26: =IF(ISNUMBER(R26),V25-V26,"") -> 9 | AA26: =IF(Z26<0,MAX(AA$6:AA25)+1,0) -> 0 | AB26: =IF(ISNUMBER(R26),IF(AA26=0,AB25,AA26),"") -> 5 | AC26: =IF(AA26<>0,1,AC25+1) -> 4 | AE26: =AE25 -> 3 | AF26: -1 | AG26: =IF(ISNUMBER(R26),AB26+AE26,"") -> 8 | AH26: 2 | AJ26: =IF(ISNUMBER(AJ57),INDEX($R$7:$S$42,AJ57,AJ$21),AJ25) -> 7614955.2 | AK26: =IF(ISNUMBER(AK57),INDEX($R$7:$S$42,AK57,AK$21),AK25) -> 7614180.2 | AL26: =IF(ISNUMBER(AL57),INDEX($R$7:$S$42,AL57,AL$21),AL25) -> 7613492.8 | AM26: =IF(ISNUMBER(AM57),INDEX($R$7:$S$42,AM57,AM$21),AM25) -> 7613092.8 | AN26: =IF(ISNUMBER(AN57),INDEX($R$7:$S$42,AN57,AN$21),AN25) -> 7611405.2 | AO26: =IF(ISNUMBER(AO57),INDEX($R$7:$S$42,AO57,AO$21),AO25) -> 7610505.2 | AP26: =IF(ISNUMBER(AP57),INDEX($R$7:$S$42,AP57,AP$21),AP25) -> 7607930.2 | AQ26: =IF(ISNUMBER(AQ57),INDEX($R$7:$S$42,AQ57,AQ$21),AQ25) -> y | ... AS26: =IF(ISNUMBER(AS57),INDEX($R$7:$S$42,AS57,AS$21),AS25) -> y | AT26: =BB26-MIN($BB$7:$BB$42) -> 12 | AU26: 19 | AV26: 0 | AW26: 464384.78 | AX26: 7611405.2 | AY26: 5000 | AZ26: 15 | BA26: 0.001 | BB26: 854 | BC26: =BC25 -> 3 | BD26: 3e-05 | BE26: 0.03 | BF26: =IF(COUNT(BJ26:BL26)=3,3,IF(OR(BN26<0,BP26=$BP$7),1,2))+BH26 -> 2 | BG26: 1 | BH26: 0 | BJ26: =BJ25+1 -> 19 | BM26: =BM25+1 -> 18 | BP26: =BP25-1 -> -20 | BT26: =BJ26 -> 19 | BU26: =IF(ISNUMBER(BN26),BN26,BM26) -> 18 | BV26: =IF(ISNUMBER(BQ26),IF(ISNUMBER(BR26),BR26,BQ26),IF(BP26=$BP$7,"",BP26)) -> -20 | BW26: =IF(ISNUMBER(BR26),BQ26,"") | BY26: =IF(ISNUMBER(BJ26),BJ26,"") -> 19 | BZ26: =IF(ISNUMBER(BK26),_xlfn.CONCAT(BK26,",",BL26),BJ26) -> 19 | CA26: =IF(ISNUMBER(BN26),_xlfn.CONCAT(BN26,",",BO26),IF(OR(BM26=$BM$7,ISNUMBER(BM26)),BM26,"")) -> 18 | CB26: =IF(ISNUMBER(BQ26),_xlfn.CONCAT(BQ26,",",BR26),IF(OR(ISNUMBER(BP26),BP26=$BP$7),BP26,"")) -> -20 | CC26: =_xlfn.CONCAT(AB26,AC26) -> 54 | CD26: =_xlfn.CONCAT(AG26,AH26) -> 82 | CE26: =IF(ISNUMBER(BY26),INDEX($BY$7:$CD$42,BY26+1,BU$4),"") -> 19 | CH26: 15 | CI26: =CI20 -> 14 | CJ26: stage | CK26: 1066.819
F27: 7 | G27: 8 | H27: POINT (464297.2813 7610630.25) | I27: [847] | J27: 1049.25 | L27: =IF(ISNUMBER(R27),SQRT((R27-R26)^2+(S27-S26)^2),"") -> 779.92387 | N27: =O27-1 -> 20 | O27: =IF(ISNUMBER(Q27),ROW()-ROW(O$6),"") -> 21 | P27: =IF($AB27=P$6,O27,"") | Q27: =IF(ISNUMBER(R27),Q26+1,"") -> 21 | R27: =AW27 -> 464297.28 | S27: =AX27 -> 7610630.2 | V27: =BB27 -> 847 | W27: =IF(ISNUMBER(R27),R27-MIN(R$7:R$42),"") -> 125 | X27: =IF(ISNUMBER(R27),S27-MIN(S$7:S$42),"") -> 2700 | Y27: =IF(ISNUMBER(BY27),INDEX($BY$7:$CD$42,BY27+1,BU$4),"") -> 20 | Z27: =IF(ISNUMBER(R27),V26-V27,"") -> 7 | AA27: =IF(Z27<0,MAX(AA$6:AA26)+1,0) -> 0 | AB27: =IF(ISNUMBER(R27),IF(AA27=0,AB26,AA27),"") -> 5 | AC27: =IF(AA27<>0,1,AC26+1) -> 5 | AE27: =AE26 -> 3 | AF27: -1 | AG27: =IF(ISNUMBER(R27),AB27+AE27,"") -> 8 | AH27: 3 | AJ27: =IF(ISNUMBER(AJ58),INDEX($R$7:$S$42,AJ58,AJ$21),AJ26) -> 7614955.2 | AK27: =IF(ISNUMBER(AK58),INDEX($R$7:$S$42,AK58,AK$21),AK26) -> 7614180.2 | AL27: =IF(ISNUMBER(AL58),INDEX($R$7:$S$42,AL58,AL$21),AL26) -> 7613492.8 | AM27: =IF(ISNUMBER(AM58),INDEX($R$7:$S$42,AM58,AM$21),AM26) -> 7613092.8 | AN27: =IF(ISNUMBER(AN58),INDEX($R$7:$S$42,AN58,AN$21),AN26) -> 7610630.2 | AO27: =IF(ISNUMBER(AO58),INDEX($R$7:$S$42,AO58,AO$21),AO26) -> 7609892.8 | AP27: =IF(ISNUMBER(AP58),INDEX($R$7:$S$42,AP58,AP$21),AP26) -> 7607930.2 | AQ27: =IF(ISNUMBER(AQ58),INDEX($R$7:$S$42,AQ58,AQ$21),AQ26) -> y | ... AS27: =IF(ISNUMBER(AS58),INDEX($R$7:$S$42,AS58,AS$21),AS26) -> y | AT27: =BB27-MIN($BB$7:$BB$42) -> 5 | AU27: 20 | AV27: 0 | AW27: 464297.28 | AX27: 7610630.2 | AY27: 3500 | AZ27: 15 | BA27: 0.001 | BB27: 847 | BC27: =BC26 -> 3 | BD27: 3e-05 | BE27: 0.03 | BF27: =IF(COUNT(BJ27:BL27)=3,3,IF(OR(BN27<0,BP27=$BP$7),1,2))+BH27 -> 2 | BG27: 1 | BH27: 0 | BJ27: =BJ26+1 -> 20 | BM27: =BM26+1 -> 19 | BP27: =BP26-1 -> -21 | BT27: =BJ27 -> 20 | BU27: =IF(ISNUMBER(BN27),BN27,BM27) -> 19 | BV27: =IF(ISNUMBER(BQ27),IF(ISNUMBER(BR27),BR27,BQ27),IF(BP27=$BP$7,"",BP27)) -> -21 | BW27: =IF(ISNUMBER(BR27),BQ27,"") | BY27: =IF(ISNUMBER(BJ27),BJ27,"") -> 20 | BZ27: =IF(ISNUMBER(BK27),_xlfn.CONCAT(BK27,",",BL27),BJ27) -> 20 | CA27: =IF(ISNUMBER(BN27),_xlfn.CONCAT(BN27,",",BO27),IF(OR(BM27=$BM$7,ISNUMBER(BM27)),BM27,"")) -> 19 | CB27: =IF(ISNUMBER(BQ27),_xlfn.CONCAT(BQ27,",",BR27),IF(OR(ISNUMBER(BP27),BP27=$BP$7),BP27,"")) -> -21 | CC27: =_xlfn.CONCAT(AB27,AC27) -> 55 | CD27: =_xlfn.CONCAT(AG27,AH27) -> 83 | CE27: =IF(ISNUMBER(BY27),INDEX($BY$7:$CD$42,BY27+1,BU$4),"") -> 20 | CH27: 16 | CI27: =CI21 -> 17 | CJ27: stage | CK27: 1063.619
F28: 6 | G28: 8 | H28: POINT (464784.7813 7609967.75) | I28: [844] | J28: 1046.25 | L28: =IF(ISNUMBER(R28),SQRT((R28-R27)^2+(S28-S27)^2),"") -> 822.53419 | N28: =O28-1 -> 21 | O28: =IF(ISNUMBER(Q28),ROW()-ROW(O$6),"") -> 22 | P28: =IF($AB28=P$6,O28,"") | Q28: =IF(ISNUMBER(R28),Q27+1,"") -> 22 | R28: =AW28 -> 464784.78 | S28: =AX28 -> 7609967.8 | V28: =BB28 -> 844 | W28: =IF(ISNUMBER(R28),R28-MIN(R$7:R$42),"") -> 612.5 | X28: =IF(ISNUMBER(R28),S28-MIN(S$7:S$42),"") -> 2037.5 | Y28: =IF(ISNUMBER(BY28),INDEX($BY$7:$CD$42,BY28+1,BU$4),"") -> 21 | Z28: =IF(ISNUMBER(R28),V27-V28,"") -> 3 | AA28: =IF(Z28<0,MAX(AA$6:AA27)+1,0) -> 0 | AB28: =IF(ISNUMBER(R28),IF(AA28=0,AB27,AA28),"") -> 5 | AC28: =IF(AA28<>0,1,AC27+1) -> 6 | AE28: =AE27 -> 3 | AF28: -1 | AG28: =IF(ISNUMBER(R28),AB28+AE28,"") -> 8 | AH28: 4 | AJ28: =IF(ISNUMBER(AJ59),INDEX($R$7:$S$42,AJ59,AJ$21),AJ27) -> 7614955.2 | AK28: =IF(ISNUMBER(AK59),INDEX($R$7:$S$42,AK59,AK$21),AK27) -> 7614180.2 | AL28: =IF(ISNUMBER(AL59),INDEX($R$7:$S$42,AL59,AL$21),AL27) -> 7613492.8 | AM28: =IF(ISNUMBER(AM59),INDEX($R$7:$S$42,AM59,AM$21),AM27) -> 7613092.8 | AN28: =IF(ISNUMBER(AN59),INDEX($R$7:$S$42,AN59,AN$21),AN27) -> 7609967.8 | AO28: =IF(ISNUMBER(AO59),INDEX($R$7:$S$42,AO59,AO$21),AO27) -> 7609892.8 | AP28: =IF(ISNUMBER(AP59),INDEX($R$7:$S$42,AP59,AP$21),AP27) -> 7607930.2 | AQ28: =IF(ISNUMBER(AQ59),INDEX($R$7:$S$42,AQ59,AQ$21),AQ27) -> y | ... AS28: =IF(ISNUMBER(AS59),INDEX($R$7:$S$42,AS59,AS$21),AS27) -> y | AT28: =BB28-MIN($BB$7:$BB$42) -> 2 | AU28: 21 | AV28: 0 | AW28: 464784.78 | AX28: 7609967.8 | AY28: 2500 | AZ28: 15 | BA28: 0.001 | BB28: 844 | BC28: =BC27 -> 3 | BD28: 3e-05 | BE28: 0.03 | BF28: =IF(COUNT(BJ28:BL28)=3,3,IF(OR(BN28<0,BP28=$BP$7),1,2))+BH28 -> 2 | BG28: 1 | BH28: 0 | BJ28: =BJ27+1 -> 21 | BM28: =BM27+1 -> 20 | BP28: =BP27-1 -> -22 | BQ28: =BP28-5 -> -27 | BT28: =BJ28 -> 21 | BU28: =IF(ISNUMBER(BN28),BN28,BM28) -> 20 | BV28: =IF(ISNUMBER(BQ28),IF(ISNUMBER(BR28),BR28,BQ28),IF(BP28=$BP$7,"",BP28)) -> -27 | BW28: =IF(ISNUMBER(BR28),BQ28,"") | BY28: =IF(ISNUMBER(BJ28),BJ28,"") -> 21 | BZ28: =IF(ISNUMBER(BK28),_xlfn.CONCAT(BK28,",",BL28),BJ28) -> 21 | CA28: =IF(ISNUMBER(BN28),_xlfn.CONCAT(BN28,",",BO28),IF(OR(BM28=$BM$7,ISNUMBER(BM28)),BM28,"")) -> 20 | CB28: =IF(ISNUMBER(BQ28),_xlfn.CONCAT(BQ28,",",BR28),IF(OR(ISNUMBER(BP28),BP28=$BP$7),BP28,"")) -> -27, | CC28: =_xlfn.CONCAT(AB28,AC28) -> 56 | CD28: =_xlfn.CONCAT(AG28,AH28) -> 84 | CE28: =IF(ISNUMBER(BY28),INDEX($BY$7:$CD$42,BY28+1,BU$4),"") -> 21 | CH28: 17 | CI28: =CI22 -> 27 | CJ28: stage | CK28: 1061.581
F29: 6 | G29: 9 | H29: POINT (468284.7813 7609942.75) | I29: [928] | J29: 1042.727 | L29: =IF(ISNUMBER(R29),SQRT((R29-R28)^2+(S29-S28)^2),"") -> 3500.0893 | N29: =O29-1 -> 22 | O29: =IF(ISNUMBER(Q29),ROW()-ROW(O$6),"") -> 23 | P29: =IF($AB29=P$6,O29,"") | Q29: =IF(ISNUMBER(R29),Q28+1,"") -> 23 | R29: =AW29 -> 468284.78 | S29: =AX29 -> 7609942.8 | V29: =BB29 -> 928 | W29: =IF(ISNUMBER(R29),R29-MIN(R$7:R$42),"") -> 4112.5 | X29: =IF(ISNUMBER(R29),S29-MIN(S$7:S$42),"") -> 2012.5 | Y29: =IF(ISNUMBER(BY29),INDEX($BY$7:$CD$42,BY29+1,BU$4),"") -> 22 | Z29: =IF(ISNUMBER(R29),V28-V29,"") -> -84 | AA29: =IF(Z29<0,MAX(AA$6:AA28)+1,0) -> 6 | AB29: =IF(ISNUMBER(R29),IF(AA29=0,AB28,AA29),"") -> 6 | AC29: =IF(AA29<>0,1,AC28+1) -> 1 | AE29: =AE28 -> 3 | AF29: 0 | AG29: =IF(ISNUMBER(R29),AB29+AE29,"") -> 9 | AH29: =IF(ISNUMBER(S29),AC29+AF29,"") -> 1 | AJ29: =IF(ISNUMBER(AJ60),INDEX($R$7:$S$42,AJ60,AJ$21),AJ28) -> 7614955.2 | AK29: =IF(ISNUMBER(AK60),INDEX($R$7:$S$42,AK60,AK$21),AK28) -> 7614180.2 | AL29: =IF(ISNUMBER(AL60),INDEX($R$7:$S$42,AL60,AL$21),AL28) -> 7613492.8 | AM29: =IF(ISNUMBER(AM60),INDEX($R$7:$S$42,AM60,AM$21),AM28) -> 7613092.8 | AN29: =IF(ISNUMBER(AN60),INDEX($R$7:$S$42,AN60,AN$21),AN28) -> 7609967.8 | AO29: =IF(ISNUMBER(AO60),INDEX($R$7:$S$42,AO60,AO$21),AO28) -> 7609892.8 | AP29: =IF(ISNUMBER(AP60),INDEX($R$7:$S$42,AP60,AP$21),AP28) -> 7607930.2 | AQ29: =IF(ISNUMBER(AQ60),INDEX($R$7:$S$42,AQ60,AQ$21),AQ28) -> y | ... AS29: =IF(ISNUMBER(AS60),INDEX($R$7:$S$42,AS60,AS$21),AS28) -> y | AT29: =BB29-MIN($BB$7:$BB$42) -> 86 | AU29: 22 | AV29: 0 | AW29: 468284.78 | AX29: 7609942.8 | AY29: 5000 | AZ29: 12 | BA29: 0.00090909092 | BB29: 928 | BC29: =BC28 -> 3 | BD29: 3e-05 | BE29: 0.03 | BF29: =IF(COUNT(BJ29:BL29)=3,3,IF(OR(BN29<0,BP29=$BP$7),1,2))+BH29 -> 1 | BG29: 1 | BH29: 0 | BJ29: =BJ28+1 -> 22 | BM29: =BM28+1 -> 21 | BN29: =-1*(BM30+1) -> -23 | BP29: | | BT29: =BJ29 -> 22 | BU29: =IF(ISNUMBER(BN29),BN29,BM29) -> -23 | BV29: =IF(ISNUMBER(BQ29),IF(ISNUMBER(BR29),BR29,BQ29),IF(BP29=$BP$7,"",BP29)) | BW29: =IF(ISNUMBER(BR29),BQ29,"") | BY29: =IF(ISNUMBER(BJ29),BJ29,"") -> 22 | BZ29: =IF(ISNUMBER(BK29),_xlfn.CONCAT(BK29,",",BL29),BJ29) -> 22 | CA29: =IF(ISNUMBER(BN29),_xlfn.CONCAT(BN29,",",BO29),IF(OR(BM29=$BM$7,ISNUMBER(BM29)),BM29,"")) -> -23, | CB29: =IF(ISNUMBER(BQ29),_xlfn.CONCAT(BQ29,",",BR29),IF(OR(ISNUMBER(BP29),BP29=$BP$7),BP29,"")) -> | | CC29: =_xlfn.CONCAT(AB29,AC29) -> 61 | CD29: =_xlfn.CONCAT(AG29,AH29) -> 91 | CE29: =IF(ISNUMBER(BY29),INDEX($BY$7:$CD$42,BY29+1,BU$4),"") -> 22
F30: 7 | G30: 10 | H30: POINT (466622.2813 7609955.25) | I30: [895] | J30: 1038.182 | L30: =IF(ISNUMBER(R30),SQRT((R30-R29)^2+(S30-S29)^2),"") -> 1662.547 | N30: =O30-1 -> 23 | O30: =IF(ISNUMBER(Q30),ROW()-ROW(O$6),"") -> 24 | P30: =IF($AB30=P$6,O30,"") | Q30: =IF(ISNUMBER(R30),Q29+1,"") -> 24 | R30: =AW30 -> 466622.28 | S30: =AX30 -> 7609955.2 | V30: =BB30 -> 895 | W30: =IF(ISNUMBER(R30),R30-MIN(R$7:R$42),"") -> 2450 | X30: =IF(ISNUMBER(R30),S30-MIN(S$7:S$42),"") -> 2025 | Y30: =IF(ISNUMBER(BY30),INDEX($BY$7:$CD$42,BY30+1,BU$4),"") -> 23 | Z30: =IF(ISNUMBER(R30),V29-V30,"") -> 33 | AA30: =IF(Z30<0,MAX(AA$6:AA29)+1,0) -> 0 | AB30: =IF(ISNUMBER(R30),IF(AA30=0,AB29,AA30),"") -> 6 | AC30: =IF(AA30<>0,1,AC29+1) -> 2 | AE30: =AE29 -> 3 | AF30: 0 | AG30: =IF(ISNUMBER(R30),AB30+AE30,"") -> 9 | AH30: =IF(ISNUMBER(S30),AC30+AF30,"") -> 2 | AJ30: =IF(ISNUMBER(AJ61),INDEX($R$7:$S$42,AJ61,AJ$21),AJ29) -> 7614955.2 | AK30: =IF(ISNUMBER(AK61),INDEX($R$7:$S$42,AK61,AK$21),AK29) -> 7614180.2 | AL30: =IF(ISNUMBER(AL61),INDEX($R$7:$S$42,AL61,AL$21),AL29) -> 7613492.8 | AM30: =IF(ISNUMBER(AM61),INDEX($R$7:$S$42,AM61,AM$21),AM29) -> 7613092.8 | AN30: =IF(ISNUMBER(AN61),INDEX($R$7:$S$42,AN61,AN$21),AN29) -> 7609967.8 | AO30: =IF(ISNUMBER(AO61),INDEX($R$7:$S$42,AO61,AO$21),AO29) -> 7609892.8 | AP30: =IF(ISNUMBER(AP61),INDEX($R$7:$S$42,AP61,AP$21),AP29) -> 7607930.2 | AQ30: =IF(ISNUMBER(AQ61),INDEX($R$7:$S$42,AQ61,AQ$21),AQ29) -> y | ... AS30: =IF(ISNUMBER(AS61),INDEX($R$7:$S$42,AS61,AS$21),AS29) -> y | AT30: =BB30-MIN($BB$7:$BB$42) -> 53 | AU30: 23 | AV30: 0 | AW30: 466622.28 | AX30: 7609955.2 | AY30: 5000 | AZ30: 12 | BA30: 0.00090909092 | BB30: 895 | BC30: =BC29 -> 3 | BD30: 3e-05 | BE30: 0.03 | BF30: =IF(COUNT(BJ30:BL30)=3,3,IF(OR(BN30<0,BP30=$BP$7),1,2))+BH30 -> 2 | BG30: 1 | BH30: 0 | BJ30: =BJ29+1 -> 23 | BM30: =BM29+1 -> 22 | BP30: =BP28-2 -> -24 | BT30: =BJ30 -> 23 | BU30: =IF(ISNUMBER(BN30),BN30,BM30) -> 22 | BV30: =IF(ISNUMBER(BQ30),IF(ISNUMBER(BR30),BR30,BQ30),IF(BP30=$BP$7,"",BP30)) -> -24 | BW30: =IF(ISNUMBER(BR30),BQ30,"") | BY30: =IF(ISNUMBER(BJ30),BJ30,"") -> 23 | BZ30: =IF(ISNUMBER(BK30),_xlfn.CONCAT(BK30,",",BL30),BJ30) -> 23 | CA30: =IF(ISNUMBER(BN30),_xlfn.CONCAT(BN30,",",BO30),IF(OR(BM30=$BM$7,ISNUMBER(BM30)),BM30,"")) -> 22 | CB30: =IF(ISNUMBER(BQ30),_xlfn.CONCAT(BQ30,",",BR30),IF(OR(ISNUMBER(BP30),BP30=$BP$7),BP30,"")) -> -24 | CC30: =_xlfn.CONCAT(AB30,AC30) -> 62 | CD30: =_xlfn.CONCAT(AG30,AH30) -> 92 | CE30: =IF(ISNUMBER(BY30),INDEX($BY$7:$CD$42,BY30+1,BU$4),"") -> 23
F31: 7 | G31: 11 | H31: POINT (466097.2813 7610467.75) | I31: [865] | J31: 1033.636 | L31: =IF(ISNUMBER(R31),SQRT((R31-R30)^2+(S31-S30)^2),"") -> 733.67653 | N31: =O31-1 -> 24 | O31: =IF(ISNUMBER(Q31),ROW()-ROW(O$6),"") -> 25 | P31: =IF($AB31=P$6,O31,"") | Q31: =IF(ISNUMBER(R31),Q30+1,"") -> 25 | R31: =AW31 -> 466097.28 | S31: =AX31 -> 7610467.8 | V31: =BB31 -> 865 | W31: =IF(ISNUMBER(R31),R31-MIN(R$7:R$42),"") -> 1925 | X31: =IF(ISNUMBER(R31),S31-MIN(S$7:S$42),"") -> 2537.5 | Y31: =IF(ISNUMBER(BY31),INDEX($BY$7:$CD$42,BY31+1,BU$4),"") -> 24 | Z31: =IF(ISNUMBER(R31),V30-V31,"") -> 30 | AA31: =IF(Z31<0,MAX(AA$6:AA30)+1,0) -> 0 | AB31: =IF(ISNUMBER(R31),IF(AA31=0,AB30,AA31),"") -> 6 | AC31: =IF(AA31<>0,1,AC30+1) -> 3 | AE31: =AE30 -> 3 | AF31: 0 | AG31: =IF(ISNUMBER(R31),AB31+AE31,"") -> 9 | AH31: =IF(ISNUMBER(S31),AC31+AF31,"") -> 3 | AJ31: =IF(ISNUMBER(AJ62),INDEX($R$7:$S$42,AJ62,AJ$21),AJ30) -> 7614955.2 | AK31: =IF(ISNUMBER(AK62),INDEX($R$7:$S$42,AK62,AK$21),AK30) -> 7614180.2 | AL31: =IF(ISNUMBER(AL62),INDEX($R$7:$S$42,AL62,AL$21),AL30) -> 7613492.8 | AM31: =IF(ISNUMBER(AM62),INDEX($R$7:$S$42,AM62,AM$21),AM30) -> 7613092.8 | AN31: =IF(ISNUMBER(AN62),INDEX($R$7:$S$42,AN62,AN$21),AN30) -> 7609967.8 | AO31: =IF(ISNUMBER(AO62),INDEX($R$7:$S$42,AO62,AO$21),AO30) -> 7609892.8 | AP31: =IF(ISNUMBER(AP62),INDEX($R$7:$S$42,AP62,AP$21),AP30) -> 7607930.2 | AQ31: =IF(ISNUMBER(AQ62),INDEX($R$7:$S$42,AQ62,AQ$21),AQ30) -> y | ... AS31: =IF(ISNUMBER(AS62),INDEX($R$7:$S$42,AS62,AS$21),AS30) -> y | AT31: =BB31-MIN($BB$7:$BB$42) -> 23 | AU31: 24 | AV31: 0 | AW31: 466097.28 | AX31: 7610467.8 | AY31: 5000 | AZ31: 12 | BA31: 0.00090909092 | BB31: 865 | BC31: =BC30 -> 3 | BD31: 3e-05 | BE31: 0.03 | BF31: =IF(COUNT(BJ31:BL31)=3,3,IF(OR(BN31<0,BP31=$BP$7),1,2))+BH31 -> 2 | BG31: 1 | BH31: 0 | BJ31: =BJ30+1 -> 24 | BM31: =BM30+1 -> 23 | BP31: =BP30-1 -> -25 | BT31: =BJ31 -> 24 | BU31: =IF(ISNUMBER(BN31),BN31,BM31) -> 23 | BV31: =IF(ISNUMBER(BQ31),IF(ISNUMBER(BR31),BR31,BQ31),IF(BP31=$BP$7,"",BP31)) -> -25 | BW31: =IF(ISNUMBER(BR31),BQ31,"") | BY31: =IF(ISNUMBER(BJ31),BJ31,"") -> 24 | BZ31: =IF(ISNUMBER(BK31),_xlfn.CONCAT(BK31,",",BL31),BJ31) -> 24 | CA31: =IF(ISNUMBER(BN31),_xlfn.CONCAT(BN31,",",BO31),IF(OR(BM31=$BM$7,ISNUMBER(BM31)),BM31,"")) -> 23 | CB31: =IF(ISNUMBER(BQ31),_xlfn.CONCAT(BQ31,",",BR31),IF(OR(ISNUMBER(BP31),BP31=$BP$7),BP31,"")) -> -25 | CC31: =_xlfn.CONCAT(AB31,AC31) -> 63 | CD31: =_xlfn.CONCAT(AG31,AH31) -> 93 | CE31: =IF(ISNUMBER(BY31),INDEX($BY$7:$CD$42,BY31+1,BU$4),"") -> 24
F32: 7 | G32: 12 | H32: POINT (465534.7813 7610505.25) | I32: [856] | J32: 1029.091 | L32: =IF(ISNUMBER(R32),SQRT((R32-R31)^2+(S32-S31)^2),"") -> 563.74861 | N32: =O32-1 -> 25 | O32: =IF(ISNUMBER(Q32),ROW()-ROW(O$6),"") -> 26 | P32: =IF($AB32=P$6,O32,"") | Q32: =IF(ISNUMBER(R32),Q31+1,"") -> 26 | R32: =AW32 -> 465534.78 | S32: =AX32 -> 7610505.2 | V32: =BB32 -> 856 | W32: =IF(ISNUMBER(R32),R32-MIN(R$7:R$42),"") -> 1362.5 | X32: =IF(ISNUMBER(R32),S32-MIN(S$7:S$42),"") -> 2575 | Y32: =IF(ISNUMBER(BY32),INDEX($BY$7:$CD$42,BY32+1,BU$4),"") -> 25 | Z32: =IF(ISNUMBER(R32),V31-V32,"") -> 9 | AA32: =IF(Z32<0,MAX(AA$6:AA31)+1,0) -> 0 | AB32: =IF(ISNUMBER(R32),IF(AA32=0,AB31,AA32),"") -> 6 | AC32: =IF(AA32<>0,1,AC31+1) -> 4 | AE32: =AE31 -> 3 | AF32: 0 | AG32: =IF(ISNUMBER(R32),AB32+AE32,"") -> 9 | AH32: =IF(ISNUMBER(S32),AC32+AF32,"") -> 4 | AJ32: =IF(ISNUMBER(AJ63),INDEX($R$7:$S$42,AJ63,AJ$21),AJ31) -> 7614955.2 | AK32: =IF(ISNUMBER(AK63),INDEX($R$7:$S$42,AK63,AK$21),AK31) -> 7614180.2 | AL32: =IF(ISNUMBER(AL63),INDEX($R$7:$S$42,AL63,AL$21),AL31) -> 7613492.8 | AM32: =IF(ISNUMBER(AM63),INDEX($R$7:$S$42,AM63,AM$21),AM31) -> 7613092.8 | AN32: =IF(ISNUMBER(AN63),INDEX($R$7:$S$42,AN63,AN$21),AN31) -> 7609967.8 | AO32: =IF(ISNUMBER(AO63),INDEX($R$7:$S$42,AO63,AO$21),AO31) -> 7609892.8 | AP32: =IF(ISNUMBER(AP63),INDEX($R$7:$S$42,AP63,AP$21),AP31) -> 7607930.2 | AQ32: =IF(ISNUMBER(AQ63),INDEX($R$7:$S$42,AQ63,AQ$21),AQ31) -> y | ... AS32: =IF(ISNUMBER(AS63),INDEX($R$7:$S$42,AS63,AS$21),AS31) -> y | AT32: =BB32-MIN($BB$7:$BB$42) -> 14 | AU32: 25 | AV32: 0 | AW32: 465534.78 | AX32: 7610505.2 | AY32: 5000 | AZ32: 12 | BA32: 0.00090909092 | BB32: 856 | BC32: =BC31 -> 3 | BD32: 3e-05 | BE32: 0.03 | BF32: =IF(COUNT(BJ32:BL32)=3,3,IF(OR(BN32<0,BP32=$BP$7),1,2))+BH32 -> 2 | BG32: 1 | BH32: 0 | BJ32: =BJ31+1 -> 25 | BM32: =BM31+1 -> 24 | BP32: =BP31-1 -> -26 | BT32: =BJ32 -> 25 | BU32: =IF(ISNUMBER(BN32),BN32,BM32) -> 24 | BV32: =IF(ISNUMBER(BQ32),IF(ISNUMBER(BR32),BR32,BQ32),IF(BP32=$BP$7,"",BP32)) -> -26 | BW32: =IF(ISNUMBER(BR32),BQ32,"") | BY32: =IF(ISNUMBER(BJ32),BJ32,"") -> 25 | BZ32: =IF(ISNUMBER(BK32),_xlfn.CONCAT(BK32,",",BL32),BJ32) -> 25 | CA32: =IF(ISNUMBER(BN32),_xlfn.CONCAT(BN32,",",BO32),IF(OR(BM32=$BM$7,ISNUMBER(BM32)),BM32,"")) -> 24 | CB32: =IF(ISNUMBER(BQ32),_xlfn.CONCAT(BQ32,",",BR32),IF(OR(ISNUMBER(BP32),BP32=$BP$7),BP32,"")) -> -26 | CC32: =_xlfn.CONCAT(AB32,AC32) -> 64 | CD32: =_xlfn.CONCAT(AG32,AH32) -> 94 | CE32: =IF(ISNUMBER(BY32),INDEX($BY$7:$CD$42,BY32+1,BU$4),"") -> 25
F33: 7 | G33: 13 | H33: POINT (464909.7813 7609892.75) | I33: [844] | J33: 1025.909 | L33: =IF(ISNUMBER(R33),SQRT((R33-R32)^2+(S33-S32)^2),"") -> 875.08928 | N33: =O33-1 -> 26 | O33: =IF(ISNUMBER(Q33),ROW()-ROW(O$6),"") -> 27 | P33: =IF($AB33=P$6,O33,"") | Q33: =IF(ISNUMBER(R33),Q32+1,"") -> 27 | R33: =AW33 -> 464909.78 | S33: =AX33 -> 7609892.8 | V33: =BB33 -> 844 | W33: =IF(ISNUMBER(R33),R33-MIN(R$7:R$42),"") -> 737.5 | X33: =IF(ISNUMBER(R33),S33-MIN(S$7:S$42),"") -> 1962.5 | Y33: =IF(ISNUMBER(BY33),INDEX($BY$7:$CD$42,BY33+1,BU$4),"") -> 26 | Z33: =IF(ISNUMBER(R33),V32-V33,"") -> 12 | AA33: =IF(Z33<0,MAX(AA$6:AA32)+1,0) -> 0 | AB33: =IF(ISNUMBER(R33),IF(AA33=0,AB32,AA33),"") -> 6 | AC33: =IF(AA33<>0,1,AC32+1) -> 5 | AE33: =AE32 -> 3 | AF33: 0 | AG33: =IF(ISNUMBER(R33),AB33+AE33,"") -> 9 | AH33: =IF(ISNUMBER(S33),AC33+AF33,"") -> 5 | AJ33: =IF(ISNUMBER(AJ64),INDEX($R$7:$S$42,AJ64,AJ$21),AJ32) -> 7614955.2 | AK33: =IF(ISNUMBER(AK64),INDEX($R$7:$S$42,AK64,AK$21),AK32) -> 7614180.2 | AL33: =IF(ISNUMBER(AL64),INDEX($R$7:$S$42,AL64,AL$21),AL32) -> 7613492.8 | AM33: =IF(ISNUMBER(AM64),INDEX($R$7:$S$42,AM64,AM$21),AM32) -> 7613092.8 | AN33: =IF(ISNUMBER(AN64),INDEX($R$7:$S$42,AN64,AN$21),AN32) -> 7609967.8 | AO33: =IF(ISNUMBER(AO64),INDEX($R$7:$S$42,AO64,AO$21),AO32) -> 7609892.8 | AP33: =IF(ISNUMBER(AP64),INDEX($R$7:$S$42,AP64,AP$21),AP32) -> 7607930.2 | AQ33: =IF(ISNUMBER(AQ64),INDEX($R$7:$S$42,AQ64,AQ$21),AQ32) -> y | ... AS33: =IF(ISNUMBER(AS64),INDEX($R$7:$S$42,AS64,AS$21),AS32) -> y | AT33: =BB33-MIN($BB$7:$BB$42) -> 2 | AU33: 26 | AV33: 0 | AW33: 464909.78 | AX33: 7609892.8 | AY33: 2000 | AZ33: 12 | BA33: 0.00090909092 | BB33: 844 | BC33: =BC32 -> 3 | BD33: 3e-05 | BE33: 0.03 | BF33: =IF(COUNT(BJ33:BL33)=3,3,IF(OR(BN33<0,BP33=$BP$7),1,2))+BH33 -> 2 | BG33: 1 | BH33: 0 | BJ33: =BJ32+1 -> 26 | BM33: =BM32+1 -> 25 | BP33: =BP32-1 -> -27 | BT33: =BJ33 -> 26 | BU33: =IF(ISNUMBER(BN33),BN33,BM33) -> 25 | BV33: =IF(ISNUMBER(BQ33),IF(ISNUMBER(BR33),BR33,BQ33),IF(BP33=$BP$7,"",BP33)) -> -27 | BW33: =IF(ISNUMBER(BR33),BQ33,"") | BY33: =IF(ISNUMBER(BJ33),BJ33,"") -> 26 | BZ33: =IF(ISNUMBER(BK33),_xlfn.CONCAT(BK33,",",BL33),BJ33) -> 26 | CA33: =IF(ISNUMBER(BN33),_xlfn.CONCAT(BN33,",",BO33),IF(OR(BM33=$BM$7,ISNUMBER(BM33)),BM33,"")) -> 25 | CB33: =IF(ISNUMBER(BQ33),_xlfn.CONCAT(BQ33,",",BR33),IF(OR(ISNUMBER(BP33),BP33=$BP$7),BP33,"")) -> -27 | CC33: =_xlfn.CONCAT(AB33,AC33) -> 65 | CD33: =_xlfn.CONCAT(AG33,AH33) -> 95 | CE33: =IF(ISNUMBER(BY33),INDEX($BY$7:$CD$42,BY33+1,BU$4),"") -> 26
F34: 9 | G34: 14 | H34: POINT (464822.2813 7609305.25) | I34: [846] | J34: 1037.581 | L34: =IF(ISNUMBER(R34),SQRT((R34-R33)^2+(S34-S33)^2),"") -> 593.98022 | N34: =O34-1 -> 27 | O34: =IF(ISNUMBER(Q34),ROW()-ROW(O$6),"") -> 28 | P34: =IF($AB34=P$6,O34,"") -> 28 | Q34: =IF(ISNUMBER(R34),Q33+1,"") -> 28 | R34: =AW34 -> 464822.28 | S34: =AX34 -> 7609305.2 | V34: =BB34 -> 846 | W34: =IF(ISNUMBER(R34),R34-MIN(R$7:R$42),"") -> 650 | X34: =IF(ISNUMBER(R34),S34-MIN(S$7:S$42),"") -> 1375 | Y34: =IF(ISNUMBER(BY34),INDEX($BY$7:$CD$42,BY34+1,BU$4),"") -> 27 | Z34: =IF(ISNUMBER(R34),V33-V34,"") -> -2 | AA34: =IF(Z34<0,MAX(AA$6:AA33)+1,0) -> 7 | AB34: =IF(ISNUMBER(R34),IF(AA34=0,AB33,AA34),"") -> 7 | AC34: =IF(AA34<>0,1,AC33+1) -> 1 | AE34: =AE33 -> 3 | AF34: 0 | AG34: =IF(ISNUMBER(R34),AB34+AE34,"") -> 10 | AH34: =IF(ISNUMBER(S34),AC34+AF34,"") -> 1 | AJ34: =IF(ISNUMBER(AJ65),INDEX($R$7:$S$42,AJ65,AJ$21),AJ33) -> 7614955.2 | AK34: =IF(ISNUMBER(AK65),INDEX($R$7:$S$42,AK65,AK$21),AK33) -> 7614180.2 | AL34: =IF(ISNUMBER(AL65),INDEX($R$7:$S$42,AL65,AL$21),AL33) -> 7613492.8 | AM34: =IF(ISNUMBER(AM65),INDEX($R$7:$S$42,AM65,AM$21),AM33) -> 7613092.8 | AN34: =IF(ISNUMBER(AN65),INDEX($R$7:$S$42,AN65,AN$21),AN33) -> 7609967.8 | AO34: =IF(ISNUMBER(AO65),INDEX($R$7:$S$42,AO65,AO$21),AO33) -> 7609892.8 | AP34: =IF(ISNUMBER(AP65),INDEX($R$7:$S$42,AP65,AP$21),AP33) -> 7607930.2 | AQ34: =IF(ISNUMBER(AQ65),INDEX($R$7:$S$42,AQ65,AQ$21),AQ33) -> y | ... AS34: =IF(ISNUMBER(AS65),INDEX($R$7:$S$42,AS65,AS$21),AS33) -> y | AT34: =BB34-MIN($BB$7:$BB$42) -> 4 | AU34: 27 | AV34: 0 | AW34: 464822.28 | AX34: 7609305.2 | AY34: 5000 | AZ34: 55 | BA34: 0.00096774194 | BB34: 846 | BC34: =BC33 -> 3 | BD34: 6e-05 | BE34: 0.025 | BF34: =IF(COUNT(BJ34:BL34)=3,3,IF(OR(BN34<0,BP34=$BP$7),1,2))+BH34 -> 3 | BG34: 1 | BH34: 0 | BJ34: =BJ33+1 -> 27 | BK34: =BJ28 -> 21 | BL34: =BJ33 -> 26 | BM34: =BM33+1 -> 26 | BN34: =BM28 -> 20 | BO34: =BM33 -> 25 | BP34: =BP32-2 -> -28 | BQ34: =BP34 -> -28 | BR34: =(BQ34+2)*-1 -> 26 | BT34: =BJ34 -> 27 | BU34: =IF(ISNUMBER(BN34),BN34,BM34) -> 20 | BV34: =IF(ISNUMBER(BQ34),IF(ISNUMBER(BR34),BR34,BQ34),IF(BP34=$BP$7,"",BP34)) -> 26 | BW34: =IF(ISNUMBER(BR34),BQ34,"") -> -28 | BY34: =IF(ISNUMBER(BJ34),BJ34,"") -> 27 | BZ34: =IF(ISNUMBER(BK34),_xlfn.CONCAT(BK34,",",BL34),BJ34) -> 21,26 | CA34: =IF(ISNUMBER(BN34),_xlfn.CONCAT(BN34,",",BO34),IF(OR(BM34=$BM$7,ISNUMBER(BM34)),BM34,"")) -> 20,25 | CB34: =IF(ISNUMBER(BQ34),_xlfn.CONCAT(BQ34,",",BR34),IF(OR(ISNUMBER(BP34),BP34=$BP$7),BP34,"")) -> -28,26 | CC34: =_xlfn.CONCAT(AB34,AC34) -> 71 | CD34: =_xlfn.CONCAT(AG34,AH34) -> 101 | CE34: =IF(ISNUMBER(BY34),INDEX($BY$7:$CD$42,BY34+1,BU$4),"") -> 27
F35: 8 | G35: 13 | H35: POINT (464172.2813 7607930.25) | I35: [842] | J35: 1032.5 | L35: =IF(ISNUMBER(R35),SQRT((R35-R34)^2+(S35-S34)^2),"") -> 1520.8961 | N35: =O35-1 -> 28 | O35: =IF(ISNUMBER(Q35),ROW()-ROW(O$6),"") -> 29 | P35: =IF($AB35=P$6,O35,"") -> 29 | Q35: =IF(ISNUMBER(R35),Q34+1,"") -> 29 | R35: =AW35 -> 464172.28 | S35: =AX35 -> 7607930.2 | V35: =BB35 -> 842 | W35: =IF(ISNUMBER(R35),R35-MIN(R$7:R$42),"") -> 0 | X35: =IF(ISNUMBER(R35),S35-MIN(S$7:S$42),"") -> 0 | Y35: =IF(ISNUMBER(BY35),INDEX($BY$7:$CD$42,BY35+1,BU$4),"") -> 28 | Z35: =IF(ISNUMBER(R35),V34-V35,"") -> 4 | AA35: =IF(Z35<0,MAX(AA$6:AA34)+1,0) -> 0 | AB35: =IF(ISNUMBER(R35),IF(AA35=0,AB34,AA35),"") -> 7 | AC35: =IF(AA35<>0,1,AC34+1) -> 2 | AE35: =AE34 -> 3 | AF35: 0 | AG35: =IF(ISNUMBER(R35),AB35+AE35,"") -> 10 | AH35: =IF(ISNUMBER(S35),AC35+AF35,"") -> 2 | AJ35: =IF(ISNUMBER(AJ66),INDEX($R$7:$S$42,AJ66,AJ$21),AJ34) -> 7614955.2 | AK35: =IF(ISNUMBER(AK66),INDEX($R$7:$S$42,AK66,AK$21),AK34) -> 7614180.2 | AL35: =IF(ISNUMBER(AL66),INDEX($R$7:$S$42,AL66,AL$21),AL34) -> 7613492.8 | AM35: =IF(ISNUMBER(AM66),INDEX($R$7:$S$42,AM66,AM$21),AM34) -> 7613092.8 | AN35: =IF(ISNUMBER(AN66),INDEX($R$7:$S$42,AN66,AN$21),AN34) -> 7609967.8 | AO35: =IF(ISNUMBER(AO66),INDEX($R$7:$S$42,AO66,AO$21),AO34) -> 7609892.8 | AP35: =IF(ISNUMBER(AP66),INDEX($R$7:$S$42,AP66,AP$21),AP34) -> 7607930.2 | AQ35: =IF(ISNUMBER(AQ66),INDEX($R$7:$S$42,AQ66,AQ$21),AQ34) -> y | ... AS35: =IF(ISNUMBER(AS66),INDEX($R$7:$S$42,AS66,AS$21),AS34) -> y | AT35: =BB35-MIN($BB$7:$BB$42) -> 0 | AU35: 28 | AV35: 0 | AW35: 464172.28 | AX35: 7607930.2 | AY35: 5500 | AZ35: 55 | BA35: 0.00096774194 | BB35: 842 | BC35: =BC34 -> 3 | BD35: 6e-05 | BE35: 0.025 | BF35: =IF(COUNT(BJ35:BL35)=3,3,IF(OR(BN35<0,BP35=$BP$7),1,2))+BH35 -> 2 | BG35: 1 | BH35: 0 | BJ35: =BJ34+1 -> 28 | BM35: =BM34+1 -> 27 | BP35: =BP34-1 -> -29 | BT35: =BJ35 -> 28 | BU35: =IF(ISNUMBER(BN35),BN35,BM35) -> 27 | BV35: =IF(ISNUMBER(BQ35),IF(ISNUMBER(BR35),BR35,BQ35),IF(BP35=$BP$7,"",BP35)) -> -29 | BW35: =IF(ISNUMBER(BR35),BQ35,"") | BY35: =IF(ISNUMBER(BJ35),BJ35,"") -> 28 | BZ35: =IF(ISNUMBER(BK35),_xlfn.CONCAT(BK35,",",BL35),BJ35) -> 28 | CA35: =IF(ISNUMBER(BN35),_xlfn.CONCAT(BN35,",",BO35),IF(OR(BM35=$BM$7,ISNUMBER(BM35)),BM35,"")) -> 27 | CB35: =IF(ISNUMBER(BQ35),_xlfn.CONCAT(BQ35,",",BR35),IF(OR(ISNUMBER(BP35),BP35=$BP$7),BP35,"")) -> -29 | CC35: =_xlfn.CONCAT(AB35,AC35) -> 72 | CD35: =_xlfn.CONCAT(AG35,AH35) -> 102 | CE35: =IF(ISNUMBER(BY35),INDEX($BY$7:$CD$42,BY35+1,BU$4),"") -> 28
F36: 7 | G36: 13 | J36: 1027.419 | L36: =IF(ISNUMBER(R36),SQRT((R36-R35)^2+(S36-S35)^2),"") | V36: =BB36 -> 0 | W36: =IF(ISNUMBER(R36),R36-MIN(R$7:R$42),"") | X36: =IF(ISNUMBER(R36),S36-MIN(S$7:S$42),"") | Y36: =IF(ISNUMBER(BY36),INDEX($BY$7:$CD$42,BY36+1,BU$4),"") | Z36: =IF(ISNUMBER(R36),V35-V36,"") | AA36: =IF(Z36<0,MAX(AA$6:AA35)+1,0) -> 0 | AB36: =IF(ISNUMBER(R36),IF(AA36=0,AB35,AA36),"") | BY36: =IF(ISNUMBER(BJ36),BJ36,"") | BZ36: =IF(ISNUMBER(BK36),_xlfn.CONCAT(BK36,",",BL36),BJ36) -> 0 | CA36: =IF(ISNUMBER(BN36),_xlfn.CONCAT(BN36,",",BO36),IF(OR(BM36=$BM$7,ISNUMBER(BM36)),BM36,"")) | CB36: =IF(ISNUMBER(BQ36),_xlfn.CONCAT(BQ36,",",BR36),IF(OR(ISNUMBER(BP36),BP36=$BP$7),BP36,"")) | CC36: =_xlfn.CONCAT(AB36,AC36) | CD36: =_xlfn.CONCAT(AG36,AH36) | CE36: =IF(ISNUMBER(BY36),INDEX($BY$7:$CD$42,BY36+1,BU$4),"")
F37: 6 | G37: 13 | J37: 1021.875 | L37: =IF(ISNUMBER(R37),SQRT((R37-R36)^2+(S37-S36)^2),"") | V37: =BB37 -> 0 | W37: =IF(ISNUMBER(R37),R37-MIN(R$7:R$42),"") | X37: =IF(ISNUMBER(R37),S37-MIN(S$7:S$42),"") | Y37: =IF(ISNUMBER(BY37),INDEX($BY$7:$CD$42,BY37+1,BU$4),"") | Z37: =IF(ISNUMBER(R37),V36-V37,"") | AA37: =IF(Z37<0,MAX(AA$6:AA36)+1,0) -> 0 | AB37: =IF(ISNUMBER(R37),IF(AA37=0,AB36,AA37),"") | AJ37: =COUNTIF($AB7:$AB42,"="&AJ38) -> 4 | AK37: =COUNTIF($AB7:$AB42,"="&AK38) -> 4 | AL37: =COUNTIF($AB7:$AB42,"="&AL38) -> 4 | AM37: =COUNTIF($AB7:$AB42,"="&AM38) -> 4 | AN37: =COUNTIF($AB7:$AB42,"="&AN38) -> 6 | AO37: =COUNTIF($AB7:$AB42,"="&AO38) -> 5 | AP37: =COUNTIF($AB7:$AB42,"="&AP38) -> 2 | AQ37: =COUNTIF($AB7:$AB42,"="&AQ38) -> 0 | ... AS37: =COUNTIF($AB7:$AB42,"="&AS38) -> 0 | BY37: =IF(ISNUMBER(BJ37),BJ37,"") | BZ37: =IF(ISNUMBER(BK37),_xlfn.CONCAT(BK37,",",BL37),BJ37) -> 0 | CA37: =IF(ISNUMBER(BN37),_xlfn.CONCAT(BN37,",",BO37),IF(OR(BM37=$BM$7,ISNUMBER(BM37)),BM37,"")) | CB37: =IF(ISNUMBER(BQ37),_xlfn.CONCAT(BQ37,",",BR37),IF(OR(ISNUMBER(BP37),BP37=$BP$7),BP37,"")) | CC37: =_xlfn.CONCAT(AB37,AC37) | CD37: =_xlfn.CONCAT(AG37,AH37) | CE37: =IF(ISNUMBER(BY37),INDEX($BY$7:$CD$42,BY37+1,BU$4),"")
F38: 5 | G38: 13 | J38: 1015.625 | L38: =IF(ISNUMBER(R38),SQRT((R38-R37)^2+(S38-S37)^2),"") | V38: =BB38 -> 0 | W38: =IF(ISNUMBER(R38),R38-MIN(R$7:R$42),"") | X38: =IF(ISNUMBER(R38),S38-MIN(S$7:S$42),"") | Y38: =IF(ISNUMBER(BY38),INDEX($BY$7:$CD$42,BY38+1,BU$4),"") | Z38: =IF(ISNUMBER(R38),V37-V38,"") | AA38: =IF(Z38<0,MAX(AA$6:AA37)+1,0) -> 0 | AB38: =IF(ISNUMBER(R38),IF(AA38=0,AB37,AA38),"") | AJ38: 1 | AK38: =AJ38+1 -> 2 | AL38: =AK38+1 -> 3 | AM38: =AL38+1 -> 4 | AN38: =AM38+1 -> 5 | AO38: =AN38+1 -> 6 | AP38: =AO38+1 -> 7 | AQ38: =AP38+1 -> 8 | AR38: =AQ38+1 -> 9 | AS38: =AR38+1 -> 10 | BY38: =IF(ISNUMBER(BJ38),BJ38,"") | BZ38: =IF(ISNUMBER(BK38),_xlfn.CONCAT(BK38,",",BL38),BJ38) -> 0 | CA38: =IF(ISNUMBER(BN38),_xlfn.CONCAT(BN38,",",BO38),IF(OR(BM38=$BM$7,ISNUMBER(BM38)),BM38,"")) | CB38: =IF(ISNUMBER(BQ38),_xlfn.CONCAT(BQ38,",",BR38),IF(OR(ISNUMBER(BP38),BP38=$BP$7),BP38,"")) | CC38: =_xlfn.CONCAT(AB38,AC38) | CD38: =_xlfn.CONCAT(AG38,AH38) | CE38: =IF(ISNUMBER(BY38),INDEX($BY$7:$CD$42,BY38+1,BU$4),"")
F39: 4 | G39: 13 | J39: 1009.375 | L39: =IF(ISNUMBER(R39),SQRT((R39-R38)^2+(S39-S38)^2),"") | V39: =BB39 -> 0 | W39: =IF(ISNUMBER(R39),R39-MIN(R$7:R$42),"") | X39: =IF(ISNUMBER(R39),S39-MIN(S$7:S$42),"") | Y39: =IF(ISNUMBER(BY39),INDEX($BY$7:$CD$42,BY39+1,BU$4),"") | Z39: =IF(ISNUMBER(R39),V38-V39,"") | AA39: =IF(Z39<0,MAX(AA$6:AA38)+1,0) -> 0 | AB39: =IF(ISNUMBER(R39),IF(AA39=0,AB38,AA39),"") | AJ39: =MAX(AJ40:AJ52) -> 4 | AK39: =MAX(AK40:AK52) -> 8 | AL39: =MAX(AL40:AL52) -> 12 | AM39: =MAX(AM40:AM52) -> 16 | AN39: =MAX(AN40:AN52) -> 22 | AO39: =MAX(AO40:AO52) -> 27 | AP39: =MAX(AP40:AP52) -> 29 | AQ39: =MAX(AQ40:AQ52) -> 0 | ... AS39: =MAX(AS40:AS52) -> 0 | BY39: =IF(ISNUMBER(BJ39),BJ39,"") | BZ39: =IF(ISNUMBER(BK39),_xlfn.CONCAT(BK39,",",BL39),BJ39) -> 0 | CA39: =IF(ISNUMBER(BN39),_xlfn.CONCAT(BN39,",",BO39),IF(OR(BM39=$BM$7,ISNUMBER(BM39)),BM39,"")) | CB39: =IF(ISNUMBER(BQ39),_xlfn.CONCAT(BQ39,",",BR39),IF(OR(ISNUMBER(BP39),BP39=$BP$7),BP39,"")) | CC39: =_xlfn.CONCAT(AB39,AC39) | CD39: =_xlfn.CONCAT(AG39,AH39) | CE39: =IF(ISNUMBER(BY39),INDEX($BY$7:$CD$42,BY39+1,BU$4),"")
F40: 3 | G40: 13 | J40: 1003.125 | L40: =IF(ISNUMBER(R40),SQRT((R40-R39)^2+(S40-S39)^2),"") | V40: =BB40 -> 0 | W40: =IF(ISNUMBER(R40),R40-MIN(R$7:R$42),"") | X40: =IF(ISNUMBER(R40),S40-MIN(S$7:S$42),"") | Y40: =IF(ISNUMBER(BY40),INDEX($BY$7:$CD$42,BY40+1,BU$4),"") | Z40: =IF(ISNUMBER(R40),V39-V40,"") | AA40: =IF(Z40<0,MAX(AA$6:AA39)+1,0) -> 0 | AB40: =IF(ISNUMBER(R40),IF(AA40=0,AB39,AA40),"") | AJ40: =IF($O7<=AJ$37,$O7+AD$6,"") -> 1 | AK40: =IF($O7<=AK$37,$O7+AJ$39,"") -> 5 | AL40: =IF($O7<=AL$37,$O7+AK$39,"") -> 9 | AM40: =IF($O7<=AM$37,$O7+AL$39,"") -> 13 | AN40: =IF($O7<=AN$37,$O7+AM$39,"") -> 17 | AO40: =IF($O7<=AO$37,$O7+AN$39,"") -> 23 | AP40: =IF($O7<=AP$37,$O7+AO$39,"") -> 28 | AQ40: =IF($O7<=AQ$37,$O7+AP$39,"") | AR40: =IF($O7<=AR$37,$O7+AQ$39,"") | AS40: =IF($O7<=AS$37,$O7+AR$39,"") | BY40: =IF(ISNUMBER(BJ40),BJ40,"") | BZ40: =IF(ISNUMBER(BK40),_xlfn.CONCAT(BK40,",",BL40),BJ40) -> 0 | CA40: =IF(ISNUMBER(BN40),_xlfn.CONCAT(BN40,",",BO40),IF(OR(BM40=$BM$7,ISNUMBER(BM40)),BM40,"")) | CB40: =IF(ISNUMBER(BQ40),_xlfn.CONCAT(BQ40,",",BR40),IF(OR(ISNUMBER(BP40),BP40=$BP$7),BP40,"")) | CC40: =_xlfn.CONCAT(AB40,AC40) | CD40: =_xlfn.CONCAT(AG40,AH40) | CE40: =IF(ISNUMBER(BY40),INDEX($BY$7:$CD$42,BY40+1,BU$4),"")
F41: 2 | G41: 13 | J41: 996.875 | L41: =IF(ISNUMBER(R41),SQRT((R41-R40)^2+(S41-S40)^2),"") | V41: =BB41 -> 0 | W41: =IF(ISNUMBER(R41),R41-MIN(R$7:R$42),"") | X41: =IF(ISNUMBER(R41),S41-MIN(S$7:S$42),"") | Y41: =IF(ISNUMBER(BY41),INDEX($BY$7:$CD$42,BY41+1,BU$4),"") | Z41: =IF(ISNUMBER(R41),V40-V41,"") | AA41: =IF(Z41<0,MAX(AA$6:AA40)+1,0) -> 0 | AB41: =IF(ISNUMBER(R41),IF(AA41=0,AB40,AA41),"") | AJ41: =IF($O8<=AJ$37,$O8+AD$6,"") -> 2 | AK41: =IF($O8<=AK$37,$O8+AJ$39,"") -> 6 | AL41: =IF($O8<=AL$37,$O8+AK$39,"") -> 10 | AM41: =IF($O8<=AM$37,$O8+AL$39,"") -> 14 | AN41: =IF($O8<=AN$37,$O8+AM$39,"") -> 18 | AO41: =IF($O8<=AO$37,$O8+AN$39,"") -> 24 | AP41: =IF($O8<=AP$37,$O8+AO$39,"") -> 29 | AQ41: =IF($O8<=AQ$37,$O8+AP$39,"") | AR41: =IF($O8<=AR$37,$O8+AQ$39,"") | AS41: =IF($O8<=AS$37,$O8+AR$39,"") | BY41: =IF(ISNUMBER(BJ41),BJ41,"") | BZ41: =IF(ISNUMBER(BK41),_xlfn.CONCAT(BK41,",",BL41),BJ41) -> 0 | CA41: =IF(ISNUMBER(BN41),_xlfn.CONCAT(BN41,",",BO41),IF(OR(BM41=$BM$7,ISNUMBER(BM41)),BM41,"")) | CB41: =IF(ISNUMBER(BQ41),_xlfn.CONCAT(BQ41,",",BR41),IF(OR(ISNUMBER(BP41),BP41=$BP$7),BP41,"")) | CC41: =_xlfn.CONCAT(AB41,AC41) | CD41: =_xlfn.CONCAT(AG41,AH41) | CE41: =IF(ISNUMBER(BY41),INDEX($BY$7:$CD$42,BY41+1,BU$4),"")
F42: 1 | G42: 13 | J42: 991.875 | L42: =IF(ISNUMBER(R42),SQRT((R42-R41)^2+(S42-S41)^2),"") | V42: =BB42 -> 0 | W42: =IF(ISNUMBER(R42),R42-MIN(R$7:R$42),"") | X42: =IF(ISNUMBER(R42),S42-MIN(S$7:S$42),"") | Y42: =IF(ISNUMBER(BY42),INDEX($BY$7:$CD$42,BY42+1,BU$4),"") | Z42: =IF(ISNUMBER(R42),V41-V42,"") | AA42: =IF(Z42<0,MAX(AA$6:AA41)+1,0) -> 0 | AB42: =IF(ISNUMBER(R42),IF(AA42=0,AB41,AA42),"") | AJ42: =IF($O9<=AJ$37,$O9+AD$6,"") -> 3 | AK42: =IF($O9<=AK$37,$O9+AJ$39,"") -> 7 | AL42: =IF($O9<=AL$37,$O9+AK$39,"") -> 11 | AM42: =IF($O9<=AM$37,$O9+AL$39,"") -> 15 | AN42: =IF($O9<=AN$37,$O9+AM$39,"") -> 19 | AO42: =IF($O9<=AO$37,$O9+AN$39,"") -> 25 | AP42: =IF($O9<=AP$37,$O9+AO$39,"") | AQ42: =IF($O9<=AQ$37,$O9+AP$39,"") | AR42: =IF($O9<=AR$37,$O9+AQ$39,"") | AS42: =IF($O9<=AS$37,$O9+AR$39,"") | BY42: =IF(ISNUMBER(BJ42),BJ42,"") | BZ42: =IF(ISNUMBER(BK42),_xlfn.CONCAT(BK42,",",BL42),BJ42) -> 0 | CA42: =IF(ISNUMBER(BN42),_xlfn.CONCAT(BN42,",",BO42),IF(OR(BM42=$BM$7,ISNUMBER(BM42)),BM42,"")) | CB42: =IF(ISNUMBER(BQ42),_xlfn.CONCAT(BQ42,",",BR42),IF(OR(ISNUMBER(BP42),BP42=$BP$7),BP42,"")) | CC42: =_xlfn.CONCAT(AB42,AC42) | CD42: =_xlfn.CONCAT(AG42,AH42) | CE42: =IF(ISNUMBER(BY42),INDEX($BY$7:$CD$42,BY42+1,BU$4),"")
AJ43: =IF($O10<=AJ$37,$O10+AD$6,"") -> 4 | AK43: =IF($O10<=AK$37,$O10+AJ$39,"") -> 8 | AL43: =IF($O10<=AL$37,$O10+AK$39,"") -> 12 | AM43: =IF($O10<=AM$37,$O10+AL$39,"") -> 16 | AN43: =IF($O10<=AN$37,$O10+AM$39,"") -> 20 | AO43: =IF($O10<=AO$37,$O10+AN$39,"") -> 26 | AP43: =IF($O10<=AP$37,$O10+AO$39,"") | AQ43: =IF($O10<=AQ$37,$O10+AP$39,"") | AR43: =IF($O10<=AR$37,$O10+AQ$39,"") | AS43: =IF($O10<=AS$37,$O10+AR$39,"")
AJ44: =IF($O11<=AJ$37,$O11+AD$6,"") | AK44: =IF($O11<=AK$37,$O11+AJ$39,"") | AL44: =IF($O11<=AL$37,$O11+AK$39,"") | AM44: =IF($O11<=AM$37,$O11+AL$39,"") | AN44: =IF($O11<=AN$37,$O11+AM$39,"") -> 21 | AO44: =IF($O11<=AO$37,$O11+AN$39,"") -> 27 | AP44: =IF($O11<=AP$37,$O11+AO$39,"") | AQ44: =IF($O11<=AQ$37,$O11+AP$39,"") | AR44: =IF($O11<=AR$37,$O11+AQ$39,"") | AS44: =IF($O11<=AS$37,$O11+AR$39,"")
AJ45: =IF($O12<=AJ$37,$O12+AD$6,"") | AK45: =IF($O12<=AK$37,$O12+AJ$39,"") | AL45: =IF($O12<=AL$37,$O12+AK$39,"") | AM45: =IF($O12<=AM$37,$O12+AL$39,"") | AN45: =IF($O12<=AN$37,$O12+AM$39,"") -> 22 | AO45: =IF($O12<=AO$37,$O12+AN$39,"") | AP45: =IF($O12<=AP$37,$O12+AO$39,"") | AQ45: =IF($O12<=AQ$37,$O12+AP$39,"") | AR45: =IF($O12<=AR$37,$O12+AQ$39,"") | AS45: =IF($O12<=AS$37,$O12+AR$39,"")
AJ46: =IF($O13<=AJ$37,$O13+AD$6,"") | AK46: =IF($O13<=AK$37,$O13+AJ$39,"") | AL46: =IF($O13<=AL$37,$O13+AK$39,"") | AM46: =IF($O13<=AM$37,$O13+AL$39,"") | AN46: =IF($O13<=AN$37,$O13+AM$39,"") | AO46: =IF($O13<=AO$37,$O13+AN$39,"") | AP46: =IF($O13<=AP$37,$O13+AO$39,"") | AQ46: =IF($O13<=AQ$37,$O13+AP$39,"") | AR46: =IF($O13<=AR$37,$O13+AQ$39,"") | AS46: =IF($O13<=AS$37,$O13+AR$39,"")
AJ47: =IF($O14<=AJ$37,$O14+AD$6,"") | AK47: =IF($O14<=AK$37,$O14+AJ$39,"") | AL47: =IF($O14<=AL$37,$O14+AK$39,"") | AM47: =IF($O14<=AM$37,$O14+AL$39,"") | AN47: =IF($O14<=AN$37,$O14+AM$39,"") | AO47: =IF($O14<=AO$37,$O14+AN$39,"") | AP47: =IF($O14<=AP$37,$O14+AO$39,"") | AQ47: =IF($O14<=AQ$37,$O14+AP$39,"") | AR47: =IF($O14<=AR$37,$O14+AQ$39,"") | AS47: =IF($O14<=AS$37,$O14+AR$39,"")
AJ48: =IF($O15<=AJ$37,$O15+AD$6,"") | AK48: =IF($O15<=AK$37,$O15+AJ$39,"") | AL48: =IF($O15<=AL$37,$O15+AK$39,"") | AM48: =IF($O15<=AM$37,$O15+AL$39,"") | AN48: =IF($O15<=AN$37,$O15+AM$39,"") | AO48: =IF($O15<=AO$37,$O15+AN$39,"") | AP48: =IF($O15<=AP$37,$O15+AO$39,"") | AQ48: =IF($O15<=AQ$37,$O15+AP$39,"") | AR48: =IF($O15<=AR$37,$O15+AQ$39,"") | AS48: =IF($O15<=AS$37,$O15+AR$39,"")
AJ49: =IF($O16<=AJ$37,$O16+AD$6,"") | AK49: =IF($O16<=AK$37,$O16+AJ$39,"") | AL49: =IF($O16<=AL$37,$O16+AK$39,"") | AM49: =IF($O16<=AM$37,$O16+AL$39,"") | AN49: =IF($O16<=AN$37,$O16+AM$39,"") | AO49: =IF($O16<=AO$37,$O16+AN$39,"") | AP49: =IF($O16<=AP$37,$O16+AO$39,"") | AQ49: =IF($O16<=AQ$37,$O16+AP$39,"") | AR49: =IF($O16<=AR$37,$O16+AQ$39,"") | AS49: =IF($O16<=AS$37,$O16+AR$39,"")
AJ50: =IF($O17<=AJ$37,$O17+AD$6,"") | AK50: =IF($O17<=AK$37,$O17+AJ$39,"") | AL50: =IF($O17<=AL$37,$O17+AK$39,"") | AM50: =IF($O17<=AM$37,$O17+AL$39,"") | AN50: =IF($O17<=AN$37,$O17+AM$39,"") | AO50: =IF($O17<=AO$37,$O17+AN$39,"") | AP50: =IF($O17<=AP$37,$O17+AO$39,"") | AQ50: =IF($O17<=AQ$37,$O17+AP$39,"") | AR50: =IF($O17<=AR$37,$O17+AQ$39,"") | AS50: =IF($O17<=AS$37,$O17+AR$39,"")
AJ51: =IF($O18<=AJ$37,$O18+AD$6,"") | AK51: =IF($O18<=AK$37,$O18+AJ$39,"") | AL51: =IF($O18<=AL$37,$O18+AK$39,"") | AM51: =IF($O18<=AM$37,$O18+AL$39,"") | AN51: =IF($O18<=AN$37,$O18+AM$39,"") | AO51: =IF($O18<=AO$37,$O18+AN$39,"") | AP51: =IF($O18<=AP$37,$O18+AO$39,"") | AQ51: =IF($O18<=AQ$37,$O18+AP$39,"") | AR51: =IF($O18<=AR$37,$O18+AQ$39,"") | AS51: =IF($O18<=AS$37,$O18+AR$39,"")
AJ52: =IF($O19<=AJ$37,$O19+AD$6,"") | AK52: =IF($O19<=AK$37,$O19+AJ$39,"") | AL52: =IF($O19<=AL$37,$O19+AK$39,"") | AM52: =IF($O19<=AM$37,$O19+AL$39,"") | AN52: =IF($O19<=AN$37,$O19+AM$39,"") | AO52: =IF($O19<=AO$37,$O19+AN$39,"") | AP52: =IF($O19<=AP$37,$O19+AO$39,"") | AQ52: =IF($O19<=AQ$37,$O19+AP$39,"") | AR52: =IF($O19<=AR$37,$O19+AQ$39,"") | AS52: =IF($O19<=AS$37,$O19+AR$39,"")
AJ54: =AJ40 -> 1 | AK54: =AK40 -> 5 | AL54: =AL40 -> 9 | AM54: =AM40 -> 13 | AN54: =AN40 -> 17 | AO54: =AO40 -> 23 | AP54: =AP40 -> 28 | AQ54: =AQ40 | ... AS54: =AS40
AJ55: =AJ41 -> 2 | AK55: =AK41 -> 6 | AL55: =AL41 -> 10 | AM55: =AM41 -> 14 | AN55: =AN41 -> 18 | AO55: =AO41 -> 24 | AP55: =AP41 -> 29 | AQ55: =AQ41 | ... AS55: =AS41
AJ56: =AJ42 -> 3 | AK56: =AK42 -> 7 | AL56: =AL42 -> 11 | AM56: =AM42 -> 15 | AN56: =AN42 -> 19 | AO56: =AO42 -> 25 | AP56: =AP42 | AQ56: =AQ42 | ... AS56: =AS42
AJ57: =AJ43 -> 4 | AK57: =AK43 -> 8 | AL57: =AL43 -> 12 | AM57: =AM43 -> 16 | AN57: =AN43 -> 20 | AO57: =AO43 -> 26 | AP57: =AP43 | AQ57: =AQ43 | ... AS57: =AS43
AJ58: =AJ44 | AK58: =AK44 | AL58: =AL44 | AM58: =AM44 | AN58: =AN44 -> 21 | AO58: =AO44 -> 27 | AP58: =AP44 | AQ58: =AQ44 | ... AS58: =AS44
AJ59: =AJ45 | AK59: =AK45 | AL59: =AL45 | AM59: =AM45 | AN59: =AN45 -> 22 | AO59: =AO45 | AP59: =AP45 | AQ59: =AQ45 | ... AS59: =AS45
AJ60: =AJ46 | AK60: =AK46 | AL60: =AL46 | AM60: =AM46 | AN60: =AN46 | AO60: =AO46 | AP60: =AP46 | AQ60: =AQ46 | ... AS60: =AS46
AJ61: =AJ47 | AK61: =AK47 | AL61: =AL47 | AM61: =AM47 | AN61: =AN47 | AO61: =AO47 | AP61: =AP47 | AQ61: =AQ47 | ... AS61: =AS47
AJ62: =AJ48 | AK62: =AK48 | AL62: =AL48 | AM62: =AM48 | AN62: =AN48 | AO62: =AO48 | AP62: =AP48 | AQ62: =AQ48 | ... AS62: =AS48
AJ63: =AJ49 | AK63: =AK49 | AL63: =AL49 | AM63: =AM49 | AN63: =AN49 | AO63: =AO49 | AP63: =AP49 | AQ63: =AQ49 | ... AS63: =AS49
AJ64: =AJ50 | AK64: =AK50 | AL64: =AL50 | AM64: =AM50 | AN64: =AN50 | AO64: =AO50 | AP64: =AP50 | AQ64: =AQ50 | ... AS64: =AS50
AJ65: =AJ51 | AK65: =AK51 | AL65: =AL51 | AM65: =AM51 | AN65: =AN51 | AO65: =AO51 | AP65: =AP51 | AQ65: =AQ51 | ... AS65: =AS51
AJ66: =AJ52 | AK66: =AK52 | AL66: =AL52 | AM66: =AM52 | AN66: =AN52 | AO66: =AO52 | AP66: =AP52 | AQ66: =AQ52 | ... AS66: =AS52
AJ68: =IF(AND(ISNUMBER(AJ40),(ISNUMBER(O$5))),INDEX($Y$7:$Y$42,AJ40,1),"") -> 0 | AK68: =IF(AND(ISNUMBER(AK40),(ISNUMBER(P$5))),INDEX($Y$7:$Y$42,AK40,1),"") -> 4 | AL68: =IF(AND(ISNUMBER(AL40),(ISNUMBER(Q$5))),INDEX($Y$7:$Y$42,AL40,1),"") -> 8 | AM68: =IF(AND(ISNUMBER(AM40),(ISNUMBER(R$5))),INDEX($Y$7:$Y$42,AM40,1),"") -> 12 | AN68: =IF(AND(ISNUMBER(AN40),(ISNUMBER(S$5))),INDEX($Y$7:$Y$42,AN40,1),"") -> 16 | AO68: =IF(AND(ISNUMBER(AO40),(ISNUMBER(T$5))),INDEX($Y$7:$Y$42,AO40,1),"") -> 22 | AP68: =IF(AND(ISNUMBER(AP40),(ISNUMBER(U$5))),INDEX($Y$7:$Y$42,AP40,1),"") -> 27 | AQ68: =IF(AND(ISNUMBER(AQ40),(ISNUMBER(V$5))),INDEX($Y$7:$Y$42,AQ40,1),"") | ... AS68: =IF(AND(ISNUMBER(AS40),(ISNUMBER(X$5))),INDEX($Y$7:$Y$42,AS40,1),"")
AJ69: =IF(AND(ISNUMBER(AJ41),(ISNUMBER(O$5))),INDEX($Y$7:$Y$42,AJ41,1),"") -> 1 | AK69: =IF(AND(ISNUMBER(AK41),(ISNUMBER(P$5))),INDEX($Y$7:$Y$42,AK41,1),"") -> 5 | AL69: =IF(AND(ISNUMBER(AL41),(ISNUMBER(Q$5))),INDEX($Y$7:$Y$42,AL41,1),"") -> 9 | AM69: =IF(AND(ISNUMBER(AM41),(ISNUMBER(R$5))),INDEX($Y$7:$Y$42,AM41,1),"") -> 13 | AN69: =IF(AND(ISNUMBER(AN41),(ISNUMBER(S$5))),INDEX($Y$7:$Y$42,AN41,1),"") -> 17 | AO69: =IF(AND(ISNUMBER(AO41),(ISNUMBER(T$5))),INDEX($Y$7:$Y$42,AO41,1),"") -> 23 | AP69: =IF(AND(ISNUMBER(AP41),(ISNUMBER(U$5))),INDEX($Y$7:$Y$42,AP41,1),"") -> 28 | AQ69: =IF(AND(ISNUMBER(AQ41),(ISNUMBER(V$5))),INDEX($Y$7:$Y$42,AQ41,1),"") | ... AS69: =IF(AND(ISNUMBER(AS41),(ISNUMBER(X$5))),INDEX($Y$7:$Y$42,AS41,1),"")
AJ70: =IF(AND(ISNUMBER(AJ42),(ISNUMBER(O$5))),INDEX($Y$7:$Y$42,AJ42,1),"") -> 2 | AK70: =IF(AND(ISNUMBER(AK42),(ISNUMBER(P$5))),INDEX($Y$7:$Y$42,AK42,1),"") -> 6 | AL70: =IF(AND(ISNUMBER(AL42),(ISNUMBER(Q$5))),INDEX($Y$7:$Y$42,AL42,1),"") -> 10 | AM70: =IF(AND(ISNUMBER(AM42),(ISNUMBER(R$5))),INDEX($Y$7:$Y$42,AM42,1),"") -> 14 | AN70: =IF(AND(ISNUMBER(AN42),(ISNUMBER(S$5))),INDEX($Y$7:$Y$42,AN42,1),"") -> 18 | AO70: =IF(AND(ISNUMBER(AO42),(ISNUMBER(T$5))),INDEX($Y$7:$Y$42,AO42,1),"") -> 24 | AP70: =IF(AND(ISNUMBER(AP42),(ISNUMBER(U$5))),INDEX($Y$7:$Y$42,AP42,1),"") | AQ70: =IF(AND(ISNUMBER(AQ42),(ISNUMBER(V$5))),INDEX($Y$7:$Y$42,AQ42,1),"") | ... AS70: =IF(AND(ISNUMBER(AS42),(ISNUMBER(X$5))),INDEX($Y$7:$Y$42,AS42,1),"")
AJ71: =IF(AND(ISNUMBER(AJ43),(ISNUMBER(O$5))),INDEX($Y$7:$Y$42,AJ43,1),"") -> 3 | AK71: =IF(AND(ISNUMBER(AK43),(ISNUMBER(P$5))),INDEX($Y$7:$Y$42,AK43,1),"") -> 7 | AL71: =IF(AND(ISNUMBER(AL43),(ISNUMBER(Q$5))),INDEX($Y$7:$Y$42,AL43,1),"") -> 11 | AM71: =IF(AND(ISNUMBER(AM43),(ISNUMBER(R$5))),INDEX($Y$7:$Y$42,AM43,1),"") -> 15 | AN71: =IF(AND(ISNUMBER(AN43),(ISNUMBER(S$5))),INDEX($Y$7:$Y$42,AN43,1),"") -> 19 | AO71: =IF(AND(ISNUMBER(AO43),(ISNUMBER(T$5))),INDEX($Y$7:$Y$42,AO43,1),"") -> 25 | AP71: =IF(AND(ISNUMBER(AP43),(ISNUMBER(U$5))),INDEX($Y$7:$Y$42,AP43,1),"") | AQ71: =IF(AND(ISNUMBER(AQ43),(ISNUMBER(V$5))),INDEX($Y$7:$Y$42,AQ43,1),"") | ... AS71: =IF(AND(ISNUMBER(AS43),(ISNUMBER(X$5))),INDEX($Y$7:$Y$42,AS43,1),"")
AJ72: =IF(AND(ISNUMBER(AJ44),(ISNUMBER(O$5))),INDEX($Y$7:$Y$42,AJ44,1),"") | AK72: =IF(AND(ISNUMBER(AK44),(ISNUMBER(P$5))),INDEX($Y$7:$Y$42,AK44,1),"") | AL72: =IF(AND(ISNUMBER(AL44),(ISNUMBER(Q$5))),INDEX($Y$7:$Y$42,AL44,1),"") | AM72: =IF(AND(ISNUMBER(AM44),(ISNUMBER(R$5))),INDEX($Y$7:$Y$42,AM44,1),"") | AN72: =IF(AND(ISNUMBER(AN44),(ISNUMBER(S$5))),INDEX($Y$7:$Y$42,AN44,1),"") -> 20 | AO72: =IF(AND(ISNUMBER(AO44),(ISNUMBER(T$5))),INDEX($Y$7:$Y$42,AO44,1),"") -> 26 | AP72: =IF(AND(ISNUMBER(AP44),(ISNUMBER(U$5))),INDEX($Y$7:$Y$42,AP44,1),"") | AQ72: =IF(AND(ISNUMBER(AQ44),(ISNUMBER(V$5))),INDEX($Y$7:$Y$42,AQ44,1),"") | ... AS72: =IF(AND(ISNUMBER(AS44),(ISNUMBER(X$5))),INDEX($Y$7:$Y$42,AS44,1),"")
AJ73: =IF(AND(ISNUMBER(AJ45),(ISNUMBER(O$5))),INDEX($Y$7:$Y$42,AJ45,1),"") | AK73: =IF(AND(ISNUMBER(AK45),(ISNUMBER(P$5))),INDEX($Y$7:$Y$42,AK45,1),"") | AL73: =IF(AND(ISNUMBER(AL45),(ISNUMBER(Q$5))),INDEX($Y$7:$Y$42,AL45,1),"") | AM73: =IF(AND(ISNUMBER(AM45),(ISNUMBER(R$5))),INDEX($Y$7:$Y$42,AM45,1),"") | AN73: =IF(AND(ISNUMBER(AN45),(ISNUMBER(S$5))),INDEX($Y$7:$Y$42,AN45,1),"") -> 21 | AO73: =IF(AND(ISNUMBER(AO45),(ISNUMBER(T$5))),INDEX($Y$7:$Y$42,AO45,1),"") | AP73: =IF(AND(ISNUMBER(AP45),(ISNUMBER(U$5))),INDEX($Y$7:$Y$42,AP45,1),"") | AQ73: =IF(AND(ISNUMBER(AQ45),(ISNUMBER(V$5))),INDEX($Y$7:$Y$42,AQ45,1),"") | ... AS73: =IF(AND(ISNUMBER(AS45),(ISNUMBER(X$5))),INDEX($Y$7:$Y$42,AS45,1),"")
AJ74: =IF(AND(ISNUMBER(AJ46),(ISNUMBER(O$5))),INDEX($Y$7:$Y$42,AJ46,1),"") | AK74: =IF(AND(ISNUMBER(AK46),(ISNUMBER(P$5))),INDEX($Y$7:$Y$42,AK46,1),"") | AL74: =IF(AND(ISNUMBER(AL46),(ISNUMBER(Q$5))),INDEX($Y$7:$Y$42,AL46,1),"") | AM74: =IF(AND(ISNUMBER(AM46),(ISNUMBER(R$5))),INDEX($Y$7:$Y$42,AM46,1),"") | AN74: =IF(AND(ISNUMBER(AN46),(ISNUMBER(S$5))),INDEX($Y$7:$Y$42,AN46,1),"") | AO74: =IF(AND(ISNUMBER(AO46),(ISNUMBER(T$5))),INDEX($Y$7:$Y$42,AO46,1),"") | AP74: =IF(AND(ISNUMBER(AP46),(ISNUMBER(U$5))),INDEX($Y$7:$Y$42,AP46,1),"") | AQ74: =IF(AND(ISNUMBER(AQ46),(ISNUMBER(V$5))),INDEX($Y$7:$Y$42,AQ46,1),"") | ... AS74: =IF(AND(ISNUMBER(AS46),(ISNUMBER(X$5))),INDEX($Y$7:$Y$42,AS46,1),"")
AJ75: =IF(AND(ISNUMBER(AJ47),(ISNUMBER(O$5))),INDEX($Y$7:$Y$42,AJ47,1),"") | AK75: =IF(AND(ISNUMBER(AK47),(ISNUMBER(P$5))),INDEX($Y$7:$Y$42,AK47,1),"") | AL75: =IF(AND(ISNUMBER(AL47),(ISNUMBER(Q$5))),INDEX($Y$7:$Y$42,AL47,1),"") | AM75: =IF(AND(ISNUMBER(AM47),(ISNUMBER(R$5))),INDEX($Y$7:$Y$42,AM47,1),"") | AN75: =IF(AND(ISNUMBER(AN47),(ISNUMBER(S$5))),INDEX($Y$7:$Y$42,AN47,1),"") | AO75: =IF(AND(ISNUMBER(AO47),(ISNUMBER(T$5))),INDEX($Y$7:$Y$42,AO47,1),"") | AP75: =IF(AND(ISNUMBER(AP47),(ISNUMBER(U$5))),INDEX($Y$7:$Y$42,AP47,1),"") | AQ75: =IF(AND(ISNUMBER(AQ47),(ISNUMBER(V$5))),INDEX($Y$7:$Y$42,AQ47,1),"") | ... AS75: =IF(AND(ISNUMBER(AS47),(ISNUMBER(X$5))),INDEX($Y$7:$Y$42,AS47,1),"")
AJ76: =IF(AND(ISNUMBER(AJ48),(ISNUMBER(O$5))),INDEX($Y$7:$Y$42,AJ48,1),"") | AK76: =IF(AND(ISNUMBER(AK48),(ISNUMBER(P$5))),INDEX($Y$7:$Y$42,AK48,1),"") | AL76: =IF(AND(ISNUMBER(AL48),(ISNUMBER(Q$5))),INDEX($Y$7:$Y$42,AL48,1),"") | AM76: =IF(AND(ISNUMBER(AM48),(ISNUMBER(R$5))),INDEX($Y$7:$Y$42,AM48,1),"") | AN76: =IF(AND(ISNUMBER(AN48),(ISNUMBER(S$5))),INDEX($Y$7:$Y$42,AN48,1),"") | AO76: =IF(AND(ISNUMBER(AO48),(ISNUMBER(T$5))),INDEX($Y$7:$Y$42,AO48,1),"") | AP76: =IF(AND(ISNUMBER(AP48),(ISNUMBER(U$5))),INDEX($Y$7:$Y$42,AP48,1),"") | AQ76: =IF(AND(ISNUMBER(AQ48),(ISNUMBER(V$5))),INDEX($Y$7:$Y$42,AQ48,1),"") | ... AS76: =IF(AND(ISNUMBER(AS48),(ISNUMBER(X$5))),INDEX($Y$7:$Y$42,AS48,1),"")
AJ77: =IF(AND(ISNUMBER(AJ49),(ISNUMBER(O$5))),INDEX($Y$7:$Y$42,AJ49,1),"") | AK77: =IF(AND(ISNUMBER(AK49),(ISNUMBER(P$5))),INDEX($Y$7:$Y$42,AK49,1),"") | AL77: =IF(AND(ISNUMBER(AL49),(ISNUMBER(Q$5))),INDEX($Y$7:$Y$42,AL49,1),"") | AM77: =IF(AND(ISNUMBER(AM49),(ISNUMBER(R$5))),INDEX($Y$7:$Y$42,AM49,1),"") | AN77: =IF(AND(ISNUMBER(AN49),(ISNUMBER(S$5))),INDEX($Y$7:$Y$42,AN49,1),"") | AO77: =IF(AND(ISNUMBER(AO49),(ISNUMBER(T$5))),INDEX($Y$7:$Y$42,AO49,1),"") | AP77: =IF(AND(ISNUMBER(AP49),(ISNUMBER(U$5))),INDEX($Y$7:$Y$42,AP49,1),"") | AQ77: =IF(AND(ISNUMBER(AQ49),(ISNUMBER(V$5))),INDEX($Y$7:$Y$42,AQ49,1),"") | ... AS77: =IF(AND(ISNUMBER(AS49),(ISNUMBER(X$5))),INDEX($Y$7:$Y$42,AS49,1),"")
AJ78: =IF(AND(ISNUMBER(AJ50),(ISNUMBER(O$5))),INDEX($Y$7:$Y$42,AJ50,1),"") | AK78: =IF(AND(ISNUMBER(AK50),(ISNUMBER(P$5))),INDEX($Y$7:$Y$42,AK50,1),"") | AL78: =IF(AND(ISNUMBER(AL50),(ISNUMBER(Q$5))),INDEX($Y$7:$Y$42,AL50,1),"") | AM78: =IF(AND(ISNUMBER(AM50),(ISNUMBER(R$5))),INDEX($Y$7:$Y$42,AM50,1),"") | AN78: =IF(AND(ISNUMBER(AN50),(ISNUMBER(S$5))),INDEX($Y$7:$Y$42,AN50,1),"") | AO78: =IF(AND(ISNUMBER(AO50),(ISNUMBER(T$5))),INDEX($Y$7:$Y$42,AO50,1),"") | AP78: =IF(AND(ISNUMBER(AP50),(ISNUMBER(U$5))),INDEX($Y$7:$Y$42,AP50,1),"") | AQ78: =IF(AND(ISNUMBER(AQ50),(ISNUMBER(V$5))),INDEX($Y$7:$Y$42,AQ50,1),"") | ... AS78: =IF(AND(ISNUMBER(AS50),(ISNUMBER(X$5))),INDEX($Y$7:$Y$42,AS50,1),"")
AJ79: =IF(AND(ISNUMBER(AJ51),(ISNUMBER(O$5))),INDEX($Y$7:$Y$42,AJ51,1),"") | AK79: =IF(AND(ISNUMBER(AK51),(ISNUMBER(P$5))),INDEX($Y$7:$Y$42,AK51,1),"") | AL79: =IF(AND(ISNUMBER(AL51),(ISNUMBER(Q$5))),INDEX($Y$7:$Y$42,AL51,1),"") | AM79: =IF(AND(ISNUMBER(AM51),(ISNUMBER(R$5))),INDEX($Y$7:$Y$42,AM51,1),"") | AN79: =IF(AND(ISNUMBER(AN51),(ISNUMBER(S$5))),INDEX($Y$7:$Y$42,AN51,1),"") | AO79: =IF(AND(ISNUMBER(AO51),(ISNUMBER(T$5))),INDEX($Y$7:$Y$42,AO51,1),"") | AP79: =IF(AND(ISNUMBER(AP51),(ISNUMBER(U$5))),INDEX($Y$7:$Y$42,AP51,1),"") | AQ79: =IF(AND(ISNUMBER(AQ51),(ISNUMBER(V$5))),INDEX($Y$7:$Y$42,AQ51,1),"") | ... AS79: =IF(AND(ISNUMBER(AS51),(ISNUMBER(X$5))),INDEX($Y$7:$Y$42,AS51,1),"")
AJ80: =IF(AND(ISNUMBER(AJ52),(ISNUMBER(O$5))),INDEX($Y$7:$Y$42,AJ52,1),"") | AK80: =IF(AND(ISNUMBER(AK52),(ISNUMBER(P$5))),INDEX($Y$7:$Y$42,AK52,1),"") | AL80: =IF(AND(ISNUMBER(AL52),(ISNUMBER(Q$5))),INDEX($Y$7:$Y$42,AL52,1),"") | AM80: =IF(AND(ISNUMBER(AM52),(ISNUMBER(R$5))),INDEX($Y$7:$Y$42,AM52,1),"") | AN80: =IF(AND(ISNUMBER(AN52),(ISNUMBER(S$5))),INDEX($Y$7:$Y$42,AN52,1),"") | AO80: =IF(AND(ISNUMBER(AO52),(ISNUMBER(T$5))),INDEX($Y$7:$Y$42,AO52,1),"") | AP80: =IF(AND(ISNUMBER(AP52),(ISNUMBER(U$5))),INDEX($Y$7:$Y$42,AP52,1),"") | AQ80: =IF(AND(ISNUMBER(AQ52),(ISNUMBER(V$5))),INDEX($Y$7:$Y$42,AQ52,1),"") | ... AS80: =IF(AND(ISNUMBER(AS52),(ISNUMBER(X$5))),INDEX($Y$7:$Y$42,AS52,1),"")

Sheet CSV
A1: =T4d!AU7 -> 0 | B1: =T4d!AV7 -> 0 | C1: =T4d!AW7 -> 467509.78 | D1: =T4d!AX7 -> 7616967.8 | E1: =T4d!AY7 -> 4500 | F1: =T4d!AZ7 -> 12 | G1: =T4d!BA7 -> 0.00086767896 | H1: =T4d!BB7 -> 989 | ... N1: =T4d!BH7 -> 0 | P1: 0 | Q1: -1 | U1: 0 | V1: inflow | W1: 25
A2: =T4d!AU8 -> 1 | B2: =T4d!AV8 -> 0 | C2: =T4d!AW8 -> 468059.78 | D2: =T4d!AX8 -> 7616642.8 | E2: =T4d!AY8 -> 7000 | F2: =T4d!AZ8 -> 12 | G2: =T4d!BA8 -> 0.00086767896 | H2: =T4d!BB8 -> 961 | ... N2: =T4d!BH8 -> 0 | P2: 1 | Q2: 0 | R2: -2 | U2: 4 | V2: inflow | W2: 10
A3: =T4d!AU9 -> 2 | B3: =T4d!AV9 -> 0 | C3: =T4d!AW9 -> 468334.78 | D3: =T4d!AX9 -> 7615805.2 | E3: =T4d!AY9 -> 6000 | F3: =T4d!AZ9 -> 12 | G3: =T4d!BA9 -> 0.00086767896 | H3: =T4d!BB9 -> 937 | ... N3: =T4d!BH9 -> 0 | P3: 2 | Q3: 1 | R3: -3 | U3: 8 | V3: inflow | W3: 150
A4: =T4d!AU10 -> 3 | B4: =T4d!AV10 -> 0 | C4: =T4d!AW10 -> 468397.28 | D4: =T4d!AX10 -> 7614955.2 | E4: =T4d!AY10 -> 5550 | F4: =T4d!AZ10 -> 12 | G4: =T4d!BA10 -> 0.00086767896 | H4: =T4d!BB10 -> 903 | ... N4: =T4d!BH10 -> 0 | P4: 3 | Q4: 2 | R4: -7 | U4: 12 | V4: inflow | W4: 150
A5: =T4d!AU11 -> 4 | B5: =T4d!AV11 -> 0 | C5: =T4d!AW11 -> 471134.78 | D5: =T4d!AX11 -> 7613992.8 | E5: =T4d!AY11 -> 6500 | F5: =T4d!AZ11 -> 12 | G5: =T4d!BA11 -> 0.00094339624 | H5: =T4d!BB11 -> 1001 | ... N5: =T4d!BH11 -> 0 | P5: 4 | Q5: -5 | U5: 16 | V5: inflow | W5: 150
A6: =T4d!AU12 -> 5 | B6: =T4d!AV12 -> 0 | C6: =T4d!AW12 -> 469922.28 | D6: =T4d!AX12 -> 7614405.2 | E6: =T4d!AY12 -> 5000 | F6: =T4d!AZ12 -> 12 | G6: =T4d!BA12 -> 0.00094339624 | H6: =T4d!BB12 -> 976 | ... N6: =T4d!BH12 -> 0 | P6: 5 | Q6: 4 | R6: -6 | U6: 22 | V6: inflow | W6: 150
A7: =T4d!AU13 -> 6 | B7: =T4d!AV13 -> 0 | C7: =T4d!AW13 -> 468834.78 | D7: =T4d!AX13 -> 7614292.8 | E7: =T4d!AY13 -> 5000 | F7: =T4d!AZ13 -> 12 | G7: =T4d!BA13 -> 0.00094339624 | H7: =T4d!BB13 -> 907 | ... N7: =T4d!BH13 -> 0 | P7: 6 | Q7: 5 | R7: -7 | U7: 10 | V7: status | W7: simple
A8: =T4d!AU14 -> 7 | B8: =T4d!AV14 -> 0 | C8: =T4d!AW14 -> 468047.28 | D8: =T4d!AX14 -> 7614180.2 | E8: =T4d!AY14 -> 5000 | F8: =T4d!AZ14 -> 12 | G8: =T4d!BA14 -> 0.00094339624 | H8: =T4d!BB14 -> 889 | ... N8: =T4d!BH14 -> 0 | P8: 7 | Q8: 2 | R8: 8 | S8: -10 | U8: 7 | V8: status | W8: simple
A9: =T4d!AU15 -> 8 | B9: =T4d!AV15 -> 0 | C9: =T4d!AW15 -> 469934.78 | D9: =T4d!AX15 -> 7612342.8 | E9: =T4d!AY15 -> 5000 | F9: =T4d!AZ15 -> 12 | G9: =T4d!BA15 -> 0.00094339624 | H9: =T4d!BB15 -> 969 | ... N9: =T4d!BH15 -> 0 | P9: 8 | Q9: -9 | U9: 10 | V9: status | W9: simple
A10: =T4d!AU16 -> 9 | B10: =T4d!AV16 -> 0 | C10: =T4d!AW16 -> 468797.28 | D10: =T4d!AX16 -> 7612842.8 | E10: =T4d!AY16 -> 5000 | F10: =T4d!AZ16 -> 10 | G10: =T4d!BA16 -> 0.00054545456 | H10: =T4d!BB16 -> 911 | ... N10: =T4d!BH16 -> 0 | P10: 9 | Q10: 8 | R10: -10 | U10: 14 | V10: status | W10: simple
A11: =T4d!AU17 -> 10 | B11: =T4d!AV17 -> 0 | C11: =T4d!AW17 -> 467797.28 | D11: =T4d!AX17 -> 7613980.2 | E11: =T4d!AY17 -> 5000 | F11: =T4d!AZ17 -> 10 | G11: =T4d!BA17 -> 0.00054545456 | H11: =T4d!BB17 -> 888 | ... N11: =T4d!BH17 -> 0 | P11: 10 | Q11: 6 | R11: 9 | S11: -11 | U11: 17 | V11: status | W11: simple
A12: =T4d!AU18 -> 11 | B12: =T4d!AV18 -> 0 | C12: =T4d!AW18 -> 467172.28 | D12: =T4d!AX18 -> 7613492.8 | E12: =T4d!AY18 -> 4500 | F12: =T4d!AZ18 -> 10 | G12: =T4d!BA18 -> 0.00054545456 | H12: =T4d!BB18 -> 880 | ... N12: =T4d!BH18 -> 0 | P12: 11 | Q12: 10 | R12: -14 | U12: 27 | V12: status | W12: simple
A13: =T4d!AU19 -> 12 | B13: =T4d!AV19 -> 0 | C13: =T4d!AW19 -> 468434.78 | D13: =T4d!AX19 -> 7611380.2 | E13: =T4d!AY19 -> 6000 | F13: =T4d!AZ19 -> 10 | G13: =T4d!BA19 -> 0.00054545456 | H13: =T4d!BB19 -> 911 | ... N13: =T4d!BH19 -> 0 | P13: 12 | Q13: -13 | U13: 10 | V13: stage | W13: 1075.545
A14: =T4d!AU20 -> 13 | B14: =T4d!AV20 -> 0 | C14: =T4d!AW20 -> 467384.78 | D14: =T4d!AX20 -> 7612080.2 | E14: =T4d!AY20 -> 5000 | F14: =T4d!AZ20 -> 10 | G14: =T4d!BA20 -> 0.00054545456 | H14: =T4d!BB20 -> 896 | ... N14: =T4d!BH20 -> 0 | P14: 13 | Q14: 12 | R14: -14 | U14: 7 | V14: stage | W14: 1072.636
A15: =T4d!AU21 -> 14 | B15: =T4d!AV21 -> 0 | C15: =T4d!AW21 -> 466597.28 | D15: =T4d!AX21 -> 7613155.2 | E15: =T4d!AY21 -> 2000 | F15: =T4d!AZ21 -> 10 | G15: =T4d!BA21 -> 0.00054545456 | H15: =T4d!BB21 -> 880 | ... N15: =T4d!BH21 -> 0 | P15: 14 | Q15: 10 | R15: 13 | S15: -15 | U15: 10 | V15: stage | W15: 1069.873
A16: =T4d!AU22 -> 15 | B16: =T4d!AV22 -> 0 | C16: =T4d!AW22 -> 465672.28 | D16: =T4d!AX22 -> 7613092.8 | E16: =T4d!AY22 -> 2500 | F16: =T4d!AZ22 -> 10 | G16: =T4d!BA22 -> 0.0018181818 | H16: =T4d!BB22 -> 880 | ... N16: =T4d!BH22 -> 0 | P16: 15 | Q16: 14 | R16: -16 | U16: 14 | V16: stage | W16: 1066.819
A17: =T4d!AU23 -> 16 | B17: =T4d!AV23 -> 0 | C17: =T4d!AW23 -> 464872.28 | D17: =T4d!AX23 -> 7613880.2 | E17: =T4d!AY23 -> 5000 | F17: =T4d!AZ23 -> 10 | G17: =T4d!BA23 -> 0.0018181818 | H17: =T4d!BB23 -> 890 | ... N17: =T4d!BH23 -> 0 | P17: 16 | Q17: -17 | U17: 17 | V17: stage | W17: 1063.619
A18: =T4d!AU24 -> 17 | B18: =T4d!AV24 -> 0 | C18: =T4d!AW24 -> 465422.28 | D18: =T4d!AX24 -> 7612830.2 | E18: =T4d!AY24 -> 3500 | F18: =T4d!AZ24 -> 10 | G18: =T4d!BA24 -> 0.0018181818 | H18: =T4d!BB24 -> 877 | ... N18: =T4d!BH24 -> 0 | P18: 17 | Q18: 16 | R18: 17 | S18: -18 | U18: 27 | V18: stage | W18: 1061.581
A19: =T4d!AU25 -> 18 | B19: =T4d!AV25 -> 0 | C19: =T4d!AW25 -> 465284.78 | D19: =T4d!AX25 -> 7611667.8 | E19: =T4d!AY25 -> 4000 | F19: =T4d!AZ25 -> 15 | G19: =T4d!BA25 -> 0.001 | H19: =T4d!BB25 -> 863 | ... N19: =T4d!BH25 -> 0 | P19: 18 | Q19: 17 | R19: -19
A20: =T4d!AU26 -> 19 | B20: =T4d!AV26 -> 0 | C20: =T4d!AW26 -> 464384.78 | D20: =T4d!AX26 -> 7611405.2 | E20: =T4d!AY26 -> 5000 | F20: =T4d!AZ26 -> 15 | G20: =T4d!BA26 -> 0.001 | H20: =T4d!BB26 -> 854 | ... N20: =T4d!BH26 -> 0 | P20: 19 | Q20: 18 | R20: -20
A21: =T4d!AU27 -> 20 | B21: =T4d!AV27 -> 0 | C21: =T4d!AW27 -> 464297.28 | D21: =T4d!AX27 -> 7610630.2 | E21: =T4d!AY27 -> 3500 | F21: =T4d!AZ27 -> 15 | G21: =T4d!BA27 -> 0.001 | H21: =T4d!BB27 -> 847 | ... N21: =T4d!BH27 -> 0 | P21: 20 | Q21: 19 | R21: -21
A22: =T4d!AU28 -> 21 | B22: =T4d!AV28 -> 0 | C22: =T4d!AW28 -> 464784.78 | D22: =T4d!AX28 -> 7609967.8 | E22: =T4d!AY28 -> 2500 | F22: =T4d!AZ28 -> 15 | G22: =T4d!BA28 -> 0.001 | H22: =T4d!BB28 -> 844 | ... N22: =T4d!BH28 -> 0 | P22: 21 | Q22: 20 | R22: -27
A23: =T4d!AU29 -> 22 | B23: =T4d!AV29 -> 0 | C23: =T4d!AW29 -> 468284.78 | D23: =T4d!AX29 -> 7609942.8 | E23: =T4d!AY29 -> 5000 | F23: =T4d!AZ29 -> 12 | G23: =T4d!BA29 -> 0.00090909092 | H23: =T4d!BB29 -> 928 | ... N23: =T4d!BH29 -> 0 | P23: 22 | Q23: -23
A24: =T4d!AU30 -> 23 | B24: =T4d!AV30 -> 0 | C24: =T4d!AW30 -> 466622.28 | D24: =T4d!AX30 -> 7609955.2 | E24: =T4d!AY30 -> 5000 | F24: =T4d!AZ30 -> 12 | G24: =T4d!BA30 -> 0.00090909092 | H24: =T4d!BB30 -> 895 | ... N24: =T4d!BH30 -> 0 | P24: 23 | Q24: 22 | R24: -24
A25: =T4d!AU31 -> 24 | B25: =T4d!AV31 -> 0 | C25: =T4d!AW31 -> 466097.28 | D25: =T4d!AX31 -> 7610467.8 | E25: =T4d!AY31 -> 5000 | F25: =T4d!AZ31 -> 12 | G25: =T4d!BA31 -> 0.00090909092 | H25: =T4d!BB31 -> 865 | ... N25: =T4d!BH31 -> 0 | P25: 24 | Q25: 23 | R25: -25
A26: =T4d!AU32 -> 25 | B26: =T4d!AV32 -> 0 | C26: =T4d!AW32 -> 465534.78 | D26: =T4d!AX32 -> 7610505.2 | E26: =T4d!AY32 -> 5000 | F26: =T4d!AZ32 -> 12 | G26: =T4d!BA32 -> 0.00090909092 | H26: =T4d!BB32 -> 856 | ... N26: =T4d!BH32 -> 0 | P26: 25 | Q26: 24 | R26: -26
A27: =T4d!AU33 -> 26 | B27: =T4d!AV33 -> 0 | C27: =T4d!AW33 -> 464909.78 | D27: =T4d!AX33 -> 7609892.8 | E27: =T4d!AY33 -> 2000 | F27: =T4d!AZ33 -> 12 | G27: =T4d!BA33 -> 0.00090909092 | H27: =T4d!BB33 -> 844 | ... N27: =T4d!BH33 -> 0 | P27: 26 | Q27: 25 | R27: -27
A28: =T4d!AU34 -> 27 | B28: =T4d!AV34 -> 0 | C28: =T4d!AW34 -> 464822.28 | D28: =T4d!AX34 -> 7609305.2 | E28: =T4d!AY34 -> 5000 | F28: =T4d!AZ34 -> 55 | G28: =T4d!BA34 -> 0.00096774194 | H28: =T4d!BB34 -> 846 | ... N28: =T4d!BH34 -> 0 | P28: 27 | Q28: 20 | R28: 26 | S28: -28
A29: =T4d!AU35 -> 28 | B29: =T4d!AV35 -> 0 | C29: =T4d!AW35 -> 464172.28 | D29: =T4d!AX35 -> 7607930.2 | E29: =T4d!AY35 -> 5500 | F29: =T4d!AZ35 -> 55 | G29: =T4d!BA35 -> 0.00096774194 | H29: =T4d!BB35 -> 842 | ... N29: =T4d!BH35 -> 0 | P29: 28 | Q29: 27 | R29: -29
