Workbook
Name a: #REF!
Name ai: #REF!
Name aq: #REF!
Name AV: #REF!
Name baa: #REF!
Name Coord: #REF!
Name CS: #REF!
Name CZ: #REF!
Name DG: #REF!
Name earlier: #REF!
Name EG: #REF!
Name EI: #REF!
Name HLinst: #REF!
Name HP: #REF!
Name I: #REF!
Name JA: #REF!
Name Mean_A: #REF!
Name mean_X: #REF!
Name mean_X.: #REF!
Name mean_Y: #REF!
Name mean_Y.: #REF!
Name mu: #REF!
Name mu_A: #REF!
Name mu_B: #REF!
Name P1_A: #REF!
Name P2_A: #REF!
Name P3_A: #REF!
Name P4_A: #REF!
Name P5_A: #REF!
Name Rot: #REF!
Name SD_A: #REF!
Name SD_X: #REF!
Name SD_Y: #REF!
Name sigma: #REF!
Name sigma_AB: #REF!
Name sigma2_A: #REF!
Name sigma2_B: #REF!
Name Tab.43: #REF!
Name Tab.44: #REF!
Name Target_P: #REF!
Name Total_Mass: #REF!
Name Variance_A: #REF!
Name X: #REF!
Name x_A: #REF!
Name x_B: #REF!
Name Xo: #REF!
Name Yo.1: #REF!
Name Yo.2: #REF!
Name yt: #REF!

Sheet ____
C2: 0 | D2: 1 | E2: 2 | F2: 3 | G2: 4 | H2: 5 | I2: 6 | J2: 7 | K2: 8 | L2: 9 | M2: 10 | N2: 11 | O2: 12 | P2: 13 | Q2: 14 | R2: 15 | S2: 16 | T2: 17 | U2: 18 | V2: 19 | W2: 20 | X2: 21 | Y2: 22 | Z2: 23 | AA2: 24 | AB2: 25 | AC2: 26 | AD2: 27 | AE2: 28 | AF2: 29 | AG2: 30 | AH2: 31 | AI2: 32 | AJ2: 33 | AK2: 34 | AL2: 35 | AM2: 36 | AN2: 37 | AO2: 38 | AP2: 39 | AV2: 0 | AW2: 1 | AX2: 2 | AY2: 3 | AZ2: 4 | BA2: 5 | BB2: 6 | BC2: 7 | BD2: 8 | BE2: 9 | BF2: 10 | BG2: 11 | BH2: 12 | BI2: 13 | BJ2: 14 | BK2: 15 | BL2: 16 | BM2: 17 | BN2: 18 | BO2: 19 | BP2: 20 | BQ2: 21 | BR2: 22 | BS2: 23 | BT2: 24 | BU2: 25 | BV2: 26 | BW2: 27 | BX2: 28 | BY2: 29 | BZ2: 30 | CA2: 31 | CB2: 32 | CC2: 33 | CD2: 34 | CE2: 35 | CF2: 36 | CG2: 37 | CH2: 38 | CI2: 39
B3: 0 | C3: 1e-10 | D3: 1e-10 | E3: 1e-10 | F3: 1e-10 | G3: 1e-10 | H3: 1e-10 | I3: 1e-10 | J3: 1e-10 | K3: 1e-10 | L3: 1e-10 | M3: 1e-10 | N3: 1e-10 | O3: 1e-10 | P3: 1e-10 | Q3: 1e-10 | R3: 1e-10 | S3: 1e-10 | T3: 1e-10 | U3: 1e-10 | V3: 1e-10 | W3: 1e-10 | X3: 1e-10 | Y3: 1e-10 | Z3: 1e-10 | AA3: 1e-10 | AB3: 1e-10 | AC3: 1e-10 | AD3: 1e-10 | AE3: 1e-10 | AF3: 1e-10 | AG3: 1e-10 | AH3: 1e-10 | AI3: 1e-10 | AJ3: 1e-10 | AK3: 1e-10 | AL3: 1e-10 | AM3: 1e-10 | AN3: 1e-10 | AO3: 1e-05 | AP3: 1e-05 | AR3: MAX | AS3: =MAX($C$3:$AP$22) -> 10 | AU3: 0 | AV3: 1e-07 | AW3: 1e-07 | AX3: 1e-07 | AY3: 1e-07 | AZ3: 1e-07 | BA3: 1e-07 | BB3: 1e-07 | BC3: 1e-07 | BD3: 1e-07 | BE3: 1e-07 | BF3: 1e-10 | BG3: 1e-10 | BH3: 1e-10 | BI3: 1e-10 | BJ3: 1e-10 | BK3: 1e-10 | BL3: 1e-07 | BM3: 1e-07 | BN3: 1e-07 | BO3: 1e-07 | BP3: 1e-10 | BQ3: 1e-10 | BR3: 1e-10 | BS3: 1e-10 | BT3: 1e-10 | BU3: 1e-10 | BV3: 1e-10 | BW3: 1e-10 | BX3: 1e-10 | BY3: 1e-10 | BZ3: 1e-10 | CA3: 1e-10 | CB3: 1e-10 | CC3: 1e-10 | CD3: 1e-10 | CE3: 1e-10 | CF3: 1e-10 | CG3: 1e-10 | CH3: 1e-10 | CI3: 1e-10
B4: 1 | C4: 1 | D4: 1e-05 | E4: 1e-05 | F4: 1e-05 | G4: 1e-05 | H4: 1e-05 | I4: 1e-05 | J4: 1e-05 | K4: 1e-05 | L4: 1e-05 | M4: 1e-05 | N4: 1e-05 | O4: 1e-05 | P4: 1e-05 | Q4: 1e-05 | R4: 1e-10 | S4: 1e-10 | T4: 1e-10 | U4: 1e-10 | V4: 1e-10 | W4: 1e-10 | X4: 1e-10 | Y4: 1e-10 | Z4: 1e-05 | AA4: 1e-05 | AB4: 1e-05 | AC4: 1e-05 | AD4: 1e-05 | AE4: 1e-05 | AF4: 1e-05 | AG4: 1e-05 | AH4: 1e-05 | AI4: 1e-05 | AJ4: 1e-05 | AK4: 1e-05 | AL4: 1e-05 | AM4: 1e-05 | AN4: 1e-05 | AO4: 1e-05 | AP4: 1 | AR4: MIN | AS4: =MIN($C$3:$AP$22) -> 1e-10 | AU4: 1 | AV4: 1e-10 | AW4: 1e-10 | AX4: 1e-10 | AY4: 1e-10 | AZ4: 1e-10 | BA4: 1e-10 | BB4: 1e-10 | BC4: 1e-10 | BD4: 1e-10 | BE4: 1e-10 | BF4: 1e-10 | BG4: 1e-10 | BH4: 1e-10 | BI4: 1e-10 | BJ4: 1e-10 | BK4: 1e-10 | BL4: 1e-10 | BM4: 1e-10 | BN4: 1e-10 | BO4: 1e-10 | BP4: 1e-10 | BQ4: 1e-10 | BR4: 1e-10 | BS4: 1e-10 | BT4: 1e-10 | BU4: 1e-10 | BV4: 1e-10 | BW4: 1e-10 | BX4: 1e-10 | BY4: 1e-10 | BZ4: 1e-10 | CA4: 1e-10 | CB4: 1e-10 | CC4: 1e-10 | CD4: 1e-10 | CE4: 1e-10 | CF4: 1e-10 | CG4: 1e-10 | CH4: 1e-10 | CI4: 1e-10
B5: 2 | C5: 1e-10 | D5: 1e-10 | E5: 1e-10 | F5: 1e-10 | G5: 1e-10 | H5: 1e-10 | I5: 1e-10 | J5: 1e-10 | K5: 1e-10 | L5: 1e-10 | M5: 1e-10 | N5: 1e-10 | O5: 1e-10 | P5: 1e-10 | Q5: 1e-10 | R5: 1e-10 | S5: 1e-10 | T5: 1e-10 | U5: 1e-10 | V5: 1e-10 | W5: 1e-10 | X5: 1e-10 | Y5: 1e-10 | Z5: 1e-10 | AA5: 1e-10 | AB5: 1e-10 | AC5: 1e-10 | AD5: 1e-10 | AE5: 1e-10 | AF5: 1e-10 | AG5: 1e-10 | AH5: 1e-10 | AI5: 1e-10 | AJ5: 1e-10 | AK5: 1e-10 | AL5: 1e-10 | AM5: 1e-10 | AN5: 1e-10 | AO5: 1e-10 | AP5: 1e-10 | AR5: AVE | AS5: =AVERAGE($C$3:$AP$22) -> 1.5162525 | AU5: 2 | AV5: 1e-10 | AW5: 1e-10 | AX5: 1e-10 | AY5: 1e-10 | AZ5: 1e-10 | BA5: 1e-10 | BB5: 1e-10 | BC5: 1e-10 | BD5: 1e-10 | BE5: 1e-10 | BF5: 1e-10 | BG5: 1e-10 | BH5: 1e-10 | BI5: 1e-10 | BJ5: 1e-10 | BK5: 1e-10 | BL5: 1e-10 | BM5: 1e-10 | BN5: 1e-10 | BO5: 1e-10 | BP5: 1e-10 | BQ5: 1e-10 | BR5: 1e-10 | BS5: 1e-10 | BT5: 1e-10 | BU5: 1e-10 | BV5: 1e-10 | BW5: 1e-10 | BX5: 1e-10 | BY5: 1e-10 | BZ5: 1e-10 | CA5: 1e-10 | CB5: 1e-10 | CC5: 1e-10 | CD5: 1e-10 | CE5: 1e-10 | CF5: 1e-10 | CG5: 1e-10 | CH5: 1e-10 | CI5: 1e-10
B6: 3 | C6: 1e-05 | D6: 1e-05 | E6: 1e-05 | F6: 1e-05 | G6: 1e-05 | H6: 1e-05 | I6: 1e-05 | J6: 1e-05 | K6: 1e-05 | L6: 1e-05 | M6: 1e-05 | N6: 1 | O6: 2 | P6: 2 | Q6: 2 | R6: 10 | S6: 10 | T6: 10 | U6: 10 | V6: 10 | W6: 10 | X6: 10 | Y6: 10 | Z6: 10 | AA6: 10 | AB6: 10 | AC6: 2 | AD6: 10 | AE6: 2 | AF6: 2 | AG6: 1 | AH6: 1 | AI6: 1 | AJ6: 1e-05 | AK6: 1e-05 | AL6: 1e-05 | AM6: 1e-05 | AN6: 1e-05 | AO6: 1 | AP6: 1e-05 | AR6: MED | AS6: =MEDIAN($C$3:$AP$22) -> 1e-05 | AU6: 3 | AV6: 1e-10 | AW6: 1e-10 | AX6: 1e-10 | AY6: 1e-10 | AZ6: 1e-10 | BA6: 1e-10 | BB6: 1e-10 | BC6: 1e-10 | BD6: 1e-10 | BE6: 1e-10 | BF6: 1e-10 | BG6: 1e-10 | BH6: 1e-10 | BI6: 1e-10 | BJ6: 1e-10 | BK6: 1e-10 | BL6: 1e-10 | BM6: 1e-10 | BN6: 1e-10 | BO6: 1e-10 | BP6: 1e-10 | BQ6: 1e-10 | BR6: 1e-10 | BS6: 1e-10 | BT6: 1e-10 | BU6: 1e-10 | BV6: 1e-10 | BW6: 1e-10 | BX6: 1e-10 | BY6: 1e-10 | BZ6: 1e-10 | CA6: 1e-10 | CB6: 1e-10 | CC6: 1e-10 | CD6: 1e-10 | CE6: 1e-10 | CF6: 1e-10 | CG6: 1e-10 | CH6: 1e-10 | CI6: 1e-10
B7: 4 | C7: 1e-10 | D7: 1e-05 | E7: 1e-05 | F7: 1e-05 | G7: 1e-05 | H7: 1e-10 | I7: 1e-10 | J7: 1e-05 | K7: 1e-05 | L7: 1e-05 | M7: 1e-05 | N7: 1 | O7: 1 | P7: 1 | Q7: 1e-05 | R7: 1e-05 | S7: 1e-05 | T7: 1 | U7: 1 | V7: 1 | W7: 1e-05 | X7: 1e-05 | Y7: 1e-05 | Z7: 1e-05 | AA7: 1e-05 | AB7: 1 | AC7: 1 | AD7: 1 | AE7: 2 | AF7: 1 | AG7: 2 | AH7: 2 | AI7: 2 | AJ7: 2 | AK7: 2 | AL7: 2 | AM7: 2 | AN7: 2 | AO7: 2 | AP7: 1 | AR7: ST | AS7: =_xlfn.STDEV.S($C$3:$AP$22) -> 2.9876221 | AU7: 4 | AV7: 1e-05 | AW7: 1e-05 | AX7: 1e-07 | AY7: 1e-07 | AZ7: 1e-07 | BA7: 1e-07 | BB7: 1e-07 | BC7: 1e-07 | BD7: 1e-07 | BE7: 1e-07 | BF7: 1e-07 | BG7: 1e-07 | BH7: 1e-07 | BI7: 1e-07 | BJ7: 1e-10 | BK7: 1e-10 | BL7: 1e-10 | BM7: 1e-07 | BN7: 1e-07 | BO7: 1e-07 | BP7: 1e-07 | BQ7: 1e-05 | BR7: 1e-05 | BS7: 1e-05 | BT7: 1e-05 | BU7: 1e-07 | BV7: 1e-07 | BW7: 1e-05 | BX7: 1e-07 | BY7: 1e-07 | BZ7: 1e-07 | CA7: 1e-07 | CB7: 1e-07 | CC7: 1e-07 | CD7: 1e-07 | CE7: 1e-07 | CF7: 1e-10 | CG7: 1e-10 | CH7: 1e-10 | CI7: 1e-10
B8: 5 | C8: 1e-05 | D8: 1e-05 | E8: 1e-05 | F8: 1 | G8: 2 | H8: 1 | I8: 1 | J8: 1 | K8: 1 | L8: 1 | M8: 1 | N8: 1 | O8: 1 | P8: 1 | Q8: 1 | R8: 1e-05 | S8: 1e-05 | T8: 1e-05 | U8: 1e-05 | V8: 1e-05 | W8: 1e-05 | X8: 1e-05 | Y8: 1 | Z8: 1 | AA8: 1 | AB8: 1e-05 | AC8: 1e-05 | AD8: 1e-05 | AE8: 1 | AF8: 1e-05 | AG8: 1e-05 | AH8: 1e-05 | AI8: 1 | AJ8: 1 | AK8: 2 | AL8: 2 | AM8: 2 | AN8: 1 | AO8: 1 | AP8: 1 | AU8: 5 | AV8: 1e-07 | AW8: 1e-05 | AX8: 1e-05 | AY8: 1e-05 | AZ8: 0.01 | BA8: 0.01 | BB8: 1e-05 | BC8: 0.01 | BD8: 10 | BE8: 0.01 | BF8: 0.01 | BG8: 0.01 | BH8: 0.01 | BI8: 10 | BJ8: 0.01 | BK8: 0.01 | BL8: 0.01 | BM8: 0.01 | BN8: 0.01 | BO8: 10 | BP8: 10 | BQ8: 0.01 | BR8: 0.01 | BS8: 0.01 | BT8: 0.01 | BU8: 1e-05 | BV8: 1e-05 | BW8: 1e-05 | BX8: 0.01 | BY8: 0.01 | BZ8: 0.01 | CA8: 10 | CB8: 10 | CC8: 10 | CD8: 10 | CE8: 0.01 | CF8: 0.01 | CG8: 0.01 | CH8: 0.01 | CI8: 10
B9: 6 | C9: 1e-10 | D9: 1e-10 | E9: 1e-10 | F9: 1e-10 | G9: 1e-10 | H9: 1e-10 | I9: 1e-10 | J9: 1e-10 | K9: 1e-10 | L9: 1e-10 | M9: 1e-10 | N9: 1e-10 | O9: 1e-10 | P9: 1e-10 | Q9: 1e-10 | R9: 1e-10 | S9: 1e-10 | T9: 1e-10 | U9: 1e-10 | V9: 1e-10 | W9: 1e-10 | X9: 1e-10 | Y9: 1e-10 | Z9: 1e-10 | AA9: 1e-10 | AB9: 1e-10 | AC9: 1e-10 | AD9: 1e-10 | AE9: 1e-10 | AF9: 1e-10 | AG9: 1e-10 | AH9: 1e-10 | AI9: 1e-05 | AJ9: 1e-05 | AK9: 1e-05 | AL9: 1e-05 | AM9: 1 | AN9: 1 | AO9: 1 | AP9: 2 | AU9: 6 | AV9: 1e-10 | AW9: 1e-07 | AX9: 1e-07 | AY9: 1e-10 | AZ9: 1e-10 | BA9: 1e-07 | BB9: 1e-07 | BC9: 1e-07 | BD9: 1e-07 | BE9: 1e-07 | BF9: 1e-07 | BG9: 1e-07 | BH9: 1e-07 | BI9: 1e-05 | BJ9: 1e-07 | BK9: 1e-07 | BL9: 1e-07 | BM9: 1e-07 | BN9: 1e-07 | BO9: 1e-07 | BP9: 1e-05 | BQ9: 1e-05 | BR9: 1e-05 | BS9: 0.01 | BT9: 1e-05 | BU9: 0.01 | BV9: 1e-05 | BW9: 1e-07 | BX9: 1e-07 | BY9: 1e-07 | BZ9: 1e-07 | CA9: 1e-07 | CB9: 1e-07 | CC9: 1e-05 | CD9: 1e-07 | CE9: 1e-07 | CF9: 1e-07 | CG9: 1e-05 | CH9: 1e-05 | CI9: 1e-07
B10: 7 | C10: 1e-05 | D10: 1e-05 | E10: 1e-05 | F10: 1e-05 | G10: 1e-05 | H10: 1e-05 | I10: 1e-05 | J10: 1e-05 | K10: 1e-05 | L10: 1e-05 | M10: 1e-05 | N10: 1e-10 | O10: 1e-10 | P10: 1e-10 | Q10: 1e-10 | R10: 1e-10 | S10: 1e-05 | T10: 1e-10 | U10: 1e-10 | V10: 1e-10 | W10: 1e-10 | X10: 1e-10 | Y10: 1e-10 | Z10: 1e-10 | AA10: 1e-10 | AB10: 1e-10 | AC10: 1e-10 | AD10: 1e-10 | AE10: 1e-10 | AF10: 1e-10 | AG10: 1e-10 | AH10: 1e-10 | AI10: 1e-10 | AJ10: 1e-10 | AK10: 1e-10 | AL10: 1e-10 | AM10: 1e-10 | AN10: 1e-10 | AO10: 1e-10 | AP10: 1e-10 | AS10: =MAX($AV$3:$CI$22) -> 10 | AU10: 7 | AV10: 1e-10 | AW10: 1e-10 | AX10: 1e-10 | AY10: 1e-10 | AZ10: 1e-10 | BA10: 1e-10 | BB10: 1e-10 | BC10: 1e-10 | BD10: 1e-10 | BE10: 1e-10 | BF10: 1e-10 | BG10: 1e-10 | BH10: 1e-10 | BI10: 1e-10 | BJ10: 1e-10 | BK10: 1e-10 | BL10: 1e-10 | BM10: 1e-10 | BN10: 1e-10 | BO10: 1e-10 | BP10: 1e-10 | BQ10: 1e-10 | BR10: 1e-07 | BS10: 1e-10 | BT10: 1e-07 | BU10: 1e-07 | BV10: 1e-10 | BW10: 1e-07 | BX10: 1e-10 | BY10: 1e-10 | BZ10: 1e-07 | CA10: 1e-10 | CB10: 1e-10 | CC10: 1e-07 | CD10: 1e-07 | CE10: 1e-07 | CF10: 1e-05 | CG10: 1e-05 | CH10: 1e-07 | CI10: 1e-07
B11: 8 | C11: 1 | D11: 1 | E11: 1 | F11: 1 | G11: 1e-05 | H11: 1e-05 | I11: 1 | J11: 1 | K11: 1 | L11: 2 | M11: 2 | N11: 2 | O11: 2 | P11: 2 | Q11: 1 | R11: 1 | S11: 1 | T11: 1 | U11: 1e-05 | V11: 1e-05 | W11: 1e-05 | X11: 1e-10 | Y11: 1e-10 | Z11: 1e-10 | AA11: 1e-10 | AB11: 1e-10 | AC11: 1e-10 | AD11: 1e-10 | AE11: 1e-10 | AF11: 1e-10 | AG11: 1e-10 | AH11: 1e-10 | AI11: 1e-10 | AJ11: 1e-10 | AK11: 1e-10 | AL11: 1e-10 | AM11: 1e-10 | AN11: 1e-10 | AO11: 1e-10 | AP11: 1e-10 | AS11: =MIN($AV$3:$CI$22) -> 1e-10 | AU11: 8 | AV11: 1e-05 | AW11: 1e-05 | AX11: 1e-05 | AY11: 0.01 | AZ11: 0.01 | BA11: 1e-05 | BB11: 1e-05 | BC11: 1e-05 | BD11: 1e-05 | BE11: 1e-07 | BF11: 1e-05 | BG11: 1e-05 | BH11: 0.01 | BI11: 0.01 | BJ11: 0.01 | BK11: 0.01 | BL11: 0.01 | BM11: 0.01 | BN11: 0.01 | BO11: 0.01 | BP11: 1e-05 | BQ11: 1e-05 | BR11: 0.01 | BS11: 0.01 | BT11: 10 | BU11: 10 | BV11: 10 | BW11: 10 | BX11: 10 | BY11: 10 | BZ11: 10 | CA11: 0.01 | CB11: 0.01 | CC11: 0.01 | CD11: 0.01 | CE11: 0.01 | CF11: 0.01 | CG11: 0.01 | CH11: 0.01 | CI11: 0.01
B12: 9 | C12: 1 | D12: 1 | E12: 1 | F12: 2 | G12: 1 | H12: 1 | I12: 1 | J12: 1 | K12: 1e-05 | L12: 1e-05 | M12: 1e-05 | N12: 1e-05 | O12: 1e-05 | P12: 1 | Q12: 1 | R12: 1 | S12: 1 | T12: 1 | U12: 1 | V12: 1 | W12: 1 | X12: 1 | Y12: 1 | Z12: 2 | AA12: 1 | AB12: 1 | AC12: 1 | AD12: 1e-05 | AE12: 1e-05 | AF12: 1e-05 | AG12: 1e-05 | AH12: 1e-05 | AI12: 1e-05 | AJ12: 1e-05 | AK12: 1e-05 | AL12: 1e-05 | AM12: 1e-05 | AN12: 1e-05 | AO12: 1 | AP12: 1e-05 | AS12: =AVERAGE($AV$3:$CI$22) -> 0.86403926 | AU12: 9 | AV12: 0.01 | AW12: 0.01 | AX12: 0.01 | AY12: 10 | AZ12: 0.01 | BA12: 0.01 | BB12: 0.01 | BC12: 10 | BD12: 10 | BE12: 10 | BF12: 0.01 | BG12: 10 | BH12: 10 | BI12: 10 | BJ12: 10 | BK12: 10 | BL12: 10 | BM12: 10 | BN12: 10 | BO12: 10 | BP12: 10 | BQ12: 0.01 | BR12: 0.01 | BS12: 10 | BT12: 10 | BU12: 10 | BV12: 10 | BW12: 0.01 | BX12: 0.01 | BY12: 0.01 | BZ12: 0.01 | CA12: 0.01 | CB12: 0.01 | CC12: 0.01 | CD12: 0.01 | CE12: 10 | CF12: 0.01 | CG12: 0.01 | CH12: 0.01 | CI12: 0.01
B13: 10 | C13: 2 | D13: 2 | E13: 10 | F13: 10 | G13: 10 | H13: 10 | I13: 10 | J13: 10 | K13: 10 | L13: 10 | M13: 10 | N13: 10 | O13: 10 | P13: 10 | Q13: 10 | R13: 10 | S13: 2 | T13: 2 | U13: 2 | V13: 2 | W13: 2 | X13: 2 | Y13: 1 | Z13: 1 | AA13: 1 | AB13: 1e-05 | AC13: 1e-05 | AD13: 1e-05 | AE13: 1e-05 | AF13: 1e-05 | AG13: 1e-05 | AH13: 1e-05 | AI13: 1e-05 | AJ13: 1e-05 | AK13: 1 | AL13: 2 | AM13: 2 | AN13: 2 | AO13: 10 | AP13: 2 | AS13: =MEDIAN($AV$3:$CI$22) -> 1e-07 | AU13: 10 | AV13: 0.01 | AW13: 0.01 | AX13: 1e-05 | AY13: 1e-05 | AZ13: 1e-05 | BA13: 0.01 | BB13: 1e-05 | BC13: 1e-05 | BD13: 0.01 | BE13: 0.01 | BF13: 0.01 | BG13: 1e-05 | BH13: 1e-05 | BI13: 1e-05 | BJ13: 1e-07 | BK13: 1e-07 | BL13: 1e-07 | BM13: 1e-07 | BN13: 1e-07 | BO13: 1e-07 | BP13: 1e-07 | BQ13: 1e-07 | BR13: 1e-07 | BS13: 1e-07 | BT13: 1e-07 | BU13: 1e-10 | BV13: 1e-10 | BW13: 1e-07 | BX13: 1e-07 | BY13: 1e-07 | BZ13: 1e-07 | CA13: 1e-07 | CB13: 1e-07 | CC13: 1e-07 | CD13: 1e-07 | CE13: 1e-07 | CF13: 1e-05 | CG13: 1e-05 | CH13: 1e-05 | CI13: 1e-05
B14: 11 | C14: 10 | D14: 10 | E14: 10 | F14: 10 | G14: 10 | H14: 10 | I14: 10 | J14: 10 | K14: 10 | L14: 10 | M14: 10 | N14: 10 | O14: 10 | P14: 10 | Q14: 10 | R14: 10 | S14: 10 | T14: 10 | U14: 10 | V14: 10 | W14: 10 | X14: 10 | Y14: 10 | Z14: 10 | AA14: 10 | AB14: 10 | AC14: 10 | AD14: 10 | AE14: 10 | AF14: 10 | AG14: 10 | AH14: 10 | AI14: 2 | AJ14: 2 | AK14: 2 | AL14: 2 | AM14: 1 | AN14: 1 | AO14: 1 | AP14: 2 | AS14: =_xlfn.STDEV.S($AV$3:$CI$22) -> 2.8086139 | AU14: 11 | AV14: 0.01 | AW14: 10 | AX14: 10 | AY14: 10 | AZ14: 10 | BA14: 10 | BB14: 0.01 | BC14: 0.01 | BD14: 0.01 | BE14: 0.01 | BF14: 10 | BG14: 0.01 | BH14: 10 | BI14: 10 | BJ14: 10 | BK14: 0.01 | BL14: 10 | BM14: 10 | BN14: 10 | BO14: 10 | BP14: 10 | BQ14: 0.01 | BR14: 0.01 | BS14: 0.01 | BT14: 0.01 | BU14: 0.01 | BV14: 0.01 | BW14: 1e-05 | BX14: 0.01 | BY14: 0.01 | BZ14: 0.01 | CA14: 0.01 | CB14: 1e-05 | CC14: 1e-05 | CD14: 1e-05 | CE14: 1e-05 | CF14: 1e-05 | CG14: 1e-05 | CH14: 1e-05 | CI14: 0.01
B15: 12 | C15: 2 | D15: 2 | E15: 2 | F15: 2 | G15: 2 | H15: 1 | I15: 2 | J15: 2 | K15: 2 | L15: 1 | M15: 2 | N15: 1 | O15: 1 | P15: 1 | Q15: 1 | R15: 1e-05 | S15: 1e-05 | T15: 1e-05 | U15: 1e-05 | V15: 1e-05 | W15: 1 | X15: 1 | Y15: 1 | Z15: 1e-05 | AA15: 1 | AB15: 1 | AC15: 1 | AD15: 1 | AE15: 1 | AF15: 1 | AG15: 1 | AH15: 1 | AI15: 1 | AJ15: 1 | AK15: 1 | AL15: 1 | AM15: 1 | AN15: 2 | AO15: 2 | AP15: 2 | AU15: 12 | AV15: 1e-07 | AW15: 1e-10 | AX15: 1e-07 | AY15: 1e-07 | AZ15: 1e-07 | BA15: 1e-07 | BB15: 1e-05 | BC15: 1e-05 | BD15: 1e-05 | BE15: 1e-05 | BF15: 1e-05 | BG15: 1e-05 | BH15: 1e-07 | BI15: 1e-07 | BJ15: 1e-07 | BK15: 1e-07 | BL15: 1e-07 | BM15: 1e-07 | BN15: 1e-07 | BO15: 1e-07 | BP15: 1e-07 | BQ15: 1e-07 | BR15: 1e-07 | BS15: 1e-07 | BT15: 1e-07 | BU15: 1e-05 | BV15: 1e-05 | BW15: 1e-07 | BX15: 1e-07 | BY15: 1e-05 | BZ15: 1e-05 | CA15: 1e-05 | CB15: 1e-05 | CC15: 1e-05 | CD15: 1e-05 | CE15: 1e-05 | CF15: 1e-05 | CG15: 0.01 | CH15: 0.01 | CI15: 1e-05
B16: 13 | C16: 10 | D16: 10 | E16: 10 | F16: 10 | G16: 10 | H16: 10 | I16: 10 | J16: 10 | K16: 10 | L16: 10 | M16: 10 | N16: 10 | O16: 10 | P16: 10 | Q16: 10 | R16: 10 | S16: 2 | T16: 2 | U16: 2 | V16: 1 | W16: 1 | X16: 1 | Y16: 1 | Z16: 1 | AA16: 1 | AB16: 2 | AC16: 2 | AD16: 2 | AE16: 2 | AF16: 2 | AG16: 2 | AH16: 2 | AI16: 2 | AJ16: 2 | AK16: 1 | AL16: 1 | AM16: 1e-05 | AN16: 1e-05 | AO16: 1e-10 | AP16: 1e-10 | AU16: 13 | AV16: 1e-07 | AW16: 1e-05 | AX16: 1e-07 | AY16: 1e-05 | AZ16: 1e-05 | BA16: 1e-07 | BB16: 1e-05 | BC16: 1e-05 | BD16: 1e-05 | BE16: 1e-05 | BF16: 1e-05 | BG16: 1e-05 | BH16: 1e-05 | BI16: 1e-05 | BJ16: 0.01 | BK16: 0.01 | BL16: 0.01 | BM16: 0.01 | BN16: 0.01 | BO16: 0.01 | BP16: 1e-05 | BQ16: 1e-05 | BR16: 1e-05 | BS16: 1e-05 | BT16: 0.01 | BU16: 1e-05 | BV16: 1e-05 | BW16: 1e-05 | BX16: 1e-07 | BY16: 1e-07 | BZ16: 1e-05 | CA16: 1e-07 | CB16: 1e-07 | CC16: 1e-07 | CD16: 1e-07 | CE16: 1e-07 | CF16: 1e-05 | CG16: 1e-05 | CH16: 1e-05 | CI16: 1e-05
B17: 14 | C17: 1e-05 | D17: 1 | E17: 1 | F17: 2 | G17: 2 | H17: 1 | I17: 1 | J17: 1 | K17: 1 | L17: 1e-05 | M17: 1e-05 | N17: 1e-05 | O17: 1e-10 | P17: 1e-10 | Q17: 1e-10 | R17: 1e-10 | S17: 1e-10 | T17: 1e-10 | U17: 1e-10 | V17: 1e-10 | W17: 1e-10 | X17: 1e-10 | Y17: 1e-10 | Z17: 1e-10 | AA17: 1e-10 | AB17: 1e-10 | AC17: 1e-05 | AD17: 1e-05 | AE17: 1e-10 | AF17: 1e-10 | AG17: 1e-10 | AH17: 1e-10 | AI17: 1e-10 | AJ17: 1e-05 | AK17: 1e-10 | AL17: 1e-10 | AM17: 1e-10 | AN17: 1e-10 | AO17: 1e-10 | AP17: 1e-10 | AU17: 14 | AV17: 1e-07 | AW17: 1e-07 | AX17: 1e-10 | AY17: 1e-07 | AZ17: 1e-07 | BA17: 1e-10 | BB17: 1e-10 | BC17: 1e-10 | BD17: 1e-10 | BE17: 1e-10 | BF17: 1e-10 | BG17: 1e-10 | BH17: 1e-10 | BI17: 1e-07 | BJ17: 1e-07 | BK17: 1e-07 | BL17: 1e-07 | BM17: 1e-10 | BN17: 1e-07 | BO17: 1e-07 | BP17: 1e-07 | BQ17: 1e-07 | BR17: 1e-07 | BS17: 1e-07 | BT17: 1e-05 | BU17: 1e-05 | BV17: 1e-05 | BW17: 1e-05 | BX17: 1e-05 | BY17: 1e-05 | BZ17: 1e-05 | CA17: 0.01 | CB17: 1e-05 | CC17: 1e-07 | CD17: 1e-07 | CE17: 1e-07 | CF17: 1e-07 | CG17: 1e-10 | CH17: 1e-10 | CI17: 1e-10
B18: 15 | C18: 1e-10 | D18: 1e-10 | E18: 1e-10 | F18: 1e-10 | G18: 1e-10 | H18: 1e-10 | I18: 1e-10 | J18: 1e-10 | K18: 1e-10 | L18: 1e-10 | M18: 1e-10 | N18: 1e-10 | O18: 1e-10 | P18: 1e-05 | Q18: 1e-05 | R18: 1e-05 | S18: 1e-05 | T18: 1e-05 | U18: 1e-05 | V18: 1e-05 | W18: 1e-05 | X18: 1e-10 | Y18: 1e-05 | Z18: 1e-05 | AA18: 1e-05 | AB18: 1e-05 | AC18: 1e-05 | AD18: 1e-05 | AE18: 1e-05 | AF18: 1e-10 | AG18: 1e-05 | AH18: 1e-05 | AI18: 1e-05 | AJ18: 1e-05 | AK18: 1e-05 | AL18: 1e-05 | AM18: 1e-05 | AN18: 1e-05 | AO18: 1e-05 | AP18: 1e-05 | AU18: 15 | AV18: 1e-10 | AW18: 1e-10 | AX18: 1e-10 | AY18: 1e-10 | AZ18: 1e-10 | BA18: 1e-10 | BB18: 1e-10 | BC18: 1e-10 | BD18: 1e-10 | BE18: 1e-10 | BF18: 1e-10 | BG18: 1e-10 | BH18: 1e-10 | BI18: 1e-10 | BJ18: 1e-10 | BK18: 1e-10 | BL18: 1e-10 | BM18: 1e-10 | BN18: 1e-10 | BO18: 1e-10 | BP18: 1e-10 | BQ18: 1e-10 | BR18: 1e-10 | BS18: 1e-10 | BT18: 1e-10 | BU18: 1e-10 | BV18: 1e-10 | BW18: 1e-10 | BX18: 1e-10 | BY18: 1e-10 | BZ18: 1e-10 | CA18: 1e-10 | CB18: 1e-07 | CC18: 1e-10 | CD18: 1e-10 | CE18: 1e-10 | CF18: 1e-10 | CG18: 1e-10 | CH18: 1e-10 | CI18: 1e-10
B19: 16 | C19: 10 | D19: 10 | E19: 10 | F19: 10 | G19: 10 | H19: 10 | I19: 10 | J19: 2 | K19: 2 | L19: 2 | M19: 2 | N19: 1 | O19: 1 | P19: 1 | Q19: 1 | R19: 1 | S19: 1 | T19: 1 | U19: 1 | V19: 1 | W19: 1e-05 | X19: 1e-05 | Y19: 1e-10 | Z19: 1e-10 | AA19: 1e-10 | AB19: 1e-10 | AC19: 1e-10 | AD19: 1e-10 | AE19: 1e-10 | AF19: 1e-10 | AG19: 1e-10 | AH19: 1e-10 | AI19: 1e-10 | AJ19: 1e-10 | AK19: 1e-10 | AL19: 1e-10 | AM19: 1e-10 | AN19: 1e-10 | AO19: 1e-10 | AP19: 1e-10 | AU19: 16 | AV19: 1e-07 | AW19: 1e-07 | AX19: 1e-07 | AY19: 1e-07 | AZ19: 1e-05 | BA19: 1e-05 | BB19: 1e-05 | BC19: 1e-05 | BD19: 1e-05 | BE19: 1e-05 | BF19: 1e-05 | BG19: 1e-07 | BH19: 1e-07 | BI19: 1e-10 | BJ19: 1e-10 | BK19: 1e-10 | BL19: 1e-10 | BM19: 1e-10 | BN19: 1e-10 | BO19: 1e-10 | BP19: 1e-07 | BQ19: 1e-07 | BR19: 1e-10 | BS19: 1e-10 | BT19: 1e-10 | BU19: 1e-10 | BV19: 1e-10 | BW19: 1e-10 | BX19: 1e-10 | BY19: 1e-10 | BZ19: 1e-10 | CA19: 1e-10 | CB19: 1e-10 | CC19: 1e-07 | CD19: 1e-07 | CE19: 1e-07 | CF19: 1e-05 | CG19: 1e-05 | CH19: 1e-07 | CI19: 1e-07
B20: 17 | C20: 1 | D20: 1 | E20: 2 | F20: 1 | G20: 1 | H20: 1 | I20: 1 | J20: 1 | K20: 1 | L20: 1 | M20: 2 | N20: 1 | O20: 1 | P20: 1 | Q20: 1 | R20: 1 | S20: 1 | T20: 1 | U20: 1e-05 | V20: 1e-05 | W20: 1 | X20: 1 | Y20: 1 | Z20: 1 | AA20: 2 | AB20: 2 | AC20: 2 | AD20: 2 | AE20: 2 | AF20: 2 | AG20: 2 | AH20: 2 | AI20: 2 | AJ20: 1 | AK20: 2 | AL20: 2 | AM20: 1 | AN20: 2 | AO20: 10 | AP20: 10 | AU20: 17 | AV20: 0.01 | AW20: 0.01 | AX20: 1e-05 | AY20: 1e-07 | AZ20: 1e-07 | BA20: 1e-07 | BB20: 1e-07 | BC20: 1e-07 | BD20: 1e-07 | BE20: 1e-07 | BF20: 1e-07 | BG20: 1e-07 | BH20: 1e-10 | BI20: 1e-10 | BJ20: 1e-10 | BK20: 1e-10 | BL20: 1e-07 | BM20: 1e-07 | BN20: 1e-10 | BO20: 1e-10 | BP20: 1e-10 | BQ20: 1e-10 | BR20: 1e-10 | BS20: 1e-10 | BT20: 1e-10 | BU20: 1e-10 | BV20: 1e-10 | BW20: 1e-10 | BX20: 1e-10 | BY20: 1e-10 | BZ20: 1e-10 | CA20: 1e-10 | CB20: 1e-10 | CC20: 1e-10 | CD20: 1e-10 | CE20: 1e-10 | CF20: 1e-10 | CG20: 1e-07 | CH20: 1e-07 | CI20: 1e-10
B21: 18 | C21: 1e-05 | D21: 1e-05 | E21: 1e-05 | F21: 1e-05 | G21: 1e-05 | H21: 1e-05 | I21: 1e-05 | J21: 1e-05 | K21: 1 | L21: 1 | M21: 1 | N21: 1 | O21: 1 | P21: 1 | Q21: 1 | R21: 1 | S21: 1 | T21: 2 | U21: 2 | V21: 1 | W21: 2 | X21: 2 | Y21: 2 | Z21: 2 | AA21: 2 | AB21: 2 | AC21: 1 | AD21: 1 | AE21: 1 | AF21: 1 | AG21: 1 | AH21: 1 | AI21: 1 | AJ21: 1 | AK21: 1 | AL21: 1 | AM21: 1 | AN21: 2 | AO21: 2 | AP21: 1 | AU21: 18 | AV21: 0.01 | AW21: 0.01 | AX21: 0.01 | AY21: 0.01 | AZ21: 1e-05 | BA21: 1e-05 | BB21: 1e-05 | BC21: 1e-05 | BD21: 1e-05 | BE21: 1e-05 | BF21: 1e-07 | BG21: 1e-05 | BH21: 1e-07 | BI21: 1e-07 | BJ21: 1e-07 | BK21: 1e-07 | BL21: 1e-07 | BM21: 1e-07 | BN21: 1e-10 | BO21: 1e-10 | BP21: 1e-10 | BQ21: 1e-10 | BR21: 1e-07 | BS21: 1e-07 | BT21: 1e-07 | BU21: 1e-07 | BV21: 1e-05 | BW21: 1e-05 | BX21: 1e-05 | BY21: 1e-05 | BZ21: 0.01 | CA21: 0.01 | CB21: 1e-05 | CC21: 1e-05 | CD21: 0.01 | CE21: 0.01 | CF21: 0.01 | CG21: 0.01 | CH21: 0.01 | CI21: 1e-05
B22: 19 | C22: 1e-05 | D22: 1e-05 | E22: 1e-05 | F22: 1 | G22: 1 | H22: 1 | I22: 1 | J22: 1 | K22: 1 | L22: 1e-05 | M22: 1e-05 | N22: 1e-05 | O22: 1e-05 | P22: 1e-05 | Q22: 1e-05 | R22: 1e-05 | S22: 1e-05 | T22: 1e-05 | U22: 1e-05 | V22: 1e-05 | W22: 1e-10 | X22: 1e-05 | Y22: 1e-05 | Z22: 1e-05 | AA22: 1e-05 | AB22: 1e-10 | AC22: 1e-10 | AD22: 1e-10 | AE22: 1e-10 | AF22: 1e-10 | AG22: 1e-10 | AH22: 1e-10 | AI22: 1e-10 | AJ22: 1e-05 | AK22: 1e-10 | AL22: 1e-10 | AM22: 1e-10 | AN22: 1e-10 | AO22: 1e-10 | AP22: 1e-10 | AU22: 19 | AV22: 10 | AW22: 10 | AX22: 0.01 | AY22: 0.01 | AZ22: 10 | BA22: 0.01 | BB22: 10 | BC22: 10 | BD22: 10 | BE22: 0.01 | BF22: 10 | BG22: 10 | BH22: 10 | BI22: 10 | BJ22: 10 | BK22: 10 | BL22: 10 | BM22: 10 | BN22: 10 | BO22: 10 | BP22: 10 | BQ22: 10 | BR22: 10 | BS22: 10 | BT22: 0.01 | BU22: 1e-05 | BV22: 1e-05 | BW22: 0.01 | BX22: 0.01 | BY22: 1e-05 | BZ22: 0.01 | CA22: 1e-05 | CB22: 1e-05 | CC22: 1e-05 | CD22: 1e-05 | CE22: 1e-05 | CF22: 1e-05 | CG22: 1e-05 | CH22: 1e-05 | CI22: 0.01
C25: 0 | D25: 1 | E25: 2 | F25: 3 | G25: 4 | H25: 5 | I25: 6 | J25: 7 | K25: 8 | L25: 9 | M25: 10 | N25: 11 | O25: 12 | P25: 13 | Q25: 14 | R25: 15 | S25: 16 | T25: 17 | U25: 18 | V25: 19 | W25: 20 | X25: 21 | Y25: 22 | Z25: 23 | AA25: 24 | AB25: 25 | AC25: 26 | AD25: 27 | AE25: 28 | AF25: 29 | AG25: 30 | AH25: 31 | AI25: 32 | AJ25: 33 | AK25: 34 | AL25: 35 | AM25: 36 | AN25: 37 | AO25: 38 | AP25: 39 | AV25: 0 | AW25: 1 | AX25: 2 | AY25: 3 | AZ25: 4 | BA25: 5 | BB25: 6 | BC25: 7 | BD25: 8 | BE25: 9 | BF25: 10 | BG25: 11 | BH25: 12 | BI25: 13 | BJ25: 14 | BK25: 15 | BL25: 16 | BM25: 17 | BN25: 18 | BO25: 19 | BP25: 20 | BQ25: 21 | BR25: 22 | BS25: 23 | BT25: 24 | BU25: 25 | BV25: 26 | BW25: 27 | BX25: 28 | BY25: 29 | BZ25: 30 | CA25: 31 | CB25: 32 | CC25: 33 | CD25: 34 | CE25: 35 | CF25: 36 | CG25: 37 | CH25: 38 | CI25: 39
B26: 0 | C26: 4.971e-13 | D26: 4.9688e-13 | E26: 4.9674e-13 | F26: 4.9652e-13 | G26: 4.9657e-13 | H26: 4.9648e-13 | I26: 4.9634e-13 | J26: 4.9607e-13 | K26: 4.9605e-13 | L26: 4.9583e-13 | M26: 4.9582e-13 | N26: 4.9571e-13 | O26: 4.956e-13 | P26: 4.9551e-13 | Q26: 4.9543e-13 | R26: 4.9536e-13 | S26: 4.953e-13 | T26: 4.9526e-13 | U26: 4.9524e-13 | V26: 4.9524e-13 | W26: 4.9525e-13 | X26: 4.9529e-13 | Y26: 4.9535e-13 | Z26: 4.9543e-13 | AA26: 4.9553e-13 | AB26: 4.9565e-13 | AC26: 4.958e-13 | AD26: 4.9597e-13 | AE26: 4.9616e-13 | AF26: 4.9637e-13 | AG26: 4.965e-13 | AH26: 4.9672e-13 | AI26: 4.9706e-13 | AJ26: 4.9731e-13 | AK26: 4.9768e-13 | AL26: 4.9787e-13 | AM26: 4.9838e-13 | AN26: 4.9891e-13 | AO26: 4.9932e-13 | AP26: 4.9964e-13 | AR26: MAX | AS26: =MAX($C$26:$AP$45) -> 5.17e-13 | AU26: 0 | AV26: 4.971e-13 | AW26: 4.9688e-13 | AX26: 4.9674e-13 | AY26: 4.9652e-13 | AZ26: 4.9657e-13 | BA26: 4.9648e-13 | BB26: 4.9634e-13 | BC26: 4.9607e-13 | BD26: 4.9605e-13 | BE26: 4.9583e-13 | BF26: 4.9582e-13 | BG26: 4.9571e-13 | BH26: 4.956e-13 | BI26: 4.9551e-13 | BJ26: 4.9543e-13 | BK26: 4.9536e-13 | BL26: 4.953e-13 | BM26: 4.9526e-13 | BN26: 4.9524e-13 | BO26: 4.9524e-13 | BP26: 4.9525e-13 | BQ26: 4.9529e-13 | BR26: 4.9535e-13 | BS26: 4.9543e-13 | BT26: 4.9553e-13 | BU26: 4.9565e-13 | BV26: 4.958e-13 | BW26: 4.9597e-13 | BX26: 4.9616e-13 | BY26: 4.9637e-13 | BZ26: 4.965e-13 | CA26: 4.9672e-13 | CB26: 4.9706e-13 | CC26: 4.9731e-13 | CD26: 4.9768e-13 | CE26: 4.9787e-13 | CF26: 4.9838e-13 | CG26: 4.9891e-13 | CH26: 4.9932e-13 | CI26: 4.9964e-13
B27: 1 | C27: 5.0123e-13 | D27: 5.011e-13 | E27: 5.0096e-13 | F27: 5.0085e-13 | G27: 5.0064e-13 | H27: 5.0039e-13 | I27: 5.0021e-13 | J27: 4.9994e-13 | K27: 4.9974e-13 | L27: 4.9969e-13 | M27: 4.9961e-13 | N27: 4.9953e-13 | O27: 4.9946e-13 | P27: 4.9942e-13 | Q27: 4.9941e-13 | R27: 4.9942e-13 | S27: 4.9945e-13 | T27: 4.9952e-13 | U27: 4.9961e-13 | V27: 4.9972e-13 | W27: 4.9986e-13 | X27: 5.0002e-13 | Y27: 5.0021e-13 | Z27: 5.0042e-13 | AA27: 5.0065e-13 | AB27: 5.009e-13 | AC27: 5.0116e-13 | AD27: 5.0144e-13 | AE27: 5.0173e-13 | AF27: 5.0204e-13 | AG27: 5.0239e-13 | AH27: 5.027e-13 | AI27: 5.0296e-13 | AJ27: 5.0323e-13 | AK27: 5.0353e-13 | AL27: 5.0389e-13 | AM27: 5.0425e-13 | AN27: 5.0449e-13 | AO27: 5.0476e-13 | AP27: 5.0511e-13 | AR27: MIN | AS27: =MIN($C$26:$AP$45) -> 4.7805e-13 | AU27: 1 | AV27: 5.0123e-13 | AW27: 5.011e-13 | AX27: 5.0096e-13 | AY27: 5.0085e-13 | AZ27: 5.0064e-13 | BA27: 5.0039e-13 | BB27: 5.0021e-13 | BC27: 4.9994e-13 | BD27: 4.9974e-13 | BE27: 4.9969e-13 | BF27: 4.9961e-13 | BG27: 4.9953e-13 | BH27: 4.9946e-13 | BI27: 4.9942e-13 | BJ27: 4.9941e-13 | BK27: 4.9942e-13 | BL27: 4.9945e-13 | BM27: 4.9952e-13 | BN27: 4.9961e-13 | BO27: 4.9972e-13 | BP27: 4.9986e-13 | BQ27: 5.0002e-13 | BR27: 5.0021e-13 | BS27: 5.0042e-13 | BT27: 5.0065e-13 | BU27: 5.009e-13 | BV27: 5.0116e-13 | BW27: 5.0144e-13 | BX27: 5.0173e-13 | BY27: 5.0204e-13 | BZ27: 5.0239e-13 | CA27: 5.027e-13 | CB27: 5.0296e-13 | CC27: 5.0323e-13 | CD27: 5.0353e-13 | CE27: 5.0389e-13 | CF27: 5.0425e-13 | CG27: 5.0449e-13 | CH27: 5.0476e-13 | CI27: 5.0511e-13
B28: 2 | C28: 4.9018e-13 | D28: 4.9067e-13 | E28: 4.9104e-13 | F28: 4.9126e-13 | G28: 4.9168e-13 | H28: 4.9228e-13 | I28: 4.9252e-13 | J28: 4.9283e-13 | K28: 4.9316e-13 | L28: 4.9389e-13 | M28: 4.9415e-13 | N28: 4.9459e-13 | O28: 4.9504e-13 | P28: 4.955e-13 | Q28: 4.9596e-13 | R28: 4.9643e-13 | S28: 4.969e-13 | T28: 4.9736e-13 | U28: 4.9782e-13 | V28: 4.9828e-13 | W28: 4.9873e-13 | X28: 4.9917e-13 | Y28: 4.996e-13 | Z28: 5.0001e-13 | AA28: 5.0041e-13 | AB28: 5.0079e-13 | AC28: 5.0116e-13 | AD28: 5.015e-13 | AE28: 5.0181e-13 | AF28: 5.021e-13 | AG28: 5.0236e-13 | AH28: 5.0273e-13 | AI28: 5.0272e-13 | AJ28: 5.0295e-13 | AK28: 5.0297e-13 | AL28: 5.0308e-13 | AM28: 5.0307e-13 | AN28: 5.0304e-13 | AO28: 5.0302e-13 | AP28: 5.0301e-13 | AR28: AVE | AS28: =AVERAGE($C$26:$AP$45) -> 4.9111156e-13 | AU28: 2 | AV28: 4.9018e-13 | AW28: 4.9067e-13 | AX28: 4.9104e-13 | AY28: 4.9126e-13 | AZ28: 4.9168e-13 | BA28: 4.9228e-13 | BB28: 4.9252e-13 | BC28: 4.9283e-13 | BD28: 4.9316e-13 | BE28: 4.9389e-13 | BF28: 4.9415e-13 | BG28: 4.9459e-13 | BH28: 4.9504e-13 | BI28: 4.955e-13 | BJ28: 4.9596e-13 | BK28: 4.9643e-13 | BL28: 4.969e-13 | BM28: 4.9736e-13 | BN28: 4.9782e-13 | BO28: 4.9828e-13 | BP28: 4.9873e-13 | BQ28: 4.9917e-13 | BR28: 4.996e-13 | BS28: 5.0001e-13 | BT28: 5.0041e-13 | BU28: 5.0079e-13 | BV28: 5.0116e-13 | BW28: 5.015e-13 | BX28: 5.0181e-13 | BY28: 5.021e-13 | BZ28: 5.0236e-13 | CA28: 5.0273e-13 | CB28: 5.0272e-13 | CC28: 5.0295e-13 | CD28: 5.0297e-13 | CE28: 5.0308e-13 | CF28: 5.0307e-13 | CG28: 5.0304e-13 | CH28: 5.0302e-13 | CI28: 5.0301e-13
B29: 3 | C29: 4.82e-13 | D29: 4.8231e-13 | E29: 4.8268e-13 | F29: 4.83e-13 | G29: 4.8332e-13 | H29: 4.8381e-13 | I29: 4.841e-13 | J29: 4.8442e-13 | K29: 4.8488e-13 | L29: 4.8528e-13 | M29: 4.8574e-13 | N29: 4.8614e-13 | O29: 4.8655e-13 | P29: 4.8695e-13 | Q29: 4.8736e-13 | R29: 4.8776e-13 | S29: 4.8815e-13 | T29: 4.8854e-13 | U29: 4.8893e-13 | V29: 4.8931e-13 | W29: 4.8967e-13 | X29: 4.9003e-13 | Y29: 4.9037e-13 | Z29: 4.907e-13 | AA29: 4.9102e-13 | AB29: 4.9131e-13 | AC29: 4.9159e-13 | AD29: 4.9186e-13 | AE29: 4.921e-13 | AF29: 4.9232e-13 | AG29: 4.9251e-13 | AH29: 4.926e-13 | AI29: 4.9298e-13 | AJ29: 4.931e-13 | AK29: 4.9316e-13 | AL29: 4.9323e-13 | AM29: 4.931e-13 | AN29: 4.9313e-13 | AO29: 4.9298e-13 | AP29: 4.93e-13 | AR29: MED | AS29: =MEDIAN($C$26:$AP$45) -> 4.8793e-13 | AU29: 3 | AV29: 4.82e-13 | AW29: 4.8231e-13 | AX29: 4.8268e-13 | AY29: 4.83e-13 | AZ29: 4.8332e-13 | BA29: 4.8381e-13 | BB29: 4.841e-13 | BC29: 4.8442e-13 | BD29: 4.8488e-13 | BE29: 4.8528e-13 | BF29: 4.8574e-13 | BG29: 4.8614e-13 | BH29: 4.8655e-13 | BI29: 4.8695e-13 | BJ29: 4.8736e-13 | BK29: 4.8776e-13 | BL29: 4.8815e-13 | BM29: 4.8854e-13 | BN29: 4.8893e-13 | BO29: 4.8931e-13 | BP29: 4.8967e-13 | BQ29: 4.9003e-13 | BR29: 4.9037e-13 | BS29: 4.907e-13 | BT29: 4.9102e-13 | BU29: 4.9131e-13 | BV29: 4.9159e-13 | BW29: 4.9186e-13 | BX29: 4.921e-13 | BY29: 4.9232e-13 | BZ29: 4.9251e-13 | CA29: 4.926e-13 | CB29: 4.9298e-13 | CC29: 4.931e-13 | CD29: 4.9316e-13 | CE29: 4.9323e-13 | CF29: 4.931e-13 | CG29: 4.9313e-13 | CH29: 4.9298e-13 | CI29: 4.93e-13
B30: 4 | C30: 4.8908e-13 | D30: 4.8861e-13 | E30: 4.8814e-13 | F30: 4.8772e-13 | G30: 4.8729e-13 | H30: 4.8687e-13 | I30: 4.8642e-13 | J30: 4.8613e-13 | K30: 4.8573e-13 | L30: 4.8559e-13 | M30: 4.8505e-13 | N30: 4.8476e-13 | O30: 4.8451e-13 | P30: 4.8428e-13 | Q30: 4.8409e-13 | R30: 4.8393e-13 | S30: 4.838e-13 | T30: 4.837e-13 | U30: 4.8363e-13 | V30: 4.836e-13 | W30: 4.8359e-13 | X30: 4.8361e-13 | Y30: 4.8366e-13 | Z30: 4.8374e-13 | AA30: 4.8385e-13 | AB30: 4.8398e-13 | AC30: 4.8414e-13 | AD30: 4.8432e-13 | AE30: 4.8452e-13 | AF30: 4.8475e-13 | AG30: 4.8495e-13 | AH30: 4.8544e-13 | AI30: 4.8563e-13 | AJ30: 4.8588e-13 | AK30: 4.861e-13 | AL30: 4.8654e-13 | AM30: 4.8678e-13 | AN30: 4.8722e-13 | AO30: 4.8759e-13 | AP30: 4.8804e-13 | AR30: ST | AS30: =_xlfn.STDEV.S($C$26:$AP$45) -> 9.7020923e-15 | AU30: 4 | AV30: 4.8908e-13 | AW30: 4.8861e-13 | AX30: 4.8814e-13 | AY30: 4.8772e-13 | AZ30: 4.8729e-13 | BA30: 4.8687e-13 | BB30: 4.8642e-13 | BC30: 4.8613e-13 | BD30: 4.8573e-13 | BE30: 4.8559e-13 | BF30: 4.8505e-13 | BG30: 4.8476e-13 | BH30: 4.8451e-13 | BI30: 4.8428e-13 | BJ30: 4.8409e-13 | BK30: 4.8393e-13 | BL30: 4.838e-13 | BM30: 4.837e-13 | BN30: 4.8363e-13 | BO30: 4.836e-13 | BP30: 4.8359e-13 | BQ30: 4.8361e-13 | BR30: 4.8366e-13 | BS30: 4.8374e-13 | BT30: 4.8385e-13 | BU30: 4.8398e-13 | BV30: 4.8414e-13 | BW30: 4.8432e-13 | BX30: 4.8452e-13 | BY30: 4.8475e-13 | BZ30: 4.8495e-13 | CA30: 4.8544e-13 | CB30: 4.8563e-13 | CC30: 4.8588e-13 | CD30: 4.861e-13 | CE30: 4.8654e-13 | CF30: 4.8678e-13 | CG30: 4.8722e-13 | CH30: 4.8759e-13 | CI30: 4.8804e-13
B31: 5 | C31: 4.9123e-13 | D31: 4.9034e-13 | E31: 4.8955e-13 | F31: 4.8866e-13 | G31: 4.8781e-13 | H31: 4.8712e-13 | I31: 4.8664e-13 | J31: 4.859e-13 | K31: 4.8516e-13 | L31: 4.8455e-13 | M31: 4.8401e-13 | N31: 4.8348e-13 | O31: 4.83e-13 | P31: 4.8256e-13 | Q31: 4.8216e-13 | R31: 4.8181e-13 | S31: 4.8149e-13 | T31: 4.8122e-13 | U31: 4.8099e-13 | V31: 4.808e-13 | W31: 4.8065e-13 | X31: 4.8054e-13 | Y31: 4.8047e-13 | Z31: 4.8044e-13 | AA31: 4.8044e-13 | AB31: 4.8048e-13 | AC31: 4.8056e-13 | AD31: 4.8067e-13 | AE31: 4.8081e-13 | AF31: 4.8099e-13 | AG31: 4.8121e-13 | AH31: 4.8158e-13 | AI31: 4.8184e-13 | AJ31: 4.8227e-13 | AK31: 4.8244e-13 | AL31: 4.829e-13 | AM31: 4.8306e-13 | AN31: 4.8347e-13 | AO31: 4.8404e-13 | AP31: 4.845e-13 | AU31: 5 | AV31: 4.9123e-13 | AW31: 4.9034e-13 | AX31: 4.8955e-13 | AY31: 4.8866e-13 | AZ31: 4.8781e-13 | BA31: 4.8712e-13 | BB31: 4.8664e-13 | BC31: 4.859e-13 | BD31: 4.8516e-13 | BE31: 4.8455e-13 | BF31: 4.8401e-13 | BG31: 4.8348e-13 | BH31: 4.83e-13 | BI31: 4.8256e-13 | BJ31: 4.8216e-13 | BK31: 4.8181e-13 | BL31: 4.8149e-13 | BM31: 4.8122e-13 | BN31: 4.8099e-13 | BO31: 4.808e-13 | BP31: 4.8065e-13 | BQ31: 4.8054e-13 | BR31: 4.8047e-13 | BS31: 4.8044e-13 | BT31: 4.8044e-13 | BU31: 4.8048e-13 | BV31: 4.8056e-13 | BW31: 4.8067e-13 | BX31: 4.8081e-13 | BY31: 4.8099e-13 | BZ31: 4.8121e-13 | CA31: 4.8158e-13 | CB31: 4.8184e-13 | CC31: 4.8227e-13 | CD31: 4.8244e-13 | CE31: 4.829e-13 | CF31: 4.8306e-13 | CG31: 4.8347e-13 | CH31: 4.8404e-13 | CI31: 4.845e-13
B32: 6 | C32: 4.9055e-13 | D32: 4.8998e-13 | E32: 4.8934e-13 | F32: 4.8857e-13 | G32: 4.8771e-13 | H32: 4.8699e-13 | I32: 4.864e-13 | J32: 4.8591e-13 | K32: 4.8528e-13 | L32: 4.8475e-13 | M32: 4.8411e-13 | N32: 4.8358e-13 | O32: 4.8308e-13 | P32: 4.8262e-13 | Q32: 4.8218e-13 | R32: 4.8178e-13 | S32: 4.8141e-13 | T32: 4.8108e-13 | U32: 4.8078e-13 | V32: 4.8051e-13 | W32: 4.8028e-13 | X32: 4.8009e-13 | Y32: 4.7994e-13 | Z32: 4.7982e-13 | AA32: 4.7974e-13 | AB32: 4.7969e-13 | AC32: 4.7969e-13 | AD32: 4.7972e-13 | AE32: 4.7978e-13 | AF32: 4.7988e-13 | AG32: 4.8002e-13 | AH32: 4.803e-13 | AI32: 4.8041e-13 | AJ32: 4.8055e-13 | AK32: 4.8091e-13 | AL32: 4.8121e-13 | AM32: 4.816e-13 | AN32: 4.8187e-13 | AO32: 4.823e-13 | AP32: 4.8249e-13 | AU32: 6 | AV32: 4.9055e-13 | AW32: 4.8998e-13 | AX32: 4.8934e-13 | AY32: 4.8857e-13 | AZ32: 4.8771e-13 | BA32: 4.8699e-13 | BB32: 4.864e-13 | BC32: 4.8591e-13 | BD32: 4.8528e-13 | BE32: 4.8475e-13 | BF32: 4.8411e-13 | BG32: 4.8358e-13 | BH32: 4.8308e-13 | BI32: 4.8262e-13 | BJ32: 4.8218e-13 | BK32: 4.8178e-13 | BL32: 4.8141e-13 | BM32: 4.8108e-13 | BN32: 4.8078e-13 | BO32: 4.8051e-13 | BP32: 4.8028e-13 | BQ32: 4.8009e-13 | BR32: 4.7994e-13 | BS32: 4.7982e-13 | BT32: 4.7974e-13 | BU32: 4.7969e-13 | BV32: 4.7969e-13 | BW32: 4.7972e-13 | BX32: 4.7978e-13 | BY32: 4.7988e-13 | BZ32: 4.8002e-13 | CA32: 4.803e-13 | CB32: 4.8041e-13 | CC32: 4.8055e-13 | CD32: 4.8091e-13 | CE32: 4.8121e-13 | CF32: 4.816e-13 | CG32: 4.8187e-13 | CH32: 4.823e-13 | CI32: 4.8249e-13
B33: 7 | C33: 4.9354e-13 | D33: 4.9305e-13 | E33: 4.9275e-13 | F33: 4.9224e-13 | G33: 4.9186e-13 | H33: 4.9114e-13 | I33: 4.9054e-13 | J33: 4.8999e-13 | K33: 4.8921e-13 | L33: 4.8881e-13 | M33: 4.8826e-13 | N33: 4.8767e-13 | O33: 4.8708e-13 | P33: 4.865e-13 | Q33: 4.8593e-13 | R33: 4.8538e-13 | S33: 4.8484e-13 | T33: 4.8433e-13 | U33: 4.8383e-13 | V33: 4.8336e-13 | W33: 4.8292e-13 | X33: 4.8251e-13 | Y33: 4.8213e-13 | Z33: 4.8178e-13 | AA33: 4.8147e-13 | AB33: 4.812e-13 | AC33: 4.8097e-13 | AD33: 4.8078e-13 | AE33: 4.8063e-13 | AF33: 4.8053e-13 | AG33: 4.8057e-13 | AH33: 4.806e-13 | AI33: 4.8041e-13 | AJ33: 4.8061e-13 | AK33: 4.8065e-13 | AL33: 4.8098e-13 | AM33: 4.8127e-13 | AN33: 4.815e-13 | AO33: 4.8199e-13 | AP33: 4.8225e-13 | AS33: =MAX($AV$26:$CI$45) -> 5.17e-13 | AU33: 7 | AV33: 4.9354e-13 | AW33: 4.9305e-13 | AX33: 4.9275e-13 | AY33: 4.9224e-13 | AZ33: 4.9186e-13 | BA33: 4.9114e-13 | BB33: 4.9054e-13 | BC33: 4.8999e-13 | BD33: 4.8921e-13 | BE33: 4.8881e-13 | BF33: 4.8826e-13 | BG33: 4.8767e-13 | BH33: 4.8708e-13 | BI33: 4.865e-13 | BJ33: 4.8593e-13 | BK33: 4.8538e-13 | BL33: 4.8484e-13 | BM33: 4.8433e-13 | BN33: 4.8383e-13 | BO33: 4.8336e-13 | BP33: 4.8292e-13 | BQ33: 4.8251e-13 | BR33: 4.8213e-13 | BS33: 4.8178e-13 | BT33: 4.8147e-13 | BU33: 4.812e-13 | BV33: 4.8097e-13 | BW33: 4.8078e-13 | BX33: 4.8063e-13 | BY33: 4.8053e-13 | BZ33: 4.8057e-13 | CA33: 4.806e-13 | CB33: 4.8041e-13 | CC33: 4.8061e-13 | CD33: 4.8065e-13 | CE33: 4.8098e-13 | CF33: 4.8127e-13 | CG33: 4.815e-13 | CH33: 4.8199e-13 | CI33: 4.8225e-13
B34: 8 | C34: 4.8359e-13 | D34: 4.8346e-13 | E34: 4.8338e-13 | F34: 4.8344e-13 | G34: 4.8307e-13 | H34: 4.8319e-13 | I34: 4.8296e-13 | J34: 4.8261e-13 | K34: 4.8245e-13 | L34: 4.8207e-13 | M34: 4.8199e-13 | N34: 4.8175e-13 | O34: 4.8151e-13 | P34: 4.8126e-13 | Q34: 4.81e-13 | R34: 4.8075e-13 | S34: 4.8049e-13 | T34: 4.8024e-13 | U34: 4.8e-13 | V34: 4.7976e-13 | W34: 4.7954e-13 | X34: 4.7933e-13 | Y34: 4.7915e-13 | Z34: 4.7898e-13 | AA34: 4.7884e-13 | AB34: 4.7873e-13 | AC34: 4.7865e-13 | AD34: 4.786e-13 | AE34: 4.7859e-13 | AF34: 4.7861e-13 | AG34: 4.7851e-13 | AH34: 4.788e-13 | AI34: 4.7893e-13 | AJ34: 4.7891e-13 | AK34: 4.7947e-13 | AL34: 4.7983e-13 | AM34: 4.8024e-13 | AN34: 4.8051e-13 | AO34: 4.8086e-13 | AP34: 4.8151e-13 | AS34: =MIN($AV$26:$CI$45) -> 4.7805e-13 | AU34: 8 | AV34: 4.8359e-13 | AW34: 4.8346e-13 | AX34: 4.8338e-13 | AY34: 4.8344e-13 | AZ34: 4.8307e-13 | BA34: 4.8319e-13 | BB34: 4.8296e-13 | BC34: 4.8261e-13 | BD34: 4.8245e-13 | BE34: 4.8207e-13 | BF34: 4.8199e-13 | BG34: 4.8175e-13 | BH34: 4.8151e-13 | BI34: 4.8126e-13 | BJ34: 4.81e-13 | BK34: 4.8075e-13 | BL34: 4.8049e-13 | BM34: 4.8024e-13 | BN34: 4.8e-13 | BO34: 4.7976e-13 | BP34: 4.7954e-13 | BQ34: 4.7933e-13 | BR34: 4.7915e-13 | BS34: 4.7898e-13 | BT34: 4.7884e-13 | BU34: 4.7873e-13 | BV34: 4.7865e-13 | BW34: 4.786e-13 | BX34: 4.7859e-13 | BY34: 4.7861e-13 | BZ34: 4.7851e-13 | CA34: 4.788e-13 | CB34: 4.7893e-13 | CC34: 4.7891e-13 | CD34: 4.7947e-13 | CE34: 4.7983e-13 | CF34: 4.8024e-13 | CG34: 4.8051e-13 | CH34: 4.8086e-13 | CI34: 4.8151e-13
B35: 9 | C35: 4.8377e-13 | D35: 4.844e-13 | E35: 4.8455e-13 | F35: 4.849e-13 | G35: 4.8524e-13 | H35: 4.8555e-13 | I35: 4.8587e-13 | J35: 4.8606e-13 | K35: 4.8618e-13 | L35: 4.8654e-13 | M35: 4.8673e-13 | N35: 4.869e-13 | O35: 4.8705e-13 | P35: 4.8718e-13 | Q35: 4.8728e-13 | R35: 4.8737e-13 | S35: 4.8743e-13 | T35: 4.8747e-13 | U35: 4.875e-13 | V35: 4.8751e-13 | W35: 4.8751e-13 | X35: 4.8749e-13 | Y35: 4.8746e-13 | Z35: 4.8742e-13 | AA35: 4.8737e-13 | AB35: 4.8732e-13 | AC35: 4.8727e-13 | AD35: 4.8721e-13 | AE35: 4.8716e-13 | AF35: 4.8711e-13 | AG35: 4.8706e-13 | AH35: 4.8711e-13 | AI35: 4.8714e-13 | AJ35: 4.8719e-13 | AK35: 4.8709e-13 | AL35: 4.8702e-13 | AM35: 4.8715e-13 | AN35: 4.8723e-13 | AO35: 4.8717e-13 | AP35: 4.8718e-13 | AS35: =AVERAGE($AV$26:$CI$45) -> 4.9111156e-13 | AU35: 9 | AV35: 4.8377e-13 | AW35: 4.844e-13 | AX35: 4.8455e-13 | AY35: 4.849e-13 | AZ35: 4.8524e-13 | BA35: 4.8555e-13 | BB35: 4.8587e-13 | BC35: 4.8606e-13 | BD35: 4.8618e-13 | BE35: 4.8654e-13 | BF35: 4.8673e-13 | BG35: 4.869e-13 | BH35: 4.8705e-13 | BI35: 4.8718e-13 | BJ35: 4.8728e-13 | BK35: 4.8737e-13 | BL35: 4.8743e-13 | BM35: 4.8747e-13 | BN35: 4.875e-13 | BO35: 4.8751e-13 | BP35: 4.8751e-13 | BQ35: 4.8749e-13 | BR35: 4.8746e-13 | BS35: 4.8742e-13 | BT35: 4.8737e-13 | BU35: 4.8732e-13 | BV35: 4.8727e-13 | BW35: 4.8721e-13 | BX35: 4.8716e-13 | BY35: 4.8711e-13 | BZ35: 4.8706e-13 | CA35: 4.8711e-13 | CB35: 4.8714e-13 | CC35: 4.8719e-13 | CD35: 4.8709e-13 | CE35: 4.8702e-13 | CF35: 4.8715e-13 | CG35: 4.8723e-13 | CH35: 4.8717e-13 | CI35: 4.8718e-13
B36: 10 | C36: 4.9447e-13 | D36: 4.9526e-13 | E36: 4.9576e-13 | F36: 4.9646e-13 | G36: 4.9723e-13 | H36: 4.9795e-13 | I36: 4.9852e-13 | J36: 4.9923e-13 | K36: 4.9993e-13 | L36: 5.0038e-13 | M36: 5.0097e-13 | N36: 5.0152e-13 | O36: 5.0203e-13 | P36: 5.0252e-13 | Q36: 5.0299e-13 | R36: 5.0342e-13 | S36: 5.0383e-13 | T36: 5.0422e-13 | U36: 5.0458e-13 | V36: 5.0491e-13 | W36: 5.0522e-13 | X36: 5.0551e-13 | Y36: 5.0577e-13 | Z36: 5.0601e-13 | AA36: 5.0623e-13 | AB36: 5.0642e-13 | AC36: 5.066e-13 | AD36: 5.0676e-13 | AE36: 5.069e-13 | AF36: 5.0702e-13 | AG36: 5.0693e-13 | AH36: 5.0713e-13 | AI36: 5.0708e-13 | AJ36: 5.0725e-13 | AK36: 5.0726e-13 | AL36: 5.073e-13 | AM36: 5.0763e-13 | AN36: 5.0757e-13 | AO36: 5.0761e-13 | AP36: 5.0773e-13 | AS36: =MEDIAN($AV$26:$CI$45) -> 4.8793e-13 | AU36: 10 | AV36: 4.9447e-13 | AW36: 4.9526e-13 | AX36: 4.9576e-13 | AY36: 4.9646e-13 | AZ36: 4.9723e-13 | BA36: 4.9795e-13 | BB36: 4.9852e-13 | BC36: 4.9923e-13 | BD36: 4.9993e-13 | BE36: 5.0038e-13 | BF36: 5.0097e-13 | BG36: 5.0152e-13 | BH36: 5.0203e-13 | BI36: 5.0252e-13 | BJ36: 5.0299e-13 | BK36: 5.0342e-13 | BL36: 5.0383e-13 | BM36: 5.0422e-13 | BN36: 5.0458e-13 | BO36: 5.0491e-13 | BP36: 5.0522e-13 | BQ36: 5.0551e-13 | BR36: 5.0577e-13 | BS36: 5.0601e-13 | BT36: 5.0623e-13 | BU36: 5.0642e-13 | BV36: 5.066e-13 | BW36: 5.0676e-13 | BX36: 5.069e-13 | BY36: 5.0702e-13 | BZ36: 5.0693e-13 | CA36: 5.0713e-13 | CB36: 5.0708e-13 | CC36: 5.0725e-13 | CD36: 5.0726e-13 | CE36: 5.073e-13 | CF36: 5.0763e-13 | CG36: 5.0757e-13 | CH36: 5.0761e-13 | CI36: 5.0773e-13
B37: 11 | C37: 5.0176e-13 | D37: 5.0234e-13 | E37: 5.0312e-13 | F37: 5.0405e-13 | G37: 5.0444e-13 | H37: 5.0515e-13 | I37: 5.0597e-13 | J37: 5.0663e-13 | K37: 5.0712e-13 | L37: 5.0778e-13 | M37: 5.0845e-13 | N37: 5.0904e-13 | O37: 5.096e-13 | P37: 5.1014e-13 | Q37: 5.1067e-13 | R37: 5.1117e-13 | S37: 5.1165e-13 | T37: 5.1211e-13 | U37: 5.1255e-13 | V37: 5.1298e-13 | W37: 5.1338e-13 | X37: 5.1376e-13 | Y37: 5.1412e-13 | Z37: 5.1446e-13 | AA37: 5.1478e-13 | AB37: 5.1508e-13 | AC37: 5.1536e-13 | AD37: 5.1561e-13 | AE37: 5.1584e-13 | AF37: 5.1605e-13 | AG37: 5.1625e-13 | AH37: 5.1648e-13 | AI37: 5.1655e-13 | AJ37: 5.1657e-13 | AK37: 5.167e-13 | AL37: 5.1683e-13 | AM37: 5.1696e-13 | AN37: 5.17e-13 | AO37: 5.1677e-13 | AP37: 5.1679e-13 | AS37: =_xlfn.STDEV.S($AV$26:$CI$45) -> 9.7020923e-15 | AU37: 11 | AV37: 5.0176e-13 | AW37: 5.0234e-13 | AX37: 5.0312e-13 | AY37: 5.0405e-13 | AZ37: 5.0444e-13 | BA37: 5.0515e-13 | BB37: 5.0597e-13 | BC37: 5.0663e-13 | BD37: 5.0712e-13 | BE37: 5.0778e-13 | BF37: 5.0845e-13 | BG37: 5.0904e-13 | BH37: 5.096e-13 | BI37: 5.1014e-13 | BJ37: 5.1067e-13 | BK37: 5.1117e-13 | BL37: 5.1165e-13 | BM37: 5.1211e-13 | BN37: 5.1255e-13 | BO37: 5.1298e-13 | BP37: 5.1338e-13 | BQ37: 5.1376e-13 | BR37: 5.1412e-13 | BS37: 5.1446e-13 | BT37: 5.1478e-13 | BU37: 5.1508e-13 | BV37: 5.1536e-13 | BW37: 5.1561e-13 | BX37: 5.1584e-13 | BY37: 5.1605e-13 | BZ37: 5.1625e-13 | CA37: 5.1648e-13 | CB37: 5.1655e-13 | CC37: 5.1657e-13 | CD37: 5.167e-13 | CE37: 5.1683e-13 | CF37: 5.1696e-13 | CG37: 5.17e-13 | CH37: 5.1677e-13 | CI37: 5.1679e-13
B38: 12 | C38: 5.0078e-13 | D38: 5.0148e-13 | E38: 5.0212e-13 | F38: 5.0248e-13 | G38: 5.0315e-13 | H38: 5.0375e-13 | I38: 5.0427e-13 | J38: 5.0478e-13 | K38: 5.0532e-13 | L38: 5.0609e-13 | M38: 5.0649e-13 | N38: 5.0698e-13 | O38: 5.0743e-13 | P38: 5.0786e-13 | Q38: 5.0826e-13 | R38: 5.0864e-13 | S38: 5.0898e-13 | T38: 5.0929e-13 | U38: 5.0958e-13 | V38: 5.0983e-13 | W38: 5.1005e-13 | X38: 5.1024e-13 | Y38: 5.104e-13 | Z38: 5.1052e-13 | AA38: 5.1061e-13 | AB38: 5.1066e-13 | AC38: 5.1068e-13 | AD38: 5.1067e-13 | AE38: 5.1062e-13 | AF38: 5.1054e-13 | AG38: 5.1049e-13 | AH38: 5.1033e-13 | AI38: 5.0992e-13 | AJ38: 5.0982e-13 | AK38: 5.0955e-13 | AL38: 5.093e-13 | AM38: 5.0906e-13 | AN38: 5.0867e-13 | AO38: 5.0821e-13 | AP38: 5.0776e-13 | AU38: 12 | AV38: 5.0078e-13 | AW38: 5.0148e-13 | AX38: 5.0212e-13 | AY38: 5.0248e-13 | AZ38: 5.0315e-13 | BA38: 5.0375e-13 | BB38: 5.0427e-13 | BC38: 5.0478e-13 | BD38: 5.0532e-13 | BE38: 5.0609e-13 | BF38: 5.0649e-13 | BG38: 5.0698e-13 | BH38: 5.0743e-13 | BI38: 5.0786e-13 | BJ38: 5.0826e-13 | BK38: 5.0864e-13 | BL38: 5.0898e-13 | BM38: 5.0929e-13 | BN38: 5.0958e-13 | BO38: 5.0983e-13 | BP38: 5.1005e-13 | BQ38: 5.1024e-13 | BR38: 5.104e-13 | BS38: 5.1052e-13 | BT38: 5.1061e-13 | BU38: 5.1066e-13 | BV38: 5.1068e-13 | BW38: 5.1067e-13 | BX38: 5.1062e-13 | BY38: 5.1054e-13 | BZ38: 5.1049e-13 | CA38: 5.1033e-13 | CB38: 5.0992e-13 | CC38: 5.0982e-13 | CD38: 5.0955e-13 | CE38: 5.093e-13 | CF38: 5.0906e-13 | CG38: 5.0867e-13 | CH38: 5.0821e-13 | CI38: 5.0776e-13
B39: 13 | C39: 4.9939e-13 | D39: 4.9956e-13 | E39: 4.9976e-13 | F39: 4.9972e-13 | G39: 4.9986e-13 | H39: 5.0021e-13 | I39: 4.9997e-13 | J39: 5.0014e-13 | K39: 5.0023e-13 | L39: 5.0016e-13 | M39: 5.0017e-13 | N39: 5.0015e-13 | O39: 5.0011e-13 | P39: 5.0005e-13 | Q39: 4.9997e-13 | R39: 4.9987e-13 | S39: 4.9975e-13 | T39: 4.9962e-13 | U39: 4.9948e-13 | V39: 4.9932e-13 | W39: 4.9914e-13 | X39: 4.9896e-13 | Y39: 4.9876e-13 | Z39: 4.9855e-13 | AA39: 4.9833e-13 | AB39: 4.9811e-13 | AC39: 4.9787e-13 | AD39: 4.9763e-13 | AE39: 4.9738e-13 | AF39: 4.9713e-13 | AG39: 4.9693e-13 | AH39: 4.9662e-13 | AI39: 4.9657e-13 | AJ39: 4.9633e-13 | AK39: 4.9586e-13 | AL39: 4.9561e-13 | AM39: 4.9515e-13 | AN39: 4.948e-13 | AO39: 4.9457e-13 | AP39: 4.9436e-13 | AU39: 13 | AV39: 4.9939e-13 | AW39: 4.9956e-13 | AX39: 4.9976e-13 | AY39: 4.9972e-13 | AZ39: 4.9986e-13 | BA39: 5.0021e-13 | BB39: 4.9997e-13 | BC39: 5.0014e-13 | BD39: 5.0023e-13 | BE39: 5.0016e-13 | BF39: 5.0017e-13 | BG39: 5.0015e-13 | BH39: 5.0011e-13 | BI39: 5.0005e-13 | BJ39: 4.9997e-13 | BK39: 4.9987e-13 | BL39: 4.9975e-13 | BM39: 4.9962e-13 | BN39: 4.9948e-13 | BO39: 4.9932e-13 | BP39: 4.9914e-13 | BQ39: 4.9896e-13 | BR39: 4.9876e-13 | BS39: 4.9855e-13 | BT39: 4.9833e-13 | BU39: 4.9811e-13 | BV39: 4.9787e-13 | BW39: 4.9763e-13 | BX39: 4.9738e-13 | BY39: 4.9713e-13 | BZ39: 4.9693e-13 | CA39: 4.9662e-13 | CB39: 4.9657e-13 | CC39: 4.9633e-13 | CD39: 4.9586e-13 | CE39: 4.9561e-13 | CF39: 4.9515e-13 | CG39: 4.948e-13 | CH39: 4.9457e-13 | CI39: 4.9436e-13
B40: 14 | C40: 4.9791e-13 | D40: 4.9756e-13 | E40: 4.9711e-13 | F40: 4.9668e-13 | G40: 4.9598e-13 | H40: 4.9542e-13 | I40: 4.9479e-13 | J40: 4.9422e-13 | K40: 4.936e-13 | L40: 4.9326e-13 | M40: 4.9244e-13 | N40: 4.9181e-13 | O40: 4.9117e-13 | P40: 4.9054e-13 | Q40: 4.8992e-13 | R40: 4.893e-13 | S40: 4.887e-13 | T40: 4.8811e-13 | U40: 4.8754e-13 | V40: 4.87e-13 | W40: 4.8647e-13 | X40: 4.8596e-13 | Y40: 4.8549e-13 | Z40: 4.8504e-13 | AA40: 4.8462e-13 | AB40: 4.8424e-13 | AC40: 4.8389e-13 | AD40: 4.8357e-13 | AE40: 4.8328e-13 | AF40: 4.8303e-13 | AG40: 4.8268e-13 | AH40: 4.8251e-13 | AI40: 4.8237e-13 | AJ40: 4.8234e-13 | AK40: 4.8218e-13 | AL40: 4.8212e-13 | AM40: 4.8218e-13 | AN40: 4.8235e-13 | AO40: 4.8231e-13 | AP40: 4.8217e-13 | AU40: 14 | AV40: 4.9791e-13 | AW40: 4.9756e-13 | AX40: 4.9711e-13 | AY40: 4.9668e-13 | AZ40: 4.9598e-13 | BA40: 4.9542e-13 | BB40: 4.9479e-13 | BC40: 4.9422e-13 | BD40: 4.936e-13 | BE40: 4.9326e-13 | BF40: 4.9244e-13 | BG40: 4.9181e-13 | BH40: 4.9117e-13 | BI40: 4.9054e-13 | BJ40: 4.8992e-13 | BK40: 4.893e-13 | BL40: 4.887e-13 | BM40: 4.8811e-13 | BN40: 4.8754e-13 | BO40: 4.87e-13 | BP40: 4.8647e-13 | BQ40: 4.8596e-13 | BR40: 4.8549e-13 | BS40: 4.8504e-13 | BT40: 4.8462e-13 | BU40: 4.8424e-13 | BV40: 4.8389e-13 | BW40: 4.8357e-13 | BX40: 4.8328e-13 | BY40: 4.8303e-13 | BZ40: 4.8268e-13 | CA40: 4.8251e-13 | CB40: 4.8237e-13 | CC40: 4.8234e-13 | CD40: 4.8218e-13 | CE40: 4.8212e-13 | CF40: 4.8218e-13 | CG40: 4.8235e-13 | CH40: 4.8231e-13 | CI40: 4.8217e-13
B41: 15 | C41: 4.9303e-13 | D41: 4.9261e-13 | E41: 4.9207e-13 | F41: 4.914e-13 | G41: 4.9095e-13 | H41: 4.9044e-13 | I41: 4.9013e-13 | J41: 4.8941e-13 | K41: 4.888e-13 | L41: 4.8842e-13 | M41: 4.8782e-13 | N41: 4.8731e-13 | O41: 4.8681e-13 | P41: 4.8633e-13 | Q41: 4.8587e-13 | R41: 4.8543e-13 | S41: 4.85e-13 | T41: 4.846e-13 | U41: 4.8423e-13 | V41: 4.8388e-13 | W41: 4.8356e-13 | X41: 4.8327e-13 | Y41: 4.83e-13 | Z41: 4.8277e-13 | AA41: 4.8257e-13 | AB41: 4.8241e-13 | AC41: 4.8227e-13 | AD41: 4.8217e-13 | AE41: 4.8211e-13 | AF41: 4.8208e-13 | AG41: 4.8211e-13 | AH41: 4.8213e-13 | AI41: 4.8225e-13 | AJ41: 4.8235e-13 | AK41: 4.8243e-13 | AL41: 4.8262e-13 | AM41: 4.8275e-13 | AN41: 4.8299e-13 | AO41: 4.8324e-13 | AP41: 4.8352e-13 | AU41: 15 | AV41: 4.9303e-13 | AW41: 4.9261e-13 | AX41: 4.9207e-13 | AY41: 4.914e-13 | AZ41: 4.9095e-13 | BA41: 4.9044e-13 | BB41: 4.9013e-13 | BC41: 4.8941e-13 | BD41: 4.888e-13 | BE41: 4.8842e-13 | BF41: 4.8782e-13 | BG41: 4.8731e-13 | BH41: 4.8681e-13 | BI41: 4.8633e-13 | BJ41: 4.8587e-13 | BK41: 4.8543e-13 | BL41: 4.85e-13 | BM41: 4.846e-13 | BN41: 4.8423e-13 | BO41: 4.8388e-13 | BP41: 4.8356e-13 | BQ41: 4.8327e-13 | BR41: 4.83e-13 | BS41: 4.8277e-13 | BT41: 4.8257e-13 | BU41: 4.8241e-13 | BV41: 4.8227e-13 | BW41: 4.8217e-13 | BX41: 4.8211e-13 | BY41: 4.8208e-13 | BZ41: 4.8211e-13 | CA41: 4.8213e-13 | CB41: 4.8225e-13 | CC41: 4.8235e-13 | CD41: 4.8243e-13 | CE41: 4.8262e-13 | CF41: 4.8275e-13 | CG41: 4.8299e-13 | CH41: 4.8324e-13 | CI41: 4.8352e-13
B42: 16 | C42: 4.892e-13 | D42: 4.8922e-13 | E42: 4.8899e-13 | F42: 4.8898e-13 | G42: 4.8896e-13 | H42: 4.8898e-13 | I42: 4.8898e-13 | J42: 4.8917e-13 | K42: 4.8917e-13 | L42: 4.8918e-13 | M42: 4.8931e-13 | N42: 4.8941e-13 | O42: 4.8953e-13 | P42: 4.8966e-13 | Q42: 4.898e-13 | R42: 4.8995e-13 | S42: 4.9012e-13 | T42: 4.9029e-13 | U42: 4.9046e-13 | V42: 4.9064e-13 | W42: 4.9083e-13 | X42: 4.9102e-13 | Y42: 4.9121e-13 | Z42: 4.914e-13 | AA42: 4.916e-13 | AB42: 4.9179e-13 | AC42: 4.9198e-13 | AD42: 4.9218e-13 | AE42: 4.9237e-13 | AF42: 4.9256e-13 | AG42: 4.9277e-13 | AH42: 4.9307e-13 | AI42: 4.9334e-13 | AJ42: 4.9334e-13 | AK42: 4.9355e-13 | AL42: 4.9358e-13 | AM42: 4.9374e-13 | AN42: 4.9392e-13 | AO42: 4.9408e-13 | AP42: 4.9414e-13 | AU42: 16 | AV42: 4.892e-13 | AW42: 4.8922e-13 | AX42: 4.8899e-13 | AY42: 4.8898e-13 | AZ42: 4.8896e-13 | BA42: 4.8898e-13 | BB42: 4.8898e-13 | BC42: 4.8917e-13 | BD42: 4.8917e-13 | BE42: 4.8918e-13 | BF42: 4.8931e-13 | BG42: 4.8941e-13 | BH42: 4.8953e-13 | BI42: 4.8966e-13 | BJ42: 4.898e-13 | BK42: 4.8995e-13 | BL42: 4.9012e-13 | BM42: 4.9029e-13 | BN42: 4.9046e-13 | BO42: 4.9064e-13 | BP42: 4.9083e-13 | BQ42: 4.9102e-13 | BR42: 4.9121e-13 | BS42: 4.914e-13 | BT42: 4.916e-13 | BU42: 4.9179e-13 | BV42: 4.9198e-13 | BW42: 4.9218e-13 | BX42: 4.9237e-13 | BY42: 4.9256e-13 | BZ42: 4.9277e-13 | CA42: 4.9307e-13 | CB42: 4.9334e-13 | CC42: 4.9334e-13 | CD42: 4.9355e-13 | CE42: 4.9358e-13 | CF42: 4.9374e-13 | CG42: 4.9392e-13 | CH42: 4.9408e-13 | CI42: 4.9414e-13
B43: 17 | C43: 4.8165e-13 | D43: 4.8138e-13 | E43: 4.8113e-13 | F43: 4.8098e-13 | G43: 4.8086e-13 | H43: 4.8063e-13 | I43: 4.8059e-13 | J43: 4.8064e-13 | K43: 4.8051e-13 | L43: 4.8053e-13 | M43: 4.8064e-13 | N43: 4.8073e-13 | O43: 4.8085e-13 | P43: 4.8099e-13 | Q43: 4.8117e-13 | R43: 4.8138e-13 | S43: 4.8161e-13 | T43: 4.8186e-13 | U43: 4.8214e-13 | V43: 4.8243e-13 | W43: 4.8275e-13 | X43: 4.8307e-13 | Y43: 4.8341e-13 | Z43: 4.8376e-13 | AA43: 4.8412e-13 | AB43: 4.8448e-13 | AC43: 4.8485e-13 | AD43: 4.8522e-13 | AE43: 4.8559e-13 | AF43: 4.8597e-13 | AG43: 4.8628e-13 | AH43: 4.8681e-13 | AI43: 4.8716e-13 | AJ43: 4.8759e-13 | AK43: 4.8778e-13 | AL43: 4.8824e-13 | AM43: 4.8848e-13 | AN43: 4.8889e-13 | AO43: 4.8936e-13 | AP43: 4.8967e-13 | AU43: 17 | AV43: 4.8165e-13 | AW43: 4.8138e-13 | AX43: 4.8113e-13 | AY43: 4.8098e-13 | AZ43: 4.8086e-13 | BA43: 4.8063e-13 | BB43: 4.8059e-13 | BC43: 4.8064e-13 | BD43: 4.8051e-13 | BE43: 4.8053e-13 | BF43: 4.8064e-13 | BG43: 4.8073e-13 | BH43: 4.8085e-13 | BI43: 4.8099e-13 | BJ43: 4.8117e-13 | BK43: 4.8138e-13 | BL43: 4.8161e-13 | BM43: 4.8186e-13 | BN43: 4.8214e-13 | BO43: 4.8243e-13 | BP43: 4.8275e-13 | BQ43: 4.8307e-13 | BR43: 4.8341e-13 | BS43: 4.8376e-13 | BT43: 4.8412e-13 | BU43: 4.8448e-13 | BV43: 4.8485e-13 | BW43: 4.8522e-13 | BX43: 4.8559e-13 | BY43: 4.8597e-13 | BZ43: 4.8628e-13 | CA43: 4.8681e-13 | CB43: 4.8716e-13 | CC43: 4.8759e-13 | CD43: 4.8778e-13 | CE43: 4.8824e-13 | CF43: 4.8848e-13 | CG43: 4.8889e-13 | CH43: 4.8936e-13 | CI43: 4.8967e-13
B44: 18 | C44: 4.8083e-13 | D44: 4.8044e-13 | E44: 4.8011e-13 | F44: 4.7988e-13 | G44: 4.7952e-13 | H44: 4.7925e-13 | I44: 4.789e-13 | J44: 4.7877e-13 | K44: 4.7857e-13 | L44: 4.7833e-13 | M44: 4.7829e-13 | N44: 4.7818e-13 | O44: 4.7811e-13 | P44: 4.7807e-13 | Q44: 4.7805e-13 | R44: 4.7807e-13 | S44: 4.7811e-13 | T44: 4.7818e-13 | U44: 4.7828e-13 | V44: 4.784e-13 | W44: 4.7854e-13 | X44: 4.787e-13 | Y44: 4.7888e-13 | Z44: 4.7908e-13 | AA44: 4.7929e-13 | AB44: 4.7952e-13 | AC44: 4.7976e-13 | AD44: 4.8001e-13 | AE44: 4.8026e-13 | AF44: 4.8053e-13 | AG44: 4.8081e-13 | AH44: 4.8118e-13 | AI44: 4.8131e-13 | AJ44: 4.8147e-13 | AK44: 4.8191e-13 | AL44: 4.8212e-13 | AM44: 4.8246e-13 | AN44: 4.8276e-13 | AO44: 4.8309e-13 | AP44: 4.8343e-13 | AU44: 18 | AV44: 4.8083e-13 | AW44: 4.8044e-13 | AX44: 4.8011e-13 | AY44: 4.7988e-13 | AZ44: 4.7952e-13 | BA44: 4.7925e-13 | BB44: 4.789e-13 | BC44: 4.7877e-13 | BD44: 4.7857e-13 | BE44: 4.7833e-13 | BF44: 4.7829e-13 | BG44: 4.7818e-13 | BH44: 4.7811e-13 | BI44: 4.7807e-13 | BJ44: 4.7805e-13 | BK44: 4.7807e-13 | BL44: 4.7811e-13 | BM44: 4.7818e-13 | BN44: 4.7828e-13 | BO44: 4.784e-13 | BP44: 4.7854e-13 | BQ44: 4.787e-13 | BR44: 4.7888e-13 | BS44: 4.7908e-13 | BT44: 4.7929e-13 | BU44: 4.7952e-13 | BV44: 4.7976e-13 | BW44: 4.8001e-13 | BX44: 4.8026e-13 | BY44: 4.8053e-13 | BZ44: 4.8081e-13 | CA44: 4.8118e-13 | CB44: 4.8131e-13 | CC44: 4.8147e-13 | CD44: 4.8191e-13 | CE44: 4.8212e-13 | CF44: 4.8246e-13 | CG44: 4.8276e-13 | CH44: 4.8309e-13 | CI44: 4.8343e-13
B45: 19 | C45: 4.8499e-13 | D45: 4.8491e-13 | E45: 4.8472e-13 | F45: 4.8469e-13 | G45: 4.8452e-13 | H45: 4.8443e-13 | I45: 4.8433e-13 | J45: 4.842e-13 | K45: 4.8403e-13 | L45: 4.8417e-13 | M45: 4.8409e-13 | N45: 4.8409e-13 | O45: 4.8412e-13 | P45: 4.8415e-13 | Q45: 4.842e-13 | R45: 4.8425e-13 | S45: 4.843e-13 | T45: 4.8436e-13 | U45: 4.8442e-13 | V45: 4.8448e-13 | W45: 4.8454e-13 | X45: 4.8459e-13 | Y45: 4.8465e-13 | Z45: 4.847e-13 | AA45: 4.8475e-13 | AB45: 4.848e-13 | AC45: 4.8485e-13 | AD45: 4.8489e-13 | AE45: 4.8494e-13 | AF45: 4.8499e-13 | AG45: 4.8494e-13 | AH45: 4.8508e-13 | AI45: 4.8497e-13 | AJ45: 4.8522e-13 | AK45: 4.8527e-13 | AL45: 4.8524e-13 | AM45: 4.8537e-13 | AN45: 4.8548e-13 | AO45: 4.8546e-13 | AP45: 4.8559e-13 | AU45: 19 | AV45: 4.8499e-13 | AW45: 4.8491e-13 | AX45: 4.8472e-13 | AY45: 4.8469e-13 | AZ45: 4.8452e-13 | BA45: 4.8443e-13 | BB45: 4.8433e-13 | BC45: 4.842e-13 | BD45: 4.8403e-13 | BE45: 4.8417e-13 | BF45: 4.8409e-13 | BG45: 4.8409e-13 | BH45: 4.8412e-13 | BI45: 4.8415e-13 | BJ45: 4.842e-13 | BK45: 4.8425e-13 | BL45: 4.843e-13 | BM45: 4.8436e-13 | BN45: 4.8442e-13 | BO45: 4.8448e-13 | BP45: 4.8454e-13 | BQ45: 4.8459e-13 | BR45: 4.8465e-13 | BS45: 4.847e-13 | BT45: 4.8475e-13 | BU45: 4.848e-13 | BV45: 4.8485e-13 | BW45: 4.8489e-13 | BX45: 4.8494e-13 | BY45: 4.8499e-13 | BZ45: 4.8494e-13 | CA45: 4.8508e-13 | CB45: 4.8497e-13 | CC45: 4.8522e-13 | CD45: 4.8527e-13 | CE45: 4.8524e-13 | CF45: 4.8537e-13 | CG45: 4.8548e-13 | CH45: 4.8546e-13 | CI45: 4.8559e-13

Sheet Z_08
B1: HET | C1: =C2/B2 -> 1
B2: =AVERAGE(B6:B2046) -> 0.074812968 | C2: =AVERAGE(C6:C2046) -> 0.074812968 | E2: =MAX(B$6:B$2046) -> 40 | F2: =MAX(C$6:C$2046) -> 40 | AZ2: =COLUMN()-COLUMN(AY2) -> 1 | BT2: =COLUMN()-COLUMN(AZ1) -> 20 | AFU2: =COLUMN()-COLUMN(AFT2) -> 1 | AGO2: =COLUMN()-COLUMN(AFU1) -> 20 | AGQ2: =COLUMN()-COLUMN(AGP2) -> 1 | AHK2: =COLUMN()-COLUMN(AGQ1) -> 20 | AHM2: =COLUMN()-COLUMN(AHL2) -> 1 | AIG2: =COLUMN()-COLUMN(AHM1) -> 20
B3: =COUNT(B6:B4887) -> 802 | C3: =COUNT(C6:C4887) -> 802 | E3: =MIN(B$6:B$2046) -> 4.7805e-13 | F3: =MIN(C$6:C$2046) -> 2.252e-13 | AZ3: =AZ4 -> 0 | CN3: =CN4 -> 1 | EB3: =EB4 -> 2 | FP3: =FP4 -> 3
A4: -1 | B4: =INDEX(B$6:B$807,B$3+$A4,1) -> 20 | C4: =INDEX(C$6:C$807,C$3+$A4,1) -> 20 | E4: =AVERAGE(B$6:B$2046) -> 0.074812968 | F4: =AVERAGE(C$6:C$2046) -> 0.074812968 | AZ4: 0 | BA4: 0 | BB4: 0 | BC4: 0 | BD4: 0 | BE4: 0 | BF4: 0 | BG4: 0 | BH4: 0 | BI4: 0 | BJ4: 0 | BK4: 0 | BL4: 0 | BM4: 0 | BN4: 0 | BO4: 0 | BP4: 0 | BQ4: 0 | BR4: 0 | BS4: 0 | BT4: 0 | BU4: 0 | BV4: 0 | BW4: 0 | BX4: 0 | BY4: 0 | BZ4: 0 | CA4: 0 | CB4: 0 | CC4: 0 | CD4: 0 | CE4: 0 | CF4: 0 | CG4: 0 | CH4: 0 | CI4: 0 | CJ4: 0 | CK4: 0 | CL4: 0 | CM4: 0 | CN4: =AZ4+1 -> 1 | CO4: =BA4+1 -> 1 | CP4: =BB4+1 -> 1 | CQ4: =BC4+1 -> 1 | CR4: =BD4+1 -> 1 | CS4: =BE4+1 -> 1 | CT4: =BF4+1 -> 1 | CU4: =BG4+1 -> 1 | ... AFS4: =AEE4+1 -> 19 | AIJ4: 0 | AIK4: 1 | AIL4: 2 | AIM4: 50 | AIR4: =MAX(AIR7:AKF7) -> 40
A5: 0 | B5: =INDEX(B$6:B$807,B$3+$A5,1) -> 40 | C5: =INDEX(C$6:C$807,C$3+$A5,1) -> 40 | E5: =MEDIAN(B$6:B$2046) -> 4.88075e-13 | F5: =MEDIAN(C$6:C$2046) -> 6.94525e-13 | I5: a | AW5: b | AZ5: 0 | BA5: 1 | BB5: 2 | BC5: 3 | BD5: 4 | BE5: 5 | BF5: 6 | BG5: 7 | BH5: 8 | BI5: 9 | BJ5: 10 | BK5: 11 | BL5: 12 | BM5: 13 | BN5: 14 | BO5: 15 | BP5: 16 | BQ5: 17 | BR5: 18 | BS5: 19 | BT5: 20 | BU5: 21 | BV5: 22 | BW5: 23 | BX5: 24 | BY5: 25 | BZ5: 26 | CA5: 27 | CB5: 28 | CC5: 29 | CD5: 30 | CE5: 31 | CF5: 32 | CG5: 33 | CH5: 34 | CI5: 35 | CJ5: 36 | CK5: 37 | CL5: 38 | CM5: 39 | CN5: =AZ5 -> 0 | CO5: =BA5 -> 1 | CP5: =BB5 -> 2 | CQ5: =BC5 -> 3 | CR5: =BD5 -> 4 | CS5: =BE5 -> 5 | CT5: =BF5 -> 6 | CU5: =BG5 -> 7 | ... AFS5: =AEE5 -> 39 | AFU5: =AFV5+AGO5 -> 19 | AFV5: =AFW5+AGO5 -> 58 | AFW5: =AFX5+AGO5 -> 97 | AFX5: =AFY5+AGO5 -> 136 | AFY5: =AFZ5+AGO5 -> 175 | AFZ5: =AGA5+AGO5 -> 214 | AGA5: =AGB5+AGO5 -> 253 | AGB5: =AGC5+AGO5 -> 292 | AGC5: =AGD5+AGO5 -> 331 | AGD5: =AGE5+AGO5 -> 370 | AGE5: =AGF5+AGO5 -> 409 | AGF5: =AGG5+AGO5 -> 448 | AGG5: =AGH5+AGO5 -> 487 | AGH5: =AGI5+AGO5 -> 526 | AGI5: =AGJ5+AGO5 -> 565 | AGJ5: =AGK5+AGO5 -> 604 | AGK5: =AGL5+AGO5 -> 643 | AGL5: =AGM5+AGO5 -> 682 | AGM5: =AGN5+AGO5 -> 721 | AGN5: =$AFS7+AGO5 -> 760 | AGO5: -39 | AGQ5: =AGR5+AHK5 -> 399 | AGR5: =AGS5+AHK5 -> 419 | AGS5: =AGT5+AHK5 -> 439 | AGT5: =AGU5+AHK5 -> 459 | AGU5: =AGV5+AHK5 -> 479 | AGV5: =AGW5+AHK5 -> 499 | AGW5: =AGX5+AHK5 -> 519 | AGX5: =AGY5+AHK5 -> 539 | AGY5: =AGZ5+AHK5 -> 559 | AGZ5: =AHA5+AHK5 -> 579 | AHA5: =AHB5+AHK5 -> 599 | AHB5: =AHC5+AHK5 -> 619 | AHC5: =AHD5+AHK5 -> 639 | AHD5: =AHE5+AHK5 -> 659 | AHE5: =AHF5+AHK5 -> 679 | AHF5: =AHG5+AHK5 -> 699 | AHG5: =AHH5+AHK5 -> 719 | AHH5: =AHI5+AHK5 -> 739 | AHI5: =AHJ5+AHK5 -> 759 | AHJ5: =$AFS7+AHK5 -> 779 | AHK5: -20 | AHM5: =AHN5+AIG5 -> 799 | AHN5: =AHO5+AIG5 -> 799 | AHO5: =AHP5+AIG5 -> 799 | AHP5: =AHQ5+AIG5 -> 799 | AHQ5: =AHR5+AIG5 -> 799 | AHR5: =AHS5+AIG5 -> 799 | AHS5: =AHT5+AIG5 -> 799 | AHT5: =AHU5+AIG5 -> 799 | AHU5: =AHV5+AIG5 -> 799 | AHV5: =AHW5+AIG5 -> 799 | AHW5: =AHX5+AIG5 -> 799 | AHX5: =AHY5+AIG5 -> 799 | AHY5: =AHZ5+AIG5 -> 799 | AHZ5: =AIA5+AIG5 -> 799 | AIA5: =AIB5+AIG5 -> 799 | AIB5: =AIC5+AIG5 -> 799 | AIC5: =AID5+AIG5 -> 799 | AID5: =AIE5+AIG5 -> 799 | AIE5: =AIF5+AIG5 -> 799 | AIF5: =$AFS7+AIG5 -> 799 | AIG5: 0 | AIJ5: ↓ | AIL5: ↓ | AIR5: =MAX(AIR8:AIR27) -> 20
B6: 4.971e-13 | C6: 5.8603e-13 | AY6: C_all[0].csv | AII6: anis_perm_field
B7: 4.9688e-13 | C7: 5.8198e-13 | I7: =COUNT(J8:AW27) -> 800 | J7: 0 | K7: 1 | L7: 2 | M7: 3 | N7: 4 | O7: 5 | P7: 6 | Q7: 7 | R7: 8 | S7: 9 | T7: 10 | U7: 11 | V7: 12 | W7: 13 | X7: 14 | Y7: 15 | Z7: 16 | AA7: 17 | AB7: 18 | AC7: 19 | AD7: 20 | AE7: 21 | AF7: 22 | AG7: 23 | AH7: 24 | AI7: 25 | AJ7: 26 | AK7: 27 | AL7: 28 | AM7: 29 | AN7: 30 | AO7: 31 | AP7: 32 | AQ7: 33 | AR7: 34 | AS7: 35 | AT7: 36 | AU7: 37 | AV7: 38 | AW7: 39 | AZ7: 0 | BA7: 1 | BB7: 2 | BC7: 3 | BD7: 4 | BE7: 5 | BF7: 6 | BG7: 7 | BH7: 8 | BI7: 9 | BJ7: 10 | BK7: 11 | BL7: 12 | BM7: 13 | BN7: 14 | BO7: 15 | BP7: 16 | BQ7: 17 | BR7: 18 | BS7: 19 | BT7: 20 | BU7: 21 | BV7: 22 | BW7: 23 | BX7: 24 | BY7: 25 | BZ7: 26 | CA7: 27 | CB7: 28 | CC7: 29 | CD7: 30 | CE7: 31 | CF7: 32 | CG7: 33 | CH7: 34 | CI7: 35 | CJ7: 36 | CK7: 37 | CL7: 38 | CM7: 39 | CN7: 40 | CO7: 41 | CP7: 42 | CQ7: 43 | CR7: 44 | CS7: 45 | CT7: 46 | CU7: 47 | CV7: 48 | CW7: 49 | CX7: 50 | CY7: 51 | CZ7: 52 | DA7: 53 | DB7: 54 | DC7: 55 | DD7: 56 | DE7: 57 | DF7: 58 | DG7: 59 | DH7: 60 | DI7: 61 | DJ7: 62 | DK7: 63 | DL7: 64 | DM7: 65 | DN7: 66 | DO7: 67 | DP7: 68 | DQ7: 69 | DR7: 70 | DS7: 71 | DT7: 72 | DU7: 73 | DV7: 74 | DW7: 75 | DX7: 76 | DY7: 77 | DZ7: 78 | EA7: 79 | EB7: 80 | EC7: 81 | ED7: 82 | EE7: 83 | EF7: 84 | EG7: 85 | EH7: 86 | EI7: 87 | EJ7: 88 | EK7: 89 | EL7: 90 | EM7: 91 | EN7: 92 | EO7: 93 | EP7: 94 | EQ7: 95 | ER7: 96 | ES7: 97 | ET7: 98 | EU7: 99 | EV7: 100 | EW7: 101 | EX7: 102 | EY7: 103 | EZ7: 104 | FA7: 105 | FB7: 106 | FC7: 107 | FD7: 108 | FE7: 109 | FF7: 110 | FG7: 111 | FH7: 112 | FI7: 113 | FJ7: 114 | FK7: 115 | FL7: 116 | FM7: 117 | FN7: 118 | FO7: 119 | FP7: 120 | FQ7: 121 | FR7: 122 | FS7: 123 | FT7: 124 | FU7: 125 | FV7: 126 | FW7: 127 | FX7: 128 | FY7: 129 | FZ7: 130 | GA7: 131 | GB7: 132 | GC7: 133 | GD7: 134 | GE7: 135 | GF7: 136 | GG7: 137 | GH7: 138 | GI7: 139 | GJ7: 140 | GK7: 141 | GL7: 142 | GM7: 143 | GN7: 144 | GO7: 145 | GP7: 146 | GQ7: 147 | GR7: 148 | GS7: 149 | GT7: 150 | GU7: 151 | GV7: 152 | GW7: 153 | GX7: 154 | GY7: 155 | GZ7: 156 | HA7: 157 | HB7: 158 | HC7: 159 | HD7: 160 | HE7: 161 | HF7: 162 | HG7: 163 | HH7: 164 | HI7: 165 | HJ7: 166 | HK7: 167 | HL7: 168 | HM7: 169 | HN7: 170 | HO7: 171 | HP7: 172 | HQ7: 173 | HR7: 174 | HS7: 175 | HT7: 176 | HU7: 177 | HV7: 178 | HW7: 179 | HX7: 180 | HY7: 181 | HZ7: 182 | IA7: 183 | IB7: 184 | IC7: 185 | ID7: 186 | IE7: 187 | IF7: 188 | IG7: 189 | IH7: 190 | II7: 191 | IJ7: 192 | IK7: 193 | IL7: 194 | IM7: 195 | IN7: 196 | IO7: 197 | IP7: 198 | IQ7: 199 | IR7: 200 | IS7: 201 | IT7: 202 | IU7: 203 | IV7: 204 | IW7: 205 | IX7: 206 | IY7: 207 | IZ7: 208 | JA7: 209 | JB7: 210 | JC7: 211 | JD7: 212 | JE7: 213 | JF7: 214 | JG7: 215 | JH7: 216 | JI7: 217 | JJ7: 218 | JK7: 219 | JL7: 220 | JM7: 221 | JN7: 222 | JO7: 223 | JP7: 224 | JQ7: 225 | JR7: 226 | JS7: 227 | JT7: 228 | JU7: 229 | JV7: 230 | JW7: 231 | JX7: 232 | JY7: 233 | JZ7: 234 | KA7: 235 | KB7: 236 | KC7: 237 | KD7: 238 | KE7: 239 | KF7: 240 | KG7: 241 | KH7: 242 | KI7: 243 | KJ7: 244 | KK7: 245 | KL7: 246 | KM7: 247 | KN7: 248 | KO7: 249 | KP7: 250 | KQ7: 251 | KR7: 252 | KS7: 253 | KT7: 254 | KU7: 255 | KV7: 256 | KW7: 257 | KX7: 258 | KY7: 259 | KZ7: 260 | LA7: 261 | LB7: 262 | LC7: 263 | LD7: 264 | LE7: 265 | LF7: 266 | LG7: 267 | LH7: 268 | LI7: 269 | LJ7: 270 | LK7: 271 | LL7: 272 | LM7: 273 | LN7: 274 | LO7: 275 | LP7: 276 | LQ7: 277 | LR7: 278 | LS7: 279 | LT7: 280 | LU7: 281 | LV7: 282 | LW7: 283 | LX7: 284 | LY7: 285 | LZ7: 286 | MA7: 287 | MB7: 288 | MC7: 289 | MD7: 290 | ME7: 291 | MF7: 292 | MG7: 293 | MH7: 294 | MI7: 295 | MJ7: 296 | MK7: 297 | ML7: 298 | MM7: 299 | MN7: 300 | MO7: 301 | MP7: 302 | MQ7: 303 | MR7: 304 | MS7: 305 | MT7: 306 | MU7: 307 | MV7: 308 | MW7: 309 | MX7: 310 | MY7: 311 | MZ7: 312 | NA7: 313 | NB7: 314 | NC7: 315 | ND7: 316 | NE7: 317 | NF7: 318 | NG7: 319 | NH7: 320 | NI7: 321 | NJ7: 322 | NK7: 323 | NL7: 324 | NM7: 325 | NN7: 326 | NO7: 327 | NP7: 328 | NQ7: 329 | NR7: 330 | NS7: 331 | NT7: 332 | NU7: 333 | NV7: 334 | NW7: 335 | NX7: 336 | NY7: 337 | NZ7: 338 | OA7: 339 | OB7: 340 | OC7: 341 | OD7: 342 | OE7: 343 | OF7: 344 | OG7: 345 | OH7: 346 | OI7: 347 | OJ7: 348 | OK7: 349 | OL7: 350 | OM7: 351 | ON7: 352 | OO7: 353 | OP7: 354 | OQ7: 355 | OR7: 356 | OS7: 357 | OT7: 358 | OU7: 359 | OV7: 360 | OW7: 361 | OX7: 362 | OY7: 363 | OZ7: 364 | PA7: 365 | PB7: 366 | PC7: 367 | PD7: 368 | PE7: 369 | PF7: 370 | PG7: 371 | PH7: 372 | PI7: 373 | PJ7: 374 | PK7: 375 | PL7: 376 | PM7: 377 | PN7: 378 | PO7: 379 | PP7: 380 | PQ7: 381 | PR7: 382 | PS7: 383 | PT7: 384 | PU7: 385 | PV7: 386 | PW7: 387 | PX7: 388 | PY7: 389 | PZ7: 390 | QA7: 391 | QB7: 392 | QC7: 393 | QD7: 394 | QE7: 395 | QF7: 396 | QG7: 397 | QH7: 398 | QI7: 399 | QJ7: 400 | QK7: 401 | QL7: 402 | QM7: 403 | QN7: 404 | QO7: 405 | QP7: 406 | QQ7: 407 | QR7: 408 | QS7: 409 | QT7: 410 | QU7: 411 | QV7: 412 | QW7: 413 | QX7: 414 | QY7: 415 | QZ7: 416 | RA7: 417 | RB7: 418 | RC7: 419 | RD7: 420 | RE7: 421 | RF7: 422 | RG7: 423 | RH7: 424 | RI7: 425 | RJ7: 426 | RK7: 427 | RL7: 428 | RM7: 429 | RN7: 430 | RO7: 431 | RP7: 432 | RQ7: 433 | RR7: 434 | RS7: 435 | RT7: 436 | RU7: 437 | RV7: 438 | RW7: 439 | RX7: 440 | RY7: 441 | RZ7: 442 | SA7: 443 | SB7: 444 | SC7: 445 | SD7: 446 | SE7: 447 | SF7: 448 | SG7: 449 | SH7: 450 | SI7: 451 | SJ7: 452 | SK7: 453 | SL7: 454 | SM7: 455 | SN7: 456 | SO7: 457 | SP7: 458 | SQ7: 459 | SR7: 460 | SS7: 461 | ST7: 462 | SU7: 463 | SV7: 464 | SW7: 465 | SX7: 466 | SY7: 467 | SZ7: 468 | TA7: 469 | TB7: 470 | TC7: 471 | TD7: 472 | TE7: 473 | TF7: 474 | TG7: 475 | TH7: 476 | TI7: 477 | TJ7: 478 | TK7: 479 | TL7: 480 | TM7: 481 | TN7: 482 | TO7: 483 | TP7: 484 | TQ7: 485 | TR7: 486 | TS7: 487 | TT7: 488 | TU7: 489 | TV7: 490 | TW7: 491 | TX7: 492 | TY7: 493 | TZ7: 494 | UA7: 495 | UB7: 496 | UC7: 497 | UD7: 498 | UE7: 499 | UF7: 500 | UG7: 501 | UH7: 502 | UI7: 503 | UJ7: 504 | UK7: 505 | UL7: 506 | UM7: 507 | UN7: 508 | UO7: 509 | UP7: 510 | UQ7: 511 | UR7: 512 | US7: 513 | UT7: 514 | UU7: 515 | UV7: 516 | UW7: 517 | UX7: 518 | UY7: 519 | UZ7: 520 | VA7: 521 | VB7: 522 | VC7: 523 | VD7: 524 | VE7: 525 | VF7: 526 | VG7: 527 | VH7: 528 | VI7: 529 | VJ7: 530 | VK7: 531 | VL7: 532 | VM7: 533 | VN7: 534 | VO7: 535 | VP7: 536 | VQ7: 537 | VR7: 538 | VS7: 539 | VT7: 540 | VU7: 541 | VV7: 542 | VW7: 543 | VX7: 544 | VY7: 545 | VZ7: 546 | WA7: 547 | WB7: 548 | WC7: 549 | WD7: 550 | WE7: 551 | WF7: 552 | WG7: 553 | WH7: 554 | WI7: 555 | WJ7: 556 | WK7: 557 | WL7: 558 | WM7: 559 | WN7: 560 | WO7: 561 | WP7: 562 | WQ7: 563 | WR7: 564 | WS7: 565 | WT7: 566 | WU7: 567 | WV7: 568 | WW7: 569 | WX7: 570 | WY7: 571 | WZ7: 572 | XA7: 573 | XB7: 574 | XC7: 575 | XD7: 576 | XE7: 577 | XF7: 578 | XG7: 579 | XH7: 580 | XI7: 581 | XJ7: 582 | XK7: 583 | XL7: 584 | XM7: 585 | XN7: 586 | XO7: 587 | XP7: 588 | XQ7: 589 | XR7: 590 | XS7: 591 | XT7: 592 | XU7: 593 | XV7: 594 | XW7: 595 | XX7: 596 | XY7: 597 | XZ7: 598 | YA7: 599 | YB7: 600 | YC7: 601 | YD7: 602 | YE7: 603 | YF7: 604 | YG7: 605 | YH7: 606 | YI7: 607 | YJ7: 608 | YK7: 609 | YL7: 610 | YM7: 611 | YN7: 612 | YO7: 613 | YP7: 614 | YQ7: 615 | YR7: 616 | YS7: 617 | YT7: 618 | YU7: 619 | YV7: 620 | YW7: 621 | YX7: 622 | YY7: 623 | YZ7: 624 | ZA7: 625 | ZB7: 626 | ZC7: 627 | ZD7: 628 | ZE7: 629 | ZF7: 630 | ZG7: 631 | ZH7: 632 | ZI7: 633 | ZJ7: 634 | ZK7: 635 | ZL7: 636 | ZM7: 637 | ZN7: 638 | ZO7: 639 | ZP7: 640 | ZQ7: 641 | ZR7: 642 | ZS7: 643 | ZT7: 644 | ZU7: 645 | ZV7: 646 | ZW7: 647 | ZX7: 648 | ZY7: 649 | ZZ7: 650 | AAA7: 651 | AAB7: 652 | AAC7: 653 | AAD7: 654 | AAE7: 655 | AAF7: 656 | AAG7: 657 | AAH7: 658 | AAI7: 659 | AAJ7: 660 | AAK7: 661 | AAL7: 662 | AAM7: 663 | AAN7: 664 | AAO7: 665 | AAP7: 666 | AAQ7: 667 | AAR7: 668 | AAS7: 669 | AAT7: 670 | AAU7: 671 | AAV7: 672 | AAW7: 673 | AAX7: 674 | AAY7: 675 | AAZ7: 676 | ABA7: 677 | ABB7: 678 | ABC7: 679 | ABD7: 680 | ABE7: 681 | ABF7: 682 | ABG7: 683 | ABH7: 684 | ABI7: 685 | ABJ7: 686 | ABK7: 687 | ABL7: 688 | ABM7: 689 | ABN7: 690 | ABO7: 691 | ABP7: 692 | ABQ7: 693 | ABR7: 694 | ABS7: 695 | ABT7: 696 | ABU7: 697 | ABV7: 698 | ABW7: 699 | ABX7: 700 | ABY7: 701 | ABZ7: 702 | ACA7: 703 | ACB7: 704 | ACC7: 705 | ACD7: 706 | ACE7: 707 | ACF7: 708 | ACG7: 709 | ACH7: 710 | ACI7: 711 | ACJ7: 712 | ACK7: 713 | ACL7: 714 | ACM7: 715 | ACN7: 716 | ACO7: 717 | ACP7: 718 | ACQ7: 719 | ACR7: 720 | ACS7: 721 | ACT7: 722 | ACU7: 723 | ACV7: 724 | ACW7: 725 | ACX7: 726 | ACY7: 727 | ACZ7: 728 | ADA7: 729 | ADB7: 730 | ADC7: 731 | ADD7: 732 | ADE7: 733 | ADF7: 734 | ADG7: 735 | ADH7: 736 | ADI7: 737 | ADJ7: 738 | ADK7: 739 | ADL7: 740 | ADM7: 741 | ADN7: 742 | ADO7: 743 | ADP7: 744 | ADQ7: 745 | ADR7: 746 | ADS7: 747 | ADT7: 748 | ADU7: 749 | ADV7: 750 | ADW7: 751 | ADX7: 752 | ADY7: 753 | ADZ7: 754 | AEA7: 755 | AEB7: 756 | AEC7: 757 | AED7: 758 | AEE7: 759 | AEF7: 760 | AEG7: 761 | AEH7: 762 | AEI7: 763 | AEJ7: 764 | AEK7: 765 | AEL7: 766 | AEM7: 767 | AEN7: 768 | AEO7: 769 | AEP7: 770 | AEQ7: 771 | AER7: 772 | AES7: 773 | AET7: 774 | AEU7: 775 | AEV7: 776 | AEW7: 777 | AEX7: 778 | AEY7: 779 | AEZ7: 780 | AFA7: 781 | AFB7: 782 | AFC7: 783 | AFD7: 784 | AFE7: 785 | AFF7: 786 | AFG7: 787 | AFH7: 788 | AFI7: 789 | AFJ7: 790 | AFK7: 791 | AFL7: 792 | AFM7: 793 | AFN7: 794 | AFO7: 795 | AFP7: 796 | AFQ7: 797 | AFR7: 798 | AFS7: 799 | AFU7: =INDEX($AZ$7:$AFS$109,ROW()-ROW($AFU$6),AFU$5) -> 18 | AFV7: =INDEX($AZ$7:$AFS$109,ROW()-ROW($AFU$6),AFV$5) -> 57 | AFW7: =INDEX($AZ$7:$AFS$109,ROW()-ROW($AFU$6),AFW$5) -> 96 | AFX7: =INDEX($AZ$7:$AFS$109,ROW()-ROW($AFU$6),AFX$5) -> 135 | AFY7: =INDEX($AZ$7:$AFS$109,ROW()-ROW($AFU$6),AFY$5) -> 174 | AFZ7: =INDEX($AZ$7:$AFS$109,ROW()-ROW($AFU$6),AFZ$5) -> 213 | AGA7: =INDEX($AZ$7:$AFS$109,ROW()-ROW($AFU$6),AGA$5) -> 252 | AGB7: =INDEX($AZ$7:$AFS$109,ROW()-ROW($AFU$6),AGB$5) -> 291 | ... AGN7: =INDEX($AZ$7:$AFS$109,ROW()-ROW($AFU$6),AGN$5) -> 759 | AGO7: =_xlfn.CONCAT("col: ",$CM5+AGO5+1) -> col: 1 | AGQ7: =INDEX($AZ$7:$AFS$109,ROW()-ROW($AGQ$6),AGQ$5) -> 398 | AGR7: =INDEX($AZ$7:$AFS$109,ROW()-ROW($AGQ$6),AGR$5) -> 418 | AGS7: =INDEX($AZ$7:$AFS$109,ROW()-ROW($AGQ$6),AGS$5) -> 438 | AGT7: =INDEX($AZ$7:$AFS$109,ROW()-ROW($AGQ$6),AGT$5) -> 458 | AGU7: =INDEX($AZ$7:$AFS$109,ROW()-ROW($AGQ$6),AGU$5) -> 478 | AGV7: =INDEX($AZ$7:$AFS$109,ROW()-ROW($AGQ$6),AGV$5) -> 498 | AGW7: =INDEX($AZ$7:$AFS$109,ROW()-ROW($AGQ$6),AGW$5) -> 518 | AGX7: =INDEX($AZ$7:$AFS$109,ROW()-ROW($AGQ$6),AGX$5) -> 538 | ... AHJ7: =INDEX($AZ$7:$AFS$109,ROW()-ROW($AGQ$6),AHJ$5) -> 778 | AHK7: =_xlfn.CONCAT("col: ",$CM5+AHK5+1) -> col: 20 | AHM7: =INDEX($AZ$7:$AFS$109,ROW()-ROW($AHM$6),AHM$5) -> 798 | AHN7: =INDEX($AZ$7:$AFS$109,ROW()-ROW($AHM$6),AHN$5) -> 798 | AHO7: =INDEX($AZ$7:$AFS$109,ROW()-ROW($AHM$6),AHO$5) -> 798 | AHP7: =INDEX($AZ$7:$AFS$109,ROW()-ROW($AHM$6),AHP$5) -> 798 | AHQ7: =INDEX($AZ$7:$AFS$109,ROW()-ROW($AHM$6),AHQ$5) -> 798 | AHR7: =INDEX($AZ$7:$AFS$109,ROW()-ROW($AHM$6),AHR$5) -> 798 | AHS7: =INDEX($AZ$7:$AFS$109,ROW()-ROW($AHM$6),AHS$5) -> 798 | AHT7: =INDEX($AZ$7:$AFS$109,ROW()-ROW($AHM$6),AHT$5) -> 798 | ... AIF7: =INDEX($AZ$7:$AFS$109,ROW()-ROW($AHM$6),AIF$5) -> 798 | AIG7: =_xlfn.CONCAT("col: ",$CM5+AIG5+1) -> col: 40 | AIJ7: 0 | AIK7: 1 | AIL7: 2 | AIM7: 3 | AIN7: 4 | AIP7: =MAX(AIJ8:AIJ27)+1 -> 1 | AIR7: XY | AIS7: =AIS55 -> 1 | AIT7: =AIT55 -> 2 | AIU7: =AIU55 -> 3 | AIV7: =AIV55 -> 4 | AIW7: =AIW55 -> 5 | AIX7: =AIX55 -> 6 | AIY7: =AIY55 -> 7 | AIZ7: =AIZ55 -> 8 | ... AKF7: =AKF55 -> 40
B8: 4.9674e-13 | C8: 5.777e-13 | I8: 0 | J8: 5.8603e-13 | K8: 5.8198e-13 | L8: 5.777e-13 | M8: 5.733e-13 | N8: 5.6889e-13 | O8: 5.6458e-13 | P8: 5.6049e-13 | Q8: 5.5672e-13 | R8: 5.5338e-13 | S8: 5.5055e-13 | T8: 5.4832e-13 | U8: 5.4678e-13 | V8: 5.4599e-13 | W8: 5.46e-13 | X8: 5.4687e-13 | Y8: 5.4861e-13 | Z8: 5.5124e-13 | AA8: 5.5478e-13 | AB8: 5.592e-13 | AC8: 5.6449e-13 | AD8: 5.7061e-13 | AE8: 5.775e-13 | AF8: 5.8512e-13 | AG8: 5.9338e-13 | AH8: 6.022e-13 | AI8: 6.1151e-13 | AJ8: 6.2121e-13 | AK8: 6.3118e-13 | AL8: 6.4135e-13 | AM8: 6.5158e-13 | AN8: 6.6179e-13 | AO8: 6.7187e-13 | AP8: 6.8172e-13 | AQ8: 6.9123e-13 | AR8: 7.0033e-13 | AS8: 7.0891e-13 | AT8: 7.1691e-13 | AU8: 7.2426e-13 | AV8: 7.3089e-13 | AW8: 7.3675e-13 | AY8: 0 | AZ8: 1 | BA8: 0 | BB8: 0 | BC8: 0 | BD8: 0 | BE8: 0 | BF8: 0 | BG8: 0 | BH8: 0 | BI8: 0 | BJ8: 0 | BK8: 0 | BL8: 0 | BM8: 0 | BN8: 0 | BO8: 0 | BP8: 0 | BQ8: 0 | BR8: 0 | BS8: 0 | BT8: 0 | BU8: 0 | BV8: 0 | BW8: 0 | BX8: 0 | BY8: 0 | BZ8: 0 | CA8: 0 | CB8: 0 | CC8: 0 | CD8: 0 | CE8: 0 | CF8: 0 | CG8: 0 | CH8: 0 | CI8: 0 | CJ8: 0 | CK8: 0 | CL8: 0 | CM8: 0 | CN8: 1 | CO8: 0 | CP8: 0 | CQ8: 0 | CR8: 0 | CS8: 0 | CT8: 0 | CU8: 0 | CV8: 0 | CW8: 0 | CX8: 0 | CY8: 0 | CZ8: 0 | DA8: 0 | DB8: 0 | DC8: 0 | DD8: 0 | DE8: 0 | DF8: 0 | DG8: 0 | DH8: 0 | DI8: 0 | DJ8: 0 | DK8: 0 | DL8: 0 | DM8: 0 | DN8: 0 | DO8: 0 | DP8: 0 | DQ8: 0 | DR8: 0 | DS8: 0 | DT8: 0 | DU8: 0 | DV8: 0 | DW8: 0 | DX8: 0 | DY8: 0 | DZ8: 0 | EA8: 0 | EB8: 1 | EC8: 0 | ED8: 0 | EE8: 0 | EF8: 0 | EG8: 0 | EH8: 0 | EI8: 0 | EJ8: 0 | EK8: 0 | EL8: 0 | EM8: 0 | EN8: 0 | EO8: 0 | EP8: 0 | EQ8: 0 | ER8: 0 | ES8: 0 | ET8: 0 | EU8: 0 | EV8: 0 | EW8: 0 | EX8: 0 | EY8: 0 | EZ8: 0 | FA8: 0 | FB8: 0 | FC8: 0 | FD8: 0 | FE8: 0 | FF8: 0 | FG8: 0 | FH8: 0 | FI8: 0 | FJ8: 0 | FK8: 0 | FL8: 0 | FM8: 0 | FN8: 0 | FO8: 0 | FP8: 1 | FQ8: 0 | FR8: 0 | FS8: 0 | FT8: 0 | FU8: 0 | FV8: 0 | FW8: 0 | FX8: 0 | FY8: 0 | FZ8: 0 | GA8: 0 | GB8: 0 | GC8: 0 | GD8: 0 | GE8: 0 | GF8: 0 | GG8: 0 | GH8: 0 | GI8: 0 | GJ8: 0 | GK8: 0 | GL8: 0 | GM8: 0 | GN8: 0 | GO8: 0 | GP8: 0 | GQ8: 0 | GR8: 0 | GS8: 0 | GT8: 0 | GU8: 0 | GV8: 0 | GW8: 0 | GX8: 0 | GY8: 0 | GZ8: 0 | HA8: 0 | HB8: 0 | HC8: 0 | HD8: 1 | HE8: 0 | HF8: 0 | HG8: 0 | HH8: 0 | HI8: 0 | HJ8: 0 | HK8: 0 | HL8: 0 | HM8: 0 | HN8: 0 | HO8: 0 | HP8: 0 | HQ8: 0 | HR8: 0 | HS8: 0 | HT8: 0 | HU8: 0 | HV8: 0 | HW8: 0 | HX8: 0 | HY8: 0 | HZ8: 0 | IA8: 0 | IB8: 0 | IC8: 0 | ID8: 0 | IE8: 0 | IF8: 0 | IG8: 0 | IH8: 0 | II8: 0 | IJ8: 0 | IK8: 0 | IL8: 0 | IM8: 0 | IN8: 0 | IO8: 0 | IP8: 0 | IQ8: 0 | IR8: 1 | IS8: 0 | IT8: 0 | IU8: 0 | IV8: 0 | IW8: 0 | IX8: 0 | IY8: 0 | IZ8: 0 | JA8: 0 | JB8: 0 | JC8: 0 | JD8: 0 | JE8: 0 | JF8: 0 | JG8: 0 | JH8: 0 | JI8: 0 | JJ8: 0 | JK8: 0 | JL8: 0 | JM8: 0 | JN8: 0 | JO8: 0 | JP8: 0 | JQ8: 0 | JR8: 0 | JS8: 0 | JT8: 0 | JU8: 0 | JV8: 0 | JW8: 0 | JX8: 0 | JY8: 0 | JZ8: 0 | KA8: 0 | KB8: 0 | KC8: 0 | KD8: 0 | KE8: 0 | KF8: 1 | KG8: 0 | KH8: 0 | KI8: 0 | KJ8: 0 | KK8: 0 | KL8: 0 | KM8: 0 | KN8: 0 | KO8: 0 | KP8: 0 | KQ8: 0 | KR8: 0 | KS8: 0 | KT8: 0 | KU8: 0 | KV8: 0 | KW8: 0 | KX8: 0 | KY8: 0 | KZ8: 0 | LA8: 0 | LB8: 0 | LC8: 0 | LD8: 0 | LE8: 0 | LF8: 0 | LG8: 0 | LH8: 0 | LI8: 0 | LJ8: 0 | LK8: 0 | LL8: 0 | LM8: 0 | LN8: 0 | LO8: 0 | LP8: 0 | LQ8: 0 | LR8: 0 | LS8: 0 | LT8: 1 | LU8: 0 | LV8: 0 | LW8: 0 | LX8: 0 | LY8: 0 | LZ8: 0 | MA8: 0 | MB8: 0 | MC8: 0 | MD8: 0 | ME8: 0 | MF8: 0 | MG8: 0 | MH8: 0 | MI8: 0 | MJ8: 0 | MK8: 0 | ML8: 0 | MM8: 0 | MN8: 0 | MO8: 0 | MP8: 0 | MQ8: 0 | MR8: 0 | MS8: 0 | MT8: 0 | MU8: 0 | MV8: 0 | MW8: 0 | MX8: 0 | MY8: 0 | MZ8: 0 | NA8: 0 | NB8: 0 | NC8: 0 | ND8: 0 | NE8: 0 | NF8: 0 | NG8: 0 | NH8: 1 | NI8: 0 | NJ8: 0 | NK8: 0 | NL8: 0 | NM8: 0 | NN8: 0 | NO8: 0 | NP8: 0 | NQ8: 0 | NR8: 0 | NS8: 0 | NT8: 0 | NU8: 0 | NV8: 0 | NW8: 0 | NX8: 0 | NY8: 0 | NZ8: 0 | OA8: 0 | OB8: 0 | OC8: 0 | OD8: 0 | OE8: 0 | OF8: 0 | OG8: 0 | OH8: 0 | OI8: 0 | OJ8: 0 | OK8: 0 | OL8: 0 | OM8: 0 | ON8: 0 | OO8: 0 | OP8: 0 | OQ8: 0 | OR8: 0 | OS8: 0 | OT8: 0 | OU8: 0 | OV8: 1 | OW8: 0 | OX8: 0 | OY8: 0 | OZ8: 0 | PA8: 0 | PB8: 0 | PC8: 0 | PD8: 0 | PE8: 0 | PF8: 0 | PG8: 0 | PH8: 0 | PI8: 0 | PJ8: 0 | PK8: 0 | PL8: 0 | PM8: 0 | PN8: 0 | PO8: 0 | PP8: 0 | PQ8: 0 | PR8: 0 | PS8: 0 | PT8: 0 | PU8: 0 | PV8: 0 | PW8: 0 | PX8: 0 | PY8: 0 | PZ8: 0 | QA8: 0 | QB8: 0 | QC8: 0 | QD8: 0 | QE8: 0 | QF8: 0 | QG8: 0 | QH8: 0 | QI8: 0 | QJ8: 1 | QK8: 0 | QL8: 0 | QM8: 0 | QN8: 0 | QO8: 0 | QP8: 0 | QQ8: 0 | QR8: 0 | QS8: 0 | QT8: 0 | QU8: 0 | QV8: 0 | QW8: 0 | QX8: 0 | QY8: 0 | QZ8: 0 | RA8: 0 | RB8: 0 | RC8: 0 | RD8: 0 | RE8: 0 | RF8: 0 | RG8: 0 | RH8: 0 | RI8: 0 | RJ8: 0 | RK8: 0 | RL8: 0 | RM8: 0 | RN8: 0 | RO8: 0 | RP8: 0 | RQ8: 0 | RR8: 0 | RS8: 0 | RT8: 0 | RU8: 0 | RV8: 0 | RW8: 0 | RX8: 1 | RY8: 0 | RZ8: 0 | SA8: 0 | SB8: 0 | SC8: 0 | SD8: 0 | SE8: 0 | SF8: 0 | SG8: 0 | SH8: 0 | SI8: 0 | SJ8: 0 | SK8: 0 | SL8: 0 | SM8: 0 | SN8: 0 | SO8: 0 | SP8: 0 | SQ8: 0 | SR8: 0 | SS8: 0 | ST8: 0 | SU8: 0 | SV8: 0 | SW8: 0 | SX8: 0 | SY8: 0 | SZ8: 0 | TA8: 0 | TB8: 0 | TC8: 0 | TD8: 0 | TE8: 0 | TF8: 0 | TG8: 0 | TH8: 0 | TI8: 0 | TJ8: 0 | TK8: 0 | TL8: 1 | TM8: 0 | TN8: 0 | TO8: 0 | TP8: 0 | TQ8: 0 | TR8: 0 | TS8: 0 | TT8: 0 | TU8: 0 | TV8: 0 | TW8: 0 | TX8: 0 | TY8: 0 | TZ8: 0 | UA8: 0 | UB8: 0 | UC8: 0 | UD8: 0 | UE8: 0 | UF8: 0 | UG8: 0 | UH8: 0 | UI8: 0 | UJ8: 0 | UK8: 0 | UL8: 0 | UM8: 0 | UN8: 0 | UO8: 0 | UP8: 0 | UQ8: 0 | UR8: 0 | US8: 0 | UT8: 0 | UU8: 0 | UV8: 0 | UW8: 0 | UX8: 0 | UY8: 0 | UZ8: 1 | VA8: 0 | VB8: 0 | VC8: 0 | VD8: 0 | VE8: 0 | VF8: 0 | VG8: 0 | VH8: 0 | VI8: 0 | VJ8: 0 | VK8: 0 | VL8: 0 | VM8: 0 | VN8: 0 | VO8: 0 | VP8: 0 | VQ8: 0 | VR8: 0 | VS8: 0 | VT8: 0 | VU8: 0 | VV8: 0 | VW8: 0 | VX8: 0 | VY8: 0 | VZ8: 0 | WA8: 0 | WB8: 0 | WC8: 0 | WD8: 0 | WE8: 0 | WF8: 0 | WG8: 0 | WH8: 0 | WI8: 0 | WJ8: 0 | WK8: 0 | WL8: 0 | WM8: 0 | WN8: 1 | WO8: 0 | WP8: 0 | WQ8: 0 | WR8: 0 | WS8: 0 | WT8: 0 | WU8: 0 | WV8: 0 | WW8: 0 | WX8: 0 | WY8: 0 | WZ8: 0 | XA8: 0 | XB8: 0 | XC8: 0 | XD8: 0 | XE8: 0 | XF8: 0 | XG8: 0 | XH8: 0 | XI8: 0 | XJ8: 0 | XK8: 0 | XL8: 0 | XM8: 0 | XN8: 0 | XO8: 0 | XP8: 0 | XQ8: 0 | XR8: 0 | XS8: 0 | XT8: 0 | XU8: 0 | XV8: 0 | XW8: 0 | XX8: 0 | XY8: 0 | XZ8: 0 | YA8: 0 | YB8: 1 | YC8: 0 | YD8: 0 | YE8: 0 | YF8: 0 | YG8: 0 | YH8: 0 | YI8: 0 | YJ8: 0 | YK8: 0 | YL8: 0 | YM8: 0 | YN8: 0 | YO8: 0 | YP8: 0 | YQ8: 0 | YR8: 0 | YS8: 0 | YT8: 0 | YU8: 0 | YV8: 0 | YW8: 0 | YX8: 0 | YY8: 0 | YZ8: 0 | ZA8: 0 | ZB8: 0 | ZC8: 0 | ZD8: 0 | ZE8: 0 | ZF8: 0 | ZG8: 0 | ZH8: 0 | ZI8: 0 | ZJ8: 0 | ZK8: 0 | ZL8: 0 | ZM8: 0 | ZN8: 0 | ZO8: 0 | ZP8: 1 | ZQ8: 0 | ZR8: 0 | ZS8: 0 | ZT8: 0 | ZU8: 0 | ZV8: 0 | ZW8: 0 | ZX8: 0 | ZY8: 0 | ZZ8: 0 | AAA8: 0 | AAB8: 0 | AAC8: 0 | AAD8: 0 | AAE8: 0 | AAF8: 0 | AAG8: 0 | AAH8: 0 | AAI8: 0 | AAJ8: 0 | AAK8: 0 | AAL8: 0 | AAM8: 0 | AAN8: 0 | AAO8: 0 | AAP8: 0 | AAQ8: 0 | AAR8: 0 | AAS8: 0 | AAT8: 0 | AAU8: 0 | AAV8: 0 | AAW8: 0 | AAX8: 0 | AAY8: 0 | AAZ8: 0 | ABA8: 0 | ABB8: 0 | ABC8: 0 | ABD8: 1 | ABE8: 0 | ABF8: 0 | ABG8: 0 | ABH8: 0 | ABI8: 0 | ABJ8: 0 | ABK8: 0 | ABL8: 0 | ABM8: 0 | ABN8: 0 | ABO8: 0 | ABP8: 0 | ABQ8: 0 | ABR8: 0 | ABS8: 0 | ABT8: 0 | ABU8: 0 | ABV8: 0 | ABW8: 0 | ABX8: 0 | ABY8: 0 | ABZ8: 0 | ACA8: 0 | ACB8: 0 | ACC8: 0 | ACD8: 0 | ACE8: 0 | ACF8: 0 | ACG8: 0 | ACH8: 0 | ACI8: 0 | ACJ8: 0 | ACK8: 0 | ACL8: 0 | ACM8: 0 | ACN8: 0 | ACO8: 0 | ACP8: 0 | ACQ8: 0 | ACR8: 1 | ACS8: 0 | ACT8: 0 | ACU8: 0 | ACV8: 0 | ACW8: 0 | ACX8: 0 | ACY8: 0 | ACZ8: 0 | ADA8: 0 | ADB8: 0 | ADC8: 0 | ADD8: 0 | ADE8: 0 | ADF8: 0 | ADG8: 0 | ADH8: 0 | ADI8: 0 | ADJ8: 0 | ADK8: 0 | ADL8: 0 | ADM8: 0 | ADN8: 0 | ADO8: 0 | ADP8: 0 | ADQ8: 0 | ADR8: 0 | ADS8: 0 | ADT8: 0 | ADU8: 0 | ADV8: 0 | ADW8: 0 | ADX8: 0 | ADY8: 0 | ADZ8: 0 | AEA8: 0 | AEB8: 0 | AEC8: 0 | AED8: 0 | AEE8: 0 | AEF8: 1 | AEG8: 0 | AEH8: 0 | AEI8: 0 | AEJ8: 0 | AEK8: 0 | AEL8: 0 | AEM8: 0 | AEN8: 0 | AEO8: 0 | AEP8: 0 | AEQ8: 0 | AER8: 0 | AES8: 0 | AET8: 0 | AEU8: 0 | AEV8: 0 | AEW8: 0 | AEX8: 0 | AEY8: 0 | AEZ8: 0 | AFA8: 0 | AFB8: 0 | AFC8: 0 | AFD8: 0 | AFE8: 0 | AFF8: 0 | AFG8: 0 | AFH8: 0 | AFI8: 0 | AFJ8: 0 | AFK8: 0 | AFL8: 0 | AFM8: 0 | AFN8: 0 | AFO8: 0 | AFP8: 0 | AFQ8: 0 | AFR8: 0 | AFS8: 0 | AFU8: =INDEX($AZ$7:$AFS$109,ROW()-ROW($AFU$6),AFU$5) -> 0 | AFV8: =INDEX($AZ$7:$AFS$109,ROW()-ROW($AFU$6),AFV$5) -> 0 | AFW8: =INDEX($AZ$7:$AFS$109,ROW()-ROW($AFU$6),AFW$5) -> 0 | AFX8: =INDEX($AZ$7:$AFS$109,ROW()-ROW($AFU$6),AFX$5) -> 0 | AFY8: =INDEX($AZ$7:$AFS$109,ROW()-ROW($AFU$6),AFY$5) -> 0 | AFZ8: =INDEX($AZ$7:$AFS$109,ROW()-ROW($AFU$6),AFZ$5) -> 0 | AGA8: =INDEX($AZ$7:$AFS$109,ROW()-ROW($AFU$6),AGA$5) -> 0 | AGB8: =INDEX($AZ$7:$AFS$109,ROW()-ROW($AFU$6),AGB$5) -> 0 | ... AGN8: =INDEX($AZ$7:$AFS$109,ROW()-ROW($AFU$6),AGN$5) -> 0 | AGO8: =AVERAGE(AFU8:AGN8) -> 0.05 | AGQ8: =INDEX($AZ$7:$AFS$109,ROW()-ROW($AGQ$6),AGQ$5) -> 0 | AGR8: =INDEX($AZ$7:$AFS$109,ROW()-ROW($AGQ$6),AGR$5) -> 0 | AGS8: =INDEX($AZ$7:$AFS$109,ROW()-ROW($AGQ$6),AGS$5) -> 0 | AGT8: =INDEX($AZ$7:$AFS$109,ROW()-ROW($AGQ$6),AGT$5) -> 0 | AGU8: =INDEX($AZ$7:$AFS$109,ROW()-ROW($AGQ$6),AGU$5) -> 0 | AGV8: =INDEX($AZ$7:$AFS$109,ROW()-ROW($AGQ$6),AGV$5) -> 0 | AGW8: =INDEX($AZ$7:$AFS$109,ROW()-ROW($AGQ$6),AGW$5) -> 0 | AGX8: =INDEX($AZ$7:$AFS$109,ROW()-ROW($AGQ$6),AGX$5) -> 0 | ... AHJ8: =INDEX($AZ$7:$AFS$109,ROW()-ROW($AGQ$6),AHJ$5) -> 0 | AHK8: =AVERAGE(AGQ8:AHJ8) -> 0 | AHM8: =INDEX($AZ$7:$AFS$109,ROW()-ROW($AHM$6),AHM$5) -> 0 | AHN8: =INDEX($AZ$7:$AFS$109,ROW()-ROW($AHM$6),AHN$5) -> 0 | AHO8: =INDEX($AZ$7:$AFS$109,ROW()-ROW($AHM$6),AHO$5) -> 0 | AHP8: =INDEX($AZ$7:$AFS$109,ROW()-ROW($AHM$6),AHP$5) -> 0 | AHQ8: =INDEX($AZ$7:$AFS$109,ROW()-ROW($AHM$6),AHQ$5) -> 0 | AHR8: =INDEX($AZ$7:$AFS$109,ROW()-ROW($AHM$6),AHR$5) -> 0 | AHS8: =INDEX($AZ$7:$AFS$109,ROW()-ROW($AHM$6),AHS$5) -> 0 | AHT8: =INDEX($AZ$7:$AFS$109,ROW()-ROW($AHM$6),AHT$5) -> 0 | ... AIF8: =INDEX($AZ$7:$AFS$109,ROW()-ROW($AHM$6),AIF$5) -> 0 | AIG8: =AVERAGE(AHM8:AIF8) -> 0 | AII8: 0 | AIJ8: 0 | AIK8: 0 | AIL8: 0 | AIM8: 0 | AIN8: -1 | AIP8: =_xlfn.CONCAT(AIL8+1,",",AIJ8+1) -> 1,1 | AIR8: 1 | AIS8: =IF(ISNUMBER(MATCH(AIS57,$AIP$31:$AIP$50,0)),$AIL$4,IF(ISNUMBER(MATCH(AIS57,Z_08!$AIP$52:$AIP$53,0)),$AIM$4,IF(ISNUMBER(MATCH(AIS57,$AIP$8:$AIP$27,0)),$AIK$4,$AIJ$4))) -> 2 | AIT8: =IF(ISNUMBER(MATCH(AIT57,$AIP$31:$AIP$50,0)),$AIL$4,IF(ISNUMBER(MATCH(AIT57,Z_08!$AIP$52:$AIP$53,0)),$AIM$4,IF(ISNUMBER(MATCH(AIT57,$AIP$8:$AIP$27,0)),$AIK$4,$AIJ$4))) -> 0 | AIU8: =IF(ISNUMBER(MATCH(AIU57,$AIP$31:$AIP$50,0)),$AIL$4,IF(ISNUMBER(MATCH(AIU57,Z_08!$AIP$52:$AIP$53,0)),$AIM$4,IF(ISNUMBER(MATCH(AIU57,$AIP$8:$AIP$27,0)),$AIK$4,$AIJ$4))) -> 0 | AIV8: =IF(ISNUMBER(MATCH(AIV57,$AIP$31:$AIP$50,0)),$AIL$4,IF(ISNUMBER(MATCH(AIV57,Z_08!$AIP$52:$AIP$53,0)),$AIM$4,IF(ISNUMBER(MATCH(AIV57,$AIP$8:$AIP$27,0)),$AIK$4,$AIJ$4))) -> 0 | AIW8: =IF(ISNUMBER(MATCH(AIW57,$AIP$31:$AIP$50,0)),$AIL$4,IF(ISNUMBER(MATCH(AIW57,Z_08!$AIP$52:$AIP$53,0)),$AIM$4,IF(ISNUMBER(MATCH(AIW57,$AIP$8:$AIP$27,0)),$AIK$4,$AIJ$4))) -> 0 | AIX8: =IF(ISNUMBER(MATCH(AIX57,$AIP$31:$AIP$50,0)),$AIL$4,IF(ISNUMBER(MATCH(AIX57,Z_08!$AIP$52:$AIP$53,0)),$AIM$4,IF(ISNUMBER(MATCH(AIX57,$AIP$8:$AIP$27,0)),$AIK$4,$AIJ$4))) -> 0 | AIY8: =IF(ISNUMBER(MATCH(AIY57,$AIP$31:$AIP$50,0)),$AIL$4,IF(ISNUMBER(MATCH(AIY57,Z_08!$AIP$52:$AIP$53,0)),$AIM$4,IF(ISNUMBER(MATCH(AIY57,$AIP$8:$AIP$27,0)),$AIK$4,$AIJ$4))) -> 0 | AIZ8: =IF(ISNUMBER(MATCH(AIZ57,$AIP$31:$AIP$50,0)),$AIL$4,IF(ISNUMBER(MATCH(AIZ57,Z_08!$AIP$52:$AIP$53,0)),$AIM$4,IF(ISNUMBER(MATCH(AIZ57,$AIP$8:$AIP$27,0)),$AIK$4,$AIJ$4))) -> 0 | ... AKF8: =IF(ISNUMBER(MATCH(AKF57,$AIP$31:$AIP$50,0)),$AIL$4,IF(ISNUMBER(MATCH(AKF57,Z_08!$AIP$52:$AIP$53,0)),$AIM$4,IF(ISNUMBER(MATCH(AKF57,$AIP$8:$AIP$27,0)),$AIK$4,$AIJ$4))) -> 0
B9: 4.9652e-13 | C9: 5.733e-13 | I9: 1 | J9: 6.7384e-13 | K9: 6.7811e-13 | L9: 6.828e-13 | M9: 6.8793e-13 | N9: 6.935e-13 | O9: 6.9953e-13 | P9: 7.0601e-13 | Q9: 7.1292e-13 | R9: 7.2024e-13 | S9: 7.2795e-13 | T9: 7.36e-13 | U9: 7.4437e-13 | V9: 7.5299e-13 | W9: 7.6182e-13 | X9: 7.7078e-13 | Y9: 7.7982e-13 | Z9: 7.8886e-13 | AA9: 7.9782e-13 | AB9: 8.0663e-13 | AC9: 8.152e-13 | AD9: 8.2346e-13 | AE9: 8.3132e-13 | AF9: 8.3871e-13 | AG9: 8.4556e-13 | AH9: 8.5179e-13 | AI9: 8.5733e-13 | AJ9: 8.6214e-13 | AK9: 8.6615e-13 | AL9: 8.6932e-13 | AM9: 8.7162e-13 | AN9: 8.7303e-13 | AO9: 8.7352e-13 | AP9: 8.7308e-13 | AQ9: 8.7174e-13 | AR9: 8.6949e-13 | AS9: 8.6637e-13 | AT9: 8.624e-13 | AU9: 8.5764e-13 | AV9: 8.5214e-13 | AW9: 8.4596e-13 | AY9: 1 | AZ9: 1 | BA9: 0.85285795 | BB9: 0.5409883 | BC9: 0.23895626 | BD9: 0.091964334 | BE9: 0.033297166 | BF9: 0.01158608 | BG9: 0.0039216317 | BH9: 0.00130069 | BI9: 0.00042473423 | BJ9: 0.00013699621 | BK9: 4.3747576e-05 | BL9: 1.3854774e-05 | BM9: 4.3572427e-06 | BN9: 1.3621719e-06 | BO9: 4.2365377e-07 | BP9: 1.3116926e-07 | BQ9: 4.0450857e-08 | BR9: 1.243057e-08 | BS9: 3.807891e-09 | BT9: 1.1631797e-09 | BU9: 3.544024e-10 | BV9: 1.0773015e-10 | BW9: 3.267824e-11 | BX9: 9.89328e-12 | BY9: 2.9898729e-12 | BZ9: 9.021087e-13 | CA9: 2.7177853e-13 | CB9: 8.176594e-14 | CC9: 2.4568375e-14 | CD9: 7.373443e-15 | CE9: 2.2105195e-15 | CF9: 6.620406e-16 | CG9: 1.9809542e-16 | CH9: 5.9223286e-17 | CI9: 1.7691423e-17 | CJ9: 5.280555e-18 | CK9: 1.5737223e-18 | CL9: 4.6417426e-19 | CM9: 1.2157999e-19 | CN9: 1 | CO9: 0.854545 | CP9: 0.54497105 | CQ9: 0.24210179 | CR9: 0.09365874 | CS9: 0.034073293 | CT9: 0.011910278 | CU9: 0.0040490623 | CV9: 0.0013486804 | CW9: 0.0004422433 | CX9: 0.00014322938 | CY9: 4.5923935e-05 | CZ9: 1.4602837e-05 | DA9: 4.6110727e-06 | DB9: 1.4473784e-06 | DC9: 4.5199658e-07 | DD9: 1.4052418e-07 | DE9: 4.351788e-08 | DF9: 1.343022e-08 | DG9: 4.1320356e-09 | DH9: 1.2678039e-09 | DI9: 3.8803313e-10 | DJ9: 1.1850021e-10 | DK9: 3.6115538e-11 | DL9: 1.0986871e-11 | DM9: 3.3367879e-12 | DN9: 1.0118589e-12 | DO9: 3.0640998e-13 | DP9: 9.266728e-14 | DQ9: 2.7992032e-14 | DR9: 8.446265e-15 | DS9: 2.5459553e-15 | DT9: 7.666938e-16 | DU9: 2.306773e-16 | DV9: 6.9346376e-17 | DW9: 2.0830373e-17 | DX9: 6.251896e-18 | DY9: 1.8734477e-18 | DZ9: 5.5553295e-19 | EA9: 1.4625019e-19 | EB9: 1 | EC9: 0.8510171 | ED9: 0.53674513 | EE9: 0.23575966 | EF9: 0.090260185 | EG9: 0.03252561 | EH9: 0.011269718 | EI9: 0.0038001938 | EJ9: 0.001255877 | EK9: 0.00040887197 | EL9: 0.00013156242 | EM9: 4.193537e-05 | EN9: 1.3264081e-05 | EO9: 4.1685767e-06 | EP9: 1.3030192e-06 | EQ9: 4.0542756e-07 | ER9: 1.2564692e-07 | ES9: 3.8805325e-08 | ET9: 1.1948598e-08 | EU9: 3.6692636e-09 | EV9: 1.1240978e-09 | EW9: 3.4363565e-10 | EX9: 1.0484554e-10 | EY9: 3.1932634e-11 | EZ9: 9.7099846e-12 | FA9: 2.9486752e-12 | FB9: 8.9410386e-13 | FC9: 2.7075125e-13 | FD9: 8.188668e-14 | FE9: 2.473685e-14 | FF9: 7.46429e-15 | FG9: 2.2499014e-15 | FH9: 6.7746405e-16 | FI9: 2.0378476e-16 | FJ9: 6.1239794e-17 | FK9: 1.8386008e-17 | FL9: 5.514693e-18 | FM9: 1.6512676e-18 | FN9: 4.8923825e-19 | FO9: 1.2868661e-19 | FP9: 1 | FQ9: 0.8470618 | FR9: 0.52735513 | FS9: 0.22817045 | FT9: 0.086226635 | FU9: 0.03071147 | FV9: 0.010524035 | FW9: 0.0035112267 | FX9: 0.0011492667 | FY9: 0.0003705967 | FZ9: 0.00011811605 | GA9: 3.7295493e-05 | GB9: 1.1686393e-05 | GC9: 3.6386325e-06 | GD9: 1.1268356e-06 | GE9: 3.4736644e-07 | GF9: 1.0665761e-07 | GG9: 3.2635754e-08 | GH9: 9.9557145e-09 | GI9: 3.0288645e-09 | GJ9: 9.1926156e-10 | GK9: 2.783902e-10 | GL9: 8.414183e-11 | GM9: 2.5385534e-11 | GN9: 7.64603e-12 | GO9: 2.298907e-12 | GP9: 6.903006e-13 | GQ9: 2.0701172e-13 | GR9: 6.201011e-14 | GS9: 1.8551079e-14 | GT9: 5.543332e-15 | GU9: 1.6546258e-15 | GV9: 4.9337483e-16 | GW9: 1.4696731e-16 | GX9: 4.373691e-17 | GY9: 1.300377e-17 | GZ9: 3.8625294e-18 | HA9: 1.145378e-18 | HB9: 3.3615444e-19 | HC9: 8.76491e-20 | HD9: 1 | HE9: 0.84861916 | HF9: 0.531445 | HG9: 0.2312876 | HH9: 0.08779505 | HI9: 0.031375904 | HJ9: 0.010778886 | HK9: 0.0036023625 | HL9: 0.0011797342 | HM9: 0.00038037033 | HN9: 0.00012112992 | HO9: 3.8187216e-05 | HP9: 1.1938614e-05 | HQ9: 3.706214e-06 | HR9: 1.1436522e-06 | HS9: 3.5107473e-07 | HT9: 1.0728422e-07 | HU9: 3.2654263e-08 | HV9: 9.903974e-09 | HW9: 2.9944134e-09 | HX9: 9.027955e-10 | HY9: 2.7149671e-10 | HZ9: 8.145998e-11 | IA9: 2.4390526e-11 | IB9: 7.289155e-12 | IC9: 2.1746279e-12 | ID9: 6.477516e-13 | IE9: 1.9266495e-13 | IF9: 5.721906e-14 | IG9: 1.697785e-14 | IH9: 5.031599e-15 | II9: 1.4896178e-15 | IJ9: 4.405814e-16 | IK9: 1.3019426e-16 | IL9: 3.844142e-17 | IM9: 1.1341585e-17 | IN9: 3.3435805e-18 | IO9: 9.842769e-19 | IP9: 2.8687376e-19 | IQ9: 7.435943e-20 | IR9: 1 | IS9: 0.8483322 | IT9: 0.53050834 | IU9: 0.23074833 | IV9: 0.08756834 | IW9: 0.031285875 | IX9: 0.010743306 | IY9: 0.0035882997 | IZ9: 0.0011741888 | JA9: 0.00037820204 | JB9: 0.00012029531 | JC9: 3.7871483e-05 | JD9: 1.1817762e-05 | JE9: 3.6614874e-06 | JF9: 1.1274739e-06 | JG9: 3.453271e-07 | JH9: 1.0527367e-07 | JI9: 3.1960482e-08 | JJ9: 9.667458e-09 | JK9: 2.9146563e-09 | JL9: 8.761619e-10 | JM9: 2.626816e-10 | JN9: 7.856572e-11 | JO9: 2.3447239e-11 | JP9: 6.98378e-12 | JQ9: 2.0763738e-12 | JR9: 6.1631825e-13 | JS9: 1.8266256e-13 | JT9: 5.4061912e-14 | JU9: 1.5977242e-14 | JV9: 4.7178185e-15 | JW9: 1.3915085e-15 | JX9: 4.100162e-16 | JY9: 1.2070377e-16 | JZ9: 3.5503535e-17 | KA9: 1.04345e-17 | KB9: 3.0641748e-18 | KC9: 8.984813e-19 | KD9: 2.6085839e-19 | KE9: 6.7384756e-20 | KF9: 1 | KG9: 0.8481302 | KH9: 0.53000045 | KI9: 0.23012622 | KJ9: 0.08721339 | KK9: 0.031126559 | KL9: 0.010679443 | KM9: 0.003564444 | KN9: 0.0011656873 | KO9: 0.00037527486 | KP9: 0.00011931377 | KQ9: 3.7550173e-05 | KR9: 1.1721427e-05 | KS9: 3.632368e-06 | KT9: 1.1186703e-06 | KU9: 3.4267225e-07 | KV9: 1.0447408e-07 | KW9: 3.1719594e-08 | KX9: 9.594771e-09 | KY9: 2.8926583e-09 | KZ9: 8.694808e-10 | LA9: 2.606396e-10 | LB9: 7.793894e-11 | LC9: 2.3253907e-11 | LD9: 6.923865e-12 | LE9: 2.0577249e-12 | LF9: 6.104902e-13 | LG9: 1.8083495e-13 | LH9: 5.348732e-14 | LI9: 1.5799216e-14 | LJ9: 4.6600873e-15 | LK9: 1.3730897e-15 | LL9: 4.041535e-16 | LM9: 1.188402e-16 | LN9: 3.491222e-17 | LO9: 1.0247372e-17 | LP9: 3.0051478e-18 | LQ9: 8.79934e-19 | LR9: 2.551116e-19 | LS9: 6.581449e-20 | LT9: 1 | LU9: 0.8498688 | LV9: 0.5340524 | LW9: 0.23359096 | LX9: 0.08907711 | LY9: 0.031964757 | LZ9: 0.011022584 | MA9: 0.00369662 | MB9: 0.001214465 | MC9: 0.00039270363 | MD9: 0.00012538338 | ME9: 3.9619223e-05 | MF9: 1.2410844e-05 | MG9: 3.859121e-06 | MH9: 1.1923553e-06 | MI9: 3.6635936e-07 | MJ9: 1.120141e-07 | MK9: 3.4098647e-08 | ML9: 1.0339437e-08 | MM9: 3.1240521e-09 | MN9: 9.408938e-10 | MO9: 2.8249297e-10 | MP9: 8.459862e-11 | MQ9: 2.527372e-11 | MR9: 7.5336005e-12 | MS9: 2.2409845e-12 | MT9: 6.653443e-13 | MU9: 1.9719148e-13 | MV9: 5.834739e-14 | MW9: 1.7238511e-14 | MX9: 5.085919e-15 | MY9: 1.4985583e-15 | MZ9: 4.4101472e-16 | NA9: 1.296413e-16 | NB9: 3.80699e-17 | NC9: 1.1168649e-17 | ND9: 3.273456e-18 | NE9: 9.579167e-19 | NF9: 2.7755637e-19 | NG9: 7.1585625e-20 | NH9: 1 | NI9: 0.8467803 | NJ9: 0.52722347 | NK9: 0.2279925 | NL9: 0.08605427 | NM9: 0.030595154 | NN9: 0.010459433 | NO9: 0.003479183 | NP9: 0.0011341783 | NQ9: 0.00036403767 | NR9: 0.00011541496 | NS9: 3.622664e-05 | NT9: 1.1276708e-05 | NU9: 3.4856585e-06 | NV9: 1.0709565e-06 | NW9: 3.2733328e-07 | NX9: 9.9591006e-08 | NY9: 3.0178114e-08 | NZ9: 9.111672e-09 | OA9: 2.7422065e-09 | OB9: 8.228875e-10 | OC9: 2.463378e-10 | OD9: 7.3556466e-11 | OE9: 2.1914984e-11 | OF9: 6.5159926e-12 | OG9: 1.9334655e-12 | OH9: 5.728163e-13 | OI9: 1.6944878e-13 | OJ9: 5.0055622e-14 | OK9: 1.4767503e-14 | OL9: 4.3516047e-15 | OM9: 1.2809256e-15 | ON9: 3.7667804e-16 | OO9: 1.1067052e-16 | OP9: 3.2489424e-17 | OQ9: 9.5307e-18 | OR9: 2.793692e-18 | OS9: 8.177345e-19 | OT9: 2.3701552e-19 | OU9: 6.111564e-20 | OV9: 1 | OW9: 0.8478698 | OX9: 0.52920926 | OY9: 0.22973569 | OZ9: 0.08706386 | PA9: 0.031080874 | PB9: 0.010670441 | PC9: 0.003565192 | PD9: 0.0011677097 | PE9: 0.00037668803 | PF9: 0.00012006721 | PG9: 3.7901696e-05 | PH9: 1.1869211e-05 | PI9: 3.6921126e-06 | PJ9: 1.1419653e-06 | PK9: 3.5147926e-07 | PL9: 1.0771892e-07 | PM9: 3.2889268e-08 | PN9: 1.0008573e-08 | PO9: 3.0366898e-09 | PP9: 9.1890173e-10 | PQ9: 2.773884e-10 | PR9: 8.3551104e-11 | PS9: 2.5115507e-11 | PT9: 7.5359345e-12 | PU9: 2.2568494e-12 | PV9: 6.748756e-13 | PW9: 2.0152085e-13 | PX9: 6.009394e-14 | PY9: 1.7897662e-14 | PZ9: 5.324173e-15 | QA9: 1.5820854e-15 | QB9: 4.696304e-16 | QC9: 1.3926815e-16 | QD9: 4.1260798e-17 | QE9: 1.2213193e-17 | QF9: 3.611772e-18 | QG9: 1.0663931e-18 | QH9: 3.116672e-19 | QI9: 8.093634e-20 | QJ9: 1 | QK9: 0.85341513 | QL9: 0.54230577 | QM9: 0.23994057 | QN9: 0.09248878 | QO9: 0.033545494 | QP9: 0.011697519 | QQ9: 0.003969484 | QR9: 0.0013205269 | QS9: 0.00043271668 | QT9: 0.00014012709 | QU9: 4.4948723e-05 | QV9: 1.4306662e-05 | QW9: 4.524319e-06 | QX9: 1.4229922e-06 | QY9: 4.4548602e-07 | QZ9: 1.3890775e-07 | RA9: 4.31624e-08 | RB9: 1.3370797e-08 | RC9: 4.130811e-09 | RD9: 1.2731394e-09 | RE9: 3.915099e-10 | RF9: 1.2016485e-10 | RG9: 3.6816966e-11 | RH9: 1.1262149e-11 | RI9: 3.4404983e-12 | RJ9: 1.0494931e-12 | RK9: 3.1972038e-13 | RL9: 9.728278e-14 | RM9: 2.956703e-14 | RN9: 8.976662e-15 | RO9: 2.7225998e-15 | RP9: 8.2497293e-16 | RQ9: 2.4975005e-16 | RR9: 7.554458e-17 | RS9: 2.2832422e-17 | RT9: 6.8950426e-18 | RU9: 2.07885e-18 | RV9: 6.2010427e-19 | RW9: 1.6408018e-19 | RX9: 1 | RY9: 0.85650283 | RZ9: 0.54968274 | SA9: 0.24613538 | SB9: 0.09588394 | SC9: 0.035113517 | SD9: 0.012351467 | SE9: 0.00422729 | SF9: 0.0014181965 | SG9: 0.00046861524 | SH9: 0.00015301353 | SI9: 4.9488128e-05 | SJ9: 1.5881249e-05 | SK9: 5.0635304e-06 | SL9: 1.6056546e-06 | SM9: 5.0679495e-07 | SN9: 1.5932213e-07 | SO9: 4.9913e-08 | SP9: 1.5589562e-08 | SQ9: 4.8561715e-09 | SR9: 1.5091267e-09 | SS9: 4.679932e-10 | ST9: 1.4485363e-10 | SU9: 4.4758523e-11 | SV9: 1.3808532e-11 | SW9: 4.2540593e-12 | SX9: 1.3088656e-12 | SY9: 4.0222255e-13 | SZ9: 1.234684e-13 | TA9: 3.7861475e-14 | TB9: 1.1599e-14 | TC9: 3.5501857e-15 | TD9: 1.0857104e-15 | TE9: 3.3181412e-16 | TF9: 1.0131977e-16 | TG9: 3.091411e-17 | TH9: 9.424704e-18 | TI9: 2.8686018e-18 | TJ9: 8.6360556e-19 | TK9: 2.3043846e-19 | TL9: 1 | TM9: 0.8555847 | TN9: 0.5472188 | TO9: 0.24394098 | TP9: 0.09470244 | TQ9: 0.034581464 | TR9: 0.012142679 | TS9: 0.0041481685 | TT9: 0.001388948 | TU9: 0.0004580428 | TV9: 0.00014926033 | TW9: 4.8174174e-05 | TX9: 1.542644e-05 | TY9: 4.907575e-06 | TZ9: 1.5525972e-06 | UA9: 4.8886346e-07 | UB9: 1.5329591e-07 | UC9: 4.789741e-08 | UD9: 1.4918163e-08 | UE9: 4.6333177e-09 | UF9: 1.4353829e-09 | UG9: 4.4365758e-10 | UH9: 1.3684245e-10 | UI9: 4.212707e-11 | UJ9: 1.2945899e-11 | UK9: 3.9717934e-12 | UL9: 1.2166644e-12 | UM9: 3.7215535e-13 | UN9: 1.1367974e-13 | UO9: 3.4685088e-14 | UP9: 1.0568001e-14 | UQ9: 3.2160086e-15 | UR9: 9.775325e-16 | US9: 2.9674283e-16 | UT9: 8.999449e-17 | UU9: 2.7266093e-17 | UV9: 8.252516e-18 | UW9: 2.4933184e-18 | UX9: 7.4515914e-19 | UY9: 1.9750414e-19 | UZ9: 1 | VA9: 0.8539969 | VB9: 0.54365474 | VC9: 0.24111772 | VD9: 0.0931369 | VE9: 0.03383792 | VF9: 0.011814052 | VG9: 0.0040121977 | VH9: 0.0013351862 | VI9: 0.0004374574 | VJ9: 0.00014157142 | VK9: 4.5360088e-05 | VL9: 1.4413705e-05 | VM9: 4.5482575e-06 | VN9: 1.4266573e-06 | VO9: 4.4518967e-07 | VP9: 1.3829279e-07 | VQ9: 4.2786816e-08 | VR9: 1.3190564e-08 | VS9: 4.0533665e-09 | VT9: 1.2419347e-09 | VU9: 3.7951078e-10 | VV9: 1.1568861e-10 | VW9: 3.5192505e-11 | VX9: 1.0682032e-11 | VY9: 3.235975e-12 | VZ9: 9.784307e-13 | WA9: 2.953428e-13 | WB9: 8.900768e-14 | WC9: 2.6779025e-14 | WD9: 8.046529e-15 | WE9: 2.4147141e-15 | WF9: 7.237497e-16 | WG9: 2.1667099e-16 | WH9: 6.479312e-17 | WI9: 1.9355035e-17 | WJ9: 5.7755864e-18 | WK9: 1.7204375e-18 | WL9: 5.071409e-19 | WM9: 1.3275984e-19 | WN9: 1 | WO9: 0.85216963 | WP9: 0.5395842 | WQ9: 0.23782712 | WR9: 0.09131297 | WS9: 0.032972883 | WT9: 0.011438145 | WU9: 0.0038580154 | WV9: 0.001274503 | WW9: 0.00041432018 | WX9: 0.0001329694 | WY9: 4.2226835e-05 | WZ9: 1.3291942e-05 | XA9: 4.1525823e-06 | XB9: 1.2889047e-06 | XC9: 3.9778908e-07 | XD9: 1.2214666e-07 | XE9: 3.733928e-08 | XF9: 1.1368447e-08 | XG9: 3.4487009e-09 | XH9: 1.0427348e-09 | XI9: 3.143277e-10 | XJ9: 9.4490804e-11 | XK9: 2.8327634e-11 | XL9: 8.475552e-12 | XM9: 2.5303253e-12 | XN9: 7.539239e-13 | XO9: 2.2422842e-13 | XP9: 6.657698e-14 | XQ9: 1.9736993e-14 | XR9: 5.842672e-15 | XS9: 1.727283e-15 | XT9: 5.100175e-16 | XU9: 1.5042551e-16 | XV9: 4.431466e-17 | XW9: 1.3044211e-17 | XX9: 3.8362432e-18 | XY9: 1.1264808e-18 | XZ9: 3.2749344e-19 | YA9: 8.467152e-20 | YB9: 1 | YC9: 0.84982115 | YD9: 0.5338883 | YE9: 0.23317808 | YF9: 0.08884792 | YG9: 0.031884916 | YH9: 0.010996245 | YI9: 0.0036881422 | YJ9: 0.0012118185 | YK9: 0.00039190648 | YL9: 0.00012515357 | YM9: 3.9556617e-05 | YN9: 1.2395199e-05 | YO9: 3.855785e-06 | YP9: 1.1919045e-06 | YQ9: 3.664236e-07 | YR9: 1.1210737e-07 | YS9: 3.415302e-08 | YT9: 1.0364937e-08 | YU9: 3.1348373e-09 | YV9: 9.45189e-10 | YW9: 2.8418637e-10 | YX9: 8.5227235e-11 | YY9: 2.5499863e-11 | YZ9: 7.611582e-12 | ZA9: 2.2678166e-12 | ZB9: 6.7448933e-13 | ZC9: 2.0027895e-13 | ZD9: 5.938098e-14 | ZE9: 1.7581915e-14 | ZF9: 5.1992733e-15 | ZG9: 1.535753e-15 | ZH9: 4.531481e-16 | ZI9: 1.3355519e-16 | ZJ9: 3.9340045e-17 | ZK9: 1.1577613e-17 | ZL9: 3.4044237e-18 | ZM9: 9.996009e-19 | ZN9: 2.9060044e-19 | ZO9: 7.513884e-20 | ZP9: 1 | ZQ9: 0.84919643 | ZR9: 0.53252774 | ZS9: 0.23233774 | ZT9: 0.088406235 | ZU9: 0.031656913 | ZV9: 0.010901013 | ZW9: 0.0036533128 | ZX9: 0.0012002348 | ZY9: 0.00038835625 | ZZ9: 0.00012416246 | AAA9: 3.9314175e-05 | AAB9: 1.2349619e-05 | AAC9: 3.854548e-06 | AAD9: 1.1961915e-06 | AAE9: 3.694044e-07 | AAF9: 1.1359639e-07 | AAG9: 3.4803097e-08 | AAH9: 1.062799e-08 | AAI9: 3.2361025e-09 | AAJ9: 9.827993e-10 | AAK9: 2.9777747e-10 | AAL9: 9.0032745e-11 | AAM9: 2.7169019e-11 | AAN9: 8.184355e-12 | AAO9: 2.4614698e-12 | AAP9: 7.3919505e-13 | AAQ9: 2.2167987e-13 | AAR9: 6.639548e-14 | AAS9: 1.9862462e-14 | AAT9: 5.9353034e-15 | AAU9: 1.77172e-15 | AAV9: 5.282584e-16 | AAW9: 1.5739971e-16 | AAX9: 4.6850712e-17 | AAY9: 1.3932627e-17 | AAZ9: 4.1395087e-18 | ABA9: 1.2278812e-18 | ABB9: 3.6049552e-19 | ABC9: 9.408251e-20 | ABD9: 1 | ABE9: 0.84579426 | ABF9: 0.52477044 | ABG9: 0.22620955 | ABH9: 0.08515732 | ABI9: 0.03020803 | ABJ9: 0.010306624 | ABK9: 0.003422499 | ABL9: 0.0011141306 | ABM9: 0.00035721675 | ABN9: 0.00011316952 | ABO9: 3.5508558e-05 | ABP9: 1.1053021e-05 | ABQ9: 3.4168145e-06 | ABR9: 1.050418e-06 | ABS9: 3.2139243e-07 | ABT9: 9.7930986e-08 | ABU9: 2.9733702e-08 | ABV9: 8.9994705e-09 | ABW9: 2.71636e-09 | ABX9: 8.178964e-10 | ABY9: 2.4573527e-10 | ABZ9: 7.368787e-11 | ACA9: 2.2058253e-11 | ACB9: 6.5927676e-12 | ACC9: 1.9676671e-12 | ACD9: 5.8651543e-13 | ACE9: 1.7462277e-13 | ACF9: 5.1934856e-14 | ACG9: 1.5430899e-14 | ACH9: 4.5806885e-15 | ACI9: 1.3586584e-15 | ACJ9: 4.0275768e-16 | ACK9: 1.1928964e-16 | ACL9: 3.5305875e-17 | ACM9: 1.0442237e-17 | ACN9: 3.0862016e-18 | ACO9: 9.108172e-19 | ACP9: 2.6611998e-19 | ACQ9: 6.912461e-20 | ACR9: 1 | ACS9: 0.84523475 | ACT9: 0.52348685 | ACU9: 0.22514115 | ACV9: 0.08458633 | ACW9: 0.02994792 | ACX9: 0.010197444 | ACY9: 0.0033790849 | ACZ9: 0.0010974909 | ADA9: 0.00035101658 | ADB9: 0.00011091118 | ADC9: 3.4700988e-05 | ADD9: 1.0768881e-05 | ADE9: 3.3191586e-06 | ADF9: 1.0170853e-06 | ADG9: 3.1010723e-07 | ADH9: 9.414095e-08 | ADI9: 2.847039e-08 | ADJ9: 8.581298e-09 | ADK9: 2.5788327e-09 | ADL9: 7.729385e-10 | ADM9: 2.3112097e-10 | ADN9: 6.896209e-11 | ADO9: 2.0537575e-11 | ADP9: 6.1056876e-12 | ADQ9: 1.8123262e-12 | ADR9: 5.371745e-13 | ADS9: 1.5901026e-13 | ADT9: 4.701249e-14 | ADU9: 1.3884225e-14 | ADV9: 4.0962424e-15 | ADW9: 1.2073568e-15 | ADX9: 3.5554796e-16 | ADY9: 1.0461643e-16 | ADZ9: 3.0758384e-17 | AEA9: 9.03664e-18 | AEB9: 2.6529095e-18 | AEC9: 7.7770327e-19 | AED9: 2.2574457e-19 | AEE9: 5.8289376e-20 | AEF9: 1 | AEG9: 0.84744287 | AEH9: 0.52850014 | AEI9: 0.22911417 | AEJ9: 0.08668791 | AEK9: 0.030893754 | AEL9: 0.010587158 | AEM9: 0.003530632 | AEN9: 0.0011540663 | AEO9: 0.0003714913 | AEP9: 0.00011814151 | AEQ9: 3.7204278e-05 | AER9: 1.1621399e-05 | AES9: 3.6054614e-06 | AET9: 1.1120817e-06 | AEU9: 3.412961e-07 | AEV9: 1.0428528e-07 | AEW9: 3.174226e-08 | AEX9: 9.628604e-09 | AEY9: 2.9117555e-09 | AEZ9: 8.781002e-10 | AFA9: 2.6414498e-10 | AFB9: 7.927659e-11 | AFC9: 2.374292e-11 | AFD9: 7.097103e-12 | AFE9: 2.1176218e-12 | AFF9: 6.3079885e-13 | AFG9: 1.8761038e-13 | AFH9: 5.571724e-14 | AFI9: 1.6524485e-14 | AFJ9: 4.894486e-15 | AFK9: 1.4479726e-15 | AFL9: 4.2787734e-16 | AFM9: 1.2630264e-16 | AFN9: 3.7244793e-17 | AFO9: 1.0972376e-17 | AFP9: 3.229345e-18 | AFQ9: 9.489019e-19 | AFR9: 2.7603622e-19 | AFS9: 7.144002e-20 | AFU9: =INDEX($AZ$7:$AFS$109,ROW()-ROW($AFU$6),AFU$5) -> 1.243057e-08 | AFV9: =INDEX($AZ$7:$AFS$109,ROW()-ROW($AFU$6),AFV$5) -> 4.351788e-08 | AFW9: =INDEX($AZ$7:$AFS$109,ROW()-ROW($AFU$6),AFW$5) -> 1.2564692e-07 | AFX9: =INDEX($AZ$7:$AFS$109,ROW()-ROW($AFU$6),AFX$5) -> 3.4736644e-07 | AFY9: =INDEX($AZ$7:$AFS$109,ROW()-ROW($AFU$6),AFY$5) -> 1.1436522e-06 | AFZ9: =INDEX($AZ$7:$AFS$109,ROW()-ROW($AFU$6),AFZ$5) -> 3.6614874e-06 | AGA9: =INDEX($AZ$7:$AFS$109,ROW()-ROW($AFU$6),AGA$5) -> 1.1721427e-05 | AGB9: =INDEX($AZ$7:$AFS$109,ROW()-ROW($AFU$6),AGB$5) -> 3.9619223e-05 | ... AGN9: =INDEX($AZ$7:$AFS$109,ROW()-ROW($AFU$6),AGN$5) -> 5.8289376e-20 | AGO9: =AVERAGE(AFU9:AGN9) -> 0.13774451 | AGQ9: =INDEX($AZ$7:$AFS$109,ROW()-ROW($AGQ$6),AGQ$5) -> 3.116672e-19 | AGR9: =INDEX($AZ$7:$AFS$109,ROW()-ROW($AGQ$6),AGR$5) -> 1.3370797e-08 | AGS9: =INDEX($AZ$7:$AFS$109,ROW()-ROW($AGQ$6),AGS$5) -> 6.2010427e-19 | AGT9: =INDEX($AZ$7:$AFS$109,ROW()-ROW($AGQ$6),AGT$5) -> 1.5589562e-08 | AGU9: =INDEX($AZ$7:$AFS$109,ROW()-ROW($AGQ$6),AGU$5) -> 8.6360556e-19 | AGV9: =INDEX($AZ$7:$AFS$109,ROW()-ROW($AGQ$6),AGV$5) -> 1.4918163e-08 | AGW9: =INDEX($AZ$7:$AFS$109,ROW()-ROW($AGQ$6),AGW$5) -> 7.4515914e-19 | AGX9: =INDEX($AZ$7:$AFS$109,ROW()-ROW($AGQ$6),AGX$5) -> 1.3190564e-08 | ... AHJ9: =INDEX($AZ$7:$AFS$109,ROW()-ROW($AGQ$6),AHJ$5) -> 9.628604e-09 | AHK9: =AVERAGE(AGQ9:AHJ9) -> 5.8319916e-09 | AHM9: =INDEX($AZ$7:$AFS$109,ROW()-ROW($AHM$6),AHM$5) -> 2.7603622e-19 | AHN9: =INDEX($AZ$7:$AFS$109,ROW()-ROW($AHM$6),AHN$5) -> 2.7603622e-19 | AHO9: =INDEX($AZ$7:$AFS$109,ROW()-ROW($AHM$6),AHO$5) -> 2.7603622e-19 | AHP9: =INDEX($AZ$7:$AFS$109,ROW()-ROW($AHM$6),AHP$5) -> 2.7603622e-19 | AHQ9: =INDEX($AZ$7:$AFS$109,ROW()-ROW($AHM$6),AHQ$5) -> 2.7603622e-19 | AHR9: =INDEX($AZ$7:$AFS$109,ROW()-ROW($AHM$6),AHR$5) -> 2.7603622e-19 | AHS9: =INDEX($AZ$7:$AFS$109,ROW()-ROW($AHM$6),AHS$5) -> 2.7603622e-19 | AHT9: =INDEX($AZ$7:$AFS$109,ROW()-ROW($AHM$6),AHT$5) -> 2.7603622e-19 | ... AIF9: =INDEX($AZ$7:$AFS$109,ROW()-ROW($AHM$6),AIF$5) -> 2.7603622e-19 | AIG9: =AVERAGE(AHM9:AIF9) -> 2.7603622e-19 | AII9: 1 | AIJ9: 0 | AIK9: 1 | AIL9: 0 | AIM9: 0 | AIN9: -1 | AIP9: =_xlfn.CONCAT(AIL9+1,",",AIJ9+1) -> 1,1 | AIR9: =AIR8+1 -> 2 | AIS9: =IF(ISNUMBER(MATCH(AIS58,$AIP$31:$AIP$50,0)),$AIL$4,IF(ISNUMBER(MATCH(AIS58,Z_08!$AIP$52:$AIP$53,0)),$AIM$4,IF(ISNUMBER(MATCH(AIS58,$AIP$8:$AIP$27,0)),$AIK$4,$AIJ$4))) -> 0 | AIT9: =IF(ISNUMBER(MATCH(AIT58,$AIP$31:$AIP$50,0)),$AIL$4,IF(ISNUMBER(MATCH(AIT58,Z_08!$AIP$52:$AIP$53,0)),$AIM$4,IF(ISNUMBER(MATCH(AIT58,$AIP$8:$AIP$27,0)),$AIK$4,$AIJ$4))) -> 0 | AIU9: =IF(ISNUMBER(MATCH(AIU58,$AIP$31:$AIP$50,0)),$AIL$4,IF(ISNUMBER(MATCH(AIU58,Z_08!$AIP$52:$AIP$53,0)),$AIM$4,IF(ISNUMBER(MATCH(AIU58,$AIP$8:$AIP$27,0)),$AIK$4,$AIJ$4))) -> 0 | AIV9: =IF(ISNUMBER(MATCH(AIV58,$AIP$31:$AIP$50,0)),$AIL$4,IF(ISNUMBER(MATCH(AIV58,Z_08!$AIP$52:$AIP$53,0)),$AIM$4,IF(ISNUMBER(MATCH(AIV58,$AIP$8:$AIP$27,0)),$AIK$4,$AIJ$4))) -> 0 | AIW9: =IF(ISNUMBER(MATCH(AIW58,$AIP$31:$AIP$50,0)),$AIL$4,IF(ISNUMBER(MATCH(AIW58,Z_08!$AIP$52:$AIP$53,0)),$AIM$4,IF(ISNUMBER(MATCH(AIW58,$AIP$8:$AIP$27,0)),$AIK$4,$AIJ$4))) -> 0 | AIX9: =IF(ISNUMBER(MATCH(AIX58,$AIP$31:$AIP$50,0)),$AIL$4,IF(ISNUMBER(MATCH(AIX58,Z_08!$AIP$52:$AIP$53,0)),$AIM$4,IF(ISNUMBER(MATCH(AIX58,$AIP$8:$AIP$27,0)),$AIK$4,$AIJ$4))) -> 0 | AIY9: =IF(ISNUMBER(MATCH(AIY58,$AIP$31:$AIP$50,0)),$AIL$4,IF(ISNUMBER(MATCH(AIY58,Z_08!$AIP$52:$AIP$53,0)),$AIM$4,IF(ISNUMBER(MATCH(AIY58,$AIP$8:$AIP$27,0)),$AIK$4,$AIJ$4))) -> 0 | AIZ9: =IF(ISNUMBER(MATCH(AIZ58,$AIP$31:$AIP$50,0)),$AIL$4,IF(ISNUMBER(MATCH(AIZ58,Z_08!$AIP$52:$AIP$53,0)),$AIM$4,IF(ISNUMBER(MATCH(AIZ58,$AIP$8:$AIP$27,0)),$AIK$4,$AIJ$4))) -> 0 | ... AKF9: =IF(ISNUMBER(MATCH(AKF58,$AIP$31:$AIP$50,0)),$AIL$4,IF(ISNUMBER(MATCH(AKF58,Z_08!$AIP$52:$AIP$53,0)),$AIM$4,IF(ISNUMBER(MATCH(AKF58,$AIP$8:$AIP$27,0)),$AIK$4,$AIJ$4))) -> 0
B10: 4.9657e-13 | C10: 5.6889e-13 | I10: 2 | J10: 8.4843e-13 | K10: 8.5228e-13 | L10: 8.5685e-13 | M10: 8.6213e-13 | N10: 8.681e-13 | O10: 8.7474e-13 | P10: 8.82e-13 | Q10: 8.8984e-13 | R10: 8.9821e-13 | S10: 9.0705e-13 | T10: 9.163e-13 | U10: 9.2588e-13 | V10: 9.3572e-13 | W10: 9.4575e-13 | X10: 9.5588e-13 | Y10: 9.6602e-13 | Z10: 9.7609e-13 | AA10: 9.8601e-13 | AB10: 9.957e-13 | AC10: 1.0051e-12 | AD10: 1.014e-12 | AE10: 1.0225e-12 | AF10: 1.0305e-12 | AG10: 1.0378e-12 | AH10: 1.0445e-12 | AI10: 1.0504e-12 | AJ10: 1.0556e-12 | AK10: 1.06e-12 | AL10: 1.0635e-12 | AM10: 1.0662e-12 | AN10: 1.068e-12 | AO10: 1.069e-12 | AP10: 1.0691e-12 | AQ10: 1.0684e-12 | AR10: 1.0668e-12 | AS10: 1.0645e-12 | AT10: 1.0614e-12 | AU10: 1.0577e-12 | AV10: 1.0533e-12 | AW10: 1.0483e-12 | AY10: 2 | AZ10: 1 | BA10: 0.9525243 | BB10: 0.8376129 | BC10: 0.65057814 | BD10: 0.4303104 | BE10: 0.24316368 | BF10: 0.1222576 | BG10: 0.056543343 | BH10: 0.024579635 | BI10: 0.010187863 | BJ10: 0.00406657 | BK10: 0.0015744038 | BL10: 0.0005943594 | BM10: 0.00021967433 | BN10: 7.9738784e-05 | BO10: 2.8497114e-05 | BP10: 1.0047192e-05 | BQ10: 3.5003743e-06 | BR10: 1.2067056e-06 | BS10: 4.1209796e-07 | BT10: 1.3955078e-07 | BU10: 4.689806e-08 | BV10: 1.5652283e-08 | BW10: 5.191222e-09 | BX10: 1.7118492e-09 | BY10: 5.615293e-10 | BZ10: 1.833046e-10 | CA10: 5.9570474e-11 | CB10: 1.9279299e-11 | CC10: 6.215617e-12 | CD10: 1.9967795e-12 | CE10: 6.3935066e-13 | CF10: 2.0408385e-13 | CG10: 6.495705e-14 | CH10: 2.0619142e-14 | CI10: 6.5284713e-15 | CJ10: 2.0619639e-15 | CK10: 6.4918633e-16 | CL10: 2.0192015e-16 | CM10: 5.591918e-17 | CN10: 1 | CO10: 0.95317554 | CP10: 0.8399169 | CQ10: 0.6548479 | CR10: 0.43537053 | CS10: 0.24740143 | CT10: 0.12507306 | CU10: 0.05814977 | CV10: 0.025405314 | CW10: 0.010581331 | CX10: 0.0042435853 | CY10: 0.0016505246 | CZ10: 0.00062592805 | DA10: 0.00023238314 | DB10: 8.4729814e-05 | DC10: 3.0416515e-05 | DD10: 1.077219e-05 | DE10: 3.7699913e-06 | DF10: 1.3056136e-06 | DG10: 4.479481e-07 | DH10: 1.5240646e-07 | DI10: 5.1463957e-08 | DJ10: 1.725993e-08 | DK10: 5.752822e-09 | DL10: 1.9066213e-09 | DM10: 6.2863165e-10 | DN10: 2.0628073e-10 | DO10: 6.739281e-11 | DP10: 2.1928293e-11 | DQ10: 7.1082216e-12 | DR10: 2.296123e-12 | DS10: 7.392795e-13 | DT10: 2.3729773e-13 | DU10: 7.5950985e-14 | DV10: 2.4244004e-14 | DW10: 7.719142e-15 | DX10: 2.4516037e-15 | DY10: 7.7612237e-16 | DZ10: 2.426997e-16 | EA10: 6.7563576e-17 | EB10: 1 | EC10: 0.9518616 | ED10: 0.8352511 | EE10: 0.64627427 | EF10: 0.42537886 | EG10: 0.23920457 | EH10: 0.11972984 | EI10: 0.055154108 | EJ10: 0.023881387 | EK10: 0.009865361 | EL10: 0.003927191 | EM10: 0.0015172949 | EN10: 0.00057197217 | EO10: 0.00021122383 | EP10: 7.665323e-05 | EQ10: 2.7403814e-05 | ER10: 9.670456e-06 | ES10: 3.3739777e-06 | ET10: 1.1654053e-06 | EU10: 3.9896375e-07 | EV10: 1.354932e-07 | EW10: 4.5684992e-08 | EX10: 1.5303673e-08 | EY10: 5.0960938e-09 | EZ10: 1.6878133e-09 | FA10: 5.563637e-10 | FB10: 1.8253665e-10 | FC10: 5.9628864e-11 | FD10: 1.9400488e-11 | FE10: 6.2882876e-12 | FF10: 2.0310314e-12 | FG10: 6.5380877e-13 | FH10: 2.0980473e-13 | FI10: 6.7124935e-14 | FJ10: 2.1415248e-14 | FK10: 6.813907e-15 | FL10: 2.1623807e-15 | FM10: 6.839514e-16 | FN10: 2.1367796e-16 | FO10: 5.9429426e-17 | FP10: 1 | FQ10: 0.95010537 | FR10: 0.8290984 | FS10: 0.6350187 | FT10: 0.41215834 | FU10: 0.22824042 | FV10: 0.11255939 | FW10: 0.051138077 | FX10: 0.021880403 | FY10: 0.008937491 | FZ10: 0.0035193863 | GA10: 0.0013454845 | GB10: 0.00050201564 | GC10: 0.0001835285 | GD10: 6.594385e-05 | GE10: 2.3344648e-05 | GF10: 8.158166e-06 | GG10: 2.8189186e-06 | GH10: 9.643375e-07 | GI10: 3.2697142e-07 | GJ10: 1.0998319e-07 | GK10: 3.6729773e-08 | GL10: 1.2186424e-08 | GM10: 4.019287e-09 | GN10: 1.3183853e-09 | GO10: 4.3012724e-10 | GP10: 1.3969449e-10 | GQ10: 4.5178597e-11 | GR10: 1.4555981e-11 | GS10: 4.671819e-12 | GT10: 1.494114e-12 | GU10: 4.76256e-13 | GV10: 1.513348e-13 | GW10: 4.7945585e-14 | GX10: 1.51474e-14 | GY10: 4.7727126e-15 | GZ10: 1.4998877e-15 | HA10: 4.6981265e-16 | HB10: 1.4539127e-16 | HC10: 4.0077632e-17 | HD10: 1 | HE10: 0.950815 | HF10: 0.8317464 | HG10: 0.63956255 | HH10: 0.41717443 | HI10: 0.2321324 | HJ10: 0.11492783 | HK10: 0.052361283 | HL10: 0.022430664 | HM10: 0.009164474 | HN10: 0.003606546 | HO10: 0.0013768054 | HP10: 0.0005125528 | HQ10: 0.00018682408 | HR10: 6.688247e-05 | HS10: 2.3575172e-05 | HT10: 8.198434e-06 | HU10: 2.81743e-06 | HV10: 9.581042e-07 | HW10: 3.2278007e-07 | HX10: 1.0783407e-07 | HY10: 3.5753658e-08 | HZ10: 1.177365e-08 | IA10: 3.8529895e-09 | IB10: 1.2537669e-09 | IC10: 4.058593e-10 | ID10: 1.3075457e-10 | IE10: 4.1938886e-11 | IF10: 1.3393175e-11 | IG10: 4.262694e-12 | IH10: 1.3519301e-12 | II10: 4.273709e-13 | IJ10: 1.3468984e-13 | IK10: 4.232869e-14 | IL10: 1.3267359e-14 | IM10: 4.148135e-15 | IN10: 1.2938125e-15 | IO10: 4.0229983e-16 | IP10: 1.2362856e-16 | IQ10: 3.3871974e-17 | IR10: 1 | IS10: 0.95062 | IT10: 0.8310814 | IU10: 0.6388803 | IV10: 0.41662437 | IW10: 0.23176101 | IX10: 0.11470135 | IY10: 0.052230943 | IZ10: 0.022359205 | JA10: 0.009127185 | JB10: 0.0035880168 | JC10: 0.0013679543 | JD10: 0.0005082369 | JE10: 0.00018484883 | JF10: 6.602281e-05 | JG10: 2.3215127e-05 | JH10: 8.052287e-06 | JI10: 2.7596475e-06 | JJ10: 9.357697e-07 | JK10: 3.1431506e-07 | JL10: 1.0468065e-07 | JM10: 3.4596848e-08 | JN10: 1.135506e-08 | JO10: 3.7033838e-09 | JP10: 1.2008917e-09 | JQ10: 3.8736095e-10 | JR10: 1.2434309e-10 | JS10: 3.9736287e-11 | JT10: 1.2646043e-11 | JU10: 4.0081094e-12 | JV10: 1.2663701e-12 | JW10: 3.9879038e-13 | JX10: 1.2519858e-13 | JY10: 3.9193302e-14 | JZ10: 1.2236495e-14 | KA10: 3.810657e-15 | KB10: 1.1837815e-15 | KC10: 3.6660248e-16 | KD10: 1.1221449e-16 | KE10: 3.063587e-17 | KF10: 1 | KG10: 0.9505037 | KH10: 0.83063483 | KI10: 0.6377656 | KJ10: 0.41514596 | KK10: 0.23046748 | KL10: 0.11384929 | KM10: 0.051760204 | KN10: 0.022126773 | KO10: 0.009021122 | KP10: 0.0035424856 | KQ10: 0.0013494529 | KR10: 0.0005015301 | KS10: 0.00018248167 | KT10: 6.520201e-05 | KU10: 2.293512e-05 | KV10: 7.958043e-06 | KW10: 2.72827e-06 | KX10: 9.25409e-07 | KY10: 3.1091454e-07 | KZ10: 1.0356953e-07 | LA10: 3.423379e-08 | LB10: 1.1236527e-08 | LC10: 3.6646597e-09 | LD10: 1.1882196e-09 | LE10: 3.832045e-10 | LF10: 1.2297599e-10 | LG10: 3.928534e-11 | LH10: 1.2496991e-11 | LI10: 3.9598576e-12 | LJ10: 1.2498054e-12 | LK10: 3.9316293e-13 | LL10: 1.2329458e-13 | LM10: 3.8551383e-14 | LN10: 1.2020921e-14 | LO10: 3.7385692e-15 | LP10: 1.1597845e-15 | LQ10: 3.586536e-16 | LR10: 1.0962244e-16 | LS10: 2.988824e-17 | LT10: 1 | LU10: 0.9512809 | LV10: 0.8333514 | LW10: 0.64301544 | LX10: 0.4214549 | LY10: 0.23573773 | LZ10: 0.11728686 | MA10: 0.05367364 | MB10: 0.02308424 | MC10: 0.009464743 | MD10: 0.0037362 | ME10: 0.0014300833 | MF10: 0.0005335685 | MG10: 0.00019483133 | MH10: 6.984295e-05 | MI10: 2.4641431e-05 | MJ10: 8.573395e-06 | MK10: 2.946434e-06 | ML10: 1.0015925e-06 | MM10: 3.3715835e-07 | MN10: 1.1249672e-07 | MO10: 3.7225767e-08 | MP10: 1.2230577e-08 | MQ10: 3.9921852e-09 | MR10: 1.2952851e-09 | MS10: 4.1794637e-10 | MT10: 1.3417256e-10 | MU10: 4.2870936e-11 | MV10: 1.3638598e-11 | MW10: 4.3213653e-12 | MX10: 1.3640691e-12 | MY10: 4.2906713e-13 | MZ10: 1.3452191e-13 | NA10: 4.2046563e-14 | NB10: 1.3104625e-14 | NC10: 4.073386e-15 | ND10: 1.2628939e-15 | NE10: 3.9029812e-16 | NF10: 1.192241e-16 | NG10: 3.2497663e-17 | NH10: 1 | NI10: 0.95006347 | NJ10: 0.8291178 | NK10: 0.63478416 | NL10: 0.4116457 | NM10: 0.22762437 | NN10: 0.11201672 | NO10: 0.05074446 | NP10: 0.021620465 | NQ10: 0.008787628 | NR10: 0.0034409242 | NS10: 0.0013072013 | NT10: 0.00048433314 | NU10: 0.00017571403 | NV10: 6.2614025e-05 | NW10: 2.1968737e-05 | NX10: 7.6044216e-06 | NY10: 2.6011078e-06 | NZ10: 8.8037e-07 | OA10: 2.951738e-07 | OB10: 9.813458e-08 | OC10: 3.238943e-08 | OD10: 1.0614861e-08 | OE10: 3.4565153e-09 | OF10: 1.1189645e-09 | OG10: 3.6019554e-10 | OH10: 1.1539343e-10 | OI10: 3.680381e-11 | OJ10: 1.1689954e-11 | OK10: 3.698902e-12 | OL10: 1.1662702e-12 | OM10: 3.6652625e-13 | ON10: 1.1483872e-13 | OO10: 3.5879784e-14 | OP10: 1.1180777e-14 | OQ10: 3.4754946e-15 | OR10: 1.0777457e-15 | OS10: 3.33188e-16 | OT10: 1.0181633e-16 | OU10: 2.7745823e-17 | OV10: 1 | OW10: 0.95042884 | OX10: 0.83028305 | OY10: 0.6374084 | OZ10: 0.41499552 | PA10: 0.23054099 | PB10: 0.11400756 | PC10: 0.05190846 | PD10: 0.022233116 | PE10: 0.009086574 | PF10: 0.0035786415 | PG10: 0.0013678035 | PH10: 0.0005100247 | PI10: 0.00018627297 | PJ10: 6.684102e-05 | PK10: 2.3622997e-05 | PL10: 8.239148e-06 | PM10: 2.8404293e-06 | PN10: 9.692102e-07 | PO10: 3.2769327e-07 | PP10: 1.0988553e-07 | PQ10: 3.6574967e-08 | PR10: 1.2091931e-08 | PS10: 3.9731405e-09 | PT10: 1.2981833e-09 | PU10: 4.2183312e-10 | PV10: 1.364267e-10 | PW10: 4.392957e-11 | PX10: 1.4087895e-11 | PY10: 4.5008255e-12 | PZ10: 1.432861e-12 | QA10: 4.5465191e-13 | QB10: 1.4381462e-13 | QC10: 4.5357462e-14 | QD10: 1.4265536e-14 | QE10: 4.4749153e-15 | QF10: 1.4001418e-15 | QG10: 4.3667902e-16 | QH10: 1.3457257e-16 | QI10: 3.69415e-17 | QJ10: 1 | QK10: 0.9527885 | QL10: 0.83846766 | QM10: 0.65193146 | QN10: 0.43188035 | QO10: 0.24452886 | QP10: 0.12323766 | QQ10: 0.057156727 | QR10: 0.02492719 | QS10: 0.010370426 | QT10: 0.004156928 | QU10: 0.0016170228 | QV10: 0.0006136697 | QW10: 0.00022812914 | QX10: 8.3332925e-05 | QY10: 2.9986108e-05 | QZ10: 1.0650197e-05 | RA10: 3.739692e-06 | RB10: 1.2999826e-06 | RC10: 4.4786796e-07 | RD10: 1.5307226e-07 | RE10: 5.19336e-08 | RF10: 1.7505451e-08 | RG10: 5.8657816e-09 | RH10: 1.9549344e-09 | RI10: 6.4846956e-10 | RJ10: 2.1409646e-10 | RK10: 7.038099e-11 | RL10: 2.3044408e-11 | RM10: 7.517212e-12 | RN10: 2.4436386e-12 | RO10: 7.9177794e-13 | RP10: 2.557668e-13 | RQ10: 8.238311e-14 | RR10: 2.6464021e-14 | RS10: 8.4793605e-15 | RT10: 2.7100762e-15 | RU10: 8.633402e-16 | RV10: 2.7161446e-16 | RW10: 7.601172e-17 | RX10: 1 | RY10: 0.95409477 | RZ10: 0.84304535 | SA10: 0.66069543 | SB10: 0.4425635 | SC10: 0.25368682 | SD10: 0.12932447 | SE10: 0.060630858 | SF10: 0.02671671 | SG10: 0.011226115 | SH10: 0.00454356 | SI10: 0.0017841248 | SJ10: 0.0006833518 | SK10: 0.00025634427 | SL10: 9.4479576e-05 | SM10: 3.429861e-05 | SN10: 1.2288954e-05 | SO10: 4.352797e-06 | SP10: 1.5262552e-06 | SQ10: 5.303757e-07 | SR10: 1.8283228e-07 | SS10: 6.2573044e-08 | ST10: 2.1275921e-08 | SU10: 7.191452e-09 | SV10: 2.4176716e-09 | SW10: 8.0877394e-10 | SX10: 2.69326e-10 | SY10: 8.931048e-11 | SZ10: 2.9500822e-11 | TA10: 9.709414e-12 | TB10: 3.1848163e-12 | TC10: 1.041365e-12 | TD10: 3.3950075e-13 | TE10: 1.1040148e-13 | TF10: 3.5803676e-14 | TG10: 1.1581752e-14 | TH10: 3.737127e-15 | TI10: 1.201898e-15 | TJ10: 3.8163877e-16 | TK10: 1.0772161e-16 | TL10: 1 | TM10: 0.9536064 | TN10: 0.8413047 | TO10: 0.6574353 | TP10: 0.43859106 | TQ10: 0.25028375 | TR10: 0.12719654 | TS10: 0.059472915 | TT10: 0.026139915 | TU10: 0.010956843 | TV10: 0.0044239396 | TW10: 0.001732998 | TX10: 0.0006621679 | TY10: 0.00024778786 | TZ10: 9.109639e-05 | UA10: 3.2984735e-05 | UB10: 1.1786486e-05 | UC10: 4.1631615e-06 | UD10: 1.4555028e-06 | UE10: 5.0424296e-07 | UF10: 1.732654e-07 | UG10: 5.9098415e-08 | UH10: 2.0022897e-08 | UI10: 6.742477e-09 | UJ10: 2.2577318e-09 | UK10: 7.521011e-10 | UL10: 2.493431e-10 | UM10: 8.229674e-11 | UN10: 2.7050038e-11 | UO10: 8.858667e-12 | UP10: 2.8900198e-12 | UQ10: 9.395352e-13 | UR10: 3.0442947e-13 | US10: 9.8307735e-14 | UT10: 3.165588e-14 | UU10: 1.0165657e-14 | UV10: 3.2557816e-15 | UW10: 1.0391922e-15 | UX10: 3.2753012e-16 | UY10: 9.1814097e-17 | UZ10: 1 | VA10: 0.953003 | VB10: 0.83926016 | VC10: 0.6536244 | VD10: 0.4339591 | VE10: 0.24626301 | VF10: 0.12433989 | VG10: 0.057743065 | VH10: 0.025201881 | VI10: 0.010486713 | VJ10: 0.0042019235 | VK10: 0.0016329593 | VL10: 0.00061876804 | VM10: 0.0002295398 | VN10: 8.362338e-05 | VO10: 2.9992678e-05 | VP10: 1.0611796e-05 | VQ10: 3.70986e-06 | VR10: 1.2832373e-06 | VS10: 4.396705e-07 | VT10: 1.4935914e-07 | VU10: 5.0346994e-08 | VV10: 1.6852454e-08 | VW10: 5.6062315e-09 | VX10: 1.8537913e-09 | VY10: 6.096205e-10 | VZ10: 1.9943117e-10 | WA10: 6.49357e-11 | WB10: 2.1050547e-11 | WC10: 6.794175e-12 | WD10: 2.1847732e-12 | WE10: 7.000966e-13 | WF10: 2.2359992e-13 | WG10: 7.119074e-14 | WH10: 2.2599203e-14 | WI10: 7.154024e-15 | WJ10: 2.258587e-15 | WK10: 7.106719e-16 | WL10: 2.2089584e-16 | WM10: 6.11376e-17 | WN10: 1 | WO10: 0.95226365 | WP10: 0.83678997 | WQ10: 0.64901596 | WR10: 0.42833546 | WS10: 0.2413702 | WT10: 0.12095967 | WU10: 0.05573527 | WV10: 0.02412661 | WW10: 0.00995287 | WX10: 0.003951827 | WY10: 0.00152106 | WZ10: 0.00057054975 | XA10: 0.00020940718 | XB10: 7.544071e-05 | XC10: 2.6744034e-05 | XD10: 9.347502e-06 | XE10: 3.2267296e-06 | XF10: 1.1016051e-06 | XG10: 3.723814e-07 | XH10: 1.247601e-07 | XI10: 4.146252e-08 | XJ10: 1.3678469e-08 | XK10: 4.4809543e-09 | XL10: 1.4596214e-09 | XM10: 4.728028e-10 | XN10: 1.5236347e-10 | XO10: 4.8867098e-11 | XP10: 1.5604086e-11 | XQ10: 4.9622836e-12 | XR10: 1.5720708e-12 | XS10: 4.962782e-13 | XT10: 1.5615281e-13 | XU10: 4.898265e-14 | XV10: 1.5317666e-14 | XW10: 4.777836e-15 | XX10: 1.4865524e-15 | XY10: 4.6105406e-16 | XZ10: 1.4132058e-16 | YA10: 3.861645e-17 | YB10: 1 | YC10: 0.9511961 | YD10: 0.83304906 | YE10: 0.6421886 | YF10: 0.4203544 | YG10: 0.23491663 | YH10: 0.11681172 | YI10: 0.053437285 | YJ10: 0.022978181 | YK10: 0.009420867 | YL10: 0.0037192982 | YM10: 0.0014239848 | YN10: 0.00053150917 | YO10: 0.00019418626 | YP10: 6.966066e-05 | YQ10: 2.4596779e-05 | YR10: 8.5659e-06 | YS10: 2.947038e-06 | YT10: 1.0030167e-06 | YU10: 3.3809496e-07 | YV10: 1.129798e-07 | YW10: 3.745908e-08 | YX10: 1.2331657e-08 | YY10: 4.03327e-09 | YZ10: 1.3108621e-09 | ZA10: 4.2375825e-10 | ZB10: 1.3630744e-10 | ZC10: 4.3644095e-11 | ZD10: 1.3915188e-11 | ZE10: 4.419264e-12 | ZF10: 1.3984101e-12 | ZG10: 4.4101715e-13 | ZH10: 1.3864635e-13 | ZI10: 4.344847e-14 | ZJ10: 1.3584175e-14 | ZK10: 4.23613e-15 | ZL10: 1.3177496e-15 | ZM10: 4.0865105e-16 | ZN10: 1.2525285e-16 | ZO10: 3.4228337e-17 | ZP10: 1 | ZQ10: 0.9510577 | ZR10: 0.8324946 | ZS10: 0.64120173 | ZT10: 0.4192927 | ZU10: 0.23389514 | ZV10: 0.11611507 | ZW10: 0.05306141 | ZX10: 0.02280681 | ZY10: 0.00935231 | ZZ10: 0.0036953243 | AAA10: 0.0014169487 | AAB10: 0.0005300593 | AAC10: 0.00019430173 | AAD10: 6.997748e-05 | AAE10: 2.4821673e-05 | AAF10: 8.688868e-06 | AAG10: 3.0064903e-06 | AAH10: 1.0296835e-06 | AAI10: 3.4944804e-07 | AAJ10: 1.1762732e-07 | AAK10: 3.9303536e-08 | AAL10: 1.3045291e-08 | AAM10: 4.303631e-09 | AAN10: 1.4118917e-09 | AAO10: 4.6084075e-10 | AAP10: 1.4971234e-10 | AAQ10: 4.842564e-11 | AAR10: 1.5600587e-11 | AAS10: 5.0069736e-12 | AAT10: 1.6013527e-12 | AAU10: 5.104666e-13 | AAV10: 1.6218251e-13 | AAW10: 5.1396072e-14 | AAX10: 1.6241286e-14 | AAY10: 5.118641e-15 | AAZ10: 1.609044e-15 | ABA10: 5.0415353e-16 | ABB10: 1.5607105e-16 | ABC10: 4.3061937e-17 | ABD10: 1 | ABE10: 0.94961405 | ABF10: 0.8275253 | ABG10: 0.63219947 | ABH10: 0.40885636 | ABI10: 0.22546832 | ABJ10: 0.11068886 | ABK10: 0.050041426 | ABL10: 0.021286465 | ABM10: 0.008641524 | ABN10: 0.0033810914 | ABO10: 0.001284009 | ABP10: 0.0004757509 | ABQ10: 0.00017259232 | ABR10: 6.152756e-05 | ABS10: 2.1607473e-05 | ABT10: 7.4899876e-06 | ABU10: 2.5668828e-06 | ABV10: 8.7089165e-07 | ABW10: 2.928503e-07 | ABX10: 9.769326e-08 | ABY10: 3.2357438e-08 | ABZ10: 1.064824e-08 | ACA10: 3.4836805e-09 | ACB10: 1.1336615e-09 | ACC10: 3.671235e-10 | ACD10: 1.1835864e-10 | ACE10: 3.8001505e-11 | ACF10: 1.2154886e-11 | ACG10: 3.874102e-12 | ACH10: 1.2307507e-12 | ACI10: 3.898102e-13 | ACJ10: 1.231515e-13 | ACK10: 3.879816e-14 | ACL10: 1.2191561e-14 | ACM10: 3.8216255e-15 | ACN10: 1.1950783e-15 | ACO10: 3.725671e-16 | ACP10: 1.1478005e-16 | ACQ10: 3.1515466e-17 | ACR10: 1 | ACS10: 0.9493387 | ACT10: 0.82660025 | ACU10: 0.63051593 | ACV10: 0.4068587 | ACW10: 0.22377855 | ACX10: 0.10956025 | ACY10: 0.049394637 | ACZ10: 0.020951293 | ADA10: 0.008480074 | ADB10: 0.003307573 | ADC10: 0.0012519754 | ADD10: 0.00046230352 | ADE10: 0.0001671977 | ADF10: 5.940875e-05 | ADG10: 2.0790083e-05 | ADH10: 7.179765e-06 | ADI10: 2.4508627e-06 | ADJ10: 8.280727e-07 | ADK10: 2.772365e-07 | ADL10: 9.2062244e-08 | ADM10: 3.034712e-08 | ADN10: 9.937215e-09 | ADO10: 3.234362e-09 | ADP10: 1.0469384e-09 | ADQ10: 3.371825e-10 | ADR10: 1.080934e-10 | ADS10: 3.450496e-11 | ADT10: 1.0971161e-11 | ADU10: 3.4756614e-12 | ADV10: 1.0973486e-12 | ADW10: 3.453587e-13 | ADX10: 1.0836855e-13 | ADY10: 3.3910107e-14 | ADZ10: 1.0583301e-14 | AEA10: 3.2948807e-15 | AEB10: 1.0233239e-15 | AEC10: 3.168505e-16 | AED10: 9.69684e-17 | AEE10: 2.6462368e-17 | AEF10: 1 | AEG10: 0.9502984 | AEH10: 0.8298869 | AEI10: 0.6364581 | AEJ10: 0.41376147 | AEK10: 0.22945453 | AEL10: 0.11325367 | AEM10: 0.051460247 | AEN10: 0.021994002 | AEO10: 0.008968529 | AEP10: 0.003523687 | AEQ10: 0.0013434057 | AER10: 0.0004996034 | AES10: 0.00018196231 | AET10: 6.510582e-05 | AEU10: 2.2940616e-05 | AEV10: 7.976191e-06 | AEW10: 2.7408912e-06 | AEX10: 9.3212276e-07 | AEY10: 3.1406805e-07 | AEZ10: 1.0494285e-07 | AFA10: 3.4802373e-08 | AFB10: 1.1462802e-08 | AFC10: 3.751954e-09 | AFD10: 1.2210526e-09 | AFE10: 3.952925e-10 | AFF10: 1.273457e-10 | AFG10: 4.083997e-11 | AFH10: 1.304245e-11 | AFI10: 4.148858e-12 | AFJ10: 1.3149381e-12 | AFK10: 4.1532836e-13 | AFL10: 1.3076188e-13 | AFM10: 4.104465e-14 | AFN10: 1.2846773e-14 | AFO10: 4.0101703e-15 | AFP10: 1.2485292e-15 | AFQ10: 3.8746043e-16 | AFR10: 1.1883107e-16 | AFS10: 3.250556e-17 | AFU10: =INDEX($AZ$7:$AFS$109,ROW()-ROW($AFU$6),AFU$5) -> 1.2067056e-06 | AFV10: =INDEX($AZ$7:$AFS$109,ROW()-ROW($AFU$6),AFV$5) -> 3.7699913e-06 | AFW10: =INDEX($AZ$7:$AFS$109,ROW()-ROW($AFU$6),AFW$5) -> 9.670456e-06 | AFX10: =INDEX($AZ$7:$AFS$109,ROW()-ROW($AFU$6),AFX$5) -> 2.3344648e-05 | AFY10: =INDEX($AZ$7:$AFS$109,ROW()-ROW($AFU$6),AFY$5) -> 6.688247e-05 | AFZ10: =INDEX($AZ$7:$AFS$109,ROW()-ROW($AFU$6),AFZ$5) -> 0.00018484883 | AGA10: =INDEX($AZ$7:$AFS$109,ROW()-ROW($AFU$6),AGA$5) -> 0.0005015301 | AGB10: =INDEX($AZ$7:$AFS$109,ROW()-ROW($AFU$6),AGB$5) -> 0.0014300833 | ... AGN10: =INDEX($AZ$7:$AFS$109,ROW()-ROW($AFU$6),AGN$5) -> 2.6462368e-17 | AGO10: =AVERAGE(AFU10:AGN10) -> 0.21631996 | AGQ10: =INDEX($AZ$7:$AFS$109,ROW()-ROW($AGQ$6),AGQ$5) -> 1.3457257e-16 | AGR10: =INDEX($AZ$7:$AFS$109,ROW()-ROW($AGQ$6),AGR$5) -> 1.2999826e-06 | AGS10: =INDEX($AZ$7:$AFS$109,ROW()-ROW($AGQ$6),AGS$5) -> 2.7161446e-16 | AGT10: =INDEX($AZ$7:$AFS$109,ROW()-ROW($AGQ$6),AGT$5) -> 1.5262552e-06 | AGU10: =INDEX($AZ$7:$AFS$109,ROW()-ROW($AGQ$6),AGU$5) -> 3.8163877e-16 | AGV10: =INDEX($AZ$7:$AFS$109,ROW()-ROW($AGQ$6),AGV$5) -> 1.4555028e-06 | AGW10: =INDEX($AZ$7:$AFS$109,ROW()-ROW($AGQ$6),AGW$5) -> 3.2753012e-16 | AGX10: =INDEX($AZ$7:$AFS$109,ROW()-ROW($AGQ$6),AGX$5) -> 1.2832373e-06 | ... AHJ10: =INDEX($AZ$7:$AFS$109,ROW()-ROW($AGQ$6),AHJ$5) -> 9.3212276e-07 | AHK10: =AVERAGE(AGQ10:AHJ10) -> 5.6651852e-07 | AHM10: =INDEX($AZ$7:$AFS$109,ROW()-ROW($AHM$6),AHM$5) -> 1.1883107e-16 | AHN10: =INDEX($AZ$7:$AFS$109,ROW()-ROW($AHM$6),AHN$5) -> 1.1883107e-16 | AHO10: =INDEX($AZ$7:$AFS$109,ROW()-ROW($AHM$6),AHO$5) -> 1.1883107e-16 | AHP10: =INDEX($AZ$7:$AFS$109,ROW()-ROW($AHM$6),AHP$5) -> 1.1883107e-16 | AHQ10: =INDEX($AZ$7:$AFS$109,ROW()-ROW($AHM$6),AHQ$5) -> 1.1883107e-16 | AHR10: =INDEX($AZ$7:$AFS$109,ROW()-ROW($AHM$6),AHR$5) -> 1.1883107e-16 | AHS10: =INDEX($AZ$7:$AFS$109,ROW()-ROW($AHM$6),AHS$5) -> 1.1883107e-16 | AHT10: =INDEX($AZ$7:$AFS$109,ROW()-ROW($AHM$6),AHT$5) -> 1.1883107e-16 | ... AIF10: =INDEX($AZ$7:$AFS$109,ROW()-ROW($AHM$6),AIF$5) -> 1.1883107e-16 | AIG10: =AVERAGE(AHM10:AIF10) -> 1.1883107e-16 | AII10: 2 | AIJ10: 0 | AIK10: 2 | AIL10: 0 | AIM10: 0 | AIN10: -1 | AIP10: =_xlfn.CONCAT(AIL10+1,",",AIJ10+1) -> 1,1 | AIR10: =AIR9+1 -> 3 | AIS10: =IF(ISNUMBER(MATCH(AIS59,$AIP$31:$AIP$50,0)),$AIL$4,IF(ISNUMBER(MATCH(AIS59,Z_08!$AIP$52:$AIP$53,0)),$AIM$4,IF(ISNUMBER(MATCH(AIS59,$AIP$8:$AIP$27,0)),$AIK$4,$AIJ$4))) -> 0 | AIT10: =IF(ISNUMBER(MATCH(AIT59,$AIP$31:$AIP$50,0)),$AIL$4,IF(ISNUMBER(MATCH(AIT59,Z_08!$AIP$52:$AIP$53,0)),$AIM$4,IF(ISNUMBER(MATCH(AIT59,$AIP$8:$AIP$27,0)),$AIK$4,$AIJ$4))) -> 0 | AIU10: =IF(ISNUMBER(MATCH(AIU59,$AIP$31:$AIP$50,0)),$AIL$4,IF(ISNUMBER(MATCH(AIU59,Z_08!$AIP$52:$AIP$53,0)),$AIM$4,IF(ISNUMBER(MATCH(AIU59,$AIP$8:$AIP$27,0)),$AIK$4,$AIJ$4))) -> 0 | AIV10: =IF(ISNUMBER(MATCH(AIV59,$AIP$31:$AIP$50,0)),$AIL$4,IF(ISNUMBER(MATCH(AIV59,Z_08!$AIP$52:$AIP$53,0)),$AIM$4,IF(ISNUMBER(MATCH(AIV59,$AIP$8:$AIP$27,0)),$AIK$4,$AIJ$4))) -> 0 | AIW10: =IF(ISNUMBER(MATCH(AIW59,$AIP$31:$AIP$50,0)),$AIL$4,IF(ISNUMBER(MATCH(AIW59,Z_08!$AIP$52:$AIP$53,0)),$AIM$4,IF(ISNUMBER(MATCH(AIW59,$AIP$8:$AIP$27,0)),$AIK$4,$AIJ$4))) -> 0 | AIX10: =IF(ISNUMBER(MATCH(AIX59,$AIP$31:$AIP$50,0)),$AIL$4,IF(ISNUMBER(MATCH(AIX59,Z_08!$AIP$52:$AIP$53,0)),$AIM$4,IF(ISNUMBER(MATCH(AIX59,$AIP$8:$AIP$27,0)),$AIK$4,$AIJ$4))) -> 0 | AIY10: =IF(ISNUMBER(MATCH(AIY59,$AIP$31:$AIP$50,0)),$AIL$4,IF(ISNUMBER(MATCH(AIY59,Z_08!$AIP$52:$AIP$53,0)),$AIM$4,IF(ISNUMBER(MATCH(AIY59,$AIP$8:$AIP$27,0)),$AIK$4,$AIJ$4))) -> 0 | AIZ10: =IF(ISNUMBER(MATCH(AIZ59,$AIP$31:$AIP$50,0)),$AIL$4,IF(ISNUMBER(MATCH(AIZ59,Z_08!$AIP$52:$AIP$53,0)),$AIM$4,IF(ISNUMBER(MATCH(AIZ59,$AIP$8:$AIP$27,0)),$AIK$4,$AIJ$4))) -> 0 | ... AKF10: =IF(ISNUMBER(MATCH(AKF59,$AIP$31:$AIP$50,0)),$AIL$4,IF(ISNUMBER(MATCH(AKF59,Z_08!$AIP$52:$AIP$53,0)),$AIM$4,IF(ISNUMBER(MATCH(AKF59,$AIP$8:$AIP$27,0)),$AIK$4,$AIJ$4))) -> 0
B11: 4.9648e-13 | C11: 5.6458e-13 | I11: 3 | J11: 7.6543e-13 | K11: 7.6333e-13 | L11: 7.6143e-13 | M11: 7.5973e-13 | N11: 7.5827e-13 | O11: 7.5704e-13 | P11: 7.5606e-13 | Q11: 7.5535e-13 | R11: 7.5491e-13 | S11: 7.5475e-13 | T11: 7.5488e-13 | U11: 7.553e-13 | V11: 7.5601e-13 | W11: 7.5701e-13 | X11: 7.5829e-13 | Y11: 7.5984e-13 | Z11: 7.6166e-13 | AA11: 7.6372e-13 | AB11: 7.66e-13 | AC11: 7.6848e-13 | AD11: 7.7114e-13 | AE11: 7.7394e-13 | AF11: 7.7685e-13 | AG11: 7.7984e-13 | AH11: 7.8286e-13 | AI11: 7.8587e-13 | AJ11: 7.8884e-13 | AK11: 7.9172e-13 | AL11: 7.9447e-13 | AM11: 7.9704e-13 | AN11: 7.9938e-13 | AO11: 8.0147e-13 | AP11: 8.0324e-13 | AQ11: 8.0468e-13 | AR11: 8.0574e-13 | AS11: 8.0639e-13 | AT11: 8.066e-13 | AU11: 8.0635e-13 | AV11: 8.0563e-13 | AW11: 8.0442e-13 | AY11: 3 | AZ11: 1 | BA11: 0.97997093 | BB11: 0.9305042 | BC11: 0.83987486 | BD11: 0.70369685 | BE11: 0.53630793 | BF11: 0.36801952 | BG11: 0.2281725 | BH11: 0.12949501 | BI11: 0.06827171 | BJ11: 0.033870097 | BK11: 0.015976809 | BL11: 0.0072248657 | BM11: 0.0031525113 | BN11: 0.0013341877 | BO11: 0.0005499436 | BP11: 0.00022152936 | BQ11: 8.745143e-05 | BR11: 3.3910255e-05 | BS11: 1.2941024e-05 | BT11: 4.868507e-06 | BU11: 1.8081079e-06 | BV11: 6.6371416e-07 | BW11: 2.41059e-07 | BX11: 8.670625e-08 | BY11: 3.0910996e-08 | BZ11: 1.093002e-08 | CA11: 3.8357366e-09 | CB11: 1.3367231e-09 | CC11: 4.6282672e-10 | CD11: 1.59287e-10 | CE11: 5.4514282e-11 | CF11: 1.8559631e-11 | CG11: 6.2878587e-12 | CH11: 2.1205123e-12 | CI11: 7.1203503e-13 | CJ11: 2.380976e-13 | CK11: 7.923144e-14 | CL11: 2.6000188e-14 | CM11: 7.618816e-15 | CN11: 1 | CO11: 0.98029107 | CP11: 0.9316879 | CQ11: 0.84251016 | CR11: 0.7080279 | CS11: 0.5418454 | CT11: 0.3736714 | CU11: 0.23292391 | CV11: 0.1329168 | CW11: 0.07045737 | CX11: 0.03514121 | CY11: 0.016663121 | CZ11: 0.007573896 | DA11: 0.0033215133 | DB11: 0.0014127417 | DC11: 0.00058521674 | DD11: 0.00023690716 | DE11: 9.3986324e-05 | DF11: 3.6625937e-05 | DG11: 1.4047579e-05 | DH11: 5.3115778e-06 | DI11: 1.9827626e-06 | DJ11: 7.315984e-07 | DK11: 2.6710924e-07 | DL11: 9.6587115e-08 | DM11: 3.4618985e-08 | DN11: 1.2307904e-08 | DO11: 4.3431267e-09 | DP11: 1.5219955e-09 | DQ11: 5.299494e-10 | DR11: 1.8342447e-10 | DS11: 6.313281e-11 | DT11: 2.1616497e-11 | DU11: 7.365305e-12 | DV11: 2.4980502e-12 | DW11: 8.43579e-13 | DX11: 2.8367735e-13 | DY11: 9.492671e-14 | DZ11: 3.1320436e-14 | EA11: 9.2272966e-15 | EB11: 1 | EC11: 0.9796614 | ED11: 0.9293446 | EE11: 0.83731467 | EF11: 0.69959104 | EG11: 0.53125674 | EH11: 0.36310348 | EI11: 0.22423613 | EJ11: 0.12674063 | EK11: 0.06657664 | EL11: 0.032928187 | EM11: 0.015494807 | EN11: 0.006994413 | EO11: 0.003048474 | EP11: 0.0012894976 | EQ11: 0.0005315754 | ER11: 0.00021427737 | ES11: 8.4694824e-05 | ET11: 3.2900018e-05 | EU11: 1.2584181e-05 | EV11: 4.747276e-06 | EW11: 1.7686868e-06 | EX11: 6.515609e-07 | EY11: 2.3757362e-07 | EZ11: 8.5817184e-08 | FA11: 3.0743795e-08 | FB11: 1.0925874e-08 | FC11: 3.8541415e-09 | FD11: 1.3502213e-09 | FE11: 4.6999266e-10 | FF11: 1.6261725e-10 | FG11: 5.594836e-11 | FH11: 1.9146944e-11 | FI11: 6.519854e-12 | FJ11: 2.209644e-12 | FK11: 7.455314e-13 | FL11: 2.5046024e-13 | FM11: 8.372337e-14 | FN11: 2.7594756e-14 | FO11: 8.121305e-15 | FP11: 1 | FQ11: 0.97870374 | FR11: 0.9258546 | FS11: 0.82965344 | FT11: 0.6871765 | FU11: 0.51566553 | FV11: 0.34750655 | FW11: 0.21141572 | FX11: 0.11784501 | FY11: 0.06108337 | FZ11: 0.029827276 | GA11: 0.013864399 | GB11: 0.006184852 | GC11: 0.0026649376 | GD11: 0.0011147741 | GE11: 0.00045457354 | GF11: 0.00018129215 | GG11: 7.090702e-05 | GH11: 2.7259583e-05 | GI11: 1.032022e-05 | GJ11: 3.853801e-06 | GK11: 1.421374e-06 | GL11: 5.183818e-07 | GM11: 1.8713115e-07 | GN11: 6.6920336e-08 | GO11: 2.3715321e-08 | GP11: 8.338451e-09 | GQ11: 2.9107512e-09 | GR11: 1.0094483e-09 | GS11: 3.4783007e-10 | GT11: 1.1913538e-10 | GU11: 4.0577392e-11 | GV11: 1.3748132e-11 | GW11: 4.6349352e-12 | GX11: 1.5552652e-12 | GY11: 5.195572e-13 | GZ11: 1.7282256e-13 | HA11: 5.7203564e-14 | HB11: 1.8673555e-14 | HC11: 5.445387e-15 | HD11: 1 | HE11: 0.9790863 | HF11: 0.92731434 | HG11: 0.83268034 | HH11: 0.6918158 | HI11: 0.5211401 | HJ11: 0.35260543 | HK11: 0.21527407 | HL11: 0.12025352 | HM11: 0.06240138 | HN11: 0.030474557 | HO11: 0.014153287 | HP11: 0.006302671 | HQ11: 0.0027086681 | HR11: 0.0011292517 | HS11: 0.00045859665 | HT11: 0.00018202954 | HU11: 7.0815695e-05 | HV11: 2.7064272e-05 | HW11: 1.0180874e-05 | HX11: 3.7758111e-06 | HY11: 1.3825546e-06 | HZ11: 5.004115e-07 | IA11: 1.7922626e-07 | IB11: 6.357759e-08 | IC11: 2.2355474e-08 | ID11: 7.797387e-09 | IE11: 2.6993694e-09 | IF11: 9.277304e-10 | IG11: 3.1696e-10 | IH11: 1.0764964e-10 | II11: 3.6359124e-11 | IJ11: 1.2217109e-11 | IK11: 4.08535e-12 | IL11: 1.3599707e-12 | IM11: 4.508002e-13 | IN11: 1.4881969e-13 | IO11: 4.889615e-14 | IP11: 1.584896e-14 | IQ11: 4.592797e-15 | IR11: 1 | IS11: 0.9789859 | IT11: 0.92696834 | IU11: 0.83225036 | IV11: 0.69135773 | IW11: 0.52070624 | IX11: 0.35222456 | IY11: 0.21496065 | IZ11: 0.12001367 | JA11: 0.06223212 | JB11: 0.03036425 | JC11: 0.014085606 | JD11: 0.0062601413 | JE11: 0.0026844598 | JF11: 0.0011165077 | JG11: 0.00045227373 | JH11: 0.00017903796 | JI11: 6.945484e-05 | JJ11: 2.646555e-05 | JK11: 9.924913e-06 | JL11: 3.6690876e-06 | JM11: 1.3390279e-06 | JN11: 4.830042e-07 | JO11: 1.7238607e-07 | JP11: 6.093199e-08 | JQ11: 2.1346853e-08 | JR11: 7.417884e-09 | JS11: 2.5583515e-09 | JT11: 8.762155e-10 | JU11: 2.9806244e-10 | JV11: 1.0083444e-10 | JW11: 3.392357e-11 | JX11: 1.1353861e-11 | JY11: 3.781606e-12 | JZ11: 1.253794e-12 | KA11: 4.1390966e-13 | KB11: 1.3607742e-13 | KC11: 4.4524737e-14 | KD11: 1.4373865e-14 | KE11: 4.1500684e-15 | KF11: 1 | KG11: 0.9788966 | KH11: 0.92663074 | KI11: 0.8313443 | KJ11: 0.689766 | KK11: 0.5186299 | KL11: 0.35011613 | KM11: 0.21322231 | KN11: 0.11879647 | KO11: 0.061480284 | KP11: 0.029943962 | KQ11: 0.013870464 | KR11: 0.0061643436 | KS11: 0.002643916 | KT11: 0.0010999602 | KU11: 0.00044572743 | KV11: 0.00017651534 | KW11: 6.850405e-05 | KX11: 2.6113748e-05 | KY11: 9.796711e-06 | KZ11: 3.6229665e-06 | LA11: 1.3225556e-06 | LB11: 4.771631e-07 | LC11: 1.7032538e-07 | LD11: 6.020734e-08 | LE11: 2.109247e-08 | LF11: 7.3286355e-09 | LG11: 2.5270281e-09 | LH11: 8.65227e-10 | LI11: 2.943083e-10 | LJ11: 9.9463195e-11 | LK11: 3.342631e-11 | LL11: 1.1174572e-11 | LM11: 3.717342e-12 | LN11: 1.230901e-12 | LO11: 4.0580403e-13 | LP11: 1.3322474e-13 | LQ11: 4.3527126e-14 | LR11: 1.403102e-14 | LS11: 4.045529e-15 | LT11: 1 | LU11: 0.979334 | LV11: 0.92822057 | LW11: 0.8349917 | LX11: 0.69578254 | LY11: 0.5262323 | LZ11: 0.3577198 | MA11: 0.21945769 | MB11: 0.12316178 | MC11: 0.06418351 | MD11: 0.031463824 | ME11: 0.014660729 | MF11: 0.00654668 | MG11: 0.0028198373 | MH11: 0.0011776176 | MI11: 0.0004788223 | MJ11: 0.00019019387 | MK11: 7.400825e-05 | ML11: 2.827695e-05 | MM11: 1.0629195e-05 | MN11: 3.9372103e-06 | MO11: 1.4386404e-06 | MP11: 5.1945074e-07 | MQ11: 1.8553648e-07 | MR11: 6.5614884e-08 | MS11: 2.2994067e-08 | MT11: 7.990662e-09 | MU11: 2.7553893e-09 | MV11: 9.433363e-10 | MW11: 3.208179e-10 | MX11: 1.0843158e-10 | MY11: 3.6436593e-11 | MZ11: 1.2178022e-11 | NA11: 4.0496838e-12 | NB11: 1.3403259e-12 | NC11: 4.4164555e-13 | ND11: 1.4490821e-13 | NE11: 4.731686e-14 | NF11: 1.524432e-14 | NG11: 4.3944345e-15 | NH11: 1 | NI11: 0.97870034 | NJ11: 0.9258986 | NK11: 0.8295639 | NL11: 0.6867871 | NM11: 0.51488054 | NN11: 0.34641406 | NO11: 0.21023169 | NP11: 0.11673339 | NQ11: 0.060219735 | NR11: 0.029242108 | NS11: 0.013506353 | NT11: 0.0059825513 | NU11: 0.0025577282 | NV11: 0.0010608799 | NW11: 0.0004286558 | NX11: 0.00016929099 | NY11: 6.552938e-05 | NZ11: 2.491773e-05 | OA11: 9.3258195e-06 | OB11: 3.4410853e-06 | OC11: 1.254081e-06 | OD11: 4.516956e-07 | OE11: 1.6095612e-07 | OF11: 5.6794622e-08 | OG11: 1.9853932e-08 | OH11: 6.884352e-09 | OI11: 2.369364e-09 | OJ11: 8.098241e-10 | OK11: 2.7501695e-10 | OL11: 9.284208e-11 | OM11: 3.116966e-11 | ON11: 1.0410707e-11 | OO11: 3.4605886e-12 | OP11: 1.1451808e-12 | OQ11: 3.7735968e-13 | OR11: 1.2384043e-13 | OS11: 4.045035e-14 | OT11: 1.3036481e-14 | OU11: 3.7567262e-15 | OV11: 1 | OW11: 0.97888213 | OX11: 0.926534 | OY11: 0.83128566 | OZ11: 0.68986565 | PA11: 0.5189898 | PB11: 0.3507169 | PC11: 0.21392056 | PD11: 0.11943627 | PE11: 0.0619753 | PF11: 0.0302805 | PG11: 0.014076465 | PH11: 0.0062772254 | PI11: 0.0027026339 | PJ11: 0.0011292145 | PK11: 0.00045974954 | PL11: 0.0001830087 | PM11: 7.141973e-05 | PN11: 2.7387252e-05 | PO11: 1.0339279e-05 | PP11: 3.8489643e-06 | PQ11: 1.4148342e-06 | PR11: 5.141478e-07 | PS11: 1.848994e-07 | PT11: 6.5864405e-08 | PU11: 2.3246974e-08 | PV11: 8.139398e-09 | PW11: 2.8287765e-09 | PX11: 9.763798e-10 | PY11: 3.3486233e-10 | PZ11: 1.1416359e-10 | QA11: 3.870519e-11 | QB11: 1.3053869e-11 | QC11: 4.3809166e-12 | QD11: 1.4634282e-12 | QE11: 4.867114e-13 | QF11: 1.6118981e-13 | QG11: 5.312384e-14 | QH11: 1.726913e-14 | QI11: 5.0144266e-15 | QJ11: 1 | QK11: 0.980106 | QL11: 0.9309625 | QM11: 0.840754 | QN11: 0.70509213 | QO11: 0.538128 | QP11: 0.37001434 | QQ11: 0.23001002 | QR11: 0.13095348 | QS11: 0.069297954 | QT11: 0.0345261 | QU11: 0.016364887 | QV11: 0.007440229 | QW11: 0.003265784 | QX11: 0.0013911074 | QY11: 0.0005774431 | QZ11: 0.000234368 | RA11: 9.326759e-05 | RB11: 3.647571e-05 | RC11: 1.4046049e-05 | RD11: 5.3346566e-06 | RE11: 2.0005946e-06 | RF11: 7.418418e-07 | RG11: 2.7227773e-07 | RH11: 9.900477e-08 | RI11: 3.5703508e-08 | RJ11: 1.2772783e-08 | RK11: 4.5356803e-09 | RL11: 1.5996275e-09 | RM11: 5.605577e-10 | RN11: 1.952703e-10 | RO11: 6.7645285e-11 | RP11: 2.3311904e-11 | RQ11: 7.9945365e-12 | RR11: 2.7290173e-12 | RS11: 9.27535e-13 | RT11: 3.1392366e-13 | RU11: 1.0572186e-13 | RV11: 3.5098535e-14 | RW11: 1.0396737e-14 | RX11: 1 | RY11: 0.9808057 | RZ11: 0.9335058 | SA11: 0.8465199 | SB11: 0.7146938 | SC11: 0.55053437 | SD11: 0.38263312 | SE11: 0.24062113 | SF11: 0.13861126 | SG11: 0.07420297 | SH11: 0.037388083 | SI11: 0.01791591 | SJ11: 0.008232201 | SK11: 0.0036508907 | SL11: 0.0015708936 | SM11: 0.00065853354 | SN11: 0.00026987988 | SO11: 0.00010842764 | SP11: 4.280502e-05 | SQ11: 1.6637166e-05 | SR11: 6.3768643e-06 | SS11: 2.4137157e-06 | ST11: 9.033112e-07 | SU11: 3.3458875e-07 | SV11: 1.2277191e-07 | SW11: 4.4662396e-08 | SX11: 1.6119097e-08 | SY11: 5.7751013e-09 | SZ11: 2.0551059e-09 | TA11: 7.267324e-10 | TB11: 2.5548494e-10 | TC11: 8.932519e-11 | TD11: 3.107146e-11 | TE11: 1.0759521e-11 | TF11: 3.7086844e-12 | TG11: 1.2727808e-12 | TH11: 4.349661e-13 | TI11: 1.479039e-13 | TJ11: 4.9564272e-14 | TK11: 1.4811987e-14 | TL11: 1 | TM11: 0.98051524 | TN11: 0.9324524 | TO11: 0.8442119 | TP11: 0.7109297 | TQ11: 0.54577684 | TR11: 0.37809965 | TS11: 0.23698153 | TT11: 0.13606988 | TU11: 0.07261418 | TV11: 0.03647727 | TW11: 0.017428212 | TX11: 0.007985016 | TY11: 0.003531118 | TZ11: 0.0015149903 | UA11: 0.00063325115 | UB11: 0.00025874947 | UC11: 0.00010363968 | UD11: 4.0786414e-05 | UE11: 1.5800988e-05 | UF11: 6.035847e-06 | UG11: 2.2765544e-06 | UH11: 8.488241e-07 | UI11: 3.1318461e-07 | UJ11: 1.1444855e-07 | UK11: 4.145549e-08 | UL11: 1.4893931e-08 | UM11: 5.310705e-09 | UN11: 1.8803996e-09 | UO11: 6.6165995e-10 | UP11: 2.3134686e-10 | UQ11: 8.041792e-11 | UR11: 2.7800387e-11 | US11: 9.55772e-12 | UT11: 3.2702627e-12 | UU11: 1.1139007e-12 | UV11: 3.7775607e-13 | UW11: 1.2745888e-13 | UX11: 4.2390814e-14 | UY11: 1.2578789e-14 | UZ11: 1 | VA11: 0.98022085 | VB11: 0.9314021 | VC11: 0.84185827 | VD11: 0.70696306 | VE11: 0.54050976 | VF11: 0.3723435 | VG11: 0.23183984 | VH11: 0.13215767 | VI11: 0.06998346 | VJ11: 0.0348706 | VK11: 0.016519243 | VL11: 0.0075015933 | VM11: 0.0032867698 | VN11: 0.0013966336 | VO11: 0.00057796115 | VP11: 0.00023371479 | VQ11: 9.260863e-05 | VR11: 3.6041005e-05 | VS11: 1.3802651e-05 | VT11: 5.2102523e-06 | VU11: 1.9413017e-06 | VV11: 7.148236e-07 | VW11: 2.6047334e-07 | VX11: 9.3969035e-08 | VY11: 3.35912e-08 | VZ11: 1.190469e-08 | WA11: 4.1861163e-09 | WB11: 1.4612979e-09 | WC11: 5.064803e-10 | WD11: 1.7446183e-10 | WE11: 5.9748324e-11 | WF11: 2.0350818e-11 | WG11: 6.8960493e-12 | WH11: 2.3255e-12 | WI11: 7.806381e-13 | WJ11: 2.609062e-13 | WK11: 8.6765955e-14 | WL11: 2.8453287e-14 | WM11: 8.332772e-15 | WN11: 1 | WO11: 0.979844 | WP11: 0.93007433 | WQ11: 0.83888817 | WR11: 0.7019677 | WS11: 0.53392 | WT11: 0.3653742 | WU11: 0.22575209 | WV11: 0.12759715 | WW11: 0.06695385 | WX11: 0.03303893 | WY11: 0.015491968 | WZ11: 0.0069596535 | XA11: 0.0030150365 | XB11: 0.0012661148 | XC11: 0.00051754795 | XD11: 0.00020661196 | XE11: 8.0787104e-05 | XF11: 3.1011852e-05 | XG11: 1.1710238e-05 | XH11: 4.356933e-06 | XI11: 1.5995347e-06 | XJ11: 5.80133e-07 | XK11: 2.0801322e-07 | XL11: 7.387705e-08 | XM11: 2.5998608e-08 | XN11: 9.072291e-09 | XO11: 3.1411918e-09 | XP11: 1.0797717e-09 | XQ11: 3.686822e-10 | XR11: 1.2510082e-10 | XS11: 4.2202908e-11 | XT11: 1.4160251e-11 | XU11: 4.7271184e-12 | XV11: 1.570122e-12 | XW11: 5.192582e-13 | XX11: 1.7100773e-13 | XY11: 5.60462e-14 | XZ11: 1.8120674e-14 | YA11: 5.237107e-15 | YB11: 1 | YC11: 0.97925866 | YD11: 0.92795074 | YE11: 0.8342701 | YF11: 0.69457984 | YG11: 0.5249008 | YH11: 0.3565135 | YI11: 0.21854594 | YJ11: 0.12257313 | YK11: 0.06385007 | YL11: 0.031294692 | YM11: 0.01458269 | YN11: 0.0065136594 | YO11: 0.0028070172 | YP11: 0.0011731123 | YQ11: 0.00047740567 | YR11: 0.0001898317 | YS11: 7.3959e-05 | YT11: 2.8298162e-05 | YU11: 1.0654056e-05 | YV11: 3.953468e-06 | YW11: 1.4479746e-06 | YX11: 5.2407256e-07 | YY11: 1.876352e-07 | YZ11: 6.6488134e-08 | ZA11: 2.334809e-08 | ZB11: 8.131218e-09 | ZC11: 2.8101759e-09 | ZD11: 9.643558e-10 | ZE11: 3.2877254e-10 | ZF11: 1.1140731e-10 | ZG11: 3.753837e-11 | ZH11: 1.2581645e-11 | ZI11: 4.1947934e-12 | ZJ11: 1.392799e-12 | ZK11: 4.604574e-13 | ZL11: 1.5159658e-13 | ZM11: 4.967367e-14 | ZN11: 1.6058439e-14 | ZO11: 4.6411506e-15 | ZP11: 1 | ZQ11: 0.97922045 | ZR11: 0.9277653 | ZS11: 0.8338247 | ZT11: 0.6938025 | ZU11: 0.52362144 | ZV11: 0.35515407 | ZW11: 0.2174718 | ZX11: 0.12189335 | ZY11: 0.06348847 | ZZ11: 0.03113279 | AAA11: 0.014524047 | AAB11: 0.0064997408 | AAC11: 0.0028097106 | AAD11: 0.0011786771 | AAE11: 0.00048180143 | AAF11: 0.00019254876 | AAG11: 7.544135e-05 | AAH11: 2.904473e-05 | AAI11: 1.100899e-05 | AAJ11: 4.114852e-06 | AAK11: 1.5187583e-06 | AAL11: 5.542005e-07 | AAM11: 2.0014058e-07 | AAN11: 7.1594826e-08 | AAO11: 2.5389046e-08 | AAP11: 8.931586e-09 | AAQ11: 3.1188379e-09 | AAR11: 1.0816184e-09 | AAS11: 3.727191e-10 | AAT11: 1.2767386e-10 | AAU11: 4.349049e-11 | AAV11: 1.4732824e-11 | AAW11: 4.9684827e-12 | AAX11: 1.6676982e-12 | AAY11: 5.5728897e-13 | AAZ11: 1.8543344e-13 | ABA11: 6.13978e-14 | ABB11: 2.004976e-14 | ABC11: 5.8524407e-15 | ABD11: 1 | ABE11: 0.97846466 | ABF11: 0.92503434 | ABG11: 0.8278561 | ABH11: 0.6842212 | ABI11: 0.51187086 | ABJ11: 0.34360105 | ABK11: 0.20807008 | ABL11: 0.11531723 | ABM11: 0.05940258 | ABN11: 0.028816352 | ABO11: 0.013302435 | ABP11: 0.0058913976 | ABQ11: 0.0025180941 | ABR11: 0.001044642 | ABS11: 0.00042239588 | ABT11: 0.00016702506 | ABU11: 6.476644e-05 | ABV11: 2.4684221e-05 | ABW11: 9.264535e-06 | ABX11: 3.4297934e-06 | ABY11: 1.2541625e-06 | ABZ11: 4.5352203e-07 | ACA11: 1.6234863e-07 | ACB11: 5.758287e-08 | ACC11: 2.0252214e-08 | ACD11: 7.0678157e-09 | ACE11: 2.4490368e-09 | ACF11: 8.430168e-10 | ACG11: 2.8841368e-10 | ACH11: 9.811199e-11 | ACI11: 3.3199738e-11 | ACJ11: 1.1183335e-11 | ACK11: 3.749174e-12 | ACL11: 1.2512862e-12 | ACM11: 4.1585846e-13 | ACN11: 1.3764422e-13 | ACO11: 4.5342223e-14 | ACP11: 1.4733911e-14 | ACQ11: 4.2789098e-15 | ACR11: 1 | ACS11: 0.97830546 | ACT11: 0.924474 | ACU11: 0.8266322 | ACV11: 0.6822267 | ACW11: 0.5093307 | ACX11: 0.34101096 | ACY11: 0.20589171 | ACZ11: 0.11374363 | ADA11: 0.05839297 | ADB11: 0.028226163 | ADC11: 0.012981888 | ADD11: 0.0057277163 | ADE11: 0.002439969 | ADF11: 0.0010087225 | ADG11: 0.00040638016 | ADH11: 0.00016007364 | ADI11: 6.181999e-05 | ADJ11: 2.346136e-05 | ADK11: 8.766505e-06 | ADL11: 3.2303922e-06 | ADM11: 1.1755542e-06 | ADN11: 4.2296816e-07 | ADO11: 1.506261e-07 | ADP11: 5.31388e-08 | ADQ11: 1.8585974e-08 | ADR11: 6.449463e-09 | ADS11: 2.2217415e-09 | ADT11: 7.602085e-10 | ADU11: 2.584956e-10 | ADV11: 8.738554e-11 | ADW11: 2.938037e-11 | ADX11: 9.8278555e-12 | ADY11: 3.2718294e-12 | ADZ11: 1.0843708e-12 | AEA11: 3.5786988e-13 | AEB11: 1.1762475e-13 | AEC11: 3.8478647e-14 | AED11: 1.2419347e-14 | AEE11: 3.584029e-15 | AEF11: 1 | AEG11: 0.97881764 | AEH11: 0.92631716 | AEI11: 0.83066136 | AEJ11: 0.6887267 | AEK11: 0.517453 | AEL11: 0.34909186 | AEM11: 0.21251367 | AEN11: 0.1183963 | AEO11: 0.06129353 | AEP11: 0.029873332 | AEQ11: 0.013850925 | AER11: 0.006159709 | AES11: 0.0026444236 | AET11: 0.0011015815 | AEU11: 0.0004470992 | AEV11: 0.00017739624 | AEW11: 6.8996924e-05 | AEX11: 2.6366311e-05 | AEY11: 9.918193e-06 | AEZ11: 3.6785805e-06 | AFA11: 1.3470702e-06 | AFB11: 4.876144e-07 | AFC11: 1.7465594e-07 | AFD11: 6.195809e-08 | AFE11: 2.17851e-08 | AFF11: 7.597432e-09 | AFG11: 2.6295697e-09 | AFH11: 9.0375074e-10 | AFI11: 3.085808e-10 | AFJ11: 1.0472179e-10 | AFK11: 3.533677e-11 | AFL11: 1.1860313e-11 | AFM11: 3.9608143e-12 | AFN11: 1.3164978e-12 | AFO11: 4.3563306e-13 | AFP11: 1.4353652e-13 | AFQ11: 4.7063146e-14 | AFR11: 1.5223239e-14 | AFS11: 4.4041817e-15 | AFU11: =INDEX($AZ$7:$AFS$109,ROW()-ROW($AFU$6),AFU$5) -> 3.3910255e-05 | AFV11: =INDEX($AZ$7:$AFS$109,ROW()-ROW($AFU$6),AFV$5) -> 9.3986324e-05 | AFW11: =INDEX($AZ$7:$AFS$109,ROW()-ROW($AFU$6),AFW$5) -> 0.00021427737 | AFX11: =INDEX($AZ$7:$AFS$109,ROW()-ROW($AFU$6),AFX$5) -> 0.00045457354 | AFY11: =INDEX($AZ$7:$AFS$109,ROW()-ROW($AFU$6),AFY$5) -> 0.0011292517 | AFZ11: =INDEX($AZ$7:$AFS$109,ROW()-ROW($AFU$6),AFZ$5) -> 0.0026844598 | AGA11: =INDEX($AZ$7:$AFS$109,ROW()-ROW($AFU$6),AGA$5) -> 0.0061643436 | AGB11: =INDEX($AZ$7:$AFS$109,ROW()-ROW($AFU$6),AGB$5) -> 0.014660729 | ... AGN11: =INDEX($AZ$7:$AFS$109,ROW()-ROW($AFU$6),AGN$5) -> 3.584029e-15 | AGO11: =AVERAGE(AFU11:AGN11) -> 0.29246524 | AGQ11: =INDEX($AZ$7:$AFS$109,ROW()-ROW($AGQ$6),AGQ$5) -> 1.726913e-14 | AGR11: =INDEX($AZ$7:$AFS$109,ROW()-ROW($AGQ$6),AGR$5) -> 3.647571e-05 | AGS11: =INDEX($AZ$7:$AFS$109,ROW()-ROW($AGQ$6),AGS$5) -> 3.5098535e-14 | AGT11: =INDEX($AZ$7:$AFS$109,ROW()-ROW($AGQ$6),AGT$5) -> 4.280502e-05 | AGU11: =INDEX($AZ$7:$AFS$109,ROW()-ROW($AGQ$6),AGU$5) -> 4.9564272e-14 | AGV11: =INDEX($AZ$7:$AFS$109,ROW()-ROW($AGQ$6),AGV$5) -> 4.0786414e-05 | AGW11: =INDEX($AZ$7:$AFS$109,ROW()-ROW($AGQ$6),AGW$5) -> 4.2390814e-14 | AGX11: =INDEX($AZ$7:$AFS$109,ROW()-ROW($AGQ$6),AGX$5) -> 3.6041005e-05 | ... AHJ11: =INDEX($AZ$7:$AFS$109,ROW()-ROW($AGQ$6),AHJ$5) -> 2.6366311e-05 | AHK11: =AVERAGE(AGQ11:AHJ11) -> 1.5948739e-05 | AHM11: =INDEX($AZ$7:$AFS$109,ROW()-ROW($AHM$6),AHM$5) -> 1.5223239e-14 | AHN11: =INDEX($AZ$7:$AFS$109,ROW()-ROW($AHM$6),AHN$5) -> 1.5223239e-14 | AHO11: =INDEX($AZ$7:$AFS$109,ROW()-ROW($AHM$6),AHO$5) -> 1.5223239e-14 | AHP11: =INDEX($AZ$7:$AFS$109,ROW()-ROW($AHM$6),AHP$5) -> 1.5223239e-14 | AHQ11: =INDEX($AZ$7:$AFS$109,ROW()-ROW($AHM$6),AHQ$5) -> 1.5223239e-14 | AHR11: =INDEX($AZ$7:$AFS$109,ROW()-ROW($AHM$6),AHR$5) -> 1.5223239e-14 | AHS11: =INDEX($AZ$7:$AFS$109,ROW()-ROW($AHM$6),AHS$5) -> 1.5223239e-14 | AHT11: =INDEX($AZ$7:$AFS$109,ROW()-ROW($AHM$6),AHT$5) -> 1.5223239e-14 | ... AIF11: =INDEX($AZ$7:$AFS$109,ROW()-ROW($AHM$6),AIF$5) -> 1.5223239e-14 | AIG11: =AVERAGE(AHM11:AIF11) -> 1.5223239e-14 | AII11: 3 | AIJ11: 0 | AIK11: 3 | AIL11: 0 | AIM11: 0 | AIN11: -1 | AIP11: =_xlfn.CONCAT(AIL11+1,",",AIJ11+1) -> 1,1 | AIR11: =AIR10+1 -> 4 | AIS11: =IF(ISNUMBER(MATCH(AIS60,$AIP$31:$AIP$50,0)),$AIL$4,IF(ISNUMBER(MATCH(AIS60,Z_08!$AIP$52:$AIP$53,0)),$AIM$4,IF(ISNUMBER(MATCH(AIS60,$AIP$8:$AIP$27,0)),$AIK$4,$AIJ$4))) -> 0 | AIT11: =IF(ISNUMBER(MATCH(AIT60,$AIP$31:$AIP$50,0)),$AIL$4,IF(ISNUMBER(MATCH(AIT60,Z_08!$AIP$52:$AIP$53,0)),$AIM$4,IF(ISNUMBER(MATCH(AIT60,$AIP$8:$AIP$27,0)),$AIK$4,$AIJ$4))) -> 0 | AIU11: =IF(ISNUMBER(MATCH(AIU60,$AIP$31:$AIP$50,0)),$AIL$4,IF(ISNUMBER(MATCH(AIU60,Z_08!$AIP$52:$AIP$53,0)),$AIM$4,IF(ISNUMBER(MATCH(AIU60,$AIP$8:$AIP$27,0)),$AIK$4,$AIJ$4))) -> 0 | AIV11: =IF(ISNUMBER(MATCH(AIV60,$AIP$31:$AIP$50,0)),$AIL$4,IF(ISNUMBER(MATCH(AIV60,Z_08!$AIP$52:$AIP$53,0)),$AIM$4,IF(ISNUMBER(MATCH(AIV60,$AIP$8:$AIP$27,0)),$AIK$4,$AIJ$4))) -> 0 | AIW11: =IF(ISNUMBER(MATCH(AIW60,$AIP$31:$AIP$50,0)),$AIL$4,IF(ISNUMBER(MATCH(AIW60,Z_08!$AIP$52:$AIP$53,0)),$AIM$4,IF(ISNUMBER(MATCH(AIW60,$AIP$8:$AIP$27,0)),$AIK$4,$AIJ$4))) -> 0 | AIX11: =IF(ISNUMBER(MATCH(AIX60,$AIP$31:$AIP$50,0)),$AIL$4,IF(ISNUMBER(MATCH(AIX60,Z_08!$AIP$52:$AIP$53,0)),$AIM$4,IF(ISNUMBER(MATCH(AIX60,$AIP$8:$AIP$27,0)),$AIK$4,$AIJ$4))) -> 0 | AIY11: =IF(ISNUMBER(MATCH(AIY60,$AIP$31:$AIP$50,0)),$AIL$4,IF(ISNUMBER(MATCH(AIY60,Z_08!$AIP$52:$AIP$53,0)),$AIM$4,IF(ISNUMBER(MATCH(AIY60,$AIP$8:$AIP$27,0)),$AIK$4,$AIJ$4))) -> 0 | AIZ11: =IF(ISNUMBER(MATCH(AIZ60,$AIP$31:$AIP$50,0)),$AIL$4,IF(ISNUMBER(MATCH(AIZ60,Z_08!$AIP$52:$AIP$53,0)),$AIM$4,IF(ISNUMBER(MATCH(AIZ60,$AIP$8:$AIP$27,0)),$AIK$4,$AIJ$4))) -> 0 | ... AKF11: =IF(ISNUMBER(MATCH(AKF60,$AIP$31:$AIP$50,0)),$AIL$4,IF(ISNUMBER(MATCH(AKF60,Z_08!$AIP$52:$AIP$53,0)),$AIM$4,IF(ISNUMBER(MATCH(AKF60,$AIP$8:$AIP$27,0)),$AIK$4,$AIJ$4))) -> 0
B12: 4.9634e-13 | C12: 5.6049e-13 | I12: 4 | J12: 6.689e-13 | K12: 6.6412e-13 | L12: 6.5919e-13 | M12: 6.5417e-13 | N12: 6.4912e-13 | O12: 6.4409e-13 | P12: 6.3914e-13 | Q12: 6.3434e-13 | R12: 6.2974e-13 | S12: 6.2541e-13 | T12: 6.2139e-13 | U12: 6.1774e-13 | V12: 6.145e-13 | W12: 6.1171e-13 | X12: 6.0941e-13 | Y12: 6.0761e-13 | Z12: 6.0633e-13 | AA12: 6.0559e-13 | AB12: 6.0538e-13 | AC12: 6.057e-13 | AD12: 6.0653e-13 | AE12: 6.0783e-13 | AF12: 6.0958e-13 | AG12: 6.1174e-13 | AH12: 6.1425e-13 | AI12: 6.1705e-13 | AJ12: 6.2008e-13 | AK12: 6.2328e-13 | AL12: 6.2656e-13 | AM12: 6.2985e-13 | AN12: 6.3307e-13 | AO12: 6.3615e-13 | AP12: 6.39e-13 | AQ12: 6.4154e-13 | AR12: 6.4371e-13 | AS12: 6.4543e-13 | AT12: 6.4664e-13 | AU12: 6.4727e-13 | AV12: 6.4728e-13 | AW12: 6.4662e-13 | AY12: 4 | AZ12: 1 | BA12: 0.9905192 | BB12: 0.9669175 | BC12: 0.92158496 | BD12: 0.846553 | BE12: 0.7388521 | BF12: 0.6046431 | BG12: 0.45958555 | BH12: 0.32321027 | BI12: 0.21070023 | BJ12: 0.12807034 | BK12: 0.073131666 | BL12: 0.039532 | BM12: 0.020370832 | BN12: 0.01006768 | BO12: 0.0047969976 | BP12: 0.0022133098 | BQ12: 0.0009925804 | BR12: 0.00043402202 | BS12: 0.00018554433 | BT12: 7.772709e-05 | BU12: 3.1970216e-05 | BV12: 1.2933348e-05 | BW12: 5.15366e-06 | BX12: 2.025474e-06 | BY12: 7.860354e-07 | BZ12: 3.0151043e-07 | CA12: 1.1441899e-07 | CB12: 4.2991008e-08 | CC12: 1.6004893e-08 | CD12: 5.9075584e-09 | CE12: 2.1632263e-09 | CF12: 7.862547e-10 | CG12: 2.8378985e-10 | CH12: 1.0176249e-10 | CI12: 3.6266302e-11 | CJ12: 1.2848546e-11 | CK12: 4.5221192e-12 | CL12: 1.5666654e-12 | CM12: 4.8621274e-13 | CN12: 1 | CO12: 0.9906904 | CP12: 0.96755785 | CQ12: 0.9231017 | CR12: 0.8493732 | CS12: 0.74320424 | CT12: 0.6103135 | CU12: 0.46587995 | CV12: 0.3292381 | CW12: 0.21576127 | CX12: 0.13186285 | CY12: 0.07571339 | CZ12: 0.041153695 | DA12: 0.021323051 | DB12: 0.010595835 | DC12: 0.005076062 | DD12: 0.0023547392 | DE12: 0.0010617097 | DF12: 0.00046675888 | DG12: 0.00020062078 | DH12: 8.4500534e-05 | DI12: 3.4946734e-05 | DJ12: 1.4215569e-05 | DK12: 5.696155e-06 | DL12: 2.2512659e-06 | DM12: 8.7861326e-07 | DN12: 3.3894992e-07 | DO12: 1.2936911e-07 | DP12: 4.889117e-08 | DQ12: 1.8308194e-08 | DR12: 6.797511e-09 | DS12: 2.503753e-09 | DT12: 9.153683e-10 | DU12: 3.323286e-10 | DV12: 1.1986502e-10 | DW12: 4.296635e-11 | DX12: 1.5309976e-11 | DY12: 5.4191283e-12 | DZ12: 1.8878675e-12 | EA12: 5.891763e-13 | EB12: 1 | EC12: 0.99035937 | ED12: 0.96631396 | EE12: 0.9201657 | EF12: 0.8439716 | EG12: 0.7350045 | EH12: 0.5998449 | EI12: 0.45449844 | EJ12: 0.3184763 | EK12: 0.2068855 | EL12: 0.12535337 | EM12: 0.0713889 | EN12: 0.038509082 | EO12: 0.019814357 | EP12: 0.0097843185 | EQ12: 0.004660916 | ER12: 0.0021513358 | ES12: 0.000965725 | ET12: 0.00042292266 | EU12: 0.00018116886 | EV12: 7.608595e-05 | EW12: 3.138822e-05 | EX12: 1.2740804e-05 | EY12: 5.095965e-06 | EZ12: 2.0110356e-06 | FA12: 7.841835e-07 | FB12: 3.023013e-07 | FC12: 1.1530558e-07 | FD12: 4.354958e-08 | FE12: 1.6298053e-08 | FF12: 6.047401e-09 | FG12: 2.2259357e-09 | FH12: 8.131702e-10 | FI12: 2.9496663e-10 | FJ12: 1.0628279e-10 | FK12: 3.805531e-11 | FL12: 1.3543846e-11 | FM12: 4.7880567e-12 | FN12: 1.6659964e-12 | FO12: 5.193252e-13 | FP12: 1 | FQ12: 0.989802 | FR12: 0.9642699 | FS12: 0.9153922 | FT12: 0.83522236 | FU12: 0.72175974 | FV12: 0.58298755 | FW12: 0.43629676 | FX12: 0.30176467 | FY12: 0.19338302 | FZ12: 0.11557872 | GA12: 0.064939596 | GB12: 0.03457165 | GC12: 0.017562037 | GD12: 0.008564871 | GE12: 0.0040309015 | GF12: 0.0018386913 | GG12: 0.00081588153 | GH12: 0.0003532701 | GI12: 0.000149654 | GJ12: 6.216446e-05 | GK12: 2.536883e-05 | GL12: 1.0187779e-05 | GM12: 4.031792e-06 | GN12: 1.5742584e-06 | GO12: 6.0684147e-07 | GP12: 2.3129942e-07 | GQ12: 8.72537e-08 | GR12: 3.2606934e-08 | GS12: 1.2074602e-08 | GT12: 4.4333577e-09 | GU12: 1.6148975e-09 | GV12: 5.8387756e-10 | GW12: 2.0962575e-10 | GX12: 7.4763314e-11 | GY12: 2.6497863e-11 | GZ12: 9.335212e-12 | HA12: 3.2670585e-12 | HB12: 1.1256412e-12 | HC12: 3.4754266e-13 | HD12: 1 | HE12: 0.9900183 | HF12: 0.9650947 | HG12: 0.91722494 | HH12: 0.83841896 | HI12: 0.7263315 | HJ12: 0.5884286 | HK12: 0.44171724 | HL12: 0.30624261 | HM12: 0.19658555 | HN12: 0.11759092 | HO12: 0.066062704 | HP12: 0.035132144 | HQ12: 0.017811468 | HR12: 0.008661871 | HS12: 0.004061731 | HT12: 0.0018446576 | HU12: 0.0008144126 | HV12: 0.00035064458 | HW12: 0.0001476215 | HX12: 6.0910017e-05 | HY12: 2.467981e-05 | HZ12: 9.836726e-06 | IA12: 3.8624303e-06 | IB12: 1.4960152e-06 | IC12: 5.7223275e-07 | ID12: 2.1637527e-07 | IE12: 8.0949576e-08 | IF12: 2.9976103e-08 | IG12: 1.1005324e-08 | IH12: 4.0065693e-09 | II12: 1.4471581e-09 | IJ12: 5.188717e-10 | IK12: 1.8476469e-10 | IL12: 6.53706e-11 | IM12: 2.2988639e-11 | IN12: 8.037424e-12 | IO12: 2.792007e-12 | IP12: 9.550922e-13 | IQ12: 2.929827e-13 | IR12: 1 | IS12: 0.98996866 | IT12: 0.96492225 | IU12: 0.9169964 | IV12: 0.83814675 | IW12: 0.7260301 | IX12: 0.5881026 | IY12: 0.44136983 | IZ12: 0.3058897 | JA12: 0.19625486 | JB12: 0.11730848 | JC12: 0.06583813 | JD12: 0.03494932 | JE12: 0.017681707 | JF12: 0.008578945 | JG12: 0.0040127826 | JH12: 0.0018175422 | JI12: 0.0008001577 | JJ12: 0.00034347523 | JK12: 0.00014415015 | JL12: 5.9283862e-05 | JM12: 2.3939863e-05 | JN12: 9.508603e-06 | JO12: 3.720245e-06 | JP12: 1.4356687e-06 | JQ12: 5.4709784e-07 | JR12: 2.0608486e-07 | JS12: 7.680484e-08 | JT12: 2.834181e-08 | JU12: 1.0358816e-08 | JV12: 3.75599e-09 | JW12: 1.3512046e-09 | JX12: 4.82521e-10 | JY12: 1.7112309e-10 | JZ12: 6.029458e-11 | KA12: 2.1114815e-11 | KB12: 7.351034e-12 | KC12: 2.5427666e-12 | KD12: 8.662498e-13 | KE12: 2.6472178e-13 | KF12: 1 | KG12: 0.98990303 | KH12: 0.9646792 | KI12: 0.91634643 | KJ12: 0.8368873 | KK12: 0.7240752 | KL12: 0.5855922 | KM12: 0.43864894 | KN12: 0.30335444 | KO12: 0.19419041 | KP12: 0.11581756 | KQ12: 0.06487631 | KR12: 0.03442024 | KS12: 0.017410371 | KT12: 0.008447085 | KU12: 0.003951591 | KV12: 0.0017902408 | KW12: 0.00078838074 | KX12: 0.00033853907 | KY12: 0.00014213141 | KZ12: 5.8475704e-05 | LA12: 2.362107e-05 | LB12: 9.384581e-06 | LC12: 3.6725296e-06 | LD12: 1.4174693e-06 | LE12: 5.4020103e-07 | LF12: 2.0348297e-07 | LG12: 7.582632e-08 | LH12: 2.7975158e-08 | LI12: 1.0225737e-08 | LJ12: 3.7040582e-09 | LK12: 1.3310559e-09 | LL12: 4.747633e-10 | LM12: 1.6816075e-10 | LN12: 5.9173055e-11 | LO12: 2.0693624e-11 | LP12: 7.194077e-12 | LQ12: 2.4847333e-12 | LR12: 8.452041e-13 | LS12: 2.579272e-13 | LT12: 1 | LU12: 0.9901648 | LV12: 0.9656364 | LW12: 0.91866046 | LX12: 0.84118575 | LY12: 0.7306107 | LZ12: 0.5939105 | MA12: 0.4476317 | MB12: 0.3117006 | MC12: 0.2009705 | MD12: 0.12071674 | ME12: 0.068076275 | MF12: 0.036322933 | MG12: 0.018466387 | MH12: 0.009000309 | MI12: 0.004227501 | MJ12: 0.0019220887 | MK12: 0.0008490792 | ML12: 0.00036558133 | MM12: 0.00015383333 | MN12: 6.340626e-05 | MO12: 2.5639734e-05 | MP12: 1.0194947e-05 | MQ12: 3.992195e-06 | MR12: 1.5415521e-06 | MS12: 5.8765784e-07 | MT12: 2.2138848e-07 | MU12: 8.249823e-08 | MV12: 3.0433178e-08 | MW12: 1.1121931e-08 | MX12: 4.0292214e-09 | MY12: 1.4478497e-09 | MZ12: 5.163319e-10 | NA12: 1.8282968e-10 | NB12: 6.430888e-11 | NC12: 2.2479246e-11 | ND12: 7.810892e-12 | NE12: 2.6964102e-12 | NF12: 9.167791e-13 | NG12: 2.7973392e-13 | NH12: 1 | NI12: 0.9898036 | NJ12: 0.96429986 | NK12: 0.91535836 | NL12: 0.8349956 | NM12: 0.7211633 | NN12: 0.5818815 | NO12: 0.43466988 | NP12: 0.2997088 | NQ12: 0.19127811 | NR12: 0.11374213 | NS12: 0.06352589 | NT12: 0.03358802 | NU12: 0.016932055 | NV12: 0.008188287 | NW12: 0.0038185355 | NX12: 0.0017247587 | NY12: 0.0007573486 | NZ12: 0.00032431 | OA12: 0.00013579402 | OB12: 5.572732e-05 | OC12: 2.2468872e-05 | OD12: 8.910083e-06 | OE12: 3.4801387e-06 | OF12: 1.3405469e-06 | OG12: 5.096397e-07 | OH12: 1.9152753e-07 | OI12: 7.121755e-08 | OJ12: 2.6222388e-08 | OK12: 9.567487e-09 | OL12: 3.461425e-09 | OM12: 1.2425183e-09 | ON12: 4.4275753e-10 | OO12: 1.5669896e-10 | OP12: 5.51049e-11 | OQ12: 1.9261252e-11 | OR12: 6.693526e-12 | OS12: 2.311202e-12 | OT12: 7.8599117e-13 | OU12: 2.3971127e-13 | OV12: 1 | OW12: 0.9899087 | OX12: 0.96467644 | OY12: 0.91641665 | OZ12: 0.83712757 | PA12: 0.7246042 | PB12: 0.586491 | PC12: 0.43988943 | PD12: 0.30478474 | PE12: 0.19559634 | PF12: 0.11701831 | PG12: 0.06578267 | PH12: 0.035021763 | PI12: 0.017783018 | PJ12: 0.008665048 | PK12: 0.0040727668 | PL12: 0.0018546551 | PM12: 0.0008212853 | PN12: 0.00035476132 | PO12: 0.00014987862 | PP12: 6.2070525e-05 | PQ12: 2.524735e-05 | PR12: 1.0103173e-05 | PS12: 3.9833135e-06 | PT12: 1.5493407e-06 | PU12: 5.9485313e-07 | PV12: 2.257829e-07 | PW12: 8.4798295e-08 | PX12: 3.1538114e-08 | PY12: 1.1623664e-08 | PZ12: 4.247922e-09 | QA12: 1.5401961e-09 | QB12: 5.543123e-10 | QC12: 1.9810596e-10 | QD12: 7.033716e-11 | QE12: 2.4818791e-11 | QF12: 8.705571e-12 | QG12: 3.0336276e-12 | QH12: 1.0408252e-12 | QI12: 3.199568e-13 | QJ12: 1 | QK12: 0.9905918 | QL12: 0.96716887 | QM12: 0.92210567 | QN12: 0.84749067 | QO12: 0.7403216 | QP12: 0.6066867 | QQ12: 0.46205845 | QR12: 0.32581237 | QS12: 0.21310271 | QT12: 0.1300467 | QU12: 0.0746042 | QV12: 0.04054027 | QW12: 0.021013226 | QX12: 0.010452464 | QY12: 0.005015517 | QZ12: 0.0023317856 | RA12: 0.0010542555 | RB12: 0.00046499577 | RC12: 0.00020061203 | RD12: 8.485559e-05 | RE12: 3.5248933e-05 | RF12: 1.4407135e-05 | RG12: 5.802539e-06 | RH12: 2.3058603e-06 | RI12: 9.0543244e-07 | RJ12: 3.5148457e-07 | RK12: 1.3500596e-07 | RL12: 5.1349357e-08 | RM12: 1.9353072e-08 | RN12: 7.2322197e-09 | RO12: 2.6813114e-09 | RP12: 9.867283e-10 | RQ12: 3.6059492e-10 | RR12: 1.3091495e-10 | RS12: 4.7235636e-11 | RT12: 1.6941745e-11 | RU12: 6.0358415e-12 | RV12: 2.1159782e-12 | RW12: 6.640793e-13 | RX12: 1 | RY12: 0.99099445 | RZ12: 0.96864045 | SA12: 0.9256259 | SB12: 0.8540656 | SC12: 0.750475 | SD12: 0.6197622 | SE12: 0.47648832 | SF12: 0.33960742 | SG12: 0.22469103 | SH12: 0.13874583 | SI12: 0.08054097 | SJ12: 0.04428044 | SK12: 0.02321637 | SL12: 0.011678545 | SM12: 0.0056655933 | SN12: 0.0026624047 | SO12: 0.001216444 | SP12: 0.0005420884 | SQ12: 0.00023625125 | SR12: 0.0001009254 | SS12: 4.234522e-05 | ST12: 1.7479326e-05 | SU12: 7.1089016e-06 | SV12: 2.8523123e-06 | SW12: 1.130313e-06 | SX12: 4.42832e-07 | SY12: 1.7167208e-07 | SZ12: 6.590534e-08 | TA12: 2.5072936e-08 | TB12: 9.458488e-09 | TC12: 3.5400798e-09 | TD12: 1.3152623e-09 | TE12: 4.8547566e-10 | TF12: 1.7801978e-10 | TG12: 6.487333e-11 | TH12: 2.349964e-11 | TI12: 8.455006e-12 | TJ12: 2.9925188e-12 | TK12: 9.478295e-13 | TL12: 1 | TM12: 0.9908191 | TN12: 0.9680036 | TO12: 0.92415446 | TP12: 0.85139215 | TQ12: 0.74648577 | TR12: 0.6149782 | TS12: 0.47146773 | TT12: 0.33497214 | TU12: 0.22089233 | TV12: 0.13594373 | TW12: 0.0786512 | TX12: 0.043098517 | TY12: 0.022522606 | TZ12: 0.011292571 | UA12: 0.005460433 | UB12: 0.002557538 | UC12: 0.0011646238 | UD12: 0.0005172242 | UE12: 0.00022462539 | UF12: 9.5612166e-05 | UG12: 3.9965864e-05 | UH12: 1.6433023e-05 | UI12: 6.6562834e-06 | UJ12: 2.6593968e-06 | UK12: 1.0491899e-06 | UL12: 4.0913739e-07 | UM12: 1.5783567e-07 | UN12: 6.028493e-08 | UO12: 2.2820482e-08 | UP12: 8.561762e-09 | UQ12: 3.1857577e-09 | UR12: 1.1762222e-09 | US12: 4.3095313e-10 | UT12: 1.5683052e-10 | UU12: 5.6710393e-11 | UV12: 2.0381394e-11 | UW12: 7.2752438e-12 | UX12: 2.5552028e-12 | UY12: 8.034383e-13 | UZ12: 1 | VA12: 0.99066 | VB12: 0.9674283 | VC12: 0.9227829 | VD12: 0.8487767 | VE12: 0.74228936 | VF12: 0.6091363 | VG12: 0.46459693 | VH12: 0.3280345 | VI12: 0.21476814 | VJ12: 0.13112856 | VK12: 0.075218745 | VL12: 0.040845018 | VM12: 0.021142103 | VN12: 0.010495086 | VO12: 0.005022304 | VP12: 0.0023270533 | VQ12: 0.0010478733 | VR12: 0.0004600197 | VS12: 0.00019741117 | VT12: 8.300195e-05 | VU12: 3.4259563e-05 | VV12: 1.3906143e-05 | VW12: 5.5610667e-06 | VX12: 2.1927176e-06 | VY12: 8.5346477e-07 | VZ12: 3.2818036e-07 | WA12: 1.2480673e-07 | WB12: 4.697856e-08 | WC12: 1.7507753e-08 | WD12: 6.4677934e-09 | WE12: 2.3699418e-09 | WF12: 8.617579e-10 | WG12: 3.1109298e-10 | WH12: 1.1154358e-10 | WI12: 3.9739358e-11 | WJ12: 1.4071667e-11 | WK12: 4.949488e-12 | WL12: 1.7136278e-12 | WM12: 5.315445e-13 | WN12: 1 | WO12: 0.9904495 | WP12: 0.96667707 | WQ12: 0.9209982 | WR12: 0.8453934 | WS12: 0.73692584 | WT12: 0.6019285 | WU12: 0.4563155 | WV12: 0.31980827 | WW12: 0.20760038 | WX12: 0.12555443 | WY12: 0.07128325 | WZ12: 0.038284242 | XA12: 0.019587155 | XB12: 0.009604992 | XC12: 0.004538124 | XD12: 0.0020748149 | XE12: 0.00092145125 | XF12: 0.00039878793 | XG12: 0.00016864232 | XH12: 6.9848335e-05 | XI12: 2.8390954e-05 | XJ12: 1.134426e-05 | XK12: 4.4609537e-06 | XL12: 1.7305185e-06 | XM12: 6.6272247e-07 | XN12: 2.5079683e-07 | XO12: 9.387422e-08 | XP12: 3.4782207e-08 | XQ12: 1.2766409e-08 | XR12: 4.6448254e-09 | XS12: 1.6761775e-09 | XT12: 6.002873e-10 | XU12: 2.1344954e-10 | XV12: 7.536592e-11 | XW12: 2.6446508e-11 | XX12: 9.225539e-12 | XY12: 3.1971713e-12 | XZ12: 1.0910571e-12 | YA12: 3.3382246e-13 | YB12: 1 | YC12: 0.9901102 | YD12: 0.9654408 | YE12: 0.9181461 | YF12: 0.84025306 | YG12: 0.7293724 | YH12: 0.59248984 | YI12: 0.4462195 | YJ12: 0.31048337 | YK12: 0.20005673 | YL12: 0.12011381 | YM12: 0.06772217 | YN12: 0.036136005 | YO12: 0.018377347 | YP12: 0.008962358 | YQ12: 0.0042130733 | YR12: 0.0019175273 | YS12: 0.0008481426 | YT12: 0.00036572243 | YU12: 0.00015415458 | YV12: 6.36623e-05 | YW12: 2.5810063e-05 | YX12: 1.0290088e-05 | YY12: 4.0401756e-06 | YZ12: 1.5634606e-06 | ZA12: 5.973311e-07 | ZB12: 2.2555093e-07 | ZC12: 8.424972e-08 | ZD12: 3.1156105e-08 | ZE12: 1.141534e-08 | ZF12: 4.146618e-09 | ZG12: 1.4942267e-09 | ZH12: 5.34413e-10 | ZI12: 1.8972578e-10 | ZJ12: 6.6951465e-11 | ZK12: 2.3482064e-11 | ZL12: 8.187672e-12 | ZM12: 2.8364893e-12 | ZN12: 9.677441e-13 | ZO12: 2.960647e-13 | ZP12: 1 | ZQ12: 0.9900985 | ZR12: 0.9653707 | ZS12: 0.9179465 | ZT12: 0.8398064 | ZU12: 0.72840583 | ZV12: 0.59113103 | ZW12: 0.44477734 | ZX12: 0.30926475 | ZY12: 0.19920556 | ZZ12: 0.11962416 | AAA12: 0.06749931 | AAB12: 0.0360716 | AAC12: 0.018394692 | AAD12: 0.00900175 | AAE12: 0.0042491686 | AAF12: 0.0019432507 | AAG12: 0.00086418627 | AAH12: 0.00037488455 | AAI12: 0.0001590572 | AAJ12: 6.615466e-05 | AAK12: 2.7024953e-05 | AAL12: 1.0861702e-05 | AAM12: 4.301237e-06 | AAN12: 1.6803712e-06 | AAO12: 6.483637e-07 | AAP12: 2.4732174e-07 | AAQ12: 9.335015e-08 | AAR12: 3.4891066e-08 | AAS12: 1.292291e-08 | AAT12: 4.7459356e-09 | AAU12: 1.7291327e-09 | AAV12: 6.251097e-10 | AAW12: 2.2452046e-10 | AAX12: 8.010831e-11 | AAY12: 2.840365e-11 | AAZ12: 1.0010633e-11 | ABA12: 3.5047898e-12 | ABB12: 1.2080278e-12 | ABC12: 3.7337123e-13 | ABD12: 1 | ABE12: 0.9896728 | ABF12: 0.96381813 | ABG12: 0.9143332 | ABH12: 0.8332376 | ABI12: 0.71865904 | ABJ12: 0.5788865 | ABK12: 0.43163866 | ABL12: 0.29708692 | ABM12: 0.18931021 | ABN12: 0.11243717 | ABO12: 0.06274831 | ABP12: 0.033164036 | ABQ12: 0.016709963 | ABR12: 0.008080414 | ABS12: 0.0037699696 | ABT12: 0.0017045204 | ABU12: 0.00074961735 | ABV12: 0.00032167239 | ABW12: 0.00013504595 | ABX12: 5.559434e-05 | ABY12: 2.2485781e-05 | ABZ12: 8.950457e-06 | ACA12: 3.5113749e-06 | ACB12: 1.359432e-06 | ACC12: 5.199613e-07 | ACD12: 1.9667328e-07 | ACE12: 7.3630545e-08 | ACF12: 2.7305113e-08 | ACG12: 1.0036949e-08 | ACH12: 3.6593255e-09 | ACI12: 1.3240357e-09 | ACJ12: 4.758907e-10 | ACK12: 1.6988744e-10 | ACL12: 6.026056e-11 | ACM12: 2.1246227e-11 | ACN12: 7.447339e-12 | ACO12: 2.5936354e-12 | ACP12: 8.8941024e-13 | ACQ12: 2.7341424e-13 | ACR12: 1 | ACS12: 0.98957604 | ACT12: 0.963473 | ACU12: 0.9135303 | ACV12: 0.83175707 | ACW12: 0.71638805 | ACX12: 0.5759437 | ACY12: 0.4283874 | ACZ12: 0.2939788 | ADA12: 0.18670204 | ADB12: 0.1104833 | ADC12: 0.061418235 | ADD12: 0.032330923 | ADE12: 0.016231783 | ADF12: 0.00782025 | ADG12: 0.0036345527 | ADH12: 0.001636698 | ADI12: 0.00071677647 | ADJ12: 0.0003062368 | ADK12: 0.00012798097 | ADL12: 5.243665e-05 | ADM12: 2.1104464e-05 | ADN12: 8.35788e-06 | ADO12: 3.2616426e-06 | ADP12: 1.2558888e-06 | ADQ12: 4.776705e-07 | ADR12: 1.7963778e-07 | ADS12: 6.6855904e-08 | ADT12: 2.4642977e-08 | ADU12: 9.002438e-09 | ADV12: 3.261411e-09 | ADW12: 1.172375e-09 | ADX12: 4.1837186e-10 | ADY12: 1.4828665e-10 | ADZ12: 5.222333e-11 | AEA12: 1.8281062e-11 | AEB12: 6.362348e-12 | AEC12: 2.2001001e-12 | AED12: 7.4928366e-13 | AEE12: 2.2884098e-13 | AEF12: 1 | AEG12: 0.98986995 | AEH12: 0.9645423 | AEI12: 0.91602415 | AEJ12: 0.8363254 | AEK12: 0.72329885 | AEL12: 0.58473 | AEM12: 0.43788332 | AEN12: 0.302825 | AEO12: 0.1939202 | AEP12: 0.11573812 | AEQ12: 0.0648948 | AER12: 0.034453858 | AES12: 0.017443713 | AET12: 0.008473722 | AEU12: 0.003970108 | AEV12: 0.0018018872 | AEW12: 0.00079516036 | AEX12: 0.00034224716 | AEY12: 0.00014405698 | AEZ12: 5.943207e-05 | AFA12: 2.4079263e-05 | AFB12: 9.596878e-06 | AFC12: 3.7680243e-06 | AFD12: 1.4593079e-06 | AFE12: 5.581031e-07 | AFF12: 2.109814e-07 | AFG12: 7.890696e-08 | AFH12: 2.9219008e-08 | AFI12: 1.0720039e-08 | AFJ12: 3.899257e-09 | AFK12: 1.4069235e-09 | AFL12: 5.038331e-10 | AFM12: 1.791553e-10 | AFN12: 6.3282206e-11 | AFO12: 2.2213197e-11 | AFP12: 7.750582e-12 | AFQ12: 2.6865702e-12 | AFR12: 9.170603e-13 | AFS12: 2.808367e-13 | AFU12: =INDEX($AZ$7:$AFS$109,ROW()-ROW($AFU$6),AFU$5) -> 0.00043402202 | AFV12: =INDEX($AZ$7:$AFS$109,ROW()-ROW($AFU$6),AFV$5) -> 0.0010617097 | AFW12: =INDEX($AZ$7:$AFS$109,ROW()-ROW($AFU$6),AFW$5) -> 0.0021513358 | AFX12: =INDEX($AZ$7:$AFS$109,ROW()-ROW($AFU$6),AFX$5) -> 0.0040309015 | AFY12: =INDEX($AZ$7:$AFS$109,ROW()-ROW($AFU$6),AFY$5) -> 0.008661871 | AFZ12: =INDEX($AZ$7:$AFS$109,ROW()-ROW($AFU$6),AFZ$5) -> 0.017681707 | AGA12: =INDEX($AZ$7:$AFS$109,ROW()-ROW($AFU$6),AGA$5) -> 0.03442024 | AGB12: =INDEX($AZ$7:$AFS$109,ROW()-ROW($AFU$6),AGB$5) -> 0.068076275 | ... AGN12: =INDEX($AZ$7:$AFS$109,ROW()-ROW($AFU$6),AGN$5) -> 2.2884098e-13 | AGO12: =AVERAGE(AFU12:AGN12) -> 0.36620039 | AGQ12: =INDEX($AZ$7:$AFS$109,ROW()-ROW($AGQ$6),AGQ$5) -> 1.0408252e-12 | AGR12: =INDEX($AZ$7:$AFS$109,ROW()-ROW($AGQ$6),AGR$5) -> 0.00046499577 | AGS12: =INDEX($AZ$7:$AFS$109,ROW()-ROW($AGQ$6),AGS$5) -> 2.1159782e-12 | AGT12: =INDEX($AZ$7:$AFS$109,ROW()-ROW($AGQ$6),AGT$5) -> 0.0005420884 | AGU12: =INDEX($AZ$7:$AFS$109,ROW()-ROW($AGQ$6),AGU$5) -> 2.9925188e-12 | AGV12: =INDEX($AZ$7:$AFS$109,ROW()-ROW($AGQ$6),AGV$5) -> 0.0005172242 | AGW12: =INDEX($AZ$7:$AFS$109,ROW()-ROW($AGQ$6),AGW$5) -> 2.5552028e-12 | AGX12: =INDEX($AZ$7:$AFS$109,ROW()-ROW($AGQ$6),AGX$5) -> 0.0004600197 | ... AHJ12: =INDEX($AZ$7:$AFS$109,ROW()-ROW($AGQ$6),AHJ$5) -> 0.00034224716 | AHK12: =AVERAGE(AGQ12:AHJ12) -> 0.00020469397 | AHM12: =INDEX($AZ$7:$AFS$109,ROW()-ROW($AHM$6),AHM$5) -> 9.170603e-13 | AHN12: =INDEX($AZ$7:$AFS$109,ROW()-ROW($AHM$6),AHN$5) -> 9.170603e-13 | AHO12: =INDEX($AZ$7:$AFS$109,ROW()-ROW($AHM$6),AHO$5) -> 9.170603e-13 | AHP12: =INDEX($AZ$7:$AFS$109,ROW()-ROW($AHM$6),AHP$5) -> 9.170603e-13 | AHQ12: =INDEX($AZ$7:$AFS$109,ROW()-ROW($AHM$6),AHQ$5) -> 9.170603e-13 | AHR12: =INDEX($AZ$7:$AFS$109,ROW()-ROW($AHM$6),AHR$5) -> 9.170603e-13 | AHS12: =INDEX($AZ$7:$AFS$109,ROW()-ROW($AHM$6),AHS$5) -> 9.170603e-13 | AHT12: =INDEX($AZ$7:$AFS$109,ROW()-ROW($AHM$6),AHT$5) -> 9.170603e-13 | ... AIF12: =INDEX($AZ$7:$AFS$109,ROW()-ROW($AHM$6),AIF$5) -> 9.170603e-13 | AIG12: =AVERAGE(AHM12:AIF12) -> 9.170603e-13 | AII12: 4 | AIJ12: 0 | AIK12: 4 | AIL12: 0 | AIM12: 0 | AIN12: -1 | AIP12: =_xlfn.CONCAT(AIL12+1,",",AIJ12+1) -> 1,1 | AIR12: =AIR11+1 -> 5 | AIS12: =IF(ISNUMBER(MATCH(AIS61,$AIP$31:$AIP$50,0)),$AIL$4,IF(ISNUMBER(MATCH(AIS61,Z_08!$AIP$52:$AIP$53,0)),$AIM$4,IF(ISNUMBER(MATCH(AIS61,$AIP$8:$AIP$27,0)),$AIK$4,$AIJ$4))) -> 0 | AIT12: =IF(ISNUMBER(MATCH(AIT61,$AIP$31:$AIP$50,0)),$AIL$4,IF(ISNUMBER(MATCH(AIT61,Z_08!$AIP$52:$AIP$53,0)),$AIM$4,IF(ISNUMBER(MATCH(AIT61,$AIP$8:$AIP$27,0)),$AIK$4,$AIJ$4))) -> 0 | AIU12: =IF(ISNUMBER(MATCH(AIU61,$AIP$31:$AIP$50,0)),$AIL$4,IF(ISNUMBER(MATCH(AIU61,Z_08!$AIP$52:$AIP$53,0)),$AIM$4,IF(ISNUMBER(MATCH(AIU61,$AIP$8:$AIP$27,0)),$AIK$4,$AIJ$4))) -> 0 | AIV12: =IF(ISNUMBER(MATCH(AIV61,$AIP$31:$AIP$50,0)),$AIL$4,IF(ISNUMBER(MATCH(AIV61,Z_08!$AIP$52:$AIP$53,0)),$AIM$4,IF(ISNUMBER(MATCH(AIV61,$AIP$8:$AIP$27,0)),$AIK$4,$AIJ$4))) -> 0 | AIW12: =IF(ISNUMBER(MATCH(AIW61,$AIP$31:$AIP$50,0)),$AIL$4,IF(ISNUMBER(MATCH(AIW61,Z_08!$AIP$52:$AIP$53,0)),$AIM$4,IF(ISNUMBER(MATCH(AIW61,$AIP$8:$AIP$27,0)),$AIK$4,$AIJ$4))) -> 0 | AIX12: =IF(ISNUMBER(MATCH(AIX61,$AIP$31:$AIP$50,0)),$AIL$4,IF(ISNUMBER(MATCH(AIX61,Z_08!$AIP$52:$AIP$53,0)),$AIM$4,IF(ISNUMBER(MATCH(AIX61,$AIP$8:$AIP$27,0)),$AIK$4,$AIJ$4))) -> 0 | AIY12: =IF(ISNUMBER(MATCH(AIY61,$AIP$31:$AIP$50,0)),$AIL$4,IF(ISNUMBER(MATCH(AIY61,Z_08!$AIP$52:$AIP$53,0)),$AIM$4,IF(ISNUMBER(MATCH(AIY61,$AIP$8:$AIP$27,0)),$AIK$4,$AIJ$4))) -> 0 | AIZ12: =IF(ISNUMBER(MATCH(AIZ61,$AIP$31:$AIP$50,0)),$AIL$4,IF(ISNUMBER(MATCH(AIZ61,Z_08!$AIP$52:$AIP$53,0)),$AIM$4,IF(ISNUMBER(MATCH(AIZ61,$AIP$8:$AIP$27,0)),$AIK$4,$AIJ$4))) -> 0 | ... AKF12: =IF(ISNUMBER(MATCH(AKF61,$AIP$31:$AIP$50,0)),$AIL$4,IF(ISNUMBER(MATCH(AKF61,Z_08!$AIP$52:$AIP$53,0)),$AIM$4,IF(ISNUMBER(MATCH(AKF61,$AIP$8:$AIP$27,0)),$AIK$4,$AIJ$4))) -> 0
B13: 4.9607e-13 | C13: 5.5672e-13 | I13: 5 | J13: 7.4186e-13 | K13: 7.5201e-13 | L13: 7.6203e-13 | M13: 7.7196e-13 | N13: 7.8182e-13 | O13: 7.9163e-13 | P13: 8.0143e-13 | Q13: 8.1123e-13 | R13: 8.2103e-13 | S13: 8.3086e-13 | T13: 8.4072e-13 | U13: 8.5059e-13 | V13: 8.6048e-13 | W13: 8.7036e-13 | X13: 8.8021e-13 | Y13: 8.9e-13 | Z13: 8.9968e-13 | AA13: 9.0921e-13 | AB13: 9.1854e-13 | AC13: 9.2761e-13 | AD13: 9.3635e-13 | AE13: 9.4468e-13 | AF13: 9.5254e-13 | AG13: 9.5984e-13 | AH13: 9.6649e-13 | AI13: 9.7242e-13 | AJ13: 9.7753e-13 | AK13: 9.8174e-13 | AL13: 9.8496e-13 | AM13: 9.8712e-13 | AN13: 9.8812e-13 | AO13: 9.879e-13 | AP13: 9.8638e-13 | AQ13: 9.8351e-13 | AR13: 9.7923e-13 | AS13: 9.7349e-13 | AT13: 9.6625e-13 | AU13: 9.575e-13 | AV13: 9.4721e-13 | AW13: 9.3538e-13 | AY13: 5 | AZ13: 1 | BA13: 0.9949584 | BB13: 0.9823181 | BC13: 0.95741016 | BD13: 0.91421545 | BE13: 0.8474209 | BF13: 0.75492376 | BG13: 0.6402349 | BH13: 0.51297086 | BI13: 0.386462 | BJ13: 0.27337107 | BK13: 0.18183234 | BL13: 0.1141295 | BM13: 0.06791077 | BN13: 0.038498506 | BO13: 0.0208934 | BP13: 0.010903716 | BQ13: 0.005493969 | BR13: 0.0026822023 | BS13: 0.0012727705 | BT13: 0.00058864604 | BU13: 0.0002659793 | BV13: 0.00011766484 | BW13: 5.10571e-05 | BX13: 2.1766395e-05 | BY13: 9.129913e-06 | BZ13: 3.772721e-06 | CA13: 1.5376141e-06 | CB13: 6.1871276e-07 | CC13: 2.460246e-07 | CD13: 9.67563e-08 | CE13: 3.7663597e-08 | CF13: 1.4521104e-08 | CG13: 5.5485e-09 | CH13: 2.102265e-09 | CI13: 7.902259e-10 | CJ13: 2.9479635e-10 | CK13: 1.0908187e-10 | CL13: 3.968796e-11 | CM13: 1.2954134e-11 | CN13: 1 | CO13: 0.99505883 | CP13: 0.9826951 | CQ13: 0.95832825 | CR13: 0.9160198 | CS13: 0.85045993 | CT13: 0.7593934 | CU13: 0.6460156 | CV13: 0.51958245 | CW13: 0.39318907 | CX13: 0.2795052 | CY13: 0.18689407 | CZ13: 0.11795059 | DA13: 0.07057835 | DB13: 0.04023796 | DC13: 0.021962162 | DD13: 0.011527171 | DE13: 0.005841476 | DF13: 0.002868279 | DG13: 0.0013689296 | DH13: 0.00063678983 | DI13: 0.0002894095 | DJ13: 0.00012878022 | DK13: 5.6209778e-05 | DL13: 2.4105268e-05 | DM13: 1.0171339e-05 | DN13: 4.228326e-06 | DO13: 1.7337244e-06 | DP13: 7.0186996e-07 | DQ13: 2.807987e-07 | DR13: 1.1110867e-07 | DS13: 4.3514472e-08 | DT13: 1.6878854e-08 | DU13: 6.488435e-09 | DV13: 2.4732287e-09 | DW13: 9.352383e-10 | DX13: 3.5095918e-10 | DY13: 1.3062257e-10 | DZ13: 4.7796888e-11 | EA13: 1.5689899e-11 | EB13: 1 | EC13: 0.9948678 | ED13: 0.9819742 | EE13: 0.9565789 | EF13: 0.91261584 | EG13: 0.8448145 | EH13: 0.75124305 | EI13: 0.63566697 | EJ13: 0.5078748 | EK13: 0.38148013 | EL13: 0.26905912 | EM13: 0.17849049 | EN13: 0.11178254 | EO13: 0.06640066 | EP13: 0.03759973 | EQ13: 0.02039471 | ER13: 0.01064419 | ES13: 0.005366814 | ET13: 0.0026233725 | EU13: 0.0012470667 | EV13: 0.00057807314 | EW13: 0.0002619189 | EX13: 0.00011623584 | EY13: 5.0616494e-05 | EZ13: 2.1663822e-05 | FA13: 9.1295315e-06 | FB13: 3.7910715e-06 | FC13: 1.5528843e-06 | FD13: 6.280658e-07 | FE13: 2.510386e-07 | FF13: 9.924002e-08 | FG13: 3.88279e-08 | FH13: 1.504495e-08 | FI13: 5.776763e-09 | FJ13: 2.1991562e-09 | FK13: 8.3046053e-10 | FL13: 3.1119438e-10 | FM13: 1.1565533e-10 | FN13: 4.226148e-11 | FO13: 1.3854762e-11 | FP13: 1 | FQ13: 0.99452037 | FR13: 0.9806955 | FS13: 0.95350987 | FT13: 0.9066699 | FU13: 0.8349924 | FV13: 0.73714465 | FW13: 0.6179728 | FX13: 0.48851624 | FY13: 0.362576 | FZ13: 0.25245634 | GA13: 0.16525432 | GB13: 0.10210327 | GC13: 0.059839666 | GD13: 0.033437293 | GE13: 0.017901916 | GF13: 0.009224549 | GG13: 0.0045930585 | GH13: 0.00221774 | GI13: 0.0010416228 | GJ13: 0.00047716504 | GK13: 0.00021369908 | GL13: 9.375633e-05 | GM13: 4.036801e-05 | GN13: 1.7083188e-05 | GO13: 7.11173e-06 | GP13: 2.9178236e-06 | GQ13: 1.181269e-06 | GR13: 4.7244865e-07 | GS13: 1.867562e-07 | GT13: 7.301974e-08 | GU13: 2.8259992e-08 | GV13: 1.083295e-08 | GW13: 4.1153054e-09 | GX13: 1.5501206e-09 | GY13: 5.7921934e-10 | GZ13: 2.1478028e-10 | HA13: 7.899553e-11 | HB13: 2.857391e-11 | HC13: 9.276084e-12 | HD13: 1 | HE13: 0.9946509 | HF13: 0.9811937 | HG13: 0.954654 | HH13: 0.90878797 | HI13: 0.8383107 | HJ13: 0.74161446 | HK13: 0.6231611 | HL13: 0.4936329 | HM13: 0.3670032 | HN13: 0.25583062 | HO13: 0.16752663 | HP13: 0.10345746 | HQ13: 0.060549915 | HR13: 0.033757698 | HS13: 0.018017294 | HT13: 0.009247787 | HU13: 0.004583358 | HV13: 0.002201333 | HW13: 0.0010278043 | HX13: 0.0004677925 | HY13: 0.00020804598 | HZ13: 9.060334e-05 | IA13: 3.8709026e-05 | IB13: 1.6250706e-05 | IC13: 6.7135206e-06 | ID13: 2.7327508e-06 | IE13: 1.097229e-06 | IF13: 4.348227e-07 | IG13: 1.7039835e-07 | IH13: 6.6055875e-08 | II13: 2.5348335e-08 | IJ13: 9.635282e-09 | IK13: 3.6301948e-09 | IL13: 1.3564073e-09 | IM13: 5.028709e-10 | IN13: 1.8504476e-10 | IO13: 6.7549515e-11 | IP13: 2.4256512e-11 | IQ13: 7.823018e-12 | IR13: 1 | IS13: 0.99462444 | IT13: 0.98110235 | IU13: 0.95453143 | IV13: 0.9086382 | IW13: 0.8381357 | IX13: 0.74140525 | IY13: 0.6229013 | IZ13: 0.49331182 | JA13: 0.3666287 | JB13: 0.25542971 | JC13: 0.16712569 | JD13: 0.10304745 | JE13: 0.06019577 | JF13: 0.03348798 | JG13: 0.017830621 | JH13: 0.009128139 | JI13: 0.0045113983 | JJ13: 0.0021603303 | JK13: 0.0010055024 | JL13: 0.00045614372 | JM13: 0.00020217488 | JN13: 8.7736575e-05 | JO13: 3.7348374e-05 | JP13: 1.562117e-05 | JQ13: 6.4289115e-06 | JR13: 2.6067746e-06 | JS13: 1.0425784e-06 | JT13: 4.1169892e-07 | JU13: 1.6059859e-07 | JV13: 6.199895e-08 | JW13: 2.3693625e-08 | JX13: 8.969336e-09 | JY13: 3.3652736e-09 | JZ13: 1.2521112e-09 | KA13: 4.6220933e-10 | KB13: 1.6934262e-10 | KC13: 6.154916e-11 | KD13: 2.2008537e-11 | KE13: 7.0706726e-12 | KF13: 1 | KG13: 0.9945775 | KH13: 0.9809295 | KI13: 0.9540711 | KJ13: 0.90770674 | KK13: 0.83656734 | KL13: 0.739139 | KM13: 0.62004584 | KN13: 0.49013975 | KO13: 0.36350277 | KP13: 0.25268692 | KQ13: 0.16498818 | KR13: 0.10163501 | KS13: 0.059334937 | KT13: 0.03299686 | KU13: 0.017566122 | KV13: 0.008992658 | KW13: 0.0044449703 | KX13: 0.0021289736 | KY13: 0.0009911815 | KZ13: 0.0004497913 | LA13: 0.00019941774 | LB13: 8.656379e-05 | LC13: 3.685788e-05 | LD13: 1.5418858e-05 | LE13: 6.3463826e-06 | LF13: 2.573397e-06 | LG13: 1.0291689e-06 | LH13: 4.0635058e-07 | LI13: 1.5854062e-07 | LJ13: 6.11449e-08 | LK13: 2.334067e-08 | LL13: 8.824709e-09 | LM13: 3.3066714e-09 | LN13: 1.2286371e-09 | LO13: 4.529047e-10 | LP13: 1.6568995e-10 | LQ13: 6.012878e-11 | LR13: 2.1467435e-11 | LS13: 6.8870395e-12 | LT13: 1 | LU13: 0.9947439 | LV13: 0.981539 | LW13: 0.9555777 | LX13: 0.9106587 | LY13: 0.84146076 | LZ13: 0.7461662 | MA13: 0.6288825 | MB13: 0.49993727 | MC13: 0.37313643 | MD13: 0.2611433 | ME13: 0.17166641 | MF13: 0.10639197 | MG13: 0.062463023 | MH13: 0.03491608 | MI13: 0.018674757 | MJ13: 0.009599971 | MK13: 0.004762479 | ML13: 0.0022882551 | MM13: 0.0010681986 | MN13: 0.00048579535 | MO13: 0.00021566288 | MP13: 9.371046e-05 | MQ13: 3.993207e-05 | MR13: 1.6714454e-05 | MS13: 6.8822706e-06 | MT13: 2.791277e-06 | MU13: 1.1163701e-06 | MV13: 4.4075549e-07 | MW13: 1.7193958e-07 | MX13: 6.6328184e-08 | MY13: 2.5321464e-08 | MZ13: 9.5731645e-09 | NA13: 3.5864673e-09 | NB13: 1.3322045e-09 | NC13: 4.9090454e-10 | ND13: 1.795198e-10 | NE13: 6.512171e-11 | NF13: 2.3241646e-11 | NG13: 7.456096e-12 | NH13: 1 | NI13: 0.9945213 | NJ13: 0.980712 | NK13: 0.9534903 | NL13: 0.90652746 | NM13: 0.83457446 | NN13: 0.7362519 | NO13: 0.61641425 | NP13: 0.48614633 | NQ13: 0.35962752 | NR13: 0.24932548 | NS13: 0.16233733 | NT13: 0.099669784 | NU13: 0.05799178 | NV13: 0.032142594 | NW13: 0.017055515 | NX13: 0.008703475 | NY13: 0.0042887134 | NZ13: 0.0020479609 | OA13: 0.0009506922 | OB13: 0.00043022708 | OC13: 0.00019034736 | OD13: 8.2455495e-05 | OE13: 3.5034445e-05 | OF13: 1.4623864e-05 | OG13: 6.002968e-06 | OH13: 2.4278652e-06 | OI13: 9.686181e-07 | OJ13: 3.8158745e-07 | OK13: 1.4857537e-07 | OL13: 5.7224263e-08 | OM13: 2.181854e-08 | ON13: 8.240827e-09 | OO13: 3.0852876e-09 | OP13: 1.1456166e-09 | OQ13: 4.2207793e-10 | OR13: 1.5434833e-10 | OS13: 5.599548e-11 | OT13: 1.9986218e-11 | OU13: 6.407556e-12 | OV13: 1 | OW13: 0.99458796 | OX13: 0.9809538 | OY13: 0.9541719 | OZ13: 0.9079677 | PA13: 0.83710665 | PB13: 0.7400829 | PC13: 0.6214748 | PD13: 0.49202794 | PE13: 0.36568892 | PF13: 0.25491306 | PG13: 0.16699156 | PH13: 0.1032126 | PI13: 0.060483538 | PJ13: 0.033778213 | PK13: 0.018066326 | PL13: 0.00929602 | PM13: 0.0046202815 | PN13: 0.0022260076 | PO13: 0.0010428498 | PP13: 0.00047635697 | PQ13: 0.00021266108 | PR13: 9.2979746e-05 | PS13: 3.988647e-05 | PT13: 1.6815688e-05 | PU13: 6.9728953e-06 | PV13: 2.8490504e-06 | PW13: 1.148372e-06 | PX13: 4.570888e-07 | PY13: 1.798242e-07 | PZ13: 6.9979365e-08 | QA13: 2.6957219e-08 | QB13: 1.0285834e-08 | QC13: 3.8896006e-09 | QD13: 1.4584919e-09 | QE13: 5.4256327e-10 | QF13: 2.0030987e-10 | QG13: 7.335636e-11 | QH13: 2.642184e-11 | QI13: 8.540005e-12 | QJ13: 1 | QK13: 0.9950013 | QL13: 0.9824676 | QM13: 0.9577322 | QN13: 0.91482985 | QO13: 0.8484714 | QP13: 0.7565689 | QQ13: 0.64254665 | QR13: 0.515867 | QS13: 0.389694 | QT13: 0.27660015 | QU13: 0.1847445 | QV13: 0.11652302 | QW13: 0.06972194 | QX13: 0.039772604 | QY13: 0.021733994 | QZ13: 0.011427831 | RA13: 0.00580484 | RB13: 0.002858598 | RC13: 0.0013689976 | RD13: 0.00063935656 | RE13: 0.0002917929 | RF13: 0.00013043499 | RG13: 5.7213947e-05 | RH13: 2.466684e-05 | RI13: 1.04713e-05 | RJ13: 4.380168e-06 | RK13: 1.8073932e-06 | RL13: 7.364023e-07 | RM13: 2.9652523e-07 | RN13: 1.1809877e-07 | RO13: 4.655709e-08 | RP13: 1.8178964e-08 | RQ13: 7.0347763e-09 | RR13: 2.6993394e-09 | RS13: 1.0275463e-09 | RT13: 3.8817113e-10 | RU13: 1.4543121e-10 | RV13: 5.355758e-11 | RW13: 1.7680786e-11 | RX13: 1 | RY13: 0.99525005 | RZ13: 0.9833791 | SA13: 0.95996267 | SB13: 0.9192139 | SC13: 0.8558191 | SD13: 0.7671994 | SE13: 0.6561463 | SF13: 0.5313209 | SG13: 0.40536386 | SH13: 0.2908705 | SI13: 0.19652283 | SJ13: 0.12542528 | SK13: 0.07594807 | SL13: 0.043841433 | SM13: 0.024240142 | SN13: 0.012893639 | SO13: 0.006624156 | SP13: 0.0032986247 | SQ13: 0.0015970977 | SR13: 0.0007538922 | SS13: 0.00034777782 | ST13: 0.0001571149 | SU13: 6.9639085e-05 | SV13: 3.0332694e-05 | SW13: 1.3002022e-05 | SX13: 5.4916345e-06 | SY13: 2.2880804e-06 | SZ13: 9.413605e-07 | TA13: 3.827772e-07 | TB13: 1.5395301e-07 | TC13: 6.129108e-08 | TD13: 2.4169974e-08 | TE13: 9.450265e-09 | TF13: 3.6638559e-09 | TG13: 1.4091276e-09 | TH13: 5.377969e-10 | TI13: 2.0354284e-10 | TJ13: 7.570004e-11 | TK13: 2.5226004e-11 | TL13: 1 | TM13: 0.9951394 | TN13: 0.9829769 | TO13: 0.9590111 | TP13: 0.91739917 | TQ13: 0.8528961 | TR13: 0.76326525 | TS13: 0.6513709 | TT13: 0.5260921 | TU13: 0.40019974 | TV13: 0.28625336 | TW13: 0.192758 | TX13: 0.12260033 | TY13: 0.07397896 | TZ13: 0.042554744 | UA13: 0.023445483 | UB13: 0.012426453 | UC13: 0.0063610836 | UD13: 0.0031559963 | UE13: 0.0015223159 | UF13: 0.0007158313 | UG13: 0.00032891383 | UH13: 0.00014798543 | UI13: 6.531461e-05 | UJ13: 2.8323697e-05 | UK13: 1.2085076e-05 | UL13: 5.079838e-06 | UM13: 2.105884e-06 | UN13: 8.6188635e-07 | UO13: 3.48689e-07 | UP13: 1.3946688e-07 | UQ13: 5.519548e-08 | UR13: 2.1627605e-08 | US13: 8.392114e-09 | UT13: 3.2281287e-09 | UU13: 1.231625e-09 | UV13: 4.662468e-10 | UW13: 1.7503374e-10 | UX13: 6.458622e-11 | UY13: 2.1364856e-11 | UZ13: 1 | VA13: 0.99504447 | VB13: 0.9826313 | VC13: 0.95816445 | VD13: 0.91569245 | VE13: 0.84990644 | VF13: 0.7585814 | VG13: 0.64497364 | VH13: 0.51840293 | VI13: 0.39199805 | VJ13: 0.2784244 | VK13: 0.18600494 | VL13: 0.11727918 | VM13: 0.07010726 | VN13: 0.0399275 | VO13: 0.021768214 | VP13: 0.011411423 | VQ13: 0.005775071 | VR13: 0.0028314763 | VS13: 0.0013491447 | VT13: 0.000626439 | VU13: 0.00028412763 | VV13: 0.00012615144 | VW13: 5.4950804e-05 | VX13: 2.3509474e-05 | VY13: 9.893057e-06 | VZ13: 4.099062e-06 | WA13: 1.674515e-06 | WB13: 6.751115e-07 | WC13: 2.6875392e-07 | WD13: 1.0578943e-07 | WE13: 4.120789e-08 | WF13: 1.5894637e-08 | WG13: 6.0743695e-09 | WH13: 2.3013274e-09 | WI13: 8.6478025e-10 | WJ13: 3.224466e-10 | WK13: 1.1924259e-10 | WL13: 4.3360114e-11 | WM13: 1.4146865e-11 | WN13: 1 | WO13: 0.9949161 | WP13: 0.9821705 | WQ13: 0.957041 | WR13: 0.9134476 | WS13: 0.84603506 | WT13: 0.7527268 | WU13: 0.63715994 | WV13: 0.509159 | WW13: 0.38226023 | WX13: 0.2692274 | WY13: 0.17814676 | WZ13: 0.11114281 | XA13: 0.065682665 | XB13: 0.036953393 | XC13: 0.019889068 | XD13: 0.010285686 | XE13: 0.005132238 | XF13: 0.0024797083 | XG13: 0.0011638312 | XH13: 0.00053208496 | XI13: 0.00023753596 | XJ13: 0.00010376319 | XK13: 4.4418553e-05 | XL13: 1.8685198e-05 | XM13: 7.731902e-06 | XN13: 3.151226e-06 | XO13: 1.2664236e-06 | XP13: 5.023803e-07 | XQ13: 1.9689818e-07 | XR13: 7.630864e-08 | XS13: 2.926585e-08 | XT13: 1.1114937e-08 | XU13: 4.1828616e-09 | XV13: 1.5600816e-09 | XW13: 5.772366e-10 | XX13: 2.1196435e-10 | XY13: 7.720534e-11 | XZ13: 2.7660731e-11 | YA13: 8.899138e-12 | YB13: 1 | YC13: 0.99470645 | YD13: 0.9814043 | YE13: 0.95522565 | YF13: 0.9099933 | YG13: 0.8404933 | YH13: 0.744914 | YI13: 0.6274361 | YJ13: 0.49845263 | YK13: 0.37178752 | YL13: 0.2600591 | YM13: 0.1708924 | YN13: 0.10589912 | YO13: 0.062182717 | YP13: 0.034774948 | YQ13: 0.018611917 | YR13: 0.009576766 | YS13: 0.0047567543 | YT13: 0.0022888738 | YU13: 0.0010703298 | YV13: 0.00048774574 | YW13: 0.00021711767 | YX13: 9.461013e-05 | YY13: 4.0429764e-05 | YZ13: 1.6961842e-05 | ZA13: 7.00041e-06 | ZB13: 2.8460036e-06 | ZC13: 1.1410764e-06 | ZD13: 4.516624e-07 | ZE13: 1.7666072e-07 | ZF13: 6.833764e-08 | ZG13: 2.6163871e-08 | ZH13: 9.920805e-09 | ZI13: 3.726447e-09 | ZJ13: 1.3887338e-09 | ZK13: 5.134885e-10 | ZL13: 1.8844071e-10 | ZM13: 6.8603095e-11 | ZN13: 2.4569848e-11 | ZO13: 7.9030385e-12 | ZP13: 1 | ZQ13: 0.9947016 | ZR13: 0.98137075 | ZS13: 0.9551194 | ZT13: 0.90972185 | ZU13: 0.83982885 | ZV13: 0.74383783 | ZW13: 0.6260851 | ZX13: 0.49707314 | ZY13: 0.3706089 | ZZ13: 0.25922707 | AAA13: 0.17042845 | AAB13: 0.10573405 | AAC13: 0.062228993 | AAD13: 0.03490668 | AAE13: 0.018753082 | AAF13: 0.00969255 | AAG13: 0.0048389677 | AAH13: 0.0023418497 | AAI13: 0.0011020674 | AAJ13: 0.0005056864 | AAK13: 0.0002267829 | AAL13: 9.960892e-05 | AAM13: 4.2927608e-05 | AAN13: 1.8181183e-05 | AAO13: 7.5782605e-06 | AAP13: 3.1126021e-06 | AAQ13: 1.2611561e-06 | AAR13: 5.045886e-07 | AAS13: 1.9953337e-07 | AAT13: 7.804565e-08 | AAU13: 3.02157e-08 | AAV13: 1.1582427e-08 | AAW13: 4.4023114e-09 | AAX13: 1.6591238e-09 | AAY13: 6.202815e-10 | AAZ13: 2.3012593e-10 | ABA13: 8.4680464e-11 | ABB13: 3.0644695e-11 | ABC13: 9.959295e-12 | ABD13: 1 | ABE13: 0.9944432 | ABF13: 0.9804234 | ABG13: 0.95285255 | ABH13: 0.9053646 | ABI13: 0.8327566 | ABJ13: 0.73378634 | ABK13: 0.6134981 | ABL13: 0.48313183 | ABM13: 0.35689166 | ABN13: 0.2471289 | ABO13: 0.16076179 | ABP13: 0.098644525 | ABQ13: 0.057356358 | ABR13: 0.0317818 | ABS13: 0.016867837 | ABT13: 0.008614178 | ABU13: 0.004250249 | ABV13: 0.0020333868 | ABW13: 0.0009462231 | ABX13: 0.0004294604 | ABY13: 0.00019056608 | ABZ13: 8.2845116e-05 | ACA13: 3.534932e-05 | ACB13: 1.4828098e-05 | ACC13: 6.1234346e-06 | ACD13: 2.492608e-06 | ACE13: 1.0012561e-06 | ACF13: 3.9728147e-07 | ACG13: 1.5584668e-07 | ACH13: 6.0491e-08 | ACI13: 2.3249362e-08 | ACJ13: 8.8582315e-09 | ACK13: 3.3456706e-09 | ACL13: 1.2532283e-09 | ACM13: 4.65787e-10 | ACN13: 1.718272e-10 | ACO13: 6.2879896e-11 | ACP13: 2.2633333e-11 | ACQ13: 7.314258e-12 | ACR13: 1 | ACS13: 0.99438035 | ACT13: 0.98019856 | ACU13: 0.95231533 | ACV13: 0.90431684 | ACW13: 0.83100283 | ACX13: 0.7312212 | ACY13: 0.6101993 | ACZ13: 0.479373 | ADA13: 0.35307994 | ADB13: 0.24366602 | ADC13: 0.15791626 | ADD13: 0.096513964 | ADE13: 0.055911016 | ADF13: 0.030862836 | ADG13: 0.016314957 | ADH13: 0.008297291 | ADI13: 0.004076226 | ADJ13: 0.0019413756 | ADK13: 0.00089919055 | ADL13: 0.0004061375 | ADM13: 0.00017931257 | ADN13: 7.754814e-05 | ADO13: 3.2911692e-05 | ADP13: 1.3729237e-05 | ADQ13: 5.6373783e-06 | ADR13: 2.2813335e-06 | ADS13: 9.1089146e-07 | ADT13: 3.5920604e-07 | ADU13: 1.400255e-07 | ADV13: 5.400058e-08 | ADW13: 2.0616913e-08 | ADX13: 7.797684e-09 | ADY13: 2.9234304e-09 | ADZ13: 1.0870196e-09 | AEA13: 4.0104892e-10 | AEB13: 1.4686548e-10 | AEC13: 5.3356063e-11 | AED13: 1.9070447e-11 | AEE13: 6.1222616e-12 | AEF13: 1 | AEG13: 0.9945624 | AEH13: 0.9808634 | AEI13: 0.953911 | AEJ13: 0.9074121 | AEK13: 0.8361257 | AEL13: 0.73859286 | AEM13: 0.6195005 | AEN13: 0.48972997 | AEO13: 0.36331522 | AEP13: 0.2527167 | AEQ13: 0.16515437 | AER13: 0.10180759 | AES13: 0.059490412 | AET13: 0.03312288 | AEU13: 0.017659118 | AEV13: 0.0090559805 | AEW13: 0.004485205 | AEX13: 0.0021530567 | AEY13: 0.0010048655 | AEZ13: 0.00045721504 | AFA13: 0.00020329398 | AFB13: 8.851601e-05 | AFC13: 3.7809743e-05 | AFD13: 1.5869611e-05 | AFE13: 6.554266e-06 | AFF13: 2.6669923e-06 | AFG13: 1.0703956e-06 | AFH13: 4.2415456e-07 | AFI13: 1.6609226e-07 | AFJ13: 6.432383e-08 | AFK13: 2.4655336e-08 | AFL13: 9.359562e-09 | AFM13: 3.520969e-09 | AFN13: 1.3133065e-09 | AFO13: 4.859417e-10 | AFP13: 1.7843436e-10 | AFQ13: 6.499024e-11 | AFR13: 2.3286017e-11 | AFS13: 7.4970325e-12 | AFU13: =INDEX($AZ$7:$AFS$109,ROW()-ROW($AFU$6),AFU$5) -> 0.0026822023 | AFV13: =INDEX($AZ$7:$AFS$109,ROW()-ROW($AFU$6),AFV$5) -> 0.005841476 | AFW13: =INDEX($AZ$7:$AFS$109,ROW()-ROW($AFU$6),AFW$5) -> 0.01064419 | AFX13: =INDEX($AZ$7:$AFS$109,ROW()-ROW($AFU$6),AFX$5) -> 0.017901916 | AFY13: =INDEX($AZ$7:$AFS$109,ROW()-ROW($AFU$6),AFY$5) -> 0.033757698 | AFZ13: =INDEX($AZ$7:$AFS$109,ROW()-ROW($AFU$6),AFZ$5) -> 0.06019577 | AGA13: =INDEX($AZ$7:$AFS$109,ROW()-ROW($AFU$6),AGA$5) -> 0.10163501 | AGB13: =INDEX($AZ$7:$AFS$109,ROW()-ROW($AFU$6),AGB$5) -> 0.17166641 | ... AGN13: =INDEX($AZ$7:$AFS$109,ROW()-ROW($AFU$6),AGN$5) -> 6.1222616e-12 | AGO13: =AVERAGE(AFU13:AGN13) -> 0.43245056 | AGQ13: =INDEX($AZ$7:$AFS$109,ROW()-ROW($AGQ$6),AGQ$5) -> 2.642184e-11 | AGR13: =INDEX($AZ$7:$AFS$109,ROW()-ROW($AGQ$6),AGR$5) -> 0.002858598 | AGS13: =INDEX($AZ$7:$AFS$109,ROW()-ROW($AGQ$6),AGS$5) -> 5.355758e-11 | AGT13: =INDEX($AZ$7:$AFS$109,ROW()-ROW($AGQ$6),AGT$5) -> 0.0032986247 | AGU13: =INDEX($AZ$7:$AFS$109,ROW()-ROW($AGQ$6),AGU$5) -> 7.570004e-11 | AGV13: =INDEX($AZ$7:$AFS$109,ROW()-ROW($AGQ$6),AGV$5) -> 0.0031559963 | AGW13: =INDEX($AZ$7:$AFS$109,ROW()-ROW($AGQ$6),AGW$5) -> 6.458622e-11 | AGX13: =INDEX($AZ$7:$AFS$109,ROW()-ROW($AGQ$6),AGX$5) -> 0.0028314763 | ... AHJ13: =INDEX($AZ$7:$AFS$109,ROW()-ROW($AGQ$6),AHJ$5) -> 0.0021530567 | AHK13: =AVERAGE(AGQ13:AHJ13) -> 0.0012691473 | AHM13: =INDEX($AZ$7:$AFS$109,ROW()-ROW($AHM$6),AHM$5) -> 2.3286017e-11 | AHN13: =INDEX($AZ$7:$AFS$109,ROW()-ROW($AHM$6),AHN$5) -> 2.3286017e-11 | AHO13: =INDEX($AZ$7:$AFS$109,ROW()-ROW($AHM$6),AHO$5) -> 2.3286017e-11 | AHP13: =INDEX($AZ$7:$AFS$109,ROW()-ROW($AHM$6),AHP$5) -> 2.3286017e-11 | AHQ13: =INDEX($AZ$7:$AFS$109,ROW()-ROW($AHM$6),AHQ$5) -> 2.3286017e-11 | AHR13: =INDEX($AZ$7:$AFS$109,ROW()-ROW($AHM$6),AHR$5) -> 2.3286017e-11 | AHS13: =INDEX($AZ$7:$AFS$109,ROW()-ROW($AHM$6),AHS$5) -> 2.3286017e-11 | AHT13: =INDEX($AZ$7:$AFS$109,ROW()-ROW($AHM$6),AHT$5) -> 2.3286017e-11 | ... AIF13: =INDEX($AZ$7:$AFS$109,ROW()-ROW($AHM$6),AIF$5) -> 2.3286017e-11 | AIG13: =AVERAGE(AHM13:AIF13) -> 2.3286017e-11 | AII13: 5 | AIJ13: 0 | AIK13: 5 | AIL13: 0 | AIM13: 0 | AIN13: -1 | AIP13: =_xlfn.CONCAT(AIL13+1,",",AIJ13+1) -> 1,1 | AIR13: =AIR12+1 -> 6 | AIS13: =IF(ISNUMBER(MATCH(AIS62,$AIP$31:$AIP$50,0)),$AIL$4,IF(ISNUMBER(MATCH(AIS62,Z_08!$AIP$52:$AIP$53,0)),$AIM$4,IF(ISNUMBER(MATCH(AIS62,$AIP$8:$AIP$27,0)),$AIK$4,$AIJ$4))) -> 0 | AIT13: =IF(ISNUMBER(MATCH(AIT62,$AIP$31:$AIP$50,0)),$AIL$4,IF(ISNUMBER(MATCH(AIT62,Z_08!$AIP$52:$AIP$53,0)),$AIM$4,IF(ISNUMBER(MATCH(AIT62,$AIP$8:$AIP$27,0)),$AIK$4,$AIJ$4))) -> 0 | AIU13: =IF(ISNUMBER(MATCH(AIU62,$AIP$31:$AIP$50,0)),$AIL$4,IF(ISNUMBER(MATCH(AIU62,Z_08!$AIP$52:$AIP$53,0)),$AIM$4,IF(ISNUMBER(MATCH(AIU62,$AIP$8:$AIP$27,0)),$AIK$4,$AIJ$4))) -> 0 | AIV13: =IF(ISNUMBER(MATCH(AIV62,$AIP$31:$AIP$50,0)),$AIL$4,IF(ISNUMBER(MATCH(AIV62,Z_08!$AIP$52:$AIP$53,0)),$AIM$4,IF(ISNUMBER(MATCH(AIV62,$AIP$8:$AIP$27,0)),$AIK$4,$AIJ$4))) -> 0 | AIW13: =IF(ISNUMBER(MATCH(AIW62,$AIP$31:$AIP$50,0)),$AIL$4,IF(ISNUMBER(MATCH(AIW62,Z_08!$AIP$52:$AIP$53,0)),$AIM$4,IF(ISNUMBER(MATCH(AIW62,$AIP$8:$AIP$27,0)),$AIK$4,$AIJ$4))) -> 0 | AIX13: =IF(ISNUMBER(MATCH(AIX62,$AIP$31:$AIP$50,0)),$AIL$4,IF(ISNUMBER(MATCH(AIX62,Z_08!$AIP$52:$AIP$53,0)),$AIM$4,IF(ISNUMBER(MATCH(AIX62,$AIP$8:$AIP$27,0)),$AIK$4,$AIJ$4))) -> 0 | AIY13: =IF(ISNUMBER(MATCH(AIY62,$AIP$31:$AIP$50,0)),$AIL$4,IF(ISNUMBER(MATCH(AIY62,Z_08!$AIP$52:$AIP$53,0)),$AIM$4,IF(ISNUMBER(MATCH(AIY62,$AIP$8:$AIP$27,0)),$AIK$4,$AIJ$4))) -> 0 | AIZ13: =IF(ISNUMBER(MATCH(AIZ62,$AIP$31:$AIP$50,0)),$AIL$4,IF(ISNUMBER(MATCH(AIZ62,Z_08!$AIP$52:$AIP$53,0)),$AIM$4,IF(ISNUMBER(MATCH(AIZ62,$AIP$8:$AIP$27,0)),$AIK$4,$AIJ$4))) -> 0 | ... AKF13: =IF(ISNUMBER(MATCH(AKF62,$AIP$31:$AIP$50,0)),$AIL$4,IF(ISNUMBER(MATCH(AKF62,Z_08!$AIP$52:$AIP$53,0)),$AIM$4,IF(ISNUMBER(MATCH(AKF62,$AIP$8:$AIP$27,0)),$AIK$4,$AIJ$4))) -> 0
